time/iterations,time/fps,time/total_timesteps,time/time_elapsed,train/entropy_loss,train/policy_gradient_loss,train/approx_kl,train/clip_range,train/std,train/value_loss,train/learning_rate,train/kl_loss_with_bc_model,train/n_updates,train/clip_fraction,train/explained_variance,train/loss,eval/mean_reward,eval/success_rate,eval/mean_ep_length
1,3795,131072,34,,,,,,,,,,,,,,,
2,3884,262144,67,3.15152979940176,-0.003595943173422711,0.0023153136,0.2,0.04884331673383713,416.9257392883301,0.00029803391999999997,0.0010463390499353409,5,0.0048614501953125,9.459257125854492e-05,171.1713104248047,,,
3,3751,393216,104,3.1835713982582092,-0.0022729972683009692,0.001795026,0.2,0.04786590859293938,377.04340782165525,0.00029606783999999996,0.00319132162258029,10,0.002313232421875,0.23177582025527954,165.5373992919922,,,
4,3695,524288,141,3.220594345033169,-0.0012455883930670097,0.00097128295,0.2,0.047385554760694504,231.97138347625733,0.00029410175999999995,0.005778681021183729,15,0.00090789794921875,0.4010753035545349,99.92041778564453,,,
5,3681,655360,178,3.3844731375575066,-0.001331265253247693,0.00075312564,0.2,0.046925049275159836,193.4431799888611,0.00029213568,0.008490260690450668,20,0.0005462646484375,0.5525344610214233,91.07835388183594,,,
6,3686,786432,213,3.6312006756663324,-0.002486698326538317,0.0010873253,0.2,0.04615195840597153,142.03254389762878,0.0002901696,0.013698752038180828,25,0.00114593505859375,0.667824000120163,61.44611740112305,,,
7,3698,917504,248,3.644454951584339,-0.0012182890510302967,0.0006294483,0.2,0.045693300664424896,110.03328695297242,0.00028820352,0.016406362876296043,30,0.00094757080078125,0.7404651939868927,46.8559455871582,,,
8,3664,1048576,286,3.6742845490574836,-0.002258343787980266,0.001006332,0.2,0.04512616991996765,108.36682057380676,0.00028623744,0.02029648795723915,35,0.00142364501953125,0.7574831992387772,47.3320426940918,,,
9,3635,1179648,324,3.5541757568717003,-0.001310578820266528,0.0005935243,0.2,0.04472106322646141,98.330615234375,0.00028427136,0.024477720260620117,40,0.0003875732421875,0.8167649209499359,42.37811279296875,,,
10,3628,1310720,361,3.7013605341315268,-0.0012755229166941718,0.0007236694,0.2,0.044518351554870605,80.88263778686523,0.00028230527999999997,0.02666618674993515,45,0.00069122314453125,0.8350897580385208,31.434680938720703,,,
11,3632,1441792,396,3.611137846112251,-0.0007585210601973813,0.00055060565,0.2,0.04427924379706383,69.92558941841125,0.00028033919999999996,0.031570326536893845,50,0.00100250244140625,0.8759360909461975,29.26029396057129,,,
12,3622,1572864,434,3.8509812697768213,-0.0010700788036047016,0.00057562115,0.2,0.043935626745224,63.61015272140503,0.00027837312,0.04133625328540802,55,0.0008209228515625,0.8847791850566864,24.906993865966797,,,
13,3609,1703936,472,3.811747042834759,-0.00047892211805447007,0.00042125396,0.2,0.04369201883673668,56.776537132263186,0.00027640703999999995,0.045401714742183685,60,0.00043792724609375,0.8953143805265427,24.990907669067383,,,
14,3603,1835008,509,3.806313084065914,-0.0004795489454409108,0.0004292384,0.2,0.04353763908147812,51.99342317581177,0.00027444096,0.04679067060351372,65,0.00041961669921875,0.9072770103812218,20.165802001953125,,,
15,3603,1966080,545,3.886473980545998,-0.00022274561852100305,0.00038392938,0.2,0.04344484210014343,44.45303771495819,0.00027247488,0.0601968877017498,70,0.0005462646484375,0.9276307225227356,15.743518829345703,,,
16,3609,2097152,581,3.8356418415904043,-0.00019007586961379276,0.00044844396,0.2,0.04336538910865784,50.29610841274261,0.0002705088,0.06584669649600983,75,0.00059661865234375,0.9205807372927666,19.69916343688965,,,
17,3607,2228224,617,4.030227389931679,-0.000349164040380856,0.00034863455,0.2,0.04331141710281372,46.29780330657959,0.00026854272,0.0599115788936615,80,0.00053863525390625,0.9322373270988464,19.20789337158203,,,
18,3606,2359296,654,3.8074234440922736,-0.000615639644820476,0.000688249,0.2,0.042992278933525085,44.54434138536453,0.00026657663999999997,0.07007532566785812,85,0.00111083984375,0.9312219992280006,19.253461837768555,,,
19,3605,2490368,690,3.9297148868441583,-0.00045908971296739767,0.00041251953,0.2,0.04294422268867493,42.6651478767395,0.00026461055999999996,0.08560031652450562,90,0.00041961669921875,0.9351610317826271,15.755658149719238,,,
20,3604,2621440,727,3.8783777445554732,-0.0003398103814106435,0.00041398528,0.2,0.04284198209643364,40.64218943119049,0.00026264447999999995,0.08265414088964462,95,0.00041961669921875,0.9386425241827965,15.902721405029297,,,
21,3607,2752512,763,3.804520884156227,-0.0001257393327250611,0.0004244676,0.2,0.042908817529678345,42.51655340194702,0.0002606784,0.09407708048820496,100,0.00052032470703125,0.9340509474277496,16.849933624267578,,,
22,3605,2883584,799,3.800057289004326,6.003981216053944e-05,0.00047037375,0.2,0.04280170053243637,39.51717619895935,0.00025871232,0.08680452406406403,105,0.000665283203125,0.9367914721369743,15.843635559082031,,,
23,3600,3014656,837,3.8977663695812224,0.00016056732638389804,0.00041060342,0.2,0.04287724941968918,43.773014712333676,0.00025674624,0.10233601182699203,110,0.00042266845703125,0.9330992698669434,15.435056686401367,,,
24,3593,3145728,875,3.6994989037513735,-0.0005036771879531443,0.0004775739,0.2,0.04292310029268265,40.89954122304916,0.00025478016,0.11062490940093994,115,0.0006256103515625,0.9414962530136108,15.36458969116211,,,
25,3595,3276800,911,3.855674256384373,-0.0002674493749509566,0.00055516197,0.2,0.04310707002878189,44.24854226112366,0.00025281408,0.10530702769756317,120,0.000604248046875,0.9360097795724869,16.770578384399414,,,
26,3597,3407872,947,3.7657579332590103,-0.00034777103828673714,0.0005970963,0.2,0.0429207943379879,42.481236743927,0.00025084799999999997,0.10834150016307831,125,0.0008453369140625,0.9375401809811592,15.442780494689941,,,
27,3592,3538944,985,4.056834182143211,4.846907177125104e-06,0.0004953876,0.2,0.042848896235227585,40.93091776371002,0.00024888191999999996,0.12694160640239716,130,0.000958251953125,0.9439347982406616,13.680368423461914,,,
28,3593,3670016,1021,4.023590043187141,-0.000615915722300997,0.0006809392,0.2,0.042675115168094635,40.63816616535187,0.00024691584,0.1403685212135315,135,0.00125579833984375,0.9450215399265289,16.044336318969727,,,
29,3596,3801088,1056,3.8554036557674407,-4.706228919530986e-05,0.00038572834,0.2,0.04268644377589226,40.85392831563949,0.00024494975999999995,0.14695779979228973,140,0.00050048828125,0.9411226361989975,13.799789428710938,,,
30,3599,3932160,1092,3.727256417274475,-9.350819091196172e-05,0.0006381266,0.2,0.04272213578224182,38.19138756990433,0.00024298368,0.14691492915153503,145,0.0017547607421875,0.9467696957290173,16.266712188720703,,,
31,3598,4063232,1129,3.9159293353557585,-0.00066165345342597,0.00056530384,0.2,0.042363282293081284,41.63120676279068,0.0002410176,0.17771099507808685,150,0.0007720947265625,0.9394125938415527,12.945693969726562,,,
32,3599,4194304,1165,3.891551695764065,-0.00029484342012437993,0.00037249574,0.2,0.042410075664520264,37.31381011009216,0.00023905151999999995,0.1681145429611206,155,0.0003509521484375,0.945264782756567,14.217158317565918,,,
33,3598,4325376,1201,3.6821058094501495,-1.5199552581179888e-05,0.0006208318,0.2,0.042512040585279465,41.873098039627074,0.00023708543999999997,0.1869824230670929,160,0.00162506103515625,0.9418608397245407,16.398258209228516,,,
34,3602,4456448,1237,3.735410812497139,1.6020530893001705e-05,0.0006208519,0.2,0.04255963861942291,38.831299448013304,0.00023511935999999997,0.17688652873039246,165,0.00107421875,0.9459990821778774,15.851301193237305,,,
35,3604,4587520,1272,3.81520384401083,0.0001428923354978906,0.00038766878,0.2,0.042762067168951035,38.521080470085145,0.00023315328,0.17589621245861053,170,0.00058441162109375,0.9424576796591282,14.435705184936523,,,
36,3605,4718592,1308,3.7216585904359816,2.7673226577462627e-05,0.0007736386,0.2,0.04296524450182915,33.53338319063187,0.00023118719999999998,0.184210866689682,175,0.001715087890625,0.9519074074923992,11.970514297485352,,,
37,3605,4849664,1345,3.4997188314795493,-0.0004895128739008214,0.000596919,0.2,0.04296000301837921,38.76375329494476,0.00022922112,0.19982294738292694,180,0.0010894775390625,0.9459599666297436,14.31987190246582,,,
38,3605,4980736,1381,3.787440460920334,-0.0004133455629926175,0.0008957105,0.2,0.04290638491511345,36.48822468519211,0.00022725503999999997,0.240962952375412,185,0.00255889892578125,0.9494781047105789,13.673479080200195,,,
39,3608,5111808,1416,3.4541845127940176,0.000314164170413278,0.0004793749,0.2,0.042984407395124435,40.68953329324722,0.00022528895999999996,0.19653141498565674,190,0.0007965087890625,0.9400567226111889,15.602967262268066,,,
40,3608,5242880,1452,3.69290559142828,-0.000982757203746587,0.00084977876,0.2,0.04295539855957031,42.30173667669296,0.00022332287999999998,0.20063179731369019,195,0.00125274658203125,0.9453408867120743,13.395569801330566,,,
41,3609,5373952,1488,3.6619812309741975,-2.1424451551865788e-05,0.00065355375,0.2,0.04308922216296196,39.244918775558475,0.0002213568,0.24906331300735474,200,0.00096893310546875,0.9434816390275955,16.031896591186523,,,
42,3609,5505024,1525,3.6700535640120506,-0.0002146779777831398,0.00046879554,0.2,0.04294739291071892,35.2979614853859,0.00021939072,0.21641427278518677,205,0.00046234130859375,0.9546164721250534,13.986584663391113,,,
43,3610,5636096,1560,3.518387657403946,-0.0004252883896697313,0.00059029664,0.2,0.043008916079998016,37.028615379333495,0.00021742463999999996,0.2445962280035019,210,0.001513671875,0.950067762285471,15.127277374267578,,,
44,3612,5767168,1596,3.585755634307861,-0.0002540877281717258,0.0005158747,0.2,0.0431240051984787,34.93272423744202,0.00021545855999999998,0.26728564500808716,215,0.0008392333984375,0.9551562592387199,13.210006713867188,,,
45,3611,5898240,1633,3.415024971961975,0.0005131778671056964,0.00068893784,0.2,0.043350428342819214,38.01107679605484,0.00021349247999999997,0.24120989441871643,220,0.0013519287109375,0.9481348246335983,14.2146577835083,,,
46,3611,6029312,1669,3.5363122820854187,-0.00020514402131084354,0.0007147781,0.2,0.04344901069998741,35.61709161996841,0.00021152639999999997,0.2624182403087616,225,0.00139923095703125,0.9482023380696774,14.419760704040527,,,
47,3611,6160384,1705,3.398129200935364,4.9668369319988416e-05,0.00067110517,0.2,0.04355357214808464,36.98434102535248,0.00020956032,0.24672412872314453,230,0.00142364501953125,0.9472820460796356,14.37308120727539,,,
48,3613,6291456,1741,3.2979655832052233,-0.0002741852498729713,0.0005355517,0.2,0.04344439506530762,40.93945409059525,0.00020759424,0.26637229323387146,235,0.0008209228515625,0.9476700983941555,18.35675621032715,,,
49,3614,6422528,1776,3.290928103029728,-0.0002111886944476282,0.00070752297,0.2,0.043256308883428574,33.92470455169678,0.00020562815999999997,0.3227648437023163,240,0.00178985595703125,0.9513471461832523,12.724944114685059,,,
50,3615,6553600,1812,3.390897883474827,0.000475633086898597,0.0006026899,0.2,0.043262746185064316,35.59744820594788,0.00020366207999999997,0.2958112955093384,245,0.00165252685546875,0.953277874737978,16.115581512451172,,,
51,3616,6684672,1848,3.2425859749317167,-3.576311864890158e-05,0.0008677108,0.2,0.04361822456121445,37.614561676979065,0.000201696,0.3307732343673706,250,0.00194244384765625,0.9454399719834328,15.606261253356934,,,
52,3618,6815744,1883,3.3295836105942724,0.00035612933643278664,0.00093575276,0.2,0.04369628056883812,40.841212677955625,0.00019972991999999998,0.33747416734695435,255,0.0022186279296875,0.9419730454683304,16.462289810180664,,,
53,3619,6946816,1919,3.2088896483182907,0.00041068716236623,0.0008501012,0.2,0.04352246969938278,37.29640409946442,0.00019776383999999997,0.31737515330314636,260,0.00224151611328125,0.9459379278123379,14.312154769897461,,,
54,3620,7077888,1954,3.244932289421558,-2.3774668807163835e-05,0.0008116709,0.2,0.043957680463790894,38.268920469284055,0.00019579776,0.35428208112716675,265,0.00142822265625,0.9408678226172924,14.726740837097168,,,
55,3621,7208960,1990,3.2859287217259405,-6.55658237519674e-05,0.00050909945,0.2,0.04390571638941765,38.82859292030334,0.00019383168,0.3253821134567261,270,0.00103912353515625,0.9420032538473606,18.20540428161621,,,
56,3621,7340032,2026,3.1902643516659737,0.00018597423368191813,0.00088559167,0.2,0.04412244260311127,32.64920493364334,0.00019186559999999998,0.33050650358200073,275,0.00211181640625,0.9474842064082623,12.598716735839844,,,
57,3623,7471104,2062,3.1685781881213186,0.00027154548806720415,0.0006362699,0.2,0.04429295286536217,37.82709720134735,0.00018989951999999997,0.4335935115814209,280,0.00142364501953125,0.9448048882186413,14.14013957977295,,,
58,3624,7602176,2097,3.053521801531315,0.0002490344166290015,0.00069281575,0.2,0.044376857578754425,38.203512811660765,0.00018793344,0.35304126143455505,285,0.001727294921875,0.9455188736319542,14.597016334533691,,,
59,3624,7733248,2133,3.1676835119724274,0.00027089783470728434,0.0009184166,0.2,0.044722750782966614,40.07594132423401,0.00018596736,0.37011680006980896,290,0.00184478759765625,0.9389612898230553,14.330496788024902,,,
60,3624,7864320,2169,3.0819433718919753,0.000675727771158563,0.0006292822,0.2,0.04483289644122124,32.24923075437546,0.00018400127999999995,0.383635938167572,295,0.001544189453125,0.9484084472060204,12.555340766906738,,,
61,3626,7995392,2204,3.1151909485459326,0.00017079195094993338,0.001017791,0.2,0.04505143314599991,35.02650090456009,0.00018203519999999997,0.3913472592830658,300,0.00203704833984375,0.944038849323988,14.654326438903809,,,
62,3627,8126464,2240,3.09601548910141,-0.0002378218552621547,0.00096662255,0.2,0.045473527163267136,33.51333442926407,0.00018006912,0.36144599318504333,305,0.00237579345703125,0.9453251101076603,11.326425552368164,,,
63,3627,8257536,2276,3.0532224476337433,0.0006873994549096097,0.00086763443,0.2,0.04564124345779419,34.36716805696487,0.00017810304,0.5090837478637695,310,0.00246734619140625,0.9424696452915668,12.784768104553223,,,
64,3628,8388608,2311,2.883819745481014,-0.00038967052096268163,0.0005333533,0.2,0.04556504637002945,37.09222754240036,0.00017613695999999998,0.3671291470527649,315,0.00120391845703125,0.9383495263755322,15.040603637695312,,,
65,3629,8519680,2347,2.9662459805607795,0.0001006807535304688,0.00074703095,0.2,0.045391470193862915,33.5973677277565,0.00017417088,0.4379458427429199,320,0.00162811279296875,0.9471501857042313,13.523550987243652,,,
66,3631,8650752,2382,2.8357120007276535,0.00022387260760297066,0.00086049933,0.2,0.04565262794494629,28.880385982990266,0.00017220480000000002,0.5466761589050293,325,0.00311737060546875,0.9529573880136013,11.118946075439453,,,
67,3631,8781824,2418,3.0225935697555544,-0.00015384242542495485,0.00055274484,0.2,0.0458797961473465,35.54213589429855,0.00017023871999999996,0.40228646993637085,330,0.00081787109375,0.9458166696131229,13.779070854187012,,,
68,3632,8912896,2453,2.7271218478679655,-0.00016250794506049714,0.00070000195,0.2,0.04615340754389763,36.01558666229248,0.00016827263999999998,0.47316795587539673,335,0.00110321044921875,0.9398522526025772,12.723701477050781,,,
69,3633,9043968,2489,2.6622138768434525,-0.00017688467123662123,0.00045828306,0.2,0.046479642391204834,32.94578015804291,0.00016630656,0.3626576066017151,340,0.0008026123046875,0.9471869841217995,13.146834373474121,,,
70,3634,9175040,2524,2.8708558171987533,-0.0005797487807285506,0.0004704899,0.2,0.04687369987368584,31.02875748872757,0.00016434048,0.4753696918487549,345,0.0005706787109375,0.9477966763079166,12.734443664550781,,,
71,3635,9306112,2559,2.7723190128803252,-9.635640017222614e-05,0.00078609644,0.2,0.047455139458179474,29.05532648563385,0.00016237439999999996,0.6310969591140747,350,0.00175323486328125,0.9515381157398224,10.071309089660645,,,
72,3636,9437184,2595,2.8657104536890983,-0.00028452454862417655,0.00043708956,0.2,0.04763353615999222,35.923731851577756,0.00016040831999999998,0.43519970774650574,355,0.00059967041015625,0.9435916282236576,13.450109481811523,,,
73,3637,9568256,2630,2.7290644526481627,-0.0004942653591569979,0.00040774897,0.2,0.0478421114385128,30.507977068424225,0.00015844224,0.4545336961746216,360,0.00053253173828125,0.9493904151022434,12.276261329650879,,,
74,3639,9699328,2665,2.74495956748724,1.9358044664841145e-05,0.0002651848,0.2,0.04778300225734711,28.84803411960602,0.00015647615999999997,0.3732421100139618,365,0.0001556396484375,0.9531930088996887,10.4529447555542,,,
75,3639,9830400,2701,2.6697377622127534,-0.00010173056834901217,0.00037718355,0.2,0.04805028438568115,32.34081209897995,0.00015451008,0.4707408547401428,370,0.000201416015625,0.9478649348020554,12.33479118347168,,,
76,3640,9961472,2736,2.7110598742961884,-0.00017622956620471085,0.00024991937,0.2,0.04811137914657593,30.352326810359955,0.000152544,0.4389626383781433,375,0.00016632080078125,0.9506105035543442,10.461358070373535,,,
77,3641,10092544,2771,2.628620943427086,7.763324829284102e-05,0.00041434634,0.2,0.04833724722266197,29.931351089477538,0.00015057791999999997,0.4660618305206299,380,0.0003021240234375,0.952752985060215,13.044940948486328,,,
78,3640,10223616,2807,2.6109307527542116,0.00026300616809749044,0.00032015832,0.2,0.04834838956594467,26.744338631629944,0.00014861183999999997,0.5161772966384888,385,0.000390625,0.9600812941789627,11.986297607421875,,,
79,3641,10354688,2843,2.754511554539204,-0.00035249829161330124,0.00055307365,0.2,0.04840025305747986,31.75417559146881,0.00014664576,0.4911985397338867,390,0.00042572021484375,0.9523423686623573,11.83132553100586,,,
80,3642,10485760,2878,2.6394559681415557,-0.00023411302609019913,0.00044513613,0.2,0.04874812811613083,30.958863222599028,0.00014467967999999998,0.5067751407623291,395,0.00084228515625,0.9515521414577961,10.688138961791992,,,
81,3643,10616832,2913,2.544294981658459,0.00010223078497801907,0.00020306004,0.2,0.04880785197019577,32.19447113275528,0.0001427136,0.45270848274230957,400,5.79833984375e-05,0.9494166858494282,12.196334838867188,,,
82,3643,10747904,2949,2.6697015345096586,-0.00045150888254283925,0.00053080905,0.2,0.04872652143239975,28.135891759395598,0.00014074751999999997,0.5106979608535767,405,0.00062713623046875,0.9595753066241741,10.890915870666504,,,
83,3644,10878976,2985,2.7694350987672807,0.00015220660643535666,0.00034901308,0.2,0.04898400604724884,29.859077179431914,0.00013878144,0.5625609159469604,410,0.0002899169921875,0.9567280188202858,11.227618217468262,,,
84,3644,11010048,3020,2.6307411789894104,-0.0005542206927202642,0.00038698554,0.2,0.04904508218169212,29.979851245880127,0.00013681535999999998,0.49936914443969727,415,0.00025634765625,0.9508879333734512,12.038826942443848,,,
85,3646,11141120,3055,2.614967855811119,-0.00022797423807787708,0.0003986868,0.2,0.049264080822467804,33.07728340625763,0.00013484928,0.5311529636383057,420,0.00042724609375,0.9495895132422447,13.21471881866455,,,
86,3646,11272192,3091,2.5281047776341437,2.6434424216859043e-05,0.00024491642,0.2,0.049263011664152145,35.75562031269074,0.0001328832,0.5842951536178589,425,0.00026397705078125,0.9415771514177322,13.648804664611816,,,
87,3647,11403264,3126,2.4010183706879618,-0.0001834617472923128,0.00023929158,0.2,0.04932650551199913,32.30821975469589,0.00013091712,0.4797932505607605,430,0.000146484375,0.9503658562898636,13.489614486694336,,,
88,3647,11534336,3161,2.444641377031803,-4.534058061835822e-05,0.00028726063,0.2,0.049488089978694916,34.99040485620499,0.00012895103999999998,0.5672203302383423,435,0.0001983642578125,0.9442503228783607,12.546210289001465,,,
89,3648,11665408,3196,2.392389936745167,6.416346222977154e-05,0.0002421315,0.2,0.04950479790568352,30.421708345413208,0.00012698495999999997,0.5286052227020264,440,0.0002197265625,0.9532961323857307,12.702442169189453,,,
90,3649,11796480,3232,2.4339782387018203,6.366388261085376e-05,0.00019292912,0.2,0.04949500784277916,33.36867376565933,0.00012501888,0.4943351745605469,445,0.0001434326171875,0.9473227076232433,10.871125221252441,,,
91,3649,11927552,3268,2.452944095432758,0.00031673329576733524,0.00029079072,0.2,0.049632202833890915,30.281762397289278,0.0001230528,0.568391740322113,450,0.00041961669921875,0.9505813084542751,11.5370454788208,,,
92,3650,12058624,3303,2.427603116631508,-0.00018760145831038245,0.00040411082,0.2,0.049889564514160156,30.169105303287505,0.00012108672000000001,0.6937656402587891,455,0.000543212890625,0.9541222341358662,11.206927299499512,,,
93,3651,12189696,3338,2.421709789335728,0.00022570049914065747,0.00020788838,0.2,0.04993098974227905,35.49200373888016,0.00011912063999999999,0.7013872861862183,460,0.00038299560546875,0.9413505643606186,14.00867748260498,,,
94,3651,12320768,3374,2.4761002585291862,0.00016177789111679886,0.00021024205,0.2,0.05007241293787956,33.042000758647916,0.00011715455999999998,0.5434125661849976,465,9.46044921875e-05,0.9497644752264023,13.680410385131836,,,
95,3652,12451840,3409,2.3768357172608376,0.00013782090791210068,0.00021337713,0.2,0.050096552819013596,34.34499852657318,0.00011518847999999999,0.7291655540466309,470,0.00034637451171875,0.9415873251855373,13.493871688842773,,,
96,3652,12582912,3445,2.538353404402733,-1.601777330506593e-06,0.00019634463,0.2,0.05027599632740021,32.76880390644074,0.00011322239999999998,0.5564500689506531,475,0.0001708984375,0.9529597237706184,12.862497329711914,,,
97,3652,12713984,3480,2.28561418056488,-0.00021050957730039954,0.0003225159,0.2,0.050374578684568405,29.98823924064636,0.00011125632,0.5099608898162842,480,0.00027008056640625,0.9500878229737282,10.260820388793945,,,
98,3653,12845056,3515,2.5300183445215225,-0.000358807182055898,0.00033815973,0.2,0.05056708678603172,34.89954262971878,0.00010929023999999998,0.6096814870834351,485,0.0003021240234375,0.9436034895479679,15.223137855529785,,,
99,3654,12976128,3550,2.4714731216430663,-0.000154767433195957,0.0005571391,0.2,0.05076183006167412,31.166613709926605,0.00010732416,0.9747108221054077,490,0.00172119140625,0.9546276852488518,12.561301231384277,,,
100,3654,13107200,3586,2.414657410979271,-0.0002845176008122507,0.00023196108,0.2,0.05087101459503174,29.50967057943344,0.00010535808,0.5684988498687744,495,9.613037109375e-05,0.9577805660665035,10.205207824707031,,,
101,3654,13238272,3622,2.4425553157925606,2.952482464024797e-06,0.00017087563,0.2,0.05075440555810928,31.33315807580948,0.00010339199999999998,0.5791720747947693,500,9.1552734375e-05,0.95365796610713,11.832725524902344,,,
102,3655,13369344,3657,2.384123459458351,-2.6708894438343123e-06,0.0001255971,0.2,0.05076069384813309,31.079827094078063,0.00010142592,0.5268629193305969,505,1.678466796875e-05,0.9540155902504921,11.294099807739258,,,
103,3655,13500416,3692,2.3373686984181403,-0.00015738052243250423,0.00013886983,0.2,0.050755590200424194,32.64828081130982,9.945983999999998e-05,0.5143033862113953,510,8.392333984375e-05,0.9513740763068199,12.143978118896484,,,
104,3655,13631488,3728,2.326577250659466,-0.00010611419565975666,0.00040041297,0.2,0.05090931057929993,32.91281702518463,9.749376e-05,0.9493991732597351,515,0.00094146728515625,0.9517198912799358,12.452641487121582,,,
105,3656,13762560,3763,2.1832784309983255,-8.777650073170662e-05,0.00023664371,0.2,0.050968341529369354,33.17573417425156,9.552767999999999e-05,0.6745614409446716,520,0.000341796875,0.9463107734918594,12.481369972229004,,,
106,3656,13893632,3799,2.396329842507839,4.545521587715484e-05,0.00016688652,0.2,0.05113234743475914,32.862522220611574,9.356160000000001e-05,0.6095882058143616,525,5.79833984375e-05,0.9487557671964169,15.450743675231934,,,
107,3657,14024704,3834,2.3283808693289756,0.0003979537657869514,0.00017958765,0.2,0.05124063044786453,31.922414696216585,9.159551999999999e-05,0.5130476951599121,530,0.0002227783203125,0.9532225206494331,11.92744255065918,,,
108,3656,14155776,3870,2.381247900426388,-0.0002474392647854984,0.00018178401,0.2,0.05133894085884094,29.650231957435608,8.962944000000001e-05,0.6165531277656555,535,0.0001953125,0.956268947571516,13.810123443603516,,,
109,3657,14286848,3906,2.3623658254742623,-0.00016457880919915625,0.00016043495,0.2,0.05114614591002464,31.993319737911225,8.766335999999999e-05,0.6876797080039978,540,5.340576171875e-05,0.9531268663704395,11.963129997253418,,,
110,3657,14417920,3941,2.207013392448425,-0.00015756197135488036,0.0002601615,0.2,0.051237888634204865,33.56030431985855,8.569727999999998e-05,0.6690468788146973,545,0.0005859375,0.9486712329089642,12.373641967773438,,,
111,3658,14548992,3977,2.3420068085193635,8.096189922071061e-05,0.00015289758,0.2,0.05129454657435417,32.57821396589279,8.37312e-05,0.7027840614318848,550,0.00011749267578125,0.9513047896325588,14.113542556762695,,,
112,3658,14680064,4013,2.419274537265301,-0.00021170799918763806,0.00034776673,0.2,0.05135945603251457,30.406511962413788,8.176511999999998e-05,0.9421993494033813,555,0.00050811767578125,0.9560670629143715,12.024054527282715,,,
113,3658,14811136,4048,2.4112676233053207,0.00025033800957316996,0.00018414168,0.2,0.051448993384838104,33.28098113536835,7.979904e-05,0.7729010581970215,560,0.0003631591796875,0.9527904279530048,13.290484428405762,,,
114,3658,14942208,4083,2.2266949713230133,-0.000563267346660723,0.00023575369,0.2,0.05132216960191727,36.28580803871155,7.783295999999998e-05,0.7924712896347046,565,0.00018157958984375,0.9480685703456402,13.866473197937012,,,
115,3659,15073280,4119,2.434464414417744,6.541775073856115e-05,0.00013474717,0.2,0.05131323263049126,28.99265835285187,7.586688e-05,0.7637115716934204,570,4.8828125e-05,0.9582382701337337,10.585919380187988,,,
116,3659,15204352,4155,2.188593252003193,-0.00019537005427991972,0.00013019149,0.2,0.051343731582164764,32.057581508159636,7.39008e-05,0.7291772365570068,575,7.62939453125e-05,0.952212817966938,12.82958984375,,,
117,3660,15335424,4189,2.347077080607414,-0.0002490417318767868,0.00015079378,0.2,0.051379650831222534,34.93549091815949,7.193471999999998e-05,0.726839542388916,580,8.087158203125e-05,0.9507496580481529,12.554278373718262,,,
118,3660,15466496,4225,2.368973198533058,-0.00010437898745294661,0.00025432784,0.2,0.05129743739962578,31.88122181892395,6.996864e-05,0.9791578054428101,585,0.00082855224609375,0.955604650080204,12.455471992492676,,,
119,3660,15597568,4261,2.372093452513218,-0.00016801200035843067,0.00013178123,0.2,0.05145415663719177,31.596102917194365,6.800255999999999e-05,0.6148203611373901,590,7.171630859375e-05,0.9556412287056446,11.195351600646973,,,
120,3660,15728640,4296,2.3086054265499114,-0.00017626585977268406,0.00014407262,0.2,0.05149294435977936,37.0779293179512,6.603648000000001e-05,0.7539112567901611,595,9.765625e-05,0.9483220651745796,15.677071571350098,,,
121,3661,15859712,4331,2.4498674303293226,5.799810023745522e-05,0.00019006571,0.2,0.05150192230939865,34.56925872564316,6.407039999999999e-05,0.860713005065918,600,0.00056304931640625,0.9506916515529156,12.824490547180176,,,
122,3661,15990784,4367,2.2729385271668434,6.507593207061291e-06,0.00015727419,0.2,0.051598720252513885,35.72917919158935,6.210432000000001e-05,0.7038513422012329,605,0.0002777099609375,0.9493102356791496,14.16301155090332,,,
123,3661,16121856,4403,2.4454978868365287,-4.801894829142839e-05,0.0001296263,0.2,0.051672421395778656,37.84894372224808,6.0138239999999996e-05,0.8474421501159668,610,0.00023651123046875,0.945204496383667,15.443087577819824,,,
124,3661,16252928,4438,2.2115973368287087,-0.00020216872580931523,0.00019085448,0.2,0.051635559648275375,33.27432947158813,5.817215999999998e-05,0.998454749584198,615,0.0004119873046875,0.9543140605092049,12.292488098144531,,,
125,3662,16384000,4473,2.413285140693188,-0.00011236038772040046,0.00011556475,0.2,0.05172352120280266,33.94513597488403,5.6206079999999996e-05,0.8784894943237305,620,4.730224609375e-05,0.9514157399535179,13.47064208984375,,,
126,3662,16515072,4509,2.307668848335743,-3.964435272791888e-05,0.00010409588,0.2,0.05175069719552994,38.33952249288559,5.423999999999998e-05,0.8217102885246277,625,0.000146484375,0.9503545723855495,14.616057395935059,,,
127,3662,16646144,4544,2.4001201763749123,-2.828966607921757e-05,7.7842284e-05,0.2,0.05166248977184296,38.45920641422272,5.227392e-05,0.8683546781539917,630,6.103515625e-06,0.9465712010860443,15.12277603149414,,,
128,3662,16777216,4580,2.5993126004934313,0.0001399893779307604,0.00011339164,0.2,0.051701869815588,40.893110597133635,5.030783999999999e-05,0.8776097297668457,635,8.23974609375e-05,0.9464649632573128,15.963231086730957,,,
129,3663,16908288,4615,2.377164512872696,-1.9263186550233514e-05,0.00010068581,0.2,0.05174296721816063,33.88365015983582,4.834176000000001e-05,0.8395909070968628,640,2.13623046875e-05,0.9570035859942436,13.692779541015625,,,
130,3663,17039360,4651,2.315362547338009,-0.00020282745172153226,0.00013527641,0.2,0.05166534334421158,37.96609370708465,4.6375679999999996e-05,1.0786168575286865,645,0.00010223388671875,0.95042634755373,14.322218894958496,,,
131,3663,17170432,4686,2.3645043566823007,-9.563451239955612e-05,0.00011990361,0.2,0.05167081207036972,35.74707931280136,4.440960000000001e-05,1.3305726051330566,650,0.00021820068359375,0.9529155753552914,14.928069114685059,,,
132,3663,17301504,4722,2.249085430800915,-0.00023571197016281076,0.000104916464,0.2,0.05167678743600845,36.500355744361876,4.2443519999999996e-05,0.7477760314941406,655,3.509521484375e-05,0.948979627341032,14.888052940368652,,,
133,3664,17432576,4757,2.390089122951031,-4.057893966091796e-06,7.307463e-05,0.2,0.05166344344615936,42.926024317741394,4.047743999999998e-05,1.0615853071212769,660,6.103515625e-06,0.9440965130925179,16.53740692138672,,,
134,3664,17563648,4792,2.1912370905280114,-9.976782457670197e-05,0.00010159318,0.2,0.05172150582075119,36.89802763462067,3.851136e-05,1.1145846843719482,665,0.00013275146484375,0.9472120255231857,15.895976066589355,,,
135,3664,17694720,4828,2.2752866983413695,-0.00021383032508310863,9.705253e-05,0.2,0.05174176022410393,35.47719080448151,3.654527999999999e-05,0.9106377363204956,670,6.866455078125e-05,0.9496837370097637,13.524348258972168,,,
136,3665,17825792,4863,2.3618022590875625,-0.00010978079553751741,8.6902706e-05,0.2,0.05175534635782242,36.11524655818939,3.457920000000001e-05,0.7792527079582214,675,3.35693359375e-05,0.9547389559447765,15.524856567382812,,,
137,3665,17956864,4899,2.264177641272545,-4.958423087373376e-05,6.2632156e-05,0.2,0.05176924914121628,37.08396677970886,3.2613119999999996e-05,1.048231601715088,680,2.288818359375e-05,0.9537161290645599,14.548861503601074,,,
138,3665,18087936,4934,2.2829724580049513,0.00032682205928722394,9.876974e-05,0.2,0.05185260996222496,42.04025639295578,3.064704000000001e-05,1.1521780490875244,685,3.509521484375e-05,0.9484734199941158,18.19919776916504,,,
139,3665,18219008,4970,2.3260658353567125,-5.080485789221712e-06,8.3393476e-05,0.2,0.051890116184949875,38.14349421262741,2.8680959999999996e-05,0.7986100912094116,690,8.087158203125e-05,0.9541991874575615,14.851203918457031,,,
140,3665,18350080,5005,2.150514008104801,-2.7106708148494364e-05,7.662119e-05,0.2,0.05190100520849228,39.11466393470764,2.6714879999999982e-05,0.866936206817627,695,4.57763671875e-05,0.9521107710897923,16.04213523864746,,,
141,3666,18481152,5041,2.180699434876442,-0.00014409146606340074,0.00014007514,0.2,0.05188456177711487,39.257031762599944,2.4748800000000003e-05,0.8741245269775391,700,0.00026092529296875,0.9524080008268356,15.991164207458496,,,
142,3666,18612224,5076,2.205368089675903,4.581088433042169e-06,8.0992235e-05,0.2,0.05186810716986656,41.0639142036438,2.278271999999999e-05,0.9136280417442322,705,0.00013275146484375,0.9495220668613911,18.745620727539062,,,
143,3666,18743296,5111,2.3349266216158866,8.336082028108649e-05,0.0001364967,0.2,0.051879268139600754,39.666449677944186,2.0816640000000006e-05,1.2032384872436523,710,0.00044097900390625,0.9507879242300987,16.33414077758789,,,
144,3666,18874368,5147,2.2094191044569014,0.0003548975109879393,0.00018847894,0.2,0.05186309665441513,37.964434349536894,1.8850559999999993e-05,0.9135788679122925,715,0.00042877197265625,0.9564406163990498,16.473020553588867,,,
145,3667,19005440,5182,2.530911898612976,-6.960419486858881e-05,9.0964706e-05,0.2,0.051834505051374435,41.92299666404724,1.6884480000000013e-05,1.1201428174972534,720,0.00012054443359375,0.952362846583128,19.10792350769043,,,
146,3667,19136512,5218,2.296956479549408,-0.0001374561805278063,7.544948e-05,0.2,0.05182955414056778,42.97375173568726,1.4918399999999998e-05,1.1737687587738037,725,6.40869140625e-05,0.9484387896955013,16.651952743530273,,,
147,3667,19267584,5253,2.4334349542856217,-0.00018051962761092,0.00010208698,0.2,0.05183003097772598,42.70039737224579,1.2952319999999982e-05,1.4730315208435059,730,8.697509765625e-05,0.95321074873209,18.377065658569336,,,
148,3667,19398656,5289,2.327362929284573,-0.00012683933673542924,7.614831e-05,0.2,0.051820289343595505,41.91479263305664,1.0986240000000001e-05,0.9588553309440613,735,3.0517578125e-05,0.9533188566565514,16.701005935668945,,,
149,3667,19529728,5324,2.309450253844261,6.311797696980647e-05,8.508803e-05,0.2,0.05182065814733505,43.24737169742584,9.020159999999988e-06,1.169114351272583,740,0.000115966796875,0.950358185917139,21.486907958984375,,,
150,3667,19660800,5360,2.384690922498703,8.883067057467997e-05,7.840109e-05,0.2,0.051819201558828354,44.55575220584869,7.054080000000006e-06,1.1286377906799316,745,4.730224609375e-05,0.9521158300340176,19.073688507080078,,,
151,3667,19791872,5396,2.381940741837025,-0.00039538988057756795,0.00011409237,0.2,0.05180893465876579,49.06576235294342,5.087999999999992e-06,1.343693494796753,750,0.0001922607421875,0.9461708292365074,25.705347061157227,,,
152,3668,19922944,5431,2.210493180155754,-0.00010788157596834936,8.913858e-05,0.2,0.05180704593658447,45.47551226615906,3.1219200000000113e-06,0.9709946513175964,755,1.983642578125e-05,0.9541048295795918,20.168121337890625,,,
153,3668,20054016,5466,2.346971441805363,2.727972787397448e-05,5.0780833e-05,0.2,0.05180700868368149,55.35006220340729,1.1558399999999967e-06,0.9455065131187439,760,6.103515625e-06,0.942661814391613,24.66889190673828,,,
,,131072,,2.185534842312336,-7.716113104834221e-05,6.0717957e-05,0.2,0.051807574927806854,78.59610013961792,-8.102399999999843e-07,1.4359130859375,765,7.01904296875e-05,0.9494085609912872,68.47833251953125,-236.14468915953475,0.0,160.375
1,3080,131072,42,,,,,,,,,,,,,,,
,,262144,,2.348071001470089,-0.020344897043833042,1.1377157,0.2,0.05217067524790764,171.74400857686996,0.00029980339199999997,0.5198507308959961,770,0.5027191162109375,0.9497269652783871,15.895084381103516,-260.89277589810456,0.010416666666666666,249.17708333333334
2,2897,262144,90,,,,,,,,,,,,,,,
,,393216,,2.66747333407402,-0.04032113561115693,0.09014901,0.2,0.052318722009658813,41.29263820648193,0.00029960678399999996,0.49616026878356934,775,0.42630157470703123,0.9399320408701897,15.784825325012207,-257.0149569333909,0.010416666666666666,304.1875
3,2888,393216,136,,,,,,,,,,,,,,,
,,524288,,2.604878968000412,-0.04717334353772458,0.094752856,0.2,0.05235849320888519,40.34987986087799,0.00029941017599999996,0.39392560720443726,780,0.38559722900390625,0.939877487719059,17.156007766723633,-236.59371777798552,0.010416666666666666,322.8333333333333
4,2861,524288,183,,,,,,,,,,,,,,,
,,655360,,2.9241871520876885,-0.04830518461822066,0.07116091,0.2,0.05229216068983078,45.613912510871884,0.000299213568,0.3922152519226074,785,0.39028472900390626,0.9296946376562119,17.271772384643555,-223.81867899024664,0.010416666666666666,313.8854166666667
5,2848,655360,230,,,,,,,,,,,,,,,
,,786432,,2.9528072133660315,-0.047379557488602585,0.05099215,0.2,0.05207163095474243,38.366943418979645,0.00029901696,0.38096722960472107,790,0.35642852783203127,0.938089020550251,14.471189498901367,-212.07458157482662,0.041666666666666664,288.625
6,2843,786432,276,,,,,,,,,,,,,,,
,,917504,,3.0097644716501235,-0.04676924796949607,0.048008513,0.2,0.05197615176439285,49.19181833267212,0.000298820352,0.3594696521759033,795,0.34748077392578125,0.916273333132267,19.635957717895508,-216.4530873300636,0.03125,329.90625
7,2829,917504,324,,,,,,,,,,,,,,,
,,1048576,,3.194935230910778,-0.04645888945087791,0.04702563,0.2,0.051742296665906906,43.64672206640243,0.000298623744,0.3437346816062927,800,0.351678466796875,0.9252738878130913,18.354537963867188,-214.87122555433962,0.020833333333333332,316.1979166666667
8,2834,1048576,369,,,,,,,,,,,,,,,
,,1179648,,3.1622689619660376,-0.048768876877147704,0.059948504,0.2,0.0515645295381546,43.617894649505615,0.000298427136,0.34365329146385193,805,0.36331634521484374,0.9156680554151535,18.060985565185547,-210.2467253068995,0.010416666666666666,353.84375
9,2824,1179648,417,,,,,,,,,,,,,,,
,,1310720,,3.3367929711937903,-0.04411949993809685,0.055050254,0.2,0.051256947219371796,42.42742131948471,0.000298230528,0.3188337981700897,810,0.34881439208984377,0.9230004027485847,14.096659660339355,-212.35794110183292,0.020833333333333332,338.6354166666667
10,2828,1310720,463,,,,,,,,,,,,,,,
,,1441792,,3.086695542931557,-0.04264340929948958,0.055620875,0.2,0.05094602704048157,43.57514916658401,0.00029803391999999997,0.3204962909221649,815,0.3553985595703125,0.9204439297318459,17.834213256835938,-211.29089120878476,0.041666666666666664,330.7708333333333
11,2816,1441792,511,,,,,,,,,,,,,,,
,,1572864,,3.502885465323925,-0.04773901098378701,0.054511663,0.2,0.05059399455785751,34.693839156627654,0.00029783731199999996,0.32865116000175476,820,0.37861175537109376,0.9274855479598045,12.393450736999512,-198.6915751353669,0.052083333333333336,337.40625
12,2818,1572864,557,,,,,,,,,,,,,,,
,,1703936,,3.3093984097242357,-0.04969391926788376,0.03609886,0.2,0.05018419772386551,35.052760410308835,0.00029764070399999995,0.32795438170433044,825,0.328216552734375,0.9353420361876488,14.643152236938477,-207.5251369753139,0.041666666666666664,335.4895833333333
13,2810,1703936,606,,,,,,,,,,,,,,,
,,1835008,,3.4109201297163962,-0.047584284645563454,0.047500066,0.2,0.049980923533439636,37.522771298885345,0.00029744409599999995,0.31358766555786133,830,0.3549468994140625,0.9199900105595589,16.302011489868164,-201.45728959039766,0.07291666666666667,331.1770833333333
14,2814,1835008,651,,,,,,,,,,,,,,,
,,1966080,,3.3526127085089685,-0.045164816634496674,0.040791146,0.2,0.049818795174360275,32.543565762043,0.00029724748799999994,0.308780312538147,835,0.3435455322265625,0.9337078481912613,12.785786628723145,-195.99789162618137,0.052083333333333336,338.4375
15,2807,1966080,700,,,,,,,,,,,,,,,
,,2097152,,3.484869073331356,-0.04642288303148234,0.04322366,0.2,0.049545373767614365,33.92310966253281,0.00029705088,0.31433212757110596,840,0.32318878173828125,0.937372550368309,13.882516860961914,-202.73601840998472,0.041666666666666664,337.9270833333333
16,2811,2097152,745,,,,,,,,,,,,,,,
,,2228224,,3.4197467520833014,-0.045359612497850324,0.04227072,0.2,0.04898779094219208,36.32153829336166,0.000296854272,0.3108755052089691,845,0.32887420654296873,0.9290175586938858,14.499349594116211,-196.13299767479396,0.041666666666666664,348.6979166666667
17,2806,2228224,793,,,,,,,,,,,,,,,
,,2359296,,3.5119114756584167,-0.048124168865615505,0.04396057,0.2,0.04846235364675522,36.005685317516324,0.000296657664,0.294826865196228,850,0.3402099609375,0.9298639893531799,14.159738540649414,-202.78632739523957,0.041666666666666664,354.5833333333333
18,2806,2359296,840,,,,,,,,,,,,,,,
,,2490368,,3.7037738144397734,-0.04420139060821384,0.043583877,0.2,0.047898732125759125,34.5980268239975,0.00029646105599999997,0.29842373728752136,855,0.32055511474609377,0.9348700046539307,12.124516487121582,-197.36841951314227,0.03125,350.2708333333333
19,2806,2490368,887,,,,,,,,,,,,,,,
,,2621440,,3.5776046752929687,-0.04646654543175828,0.043063644,0.2,0.04726366326212883,34.23833382129669,0.00029626444799999997,0.3141956329345703,860,0.363043212890625,0.9291737675666809,10.909173965454102,-192.1410007308717,0.09375,325.84375
20,2804,2621440,934,,,,,,,,,,,,,,,
,,2752512,,3.38930017799139,-0.04960097690927796,0.040785875,0.2,0.04687391221523285,32.20284919738769,0.00029606783999999996,0.30536043643951416,865,0.325018310546875,0.9345165118575096,12.228364944458008,-197.36599411697924,0.041666666666666664,350.21875
21,2802,2752512,982,,,,,,,,,,,,,,,
,,2883584,,3.6438051223754884,-0.052765642874874175,0.047000643,0.2,0.046640872955322266,34.95424200296402,0.00029587123199999995,0.29851657152175903,870,0.35431976318359376,0.9270357117056847,11.351832389831543,-199.2631418844036,0.03125,352.4270833333333
22,2800,2883584,1029,,,,,,,,,,,,,,,
,,3014656,,3.64208455234766,-0.04891252140514553,0.04233911,0.2,0.046408236026763916,31.877678418159483,0.000295674624,0.2886696457862854,875,0.342425537109375,0.9352640956640244,11.256819725036621,-197.6886500689151,0.0625,345.9270833333333
23,2790,3014656,1080,,,,,,,,,,,,,,,
,,3145728,,3.5945972710847856,-0.04820961339282803,0.052135814,0.2,0.04642299935221672,30.896328997612,0.000295478016,0.29727888107299805,880,0.3653228759765625,0.9326848909258842,11.02127742767334,-191.88255032028147,0.052083333333333336,338.875
24,2787,3145728,1128,,,,,,,,,,,,,,,
,,3276800,,3.592902347445488,-0.049744709557853636,0.04577043,0.2,0.04627901315689087,36.60637329816818,0.000295281408,0.28254324197769165,885,0.3506317138671875,0.9231126829981804,11.029380798339844,-189.20399339887308,0.041666666666666664,355.8229166666667
25,2785,3276800,1176,,,,,,,,,,,,,,,
,,3407872,,3.4941861152648928,-0.05042327690462116,0.047482982,0.2,0.04622123762965202,34.76607596874237,0.0002950848,0.29315707087516785,890,0.33281707763671875,0.9216420948505402,13.190221786499023,-190.04149482691307,0.08333333333333333,332.7395833333333
26,2782,3407872,1224,,,,,,,,,,,,,,,
,,3538944,,3.5597246065735817,-0.046978972776560116,0.03910146,0.2,0.045964568853378296,32.68061364889145,0.000294888192,0.2949214577674866,895,0.31174468994140625,0.9335113540291786,9.806829452514648,-188.97934619146292,0.09375,337.09375
27,2781,3538944,1272,,,,,,,,,,,,,,,
,,3670016,,3.688563917577267,-0.04618069834832568,0.044107705,0.2,0.04560583829879761,39.708086657524106,0.00029469158399999997,0.3108469843864441,900,0.3427703857421875,0.912240244448185,13.762176513671875,-192.5551513311278,0.08333333333333333,341.0729166666667
28,2780,3670016,1319,,,,,,,,,,,,,,,
,,3801088,,3.5085881099104883,-0.04494872963987291,0.045630604,0.2,0.04537643492221832,32.17459907531738,0.00029449497599999997,0.2880629599094391,905,0.317864990234375,0.9319407492876053,11.120773315429688,-186.82432660874574,0.0625,344.0833333333333
29,2781,3801088,1366,,,,,,,,,,,,,,,
,,3932160,,3.7223058566451073,-0.05072017011116259,0.042666126,0.2,0.04536815732717514,29.973687875270844,0.00029429836799999996,0.2930085062980652,910,0.32616729736328126,0.9342118576169014,11.602556228637695,-200.06613619388227,0.041666666666666664,348.4895833333333
30,2780,3932160,1414,,,,,,,,,,,,,,,
,,4063232,,3.3488079115748404,-0.04741591956408229,0.04538819,0.2,0.04507753998041153,31.778631007671358,0.00029410175999999995,0.28300607204437256,915,0.34286041259765626,0.9278536215424538,13.16361141204834,-193.77504111993048,0.07291666666666667,343.5416666666667
31,2781,4063232,1460,,,,,,,,,,,,,,,
,,4194304,,3.538285508751869,-0.04673431327973958,0.044437505,0.2,0.04491079971194267,32.01914005279541,0.00029390515199999995,0.2878299057483673,920,0.3290435791015625,0.933205708861351,10.837577819824219,-190.2590077798841,0.041666666666666664,348.8229166666667
32,2780,4194304,1508,,,,,,,,,,,,,,,
,,4325376,,3.5329679548740387,-0.05133616329403594,0.04484485,0.2,0.04483894258737564,30.005007755756377,0.00029370854399999994,0.28784215450286865,925,0.37020416259765626,0.9292210564017296,9.634629249572754,-192.9148273384966,0.020833333333333332,346.8958333333333
33,2781,4325376,1555,,,,,,,,,,,,,,,
,,4456448,,3.5992695078253747,-0.051923812218592505,0.049628697,0.2,0.0448945090174675,33.36521308422088,0.000293511936,0.2926337420940399,930,0.36108245849609377,0.9252562969923019,12.276265144348145,-196.75004170364699,0.020833333333333332,352.3958333333333
34,2780,4456448,1602,,,,,,,,,,,,,,,
,,4587520,,3.810463498532772,-0.047176962814410216,0.04900302,0.2,0.044818028807640076,30.8031796336174,0.000293315328,0.29567813873291016,935,0.364080810546875,0.9277475625276566,11.017912864685059,-188.80936214081234,0.0625,337.2083333333333
35,2781,4587520,1649,,,,,,,,,,,,,,,
,,4718592,,3.799510230123997,-0.04751906030869577,0.04770829,0.2,0.04449040815234184,34.87461494207382,0.00029311872,0.3010505139827728,940,0.33341064453125,0.9226350486278534,12.008212089538574,-196.20884820327183,0.07291666666666667,347.9895833333333
36,2780,4718592,1697,,,,,,,,,,,,,,,
,,4849664,,3.464448882639408,-0.0494821891450556,0.05249708,0.2,0.04435832425951958,31.165841543674468,0.00029292211199999997,0.2805207371711731,945,0.33931121826171873,0.9316326528787613,10.49080753326416,-184.16756259088538,0.052083333333333336,339.5104166666667
37,2780,4849664,1744,,,,,,,,,,,,,,,
,,4980736,,3.7314891502261163,-0.05119876235839911,0.049795385,0.2,0.04436522722244263,29.914178109169008,0.00029272550399999996,0.28404584527015686,950,0.36251373291015626,0.9327962771058083,11.894994735717773,-189.75153028270745,0.041666666666666664,342.6145833333333
38,2779,4980736,1791,,,,,,,,,,,,,,,
,,5111808,,3.706627082824707,-0.053108914293989076,0.048543878,0.2,0.04436020180583,28.661706948280333,0.00029252889599999996,0.2982410788536072,955,0.3725738525390625,0.932005263864994,9.269354820251465,-198.67118981708026,0.041666666666666664,342.2395833333333
39,2779,5111808,1838,,,,,,,,,,,,,,,
,,5242880,,3.7009812161326407,-0.05194458595942706,0.047977753,0.2,0.04415277764201164,31.902286970615386,0.000292332288,0.2980397343635559,960,0.3693084716796875,0.9271903857588768,11.311941146850586,-187.0554093204157,0.07291666666666667,347.6145833333333
40,2779,5242880,1886,,,,,,,,,,,,,,,
,,5373952,,3.76377072930336,-0.05272012040368281,0.04742276,0.2,0.044199343770742416,32.86469868421555,0.00029213568,0.3029291033744812,965,0.36348114013671873,0.9220952168107033,10.905183792114258,-189.42109316746698,0.07291666666666667,341.3333333333333
41,2779,5373952,1933,,,,,,,,,,,,,,,
,,5505024,,3.819067457318306,-0.05075574851944111,0.043009948,0.2,0.04418761655688286,35.67148122787476,0.000291939072,0.29379868507385254,970,0.35854339599609375,0.9205214008688927,12.307117462158203,-189.7255320089802,0.041666666666666664,350.5625
42,2780,5505024,1980,,,,,,,,,,,,,,,
,,5636096,,3.7223500549793243,-0.04766808316053357,0.043210056,0.2,0.044010229408741,36.859031188488004,0.000291742464,0.2993910312652588,975,0.335003662109375,0.914495088160038,12.316069602966309,-192.79439508264127,0.041666666666666664,351.1145833333333
43,2779,5636096,2027,,,,,,,,,,,,,,,
,,5767168,,3.7737929612398147,-0.050113547875662336,0.045249388,0.2,0.043754007667303085,29.076427805423737,0.000291545856,0.2856486737728119,980,0.35964202880859375,0.9225445315241814,9.767019271850586,-188.73603596005447,0.041666666666666664,359.2604166666667
44,2780,5767168,2074,,,,,,,,,,,,,,,
,,5898240,,3.5831254690885546,-0.04647573457332328,0.03987892,0.2,0.04357563704252243,31.848073387145995,0.000291349248,0.2867657244205475,985,0.3359893798828125,0.9252374470233917,10.377582550048828,-186.36854066432974,0.041666666666666664,340.1458333333333
45,2778,5898240,2122,,,,,,,,,,,,,,,
,,6029312,,3.7629817873239517,-0.04232442424981855,0.04742601,0.2,0.04316652566194534,30.035415387153627,0.00029115263999999997,0.2985759377479553,990,0.34885101318359374,0.9239630848169327,9.82392406463623,-186.90190713142852,0.08333333333333333,320.9583333333333
46,2780,6029312,2168,,,,,,,,,,,,,,,
,,6160384,,3.6974608212709428,-0.04866896143066697,0.047894806,0.2,0.042853809893131256,29.99578062295914,0.00029095603199999996,0.2995595335960388,995,0.34990386962890624,0.9286723658442497,10.810608863830566,-191.30607035844196,0.07291666666666667,324.0
47,2779,6160384,2216,,,,,,,,,,,,,,,
,,6291456,,3.53614242374897,-0.05195958140684524,0.049011827,0.2,0.04267449304461479,36.902084624767305,0.00029075942399999996,0.32071393728256226,1000,0.3520172119140625,0.9192927777767181,11.265201568603516,-194.8260176828126,0.020833333333333332,347.4270833333333
48,2780,6291456,2262,,,,,,,,,,,,,,,
,,6422528,,3.693936623632908,-0.052867158947628924,0.055590548,0.2,0.04275259003043175,31.16778435707092,0.00029056281599999995,0.31586378812789917,1005,0.38378753662109377,0.9177648648619652,12.175227165222168,-184.8872634595457,0.0625,325.1875
49,2778,6422528,2311,,,,,,,,,,,,,,,
,,6553600,,3.731152655184269,-0.05045658708841074,0.04792466,0.2,0.04258124157786369,28.493462955951692,0.00029036620799999995,0.31115302443504333,1010,0.35532989501953127,0.9256392568349838,11.10780143737793,-186.89894080224826,0.0625,342.4375
50,2779,6553600,2358,,,,,,,,,,,,,,,
,,6684672,,3.7566409423947333,-0.050568029498390385,0.046933908,0.2,0.04260384291410446,27.700585770606995,0.0002901696,0.2937355637550354,1015,0.36259613037109373,0.9304643049836159,10.52757453918457,-177.79427937046276,0.11458333333333333,346.0
51,2778,6684672,2406,,,,,,,,,,,,,,,
,,6815744,,3.703038677573204,-0.04837500778085087,0.041042276,0.2,0.042590223252773285,32.45935267210007,0.000289972992,0.3009590208530426,1020,0.32007293701171874,0.9234412387013435,11.63923168182373,-183.6837136228427,0.09375,328.1145833333333
52,2778,6815744,2453,,,,,,,,,,,,,,,
,,6946816,,3.6570508539676667,-0.05131694626179524,0.048744492,0.2,0.04265962541103363,32.35623393058777,0.000289776384,0.3067573308944702,1025,0.37382354736328127,0.9118283987045288,12.098222732543945,-186.36079178222167,0.041666666666666664,342.15625
53,2778,6946816,2500,,,,,,,,,,,,,,,
,,7077888,,3.7435108572244644,-0.047758667622110805,0.050157435,0.2,0.0426950603723526,33.66998779773712,0.000289579776,0.3133637011051178,1030,0.348248291015625,0.9190041571855545,12.32712459564209,-184.445660628122,0.08333333333333333,334.84375
54,2778,7077888,2547,,,,,,,,,,,,,,,
,,7208960,,3.916197746992111,-0.049943391128908846,0.055530943,0.2,0.04268748313188553,28.8322114944458,0.00028938316799999997,0.3106399178504944,1035,0.37677154541015623,0.9319782182574272,11.089513778686523,-186.71125202565335,0.08333333333333333,342.28125
55,2777,7208960,2595,,,,,,,,,,,,,,,
,,7340032,,4.033220568299294,-0.04800537513219751,0.064660884,0.2,0.04275135323405266,34.02414959669113,0.00028918655999999996,0.31830736994743347,1040,0.35207672119140626,0.9193424060940742,11.28341007232666,-189.19596213702326,0.052083333333333336,344.3229166666667
56,2777,7340032,2642,,,,,,,,,,,,,,,
,,7471104,,3.794209676980972,-0.050079757030471225,0.052922413,0.2,0.04296299070119858,29.041445183753968,0.00028898995199999996,0.29105323553085327,1045,0.377044677734375,0.9260755702853203,9.762714385986328,-190.5868502257408,0.041666666666666664,349.1458333333333
57,2777,7471104,2689,,,,,,,,,,,,,,,
,,7602176,,3.6923419162631035,-0.05005332063301467,0.051813573,0.2,0.043147604912519455,30.9324937582016,0.000288793344,0.29017889499664307,1050,0.35690765380859374,0.9204791337251663,12.048176765441895,-191.29354542829878,0.041666666666666664,352.0729166666667
58,2776,7602176,2737,,,,,,,,,,,,,,,
,,7733248,,3.817610152065754,-0.05064765053102747,0.060346015,0.2,0.04307202622294426,29.68054231405258,0.000288596736,0.2959308624267578,1055,0.37824249267578125,0.9208584055304527,9.452534675598145,-184.32300954235248,0.08333333333333333,347.3229166666667
59,2777,7733248,2784,,,,,,,,,,,,,,,
,,7864320,,3.7891468808054922,-0.05096092773601413,0.054905243,0.2,0.04323345422744751,29.801065957546236,0.000288400128,0.2809515595436096,1060,0.36312408447265626,0.9214018434286118,10.06132698059082,-186.7481870242849,0.08333333333333333,327.3125
60,2775,7864320,2833,,,,,,,,,,,,,,,
,,7995392,,3.769219210743904,-0.05018165734654758,0.055318147,0.2,0.043346233665943146,30.612909984588622,0.00028820352,0.2833127975463867,1065,0.37892303466796873,0.9207053482532501,10.342996597290039,-185.7991618596926,0.041666666666666664,353.1145833333333
61,2776,7995392,2879,,,,,,,,,,,,,,,
,,8126464,,3.77417124658823,-0.04807449968211586,0.07109031,0.2,0.04332881420850754,30.138757288455963,0.000288006912,0.28160274028778076,1070,0.38011474609375,0.9241835996508598,12.087968826293945,-185.85586848695593,0.052083333333333336,352.7604166666667
62,2775,8126464,2927,,,,,,,,,,,,,,,
,,8257536,,3.9392271026968957,-0.05114303973386995,0.04432981,0.2,0.04340902715921402,26.557078182697296,0.000287810304,0.290311336517334,1075,0.3583831787109375,0.9344609007239342,10.490906715393066,-192.98384160701517,0.03125,358.0729166666667
63,2776,8257536,2974,,,,,,,,,,,,,,,
,,8388608,,3.9389334097504616,-0.04793338584713638,0.05498786,0.2,0.04335535690188408,25.840919315814972,0.00028761369599999997,0.2737104892730713,1080,0.38355255126953125,0.9332787096500397,8.547968864440918,-195.39318950057796,0.052083333333333336,346.96875
64,2775,8388608,3022,,,,,,,,,,,,,,,
,,8519680,,3.9986742347478867,-0.04941873924981337,0.061043832,0.2,0.04342542216181755,29.02112673521042,0.00028741708799999996,0.29622048139572144,1085,0.3712738037109375,0.9287277981638908,10.729107856750488,-188.5060506143534,0.052083333333333336,360.6145833333333
65,2775,8519680,3069,,,,,,,,,,,,,,,
,,8650752,,3.823026740550995,-0.05004320074804127,0.05094033,0.2,0.04361968860030174,27.408697724342346,0.00028722047999999996,0.2752203643321991,1090,0.37188873291015623,0.9318297952413559,9.692997932434082,-199.0292799623021,0.041666666666666664,338.5833333333333
66,2774,8650752,3117,,,,,,,,,,,,,,,
,,8781824,,3.908976177871227,-0.04607852539193118,0.04337635,0.2,0.043606024235486984,25.91115046739578,0.00028702387199999995,0.2706700265407562,1095,0.3385589599609375,0.9371808096766472,8.971162796020508,-189.61825589359728,0.07291666666666667,338.8125
67,2775,8781824,3164,,,,,,,,,,,,,,,
,,8912896,,3.9178627356886864,-0.046264486241125266,0.057934865,0.2,0.04356066882610321,27.847935831546785,0.00028682726399999994,0.2842840254306793,1100,0.35631561279296875,0.9271120578050613,9.420511245727539,-190.14363218697213,0.08333333333333333,324.8125
68,2775,8912896,3211,,,,,,,,,,,,,,,
,,9043968,,3.8587545320391654,-0.04995545856654644,0.048528478,0.2,0.043435003608465195,26.099299812316893,0.000286630656,0.28043442964553833,1105,0.33410186767578126,0.9328570663928986,8.863747596740723,-196.3144781907073,0.052083333333333336,365.78125
69,2775,9043968,3258,,,,,,,,,,,,,,,
,,9175040,,4.033254729211331,-0.039985424401675115,0.056664824,0.2,0.04360806196928024,30.41969026327133,0.000286434048,0.30067378282546997,1110,0.39701385498046876,0.9164456576108932,10.893403053283691,-187.89235985301858,0.0625,339.09375
70,2774,9175040,3307,,,,,,,,,,,,,,,
,,9306112,,4.238109770417213,-0.05139273437089287,0.050330777,0.2,0.04344537854194641,28.44027636051178,0.00028623744,0.294484943151474,1115,0.3535430908203125,0.9324216395616531,11.05735969543457,-192.27168318335075,0.041666666666666664,363.4375
71,2774,9306112,3354,,,,,,,,,,,,,,,
,,9437184,,4.157708230614662,-0.05020324581128079,0.04562661,0.2,0.04346904903650284,29.360752284526825,0.000286040832,0.28402966260910034,1120,0.35080413818359374,0.9302873536944389,10.55218505859375,-193.4924443824657,0.0625,331.1666666666667
72,2773,9437184,3402,,,,,,,,,,,,,,,
,,9568256,,3.868975418806076,-0.04635815142682986,0.050032735,0.2,0.04328131675720215,23.757570987939836,0.00028584422399999997,0.2950437664985657,1125,0.347052001953125,0.9400084316730499,8.126587867736816,-191.73546028860264,0.020833333333333332,361.03125
73,2774,9568256,3449,,,,,,,,,,,,,,,
,,9699328,,3.941414912045002,-0.04959567168552894,0.042123888,0.2,0.043325331062078476,25.46910693645477,0.00028564761599999996,0.29078906774520874,1130,0.33779144287109375,0.9393045194447041,9.711065292358398,-188.11004428993348,0.0625,340.375
74,2774,9699328,3496,,,,,,,,,,,,,,,
,,9830400,,3.999859867990017,-0.04930253226775676,0.047919862,0.2,0.043319474905729294,29.91190563440323,0.00028545100799999996,0.3005577027797699,1135,0.35523529052734376,0.9269203096628189,10.534096717834473,-195.7519034098384,0.052083333333333336,358.3333333333333
75,2773,9830400,3544,,,,,,,,,,,,,,,
,,9961472,,3.9863870784640314,-0.050630661826289725,0.050707296,0.2,0.043545983731746674,26.96638240814209,0.0002852544,0.2816491723060608,1140,0.35990142822265625,0.9342115521430969,9.748653411865234,-194.8207851614387,0.041666666666666664,358.96875
76,2773,9961472,3591,,,,,,,,,,,,,,,
,,10092544,,4.104832828044891,-0.05287241881742375,0.055523545,0.2,0.04363085329532623,29.189137494564058,0.000285057792,0.2879268229007721,1145,0.37798004150390624,0.9246019646525383,10.39856243133545,-185.99541668012537,0.052083333333333336,363.1979166666667
77,2773,10092544,3639,,,,,,,,,,,,,,,
,,10223616,,4.041205088794231,-0.051600521054933776,0.056446426,0.2,0.04319997876882553,32.85518000125885,0.000284861184,0.29538920521736145,1150,0.374981689453125,0.918520487844944,11.364824295043945,-188.73429413806744,0.07291666666666667,341.1458333333333
78,2772,10223616,3686,,,,,,,,,,,,,,,
,,10354688,,3.8711855188012123,-0.047661829440039584,0.054336134,0.2,0.04309980198740959,25.49518928527832,0.000284664576,0.28513628244400024,1155,0.34165191650390625,0.9368735104799271,8.53067398071289,-181.4592422644159,0.13541666666666666,342.7395833333333
79,2772,10354688,3734,,,,,,,,,,,,,,,
,,10485760,,3.9916673809289933,-0.048533340929134285,0.0455605,0.2,0.0429573617875576,28.2017551779747,0.000284467968,0.27789759635925293,1160,0.34599761962890624,0.9350278303027153,10.707414627075195,-180.17946026155482,0.07291666666666667,339.3854166666667
80,2773,10485760,3781,,,,,,,,,,,,,,,
,,10616832,,3.9070876747369767,-0.048641007762489606,0.04826801,0.2,0.042895879596471786,27.450502824783324,0.00028427136,0.29588645696640015,1165,0.35988006591796873,0.9310663938522339,10.198943138122559,-186.35410666475454,0.052083333333333336,364.2083333333333
81,2772,10616832,3829,,,,,,,,,,,,,,,
,,10747904,,3.8092448592185972,-0.04956851682218257,0.04866866,0.2,0.042987287044525146,27.967974829673768,0.00028407475199999997,0.2698745131492615,1170,0.3476165771484375,0.9315175861120224,9.720124244689941,-182.68684156667823,0.07291666666666667,342.0416666666667
82,2772,10747904,3877,,,,,,,,,,,,,,,
,,10878976,,3.6957537472248077,-0.0487391279253643,0.05485276,0.2,0.04285098612308502,28.915368580818175,0.00028387814399999996,0.2851629853248596,1175,0.3542999267578125,0.9284249544143677,9.621296882629395,-180.4978259668371,0.052083333333333336,348.5104166666667
83,2771,10878976,3925,,,,,,,,,,,,,,,
,,11010048,,3.940654444694519,-0.049410131582408215,0.049463548,0.2,0.04298754781484604,33.28264545202255,0.00028368153599999996,0.2787584066390991,1180,0.35511627197265627,0.9210654869675636,10.253066062927246,-183.71091801059347,0.041666666666666664,357.0625
84,2771,11010048,3972,,,,,,,,,,,,,,,
,,11141120,,3.769352599978447,-0.049775270494865256,0.048124157,0.2,0.04276729375123978,30.703690218925477,0.00028348492799999995,0.28260356187820435,1185,0.34786224365234375,0.918524332344532,10.592351913452148,-190.0680640522268,0.0625,350.8333333333333
85,2771,11141120,4019,,,,,,,,,,,,,,,
,,11272192,,3.9134005844593047,-0.052243152049777565,0.04465903,0.2,0.042643725872039795,31.13244253396988,0.00028328831999999994,0.2768250107765198,1190,0.35365142822265627,0.9206583350896835,12.253548622131348,-187.71277309601706,0.0625,353.6354166666667
86,2771,11272192,4066,,,,,,,,,,,,,,,
,,11403264,,3.936769704520702,-0.050577094731852415,0.059257902,0.2,0.04249649494886398,30.809962892532347,0.000283091712,0.2888278365135193,1195,0.37416534423828124,0.9126149788498878,10.090734481811523,-187.2252894020838,0.052083333333333336,355.5
87,2771,11403264,4114,,,,,,,,,,,,,,,
,,11534336,,3.8095803529024126,-0.052359035672270696,0.04737182,0.2,0.042404018342494965,26.661390089988707,0.000282895104,0.28930848836898804,1200,0.360577392578125,0.930213525891304,9.190028190612793,-200.23187302783728,0.010416666666666666,367.6875
88,2770,11534336,4162,,,,,,,,,,,,,,,
,,11665408,,4.016437269747257,-0.04972942935419269,0.055083964,0.2,0.04245917126536369,26.42507407665253,0.000282698496,0.2795069217681885,1205,0.36726837158203124,0.9272152781486511,8.712913513183594,-194.22163525112697,0.052083333333333336,357.1875
89,2770,11665408,4210,,,,,,,,,,,,,,,
,,11796480,,3.865653373301029,-0.04902543031785171,0.05482819,0.2,0.04258231073617935,31.929765343666077,0.000282501888,0.29548904299736023,1210,0.3749908447265625,0.9201204106211662,12.936864852905273,-187.603297259201,0.041666666666666664,350.9583333333333
90,2771,11796480,4257,,,,,,,,,,,,,,,
,,11927552,,4.008914178609848,-0.04792934341385262,0.06539046,0.2,0.042680442333221436,28.94600212574005,0.00028230527999999997,0.284118115901947,1215,0.35353240966796873,0.9208330288529396,9.438115119934082,-197.392275480567,0.03125,348.9375
91,2770,11927552,4304,,,,,,,,,,,,,,,
,,12058624,,3.8082653507590294,-0.05289590883185156,0.044563822,0.2,0.04263567179441452,33.12692507505417,0.00028210867199999996,0.2916397452354431,1220,0.36185455322265625,0.9216008558869362,11.558390617370605,-196.42309615647355,0.03125,347.34375
92,2770,12058624,4352,,,,,,,,,,,,,,,
,,12189696,,3.8713127732276917,-0.04774798270664178,0.05244662,0.2,0.04274448752403259,25.625358283519745,0.00028191206399999995,0.29065507650375366,1225,0.36409454345703124,0.931216262280941,9.16775894165039,-187.49829441445524,0.08333333333333333,344.2291666666667
93,2770,12189696,4400,,,,,,,,,,,,,,,
,,12320768,,3.9948467507958414,-0.050263420859118925,0.060031336,0.2,0.04274890944361687,26.119019812345506,0.000281715456,0.29132550954818726,1230,0.3715576171875,0.9264999032020569,10.60390567779541,-199.14965496827065,0.03125,346.6770833333333
94,2770,12320768,4447,,,,,,,,,,,,,,,
,,12451840,,3.8883820310235024,-0.04729877069476061,0.051032703,0.2,0.042592853307724,26.11747555732727,0.000281518848,0.28369101881980896,1235,0.3692474365234375,0.9228368550539017,10.44063663482666,-189.18189906897092,0.08333333333333333,354.78125
95,2769,12451840,4495,,,,,,,,,,,,,,,
,,12582912,,3.8261494010686876,-0.04867065196158364,0.055222142,0.2,0.04258226603269577,27.94474642276764,0.00028132224,0.2818307876586914,1240,0.3684539794921875,0.9297127649188042,9.56835651397705,-191.2159817273523,0.08333333333333333,349.1666666666667
96,2770,12582912,4542,,,,,,,,,,,,,,,
,,12713984,,3.678421661257744,-0.04650714480521856,0.0487481,0.2,0.042652808129787445,29.34922561645508,0.000281125632,0.2909979224205017,1245,0.3411285400390625,0.9291861578822136,9.999163627624512,-195.08388746797854,0.052083333333333336,338.0625
97,2769,12713984,4590,,,,,,,,,,,,,,,
,,12845056,,3.783680211007595,-0.05116601612098748,0.043880068,0.2,0.042655788362026215,29.884862208366393,0.000280929024,0.28685539960861206,1250,0.3406402587890625,0.9299144744873047,10.441838264465332,-191.8738175059228,0.041666666666666664,341.8020833333333
98,2769,12845056,4638,,,,,,,,,,,,,,,
,,12976128,,3.983031451702118,-0.050735710238222965,0.059621897,0.2,0.042731933295726776,28.133206260204314,0.00028073241599999997,0.2821536660194397,1255,0.36221771240234374,0.9336619675159454,8.598968505859375,-200.3507436229419,0.03125,354.84375
99,2769,12976128,4685,,,,,,,,,,,,,,,
,,13107200,,3.887864127755165,-0.048174324352294205,0.057459906,0.2,0.04301687330007553,27.624057400226594,0.00028053580799999997,0.27030232548713684,1260,0.35287933349609374,0.927115336060524,8.96069049835205,-190.83158868498882,0.0625,347.8125
100,2769,13107200,4733,,,,,,,,,,,,,,,
,,13238272,,3.7369405150413515,-0.04726728021341842,0.056647997,0.2,0.04289865121245384,28.39999772310257,0.00028033919999999996,0.26990315318107605,1265,0.37160797119140626,0.9319448843598366,10.433560371398926,-194.97031067217813,0.052083333333333336,346.4895833333333
101,2769,13238272,4779,,,,,,,,,,,,,,,
,,13369344,,3.597704005241394,-0.05117156591149978,0.045305494,0.2,0.04309314489364624,29.182899630069734,0.00028014259199999995,0.27651095390319824,1270,0.35507354736328123,0.9274661689996719,9.3370361328125,-190.17301742653316,0.041666666666666664,341.6770833333333
102,2769,13369344,4827,,,,,,,,,,,,,,,
,,13500416,,3.910820320248604,-0.05056330150400754,0.052835524,0.2,0.04313523694872856,33.1034614443779,0.00027994598399999995,0.2993839979171753,1275,0.37789154052734375,0.9251815602183342,13.524923324584961,-195.79101227195326,0.041666666666666664,333.7083333333333
103,2768,13500416,4875,,,,,,,,,,,,,,,
,,13631488,,3.9434990480542185,-0.05165504847827833,0.056846928,0.2,0.04306700453162193,30.15872015953064,0.000279749376,0.29150307178497314,1280,0.3776702880859375,0.9247832968831062,10.864194869995117,-200.0114644902612,0.020833333333333332,340.09375
104,2768,13631488,4923,,,,,,,,,,,,,,,
,,13762560,,4.042481945455075,-0.048848655403708106,0.05512878,0.2,0.04313116520643234,30.047191178798677,0.000279552768,0.28977787494659424,1285,0.35447540283203127,0.9279642701148987,10.792876243591309,-192.26587793462963,0.0625,335.28125
105,2768,13762560,4971,,,,,,,,,,,,,,,
,,13893632,,3.7167127966880797,-0.05152123472944368,0.046008088,0.2,0.04302997514605522,31.67081800699234,0.00027935616,0.28049954771995544,1290,0.3477020263671875,0.924713708460331,12.826083183288574,-195.19653549427326,0.0625,335.9895833333333
106,2768,13893632,5018,,,,,,,,,,,,,,,
,,14024704,,3.729567547142506,-0.05153309929301031,0.05009124,0.2,0.04307600110769272,30.003258430957793,0.000279159552,0.3011546730995178,1295,0.3485443115234375,0.9260841235518456,8.785030364990234,-195.0351132142125,0.03125,349.5833333333333
107,2768,14024704,5065,,,,,,,,,,,,,,,
,,14155776,,4.0061670139431955,-0.05140408710794873,0.056029856,0.2,0.04310235381126404,34.21643183231354,0.00027896294399999997,0.29493603110313416,1300,0.38575439453125,0.9134214222431183,11.466609954833984,-193.55814555950587,0.10416666666666667,333.5416666666667
108,2768,14155776,5113,,,,,,,,,,,,,,,
,,14286848,,3.8928861528635026,-0.04948395917890593,0.053613465,0.2,0.04324996471405029,34.61368138790131,0.00027876633599999997,0.29584449529647827,1305,0.36258697509765625,0.9137105643749237,11.666704177856445,-195.53500185856475,0.020833333333333332,351.7604166666667
109,2768,14286848,5161,,,,,,,,,,,,,,,
,,14417920,,3.858220660686493,-0.05065036635205615,0.058586486,0.2,0.043442755937576294,26.9216437458992,0.00027856972799999996,0.29465851187705994,1310,0.37846527099609373,0.9290697202086449,9.171103477478027,-188.85185006597632,0.07291666666666667,344.1041666666667
110,2767,14417920,5208,,,,,,,,,,,,,,,
,,14548992,,3.9179568126797677,-0.04794962458545342,0.051885903,0.2,0.043495871126651764,29.482818675041198,0.00027837312,0.2804246246814728,1315,0.36212158203125,0.9211046248674393,9.954258918762207,-186.3689449928656,0.0625,341.3958333333333
111,2767,14548992,5256,,,,,,,,,,,,,,,
,,14680064,,3.8228702545166016,-0.05345473231864162,0.052020624,0.2,0.0436163954436779,29.17040071487427,0.000278176512,0.2898995578289032,1320,0.3637847900390625,0.9301507771015167,9.51499080657959,-192.67661669244717,0.09375,347.34375
112,2768,14680064,5303,,,,,,,,,,,,,,,
,,14811136,,3.9969306349754334,-0.04855845638958271,0.047189802,0.2,0.043532125651836395,28.93092488050461,0.000277979904,0.28229567408561707,1325,0.34337310791015624,0.9285803660750389,8.620992660522461,-179.78694329699724,0.11458333333333333,338.78125
113,2767,14811136,5351,,,,,,,,,,,,,,,
,,14942208,,3.87547594755888,-0.05304977935156785,0.051387988,0.2,0.04353732988238335,28.809692513942718,0.000277783296,0.29263192415237427,1330,0.3748779296875,0.9237470924854279,9.920289993286133,-177.9063836707543,0.10416666666666667,340.1458333333333
114,2767,14942208,5398,,,,,,,,,,,,,,,
,,15073280,,3.8886349514126777,-0.04847289703466231,0.051908225,0.2,0.043510377407073975,28.379858553409576,0.000277586688,0.295111745595932,1335,0.36262054443359376,0.9204005897045135,10.14046573638916,-183.81216632440706,0.08333333333333333,331.0520833333333
115,2767,15073280,5446,,,,,,,,,,,,,,,
,,15204352,,3.9210380211472513,-0.04723324638907798,0.05567702,0.2,0.043491702526807785,23.928165245056153,0.00027739008,0.2989688515663147,1340,0.3437896728515625,0.9376934915781021,8.951545715332031,-185.4942222964828,0.08333333333333333,342.8854166666667
116,2767,15204352,5494,,,,,,,,,,,,,,,
,,15335424,,4.05580019056797,-0.04983119266398717,0.063504785,0.2,0.04375947266817093,28.48887833356857,0.00027719347199999997,0.28553587198257446,1345,0.386004638671875,0.9268521815538406,9.626129150390625,-183.96161345902735,0.0625,339.1979166666667
117,2767,15335424,5541,,,,,,,,,,,,,,,
,,15466496,,3.8186434149742126,-0.048652234097244215,0.059685126,0.2,0.04398896545171738,30.77861604690552,0.00027699686399999997,0.29583805799484253,1350,0.3870758056640625,0.9261529296636581,12.34903621673584,-185.28644763794486,0.041666666666666664,342.6458333333333
118,2767,15466496,5589,,,,,,,,,,,,,,,
,,15597568,,3.975302615761757,-0.05178813553065993,0.05046074,0.2,0.04414393752813339,25.119137489795683,0.00027680025599999996,0.290014386177063,1355,0.37643280029296877,0.9390751011669636,9.343469619750977,-192.05443316488171,0.041666666666666664,352.0
119,2766,15597568,5637,,,,,,,,,,,,,,,
,,15728640,,4.138448876142502,-0.05045250554831,0.051670052,0.2,0.04423380643129349,24.70976240634918,0.00027660364799999995,0.28569573163986206,1360,0.35008697509765624,0.936555989086628,8.793778419494629,-182.24742799487674,0.03125,355.4479166666667
120,2766,15728640,5684,,,,,,,,,,,,,,,
,,15859712,,3.854807089269161,-0.05056651479972061,0.04866469,0.2,0.04418469965457916,24.125942403078078,0.00027640703999999995,0.27886971831321716,1365,0.362359619140625,0.9293466061353683,8.016705513000488,-184.97380617035776,0.0625,350.3333333333333
121,2766,15859712,5732,,,,,,,,,,,,,,,
,,15990784,,4.109867100417614,-0.05240671838255366,0.06598848,0.2,0.04445299133658409,29.86633880138397,0.000276210432,0.29332417249679565,1370,0.3972320556640625,0.9216706529259682,9.826683044433594,-194.13258833935348,0.0625,334.78125
122,2766,15990784,5779,,,,,,,,,,,,,,,
,,16121856,,3.969055561721325,-0.05120100600179285,0.051161435,0.2,0.04435896873474121,28.62390382885933,0.000276013824,0.3018364906311035,1375,0.36361236572265626,0.9277274459600449,9.805214881896973,-185.83495684483987,0.010416666666666666,360.875
123,2766,16121856,5827,,,,,,,,,,,,,,,
,,16252928,,4.04958996027708,-0.0483735372472438,0.04889692,0.2,0.04418342560529709,29.434804177284242,0.000275817216,0.2956000566482544,1380,0.3715545654296875,0.9239600673317909,9.384087562561035,-189.30695063744975,0.0625,350.9166666666667
124,2766,16252928,5874,,,,,,,,,,,,,,,
,,16384000,,4.253456854820252,-0.04980485343839973,0.053762827,0.2,0.04413745924830437,28.022900760173798,0.000275620608,0.29331040382385254,1385,0.37020721435546877,0.9256538823246956,11.612824440002441,-190.27104983534127,0.041666666666666664,352.3958333333333
125,2766,16384000,5922,,,,,,,,,,,,,,,
,,16515072,,4.03482735902071,-0.05333133362582885,0.04797588,0.2,0.04403642937541008,27.467118215560912,0.00027542399999999997,0.2929307818412781,1390,0.37946319580078125,0.9309681281447411,9.270984649658203,-185.14809020835537,0.041666666666666664,358.3645833333333
126,2766,16515072,5970,,,,,,,,,,,,,,,
,,16646144,,3.912224778532982,-0.04943287190690171,0.042547315,0.2,0.043936073780059814,27.471004557609557,0.00027522739199999996,0.2884470224380493,1395,0.34353485107421877,0.9315787330269814,8.665531158447266,-190.42269130155975,0.03125,351.875
127,2766,16646144,6018,,,,,,,,,,,,,,,
,,16777216,,3.8548439502716065,-0.05067000349226873,0.049572606,0.2,0.043749433010816574,28.353673183917998,0.00027503078399999996,0.30203378200531006,1400,0.36515350341796876,0.9236869290471077,10.1166353225708,-183.5379419776215,0.08333333333333333,334.3020833333333
128,2766,16777216,6065,,,,,,,,,,,,,,,
,,16908288,,4.274227726459503,-0.04950154139660299,0.061727528,0.2,0.04381067678332329,28.44633494615555,0.000274834176,0.289379358291626,1405,0.36280364990234376,0.9252458363771439,11.517427444458008,-176.3907244739834,0.09375,344.8333333333333
129,2765,16908288,6113,,,,,,,,,,,,,,,
,,17039360,,4.096523793041706,-0.044879023532848804,0.08596878,0.2,0.043951213359832764,28.27640093564987,0.000274637568,0.29423466324806213,1410,0.36109619140625,0.9249336645007133,9.564730644226074,-191.762342265147,0.041666666666666664,350.5208333333333
130,2765,17039360,6160,,,,,,,,,,,,,,,
,,17170432,,3.99893463999033,-0.04802591818734072,0.050702058,0.2,0.044005583971738815,28.617486476898193,0.00027444096,0.2947229743003845,1415,0.369573974609375,0.9239847734570503,9.669002532958984,-190.33843289667246,0.0625,341.5
131,2765,17170432,6208,,,,,,,,,,,,,,,
,,17301504,,4.010259953141213,-0.05102474012965104,0.05297613,0.2,0.04385152459144592,26.214977514743804,0.000274244352,0.2956776022911072,1420,0.3517578125,0.9322402328252792,9.956798553466797,-190.38800679386858,0.041666666666666664,337.8541666666667
132,2765,17301504,6255,,,,,,,,,,,,,,,
,,17432576,,4.046946904063224,-0.049015994345245416,0.055134743,0.2,0.04384216293692589,28.104885387420655,0.000274047744,0.30334600806236267,1425,0.37169189453125,0.923370711505413,11.341507911682129,-193.30952378776078,0.010416666666666666,358.2604166666667
133,2765,17432576,6303,,,,,,,,,,,,,,,
,,17563648,,4.419383424520492,-0.051202463856316174,0.052668642,0.2,0.04381784796714783,30.111273574829102,0.000273851136,0.3083849549293518,1430,0.3589813232421875,0.9256856963038445,9.912823677062988,-175.90123251389886,0.11458333333333333,327.78125
134,2765,17563648,6351,,,,,,,,,,,,,,,
,,17694720,,4.151979413628578,-0.04684595846338198,0.05923737,0.2,0.04356067627668381,28.08407461643219,0.00027365452799999997,0.3101179003715515,1435,0.3629913330078125,0.9273810237646103,11.013778686523438,-188.05403320590094,0.052083333333333336,333.8020833333333
135,2765,17694720,6399,,,,,,,,,,,,,,,
,,17825792,,3.931936277449131,-0.04980735572607955,0.05622133,0.2,0.043432921171188354,25.39763680100441,0.00027345791999999996,0.2869381904602051,1440,0.35529632568359376,0.9373402670025826,9.943258285522461,-198.4714020418132,0.052083333333333336,358.9375
136,2765,17825792,6446,,,,,,,,,,,,,,,
,,17956864,,3.994745710492134,-0.050581798184430225,0.052968677,0.2,0.04342132806777954,28.887773990631104,0.00027326131199999996,0.3001369833946228,1445,0.35770111083984374,0.9270044416189194,10.769111633300781,-187.91514193151724,0.052083333333333336,335.25
137,2764,17956864,6494,,,,,,,,,,,,,,,
,,18087936,,4.127110552787781,-0.05153519918094389,0.046615794,0.2,0.0434303805232048,29.157201206684114,0.00027306470399999995,0.2865922749042511,1450,0.345587158203125,0.9313402771949768,11.851937294006348,-188.02260399940928,0.10416666666666667,330.4583333333333
138,2764,18087936,6542,,,,,,,,,,,,,,,
,,18219008,,4.026714074611664,-0.04994991933635902,0.044685133,0.2,0.04339372366666794,28.936539626121522,0.00027286809599999995,0.2854437828063965,1455,0.33525238037109373,0.9262143969535828,10.339548110961914,-193.8429987483473,0.03125,343.6041666666667
139,2764,18219008,6589,,,,,,,,,,,,,,,
,,18350080,,4.074944324791431,-0.049136310091125776,0.05778862,0.2,0.0433151051402092,30.38191978931427,0.000272671488,0.2954007387161255,1460,0.36035308837890623,0.9268754795193672,10.69848346710205,-199.70427443486588,0.03125,351.2083333333333
140,2764,18350080,6637,,,,,,,,,,,,,,,
,,18481152,,3.8661807283759115,-0.05062792271201033,0.06232486,0.2,0.043356042355298996,30.780226039886475,0.00027247488,0.2937978208065033,1465,0.370025634765625,0.9172433987259865,10.50567626953125,-185.56077077959404,0.052083333333333336,355.9583333333333
141,2764,18481152,6684,,,,,,,,,,,,,,,
,,18612224,,3.9521810501813888,-0.05064171766862273,0.044965133,0.2,0.043268512934446335,27.064980959892274,0.000272278272,0.29259195923805237,1470,0.35535888671875,0.931544229388237,10.860160827636719,-181.90497794216722,0.08333333333333333,353.4270833333333
142,2764,18612224,6732,,,,,,,,,,,,,,,
,,18743296,,4.006724409759045,-0.05061795645160601,0.051084556,0.2,0.04342275485396385,28.844206941127776,0.000272081664,0.2971268892288208,1475,0.3738739013671875,0.9254449680447578,10.153717041015625,-184.00544393319163,0.08333333333333333,347.5
143,2764,18743296,6780,,,,,,,,,,,,,,,
,,18874368,,3.891143460571766,-0.05067206535313744,0.048711054,0.2,0.04335436969995499,26.333146703243255,0.00027188505599999997,0.30408716201782227,1480,0.3569000244140625,0.9320994690060616,10.24987506866455,-186.5431730661932,0.03125,364.7291666666667
144,2764,18874368,6828,,,,,,,,,,,,,,,
,,19005440,,3.939906285703182,-0.04936356811376754,0.06470262,0.2,0.043330930173397064,24.694145780801772,0.00027168844799999996,0.2956516742706299,1485,0.39557342529296874,0.9340723752975464,8.275677680969238,-193.4768029411197,0.0625,346.8854166666667
145,2764,19005440,6875,,,,,,,,,,,,,,,
,,19136512,,3.988709416985512,-0.050000700083910485,0.0554743,0.2,0.04324870556592941,27.359732592105864,0.00027149183999999996,0.30925315618515015,1490,0.37317352294921874,0.9308589994907379,9.976219177246094,-181.99581825705263,0.07291666666666667,354.6666666666667
146,2763,19136512,6924,,,,,,,,,,,,,,,
,,19267584,,3.9067390844225884,-0.0511379817588022,0.05813616,0.2,0.043076202273368835,29.70394846200943,0.000271295232,0.3093564510345459,1495,0.3779449462890625,0.9210989624261856,11.56476879119873,-182.13867428255344,0.07291666666666667,354.1979166666667
147,2763,19267584,6971,,,,,,,,,,,,,,,
,,19398656,,4.06068107187748,-0.05043502731132321,0.053901963,0.2,0.04305374249815941,27.255533266067506,0.000271098624,0.2909978926181793,1500,0.35465240478515625,0.928852915763855,10.0913667678833,-190.72627617918843,0.052083333333333336,351.8958333333333
148,2763,19398656,7019,,,,,,,,,,,,,,,
,,19529728,,4.1041836708784105,-0.049290353892138226,0.052242547,0.2,0.04289780557155609,30.965754759311675,0.000270902016,0.30908042192459106,1505,0.34983062744140625,0.9161248803138733,10.072997093200684,-187.82712954065724,0.03125,356.96875
149,2763,19529728,7066,,,,,,,,,,,,,,,
,,19660800,,3.675809660553932,-0.04658256044058362,0.05568534,0.2,0.04282642528414726,31.474882423877716,0.000270705408,0.2988082766532898,1510,0.31616973876953125,0.9241137877106667,10.441625595092773,-180.92529521083702,0.10416666666666667,337.0208333333333
150,2763,19660800,7114,,,,,,,,,,,,,,,
,,19791872,,3.925629845261574,-0.04890404029574711,0.045745593,0.2,0.042656585574150085,27.69073489904404,0.0002705088,0.2870729863643646,1515,0.3589447021484375,0.9298664331436157,10.62806224822998,-177.27804353903466,0.08333333333333333,337.6458333333333
151,2763,19791872,7162,,,,,,,,,,,,,,,
,,19922944,,3.917287401854992,-0.049780376747366975,0.054247748,0.2,0.042803071439266205,30.171973943710327,0.000270312192,0.2984921336174011,1520,0.371917724609375,0.9181591346859932,9.636061668395996,-181.82181043087348,0.08333333333333333,326.25
152,2763,19922944,7209,,,,,,,,,,,,,,,
,,20054016,,4.103958088159561,-0.04985968305263668,0.06509246,0.2,0.04272697493433952,28.440191793441773,0.00027011558399999997,0.29486915469169617,1525,0.368017578125,0.9250678345561028,10.08869743347168,-198.34427969381932,0.041666666666666664,345.71875
153,2763,20054016,7257,,,,,,,,,,,,,,,
,,20185088,,3.9062638193368913,-0.05011505504517118,0.049457837,0.2,0.043060462921857834,26.00700933933258,0.00026991897599999996,0.2896731495857239,1530,0.36192169189453127,0.9282666519284248,8.624204635620117,-184.55199720202117,0.052083333333333336,350.5625
154,2763,20185088,7305,,,,,,,,,,,,,,,
,,20316160,,3.8788887724280356,-0.050474947068141776,0.05189482,0.2,0.04321611672639847,27.581098043918608,0.00026972236799999996,0.28722697496414185,1535,0.350396728515625,0.9295153841376305,8.826382637023926,-183.75555260094976,0.10416666666666667,328.125
155,2763,20316160,7352,,,,,,,,,,,,,,,
,,20447232,,4.116690564155578,-0.04721501056628767,0.0443461,0.2,0.04332778602838516,30.435730862617493,0.00026952575999999995,0.30031901597976685,1540,0.34423065185546875,0.9118533357977867,12.234413146972656,-188.21807375467438,0.03125,350.59375
156,2763,20447232,7400,,,,,,,,,,,,,,,
,,20578304,,4.03609087318182,-0.050228668689669576,0.048741907,0.2,0.043368082493543625,28.18576831817627,0.00026932915199999994,0.29338011145591736,1545,0.366802978515625,0.9249632060527802,10.885388374328613,-194.18508902425165,0.041666666666666664,343.0104166666667
157,2763,20578304,7447,,,,,,,,,,,,,,,
,,20709376,,4.137185764312744,-0.04874625106313033,0.056479067,0.2,0.04347149282693863,31.95799615383148,0.000269132544,0.29438790678977966,1550,0.3671417236328125,0.9130878672003746,12.237800598144531,-180.8065239963876,0.07291666666666667,338.7916666666667
158,2762,20709376,7495,,,,,,,,,,,,,,,
,,20840448,,3.902933952212334,-0.05093263017188292,0.04158976,0.2,0.04337546229362488,28.621673703193665,0.000268935936,0.3146631419658661,1555,0.3553466796875,0.9226492121815681,9.827095031738281,-182.39722744959863,0.07291666666666667,349.6666666666667
159,2762,20840448,7543,,,,,,,,,,,,,,,
,,20971520,,3.7960059463977815,-0.046260494986199774,0.05097647,0.2,0.04336920380592346,30.103128731250763,0.000268739328,0.30090248584747314,1560,0.35687408447265623,0.9180934056639671,9.767184257507324,-190.32187793605019,0.03125,354.09375
160,2762,20971520,7590,,,,,,,,,,,,,,,
,,21102592,,4.046554192900658,-0.04716600172396283,0.054436892,0.2,0.04310572147369385,27.77501528263092,0.00026854272,0.3151859641075134,1565,0.3404449462890625,0.9223082214593887,8.92647933959961,-184.3816421751454,0.041666666666666664,353.71875
161,2762,21102592,7638,,,,,,,,,,,,,,,
,,21233664,,3.99853039085865,-0.04851878447807394,0.05552546,0.2,0.04303237423300743,27.09863382577896,0.00026834611199999997,0.3029645085334778,1570,0.370220947265625,0.9245234578847885,9.55496883392334,-189.53466371034418,0.03125,351.7708333333333
162,2762,21233664,7685,,,,,,,,,,,,,,,
,,21364736,,4.148439207673073,-0.05128921818395611,0.058264524,0.2,0.04308151826262474,28.464811408519743,0.00026814950399999996,0.331861287355423,1575,0.37293853759765627,0.921164907515049,11.323247909545898,-186.8035525811904,0.03125,363.1145833333333
163,2762,21364736,7733,,,,,,,,,,,,,,,
,,21495808,,4.183801436424256,-0.04628780817729421,0.04829453,0.2,0.04299449920654297,25.179260230064394,0.000267952896,0.31985384225845337,1580,0.34517059326171873,0.9363160952925682,9.716811180114746,-190.92100839351315,0.041666666666666664,353.84375
164,2762,21495808,7781,,,,,,,,,,,,,,,
,,21626880,,4.098506452143193,-0.04641922132868785,0.058280326,0.2,0.04290863499045372,26.83876030445099,0.000267756288,0.3150355815887451,1585,0.387176513671875,0.9281787723302841,9.870362281799316,-182.8961204718169,0.0625,350.84375
165,2762,21626880,7829,,,,,,,,,,,,,,,
,,21757952,,4.193634554743767,-0.049769624252803624,0.04548217,0.2,0.04306000471115112,26.36924637556076,0.00026755968,0.3117978274822235,1590,0.35675201416015623,0.9341436475515366,10.877081871032715,-184.09906748521607,0.052083333333333336,349.8541666666667
166,2762,21757952,7876,,,,,,,,,,,,,,,
,,21889024,,3.974721421301365,-0.04787178633850999,0.04485149,0.2,0.04310878366231918,26.23671623468399,0.000267363072,0.30750519037246704,1595,0.34911346435546875,0.9291374832391739,9.280729293823242,-186.69532917192646,0.052083333333333336,355.03125
167,2762,21889024,7924,,,,,,,,,,,,,,,
,,22020096,,4.197000938653946,-0.04939694283675635,0.04540707,0.2,0.043221112340688705,27.41569764614105,0.000267166464,0.3060262203216553,1600,0.34659271240234374,0.9287730827927589,9.026318550109863,-173.9284678637821,0.125,329.0520833333333
168,2762,22020096,7971,,,,,,,,,,,,,,,
,,22151168,,4.013276374340057,-0.04906101953820326,0.047752995,0.2,0.04314146563410759,30.74295984506607,0.000266969856,0.30650097131729126,1605,0.37021636962890625,0.9220470860600471,11.662032127380371,-183.10423518895985,0.052083333333333336,357.25
169,2762,22151168,8019,,,,,,,,,,,,,,,
,,22282240,,4.112338575720787,-0.05081743108748924,0.051002964,0.2,0.0429999940097332,29.981333231925966,0.000266773248,0.3088071048259735,1610,0.3452880859375,0.9191459864377975,8.771273612976074,-179.2762138316574,0.0625,354.9166666666667
170,2762,22282240,8067,,,,,,,,,,,,,,,
,,22413312,,3.9284293949604034,-0.047034553019329906,0.04873692,0.2,0.04300576448440552,30.126548886299133,0.00026657663999999997,0.28193235397338867,1615,0.341009521484375,0.9215958192944527,11.30208683013916,-190.08539048735562,0.052083333333333336,344.8645833333333
171,2761,22413312,8115,,,,,,,,,,,,,,,
,,22544384,,4.04012541025877,-0.05301799640001263,0.056575954,0.2,0.04277779906988144,26.438751292228698,0.00026638003199999996,0.31380486488342285,1620,0.3734405517578125,0.9264916107058525,9.180954933166504,-186.27077205590595,0.041666666666666664,353.96875
172,2762,22544384,8162,,,,,,,,,,,,,,,
,,22675456,,4.07107854783535,-0.05141323090938386,0.051705167,0.2,0.04279171675443649,25.711929786205292,0.00026618342399999995,0.2997061014175415,1625,0.35644073486328126,0.9330766499042511,9.326796531677246,-189.37208482564952,0.041666666666666664,353.4791666666667
173,2761,22675456,8210,,,,,,,,,,,,,,,
,,22806528,,3.9906312391161918,-0.0511556300916709,0.05444534,0.2,0.042765870690345764,29.075861835479735,0.00026598681599999995,0.2995948791503906,1630,0.3536773681640625,0.9252443388104439,9.340766906738281,-179.88467704396632,0.08333333333333333,354.7083333333333
174,2761,22806528,8257,,,,,,,,,,,,,,,
,,22937600,,4.196000644564629,-0.053125612228177486,0.05789746,0.2,0.04272977635264397,26.78299436569214,0.000265790208,0.29832297563552856,1635,0.35677337646484375,0.9308167919516563,9.948487281799316,-180.0571192547027,0.020833333333333332,372.3020833333333
175,2761,22937600,8305,,,,,,,,,,,,,,,
,,23068672,,4.068603347241878,-0.053210703900549564,0.05508834,0.2,0.0428098663687706,29.55737171173096,0.0002655936,0.3199794888496399,1640,0.3955078125,0.929840512573719,11.840472221374512,-177.1211225288629,0.07291666666666667,351.9791666666667
176,2761,23068672,8353,,,,,,,,,,,,,,,
,,23199744,,4.365838634967804,-0.05201568878837861,0.055355594,0.2,0.04277718812227249,28.305374228954314,0.000265396992,0.3067885637283325,1645,0.36153106689453124,0.9280115142464638,10.598527908325195,-189.55970092043808,0.052083333333333336,351.4583333333333
177,2761,23199744,8401,,,,,,,,,,,,,,,
,,23330816,,4.383324861526489,-0.05259779611951672,0.047230996,0.2,0.04265330731868744,26.293421137332917,0.000265200384,0.30257466435432434,1650,0.36581268310546877,0.9357057362794876,9.148602485656738,-188.67232435478607,0.052083333333333336,353.9270833333333
178,2761,23330816,8448,,,,,,,,,,,,,,,
,,23461888,,3.9283265992999077,-0.050781329185701905,0.048646,0.2,0.04258192330598831,28.728296387195588,0.00026500377599999997,0.29655390977859497,1655,0.35632171630859377,0.9249883070588112,9.742618560791016,-184.0635409778396,0.052083333333333336,344.34375
179,2761,23461888,8496,,,,,,,,,,,,,,,
,,23592960,,4.1036580666899685,-0.048587461501301735,0.047782578,0.2,0.04274226725101471,28.01749167442322,0.00026480716799999997,0.2992086410522461,1660,0.358673095703125,0.9309992417693138,10.136958122253418,-184.88384658555813,0.125,338.9375
180,2761,23592960,8544,,,,,,,,,,,,,,,
,,23724032,,4.111166989803314,-0.05169422837207094,0.0548665,0.2,0.042640320956707,29.294935965538023,0.00026461055999999996,0.30983293056488037,1665,0.37442474365234374,0.92780751734972,12.233234405517578,-179.84798582153726,0.08333333333333333,352.2708333333333
181,2761,23724032,8591,,,,,,,,,,,,,,,
,,23855104,,4.066762939095497,-0.04919535582739627,0.04960107,0.2,0.04257149249315262,27.446953928470613,0.000264413952,0.30534765124320984,1670,0.369134521484375,0.9212459921836853,9.43779182434082,-183.62416986490803,0.0625,345.9479166666667
182,2761,23855104,8639,,,,,,,,,,,,,,,
,,23986176,,4.035970623791218,-0.051186425142805095,0.05195424,0.2,0.04250418394804001,25.838643538951874,0.000264217344,0.2980247735977173,1675,0.37031402587890627,0.93442652374506,8.205588340759277,-179.821580681786,0.07291666666666667,353.8333333333333
183,2761,23986176,8686,,,,,,,,,,,,,,,
,,24117248,,4.142705881595612,-0.04103007020021323,0.06933327,0.2,0.04254817217588425,25.433550894260406,0.000264020736,0.3086981773376465,1680,0.41327056884765623,0.9332533851265907,8.940145492553711,-176.90100927520044,0.08333333333333333,337.2395833333333
184,2760,24117248,8735,,,,,,,,,,,,,,,
,,24248320,,4.085606853663921,-0.052548098898842,0.05351805,0.2,0.042475514113903046,28.38210062980652,0.000263824128,0.32368528842926025,1685,0.37119903564453127,0.9299676716327667,10.671394348144531,-188.72033328668684,0.08333333333333333,335.90625
185,2761,24248320,8782,,,,,,,,,,,,,,,
,,24379392,,4.22152807712555,-0.05245435977121815,0.048417166,0.2,0.04239078611135483,27.99779714345932,0.00026362752,0.32682499289512634,1690,0.36362152099609374,0.9295368269085884,11.085559844970703,-186.24883591811144,0.07291666666666667,339.6666666666667
186,2760,24379392,8830,,,,,,,,,,,,,,,
,,24510464,,4.051912252604962,-0.05096454039157834,0.05131598,0.2,0.04223790392279625,28.346524512767793,0.000263430912,0.3350863456726074,1695,0.34844207763671875,0.9277625009417534,10.575325965881348,-185.56449621198786,0.07291666666666667,343.9583333333333
187,2760,24510464,8877,,,,,,,,,,,,,,,
,,24641536,,3.9784939110279085,-0.04946078973152908,0.048395902,0.2,0.042155347764492035,32.94767258167267,0.00026323430399999997,0.33905309438705444,1700,0.35092010498046877,0.9164141863584518,12.258549690246582,-185.10520106719346,0.10416666666666667,334.40625
188,2760,24641536,8925,,,,,,,,,,,,,,,
,,24772608,,3.9894290626049043,-0.05190270930324914,0.047278866,0.2,0.04201793670654297,29.07745016813278,0.00026303769599999997,0.3354397714138031,1705,0.36313018798828123,0.9296456426382065,9.92591667175293,-182.25430306271997,0.10416666666666667,325.75
189,2760,24772608,8972,,,,,,,,,,,,,,,
,,24903680,,3.920772534608841,-0.03928123340301681,0.057792082,0.2,0.042283765971660614,24.409584206342696,0.00026284108799999996,0.3435449004173279,1710,0.41181640625,0.9323936849832535,8.7571439743042,-188.46012790515226,0.07291666666666667,350.3541666666667
190,2760,24903680,9020,,,,,,,,,,,,,,,
,,25034752,,4.067124792933464,-0.05147173696605023,0.048521675,0.2,0.04234759509563446,26.98305218219757,0.00026264447999999995,0.3189293146133423,1715,0.37495269775390627,0.9293548464775085,8.76620864868164,-190.75998291569726,0.052083333333333336,340.9270833333333
191,2760,25034752,9067,,,,,,,,,,,,,,,
,,25165824,,3.9970758974552156,-0.05336534487723839,0.043286547,0.2,0.042578622698783875,31.018073153495788,0.00026244787199999995,0.32955437898635864,1720,0.35714263916015626,0.9224218353629112,11.605498313903809,-186.61075868212598,0.0625,345.6979166666667
192,2760,25165824,9115,,,,,,,,,,,,,,,
,,25296896,,4.112994202971459,-0.04710579507227521,0.047692485,0.2,0.04256739467382431,26.45550454854965,0.000262251264,0.3198198676109314,1725,0.35653076171875,0.9301992133259773,8.738853454589844,-191.98647817113635,0.03125,344.78125
193,2760,25296896,9162,,,,,,,,,,,,,,,
,,25427968,,4.00483146905899,-0.05003961243783124,0.04344812,0.2,0.042453959584236145,27.869458317756653,0.000262054656,0.3302363157272339,1730,0.34649200439453126,0.9301012307405472,10.97900390625,-178.49378032646192,0.11458333333333333,330.09375
194,2760,25427968,9210,,,,,,,,,,,,,,,
,,25559040,,3.8209696978330614,-0.051131875941064206,0.0453529,0.2,0.04238438233733177,33.240212416648866,0.000261858048,0.3377680480480194,1735,0.351025390625,0.9172109216451645,12.827568054199219,-189.9678693233581,0.03125,342.25
195,2760,25559040,9258,,,,,,,,,,,,,,,
,,25690112,,4.139685133099556,-0.05230942570924526,0.057262436,0.2,0.042272984981536865,28.038399124145506,0.00026166144,0.3298114538192749,1740,0.363824462890625,0.9275407791137695,10.3741455078125,-186.31289207560323,0.0625,351.2395833333333
196,2760,25690112,9306,,,,,,,,,,,,,,,
,,25821184,,4.120132166147232,-0.04841685122519266,0.053884227,0.2,0.042035236954689026,27.05727249979973,0.00026146483199999997,0.3238774538040161,1745,0.35126953125,0.9355004206299782,10.151732444763184,-192.10877977552795,0.041666666666666664,349.7083333333333
197,2760,25821184,9353,,,,,,,,,,,,,,,
,,25952256,,4.214259871840477,-0.048698774704826066,0.05959133,0.2,0.042113661766052246,31.181389021873475,0.00026126822399999997,0.34329479932785034,1750,0.37860260009765623,0.9247721135616302,12.689017295837402,-190.85067009250247,0.041666666666666664,348.1354166666667
198,2760,25952256,9401,,,,,,,,,,,,,,,
,,26083328,,3.9914960891008375,-0.049531816234230065,0.052288614,0.2,0.04214012622833252,29.086629033088684,0.00026107161599999996,0.3377957046031952,1755,0.34005279541015626,0.9292595982551575,9.488421440124512,-181.8441658671643,0.08333333333333333,340.6145833333333
199,2760,26083328,9449,,,,,,,,,,,,,,,
,,26214400,,4.032492843270302,-0.04992635300586699,0.046345316,0.2,0.042019881308078766,28.7654128909111,0.000260875008,0.3381870687007904,1760,0.35715179443359374,0.931662492454052,9.942194938659668,-180.26650873346446,0.08333333333333333,347.6770833333333
200,2760,26214400,9496,,,,,,,,,,,,,,,
,,26345472,,4.140789645910263,-0.04440688662289176,0.046565197,0.2,0.042252641171216965,35.1483116030693,0.0002606784,0.3493792712688446,1765,0.33705596923828124,0.9137778207659721,12.652186393737793,-184.5276183719658,0.0625,341.1458333333333
201,2760,26345472,9545,,,,,,,,,,,,,,,
,,26476544,,3.9502973809838293,-0.049912100001529326,0.042707063,0.2,0.04234395921230316,28.296437656879426,0.000260481792,0.3234352469444275,1770,0.35398101806640625,0.9302819073200226,10.764687538146973,-191.9895237349609,0.03125,337.0625
202,2760,26476544,9591,,,,,,,,,,,,,,,
,,26607616,,4.016237159073353,-0.05215574575704522,0.047476355,0.2,0.04210987314581871,29.214274680614473,0.00026028518399999993,0.34404128789901733,1775,0.342059326171875,0.9300283640623093,11.22803020477295,-192.6411630005192,0.020833333333333332,350.9583333333333
203,2760,26607616,9639,,,,,,,,,,,,,,,
,,26738688,,3.845150539278984,-0.04798263577686157,0.042588133,0.2,0.04201421141624451,32.030415534973145,0.000260088576,0.33761459589004517,1780,0.3421875,0.911907970905304,10.35856819152832,-188.7726932786862,0.09375,319.7291666666667
204,2760,26738688,9687,,,,,,,,,,,,,,,
,,26869760,,3.6821520805358885,-0.04993808072249521,0.045590762,0.2,0.042160239070653915,29.466688776016234,0.000259891968,0.3382130563259125,1785,0.3493072509765625,0.9253806322813034,12.66919231414795,-181.6922601090284,0.07291666666666667,346.4375
205,2759,26869760,9735,,,,,,,,,,,,,,,
,,27000832,,3.844247731566429,-0.04602216680068523,0.048826165,0.2,0.04211771488189697,30.08583766222,0.00025969535999999997,0.31783491373062134,1790,0.33540191650390627,0.9163773432374,10.634772300720215,-172.96837427536238,0.09375,339.8229166666667
206,2760,27000832,9782,,,,,,,,,,,,,,,
,,27131904,,3.8281303107738496,-0.04998895098979119,0.047468875,0.2,0.04193414747714996,29.861089444160463,0.00025949875199999996,0.33743709325790405,1795,0.3621368408203125,0.9136349409818649,9.726587295532227,-189.8513789487365,0.041666666666666664,357.4895833333333
207,2759,27131904,9830,,,,,,,,,,,,,,,
,,27262976,,3.7530467808246613,-0.048775122204096986,0.069205984,0.2,0.04215535521507263,29.7441929936409,0.00025930214399999996,0.34187984466552734,1800,0.36787567138671873,0.9147409275174141,12.117179870605469,-189.81539375185648,0.041666666666666664,350.84375
208,2760,27262976,9877,,,,,,,,,,,,,,,
,,27394048,,3.79193427413702,-0.05115595396055141,0.049051203,0.2,0.042249321937561035,28.643543004989624,0.00025910553599999995,0.3498793840408325,1805,0.38134307861328126,0.920026920735836,9.346068382263184,-178.24608852397694,0.10416666666666667,341.3645833333333
209,2759,27394048,9925,,,,,,,,,,,,,,,
,,27525120,,3.891334930062294,-0.04727656664035749,0.048559655,0.2,0.042116474360227585,32.661332559585574,0.00025890892799999995,0.33533161878585815,1810,0.33863372802734376,0.9128815233707428,10.12848949432373,-180.335126370539,0.07291666666666667,338.5416666666667
210,2760,27525120,9972,,,,,,,,,,,,,,,
,,27656192,,3.796634218096733,-0.0499636972672306,0.04749973,0.2,0.04206681251525879,26.982942831516265,0.00025871232,0.3319847583770752,1815,0.3518157958984375,0.919578455388546,10.268643379211426,-188.1165516503573,0.03125,343.1666666666667
211,2759,27656192,10020,,,,,,,,,,,,,,,
,,27787264,,3.786347432434559,-0.05043701512622647,0.048119057,0.2,0.04210691154003143,30.28271164894104,0.000258515712,0.3338592052459717,1820,0.370892333984375,0.9164753779768944,11.006216049194336,-176.34408787258974,0.125,336.5520833333333
212,2759,27787264,10067,,,,,,,,,,,,,,,
,,27918336,,3.868970957398415,-0.04901046044542454,0.048642337,0.2,0.04181986302137375,28.297180008888244,0.000258319104,0.3174010217189789,1825,0.35731658935546873,0.9189134538173676,10.142658233642578,-182.49407694148246,0.010416666666666666,363.5625
213,2759,27918336,10115,,,,,,,,,,,,,,,
,,28049408,,3.89246024787426,-0.04783107854455011,0.056142084,0.2,0.041899412870407104,26.701916527748107,0.000258122496,0.3062503933906555,1830,0.3877593994140625,0.929135262966156,9.116344451904297,-175.72045254299232,0.08333333333333333,325.0625
214,2760,28049408,10162,,,,,,,,,,,,,,,
,,28180480,,3.9101258665323257,-0.05331835766555741,0.046252616,0.2,0.04158211499452591,29.387162947654723,0.00025792588799999997,0.33357739448547363,1835,0.355908203125,0.9190469831228256,9.873475074768066,-185.93862553361592,0.041666666666666664,357.2916666666667
215,2760,28180480,10209,,,,,,,,,,,,,,,
,,28311552,,3.851405754685402,-0.04821824553073384,0.049884327,0.2,0.041452210396528244,30.97620234489441,0.00025772927999999996,0.33467984199523926,1840,0.35066680908203124,0.9100029692053795,11.049051284790039,-187.89484266944774,0.041666666666666664,324.875
216,2760,28311552,10257,,,,,,,,,,,,,,,
,,28442624,,3.8356064006686212,-0.04775234336120775,0.04792484,0.2,0.0414140522480011,28.581536293029785,0.00025753267199999996,0.31778237223625183,1845,0.34663543701171873,0.9112065955996513,10.237991333007812,-184.55520224466235,0.041666666666666664,338.8333333333333
217,2760,28442624,10305,,,,,,,,,,,,,,,
,,28573696,,3.8585026279091834,-0.04994606679829303,0.04504048,0.2,0.04111269861459732,31.45786279439926,0.000257336064,0.33052772283554077,1850,0.34685821533203126,0.9192601218819618,11.769354820251465,-180.5056451175075,0.08333333333333333,346.2708333333333
218,2760,28573696,10352,,,,,,,,,,,,,,,
,,28704768,,4.072817546129227,-0.04691213000332937,0.051255364,0.2,0.041190799325704575,29.07981539964676,0.000257139456,0.33482128381729126,1855,0.35624847412109373,0.91013552993536,9.844818115234375,-192.00371142450877,0.03125,362.9895833333333
219,2760,28704768,10399,,,,,,,,,,,,,,,
,,28835840,,4.140799176692963,-0.049542493381886744,0.05146528,0.2,0.04133988171815872,29.384432911872864,0.00025694284799999994,0.32326918840408325,1860,0.365692138671875,0.9167857766151428,9.740039825439453,-183.0358048551135,0.0625,344.0104166666667
220,2760,28835840,10447,,,,,,,,,,,,,,,
,,28966912,,4.070473992824555,-0.04796609375043772,0.050182834,0.2,0.04124956578016281,28.37215076684952,0.00025674624,0.32009249925613403,1865,0.35608978271484376,0.9271386563777924,9.934454917907715,-176.9970909929912,0.10416666666666667,338.3020833333333
221,2760,28966912,10494,,,,,,,,,,,,,,,
,,29097984,,4.040594713389874,-0.05013558936771005,0.051116668,0.2,0.041135966777801514,25.177526366710662,0.000256549632,0.3376774787902832,1870,0.35976104736328124,0.9289644733071327,9.858704566955566,-181.27514655358945,0.08333333333333333,336.7395833333333
222,2759,29097984,10543,,,,,,,,,,,,,,,
,,29229056,,3.9135504722595216,-0.051888393028639256,0.046075143,0.2,0.04107771813869476,27.873978304862977,0.000256353024,0.32713234424591064,1875,0.36673431396484374,0.9252578467130661,11.470735549926758,-178.70062096813442,0.10416666666666667,347.1041666666667
223,2760,29229056,10590,,,,,,,,,,,,,,,
,,29360128,,4.069457432627678,-0.05071312137442874,0.05850169,0.2,0.04100866615772247,25.720925199985505,0.00025615641599999997,0.33118483424186707,1880,0.39281158447265624,0.9338615536689758,9.574007034301758,-194.1957701882933,0.010416666666666666,367.3541666666667
224,2759,29360128,10638,,,,,,,,,,,,,,,
,,29491200,,4.119951614737511,-0.048153470305987864,0.042031046,0.2,0.041143640875816345,25.76660513281822,0.00025595980799999996,0.3307274281978607,1885,0.3441436767578125,0.9303358569741249,9.244538307189941,-179.72397956718382,0.08333333333333333,358.59375
225,2760,29491200,10684,,,,,,,,,,,,,,,
,,29622272,,4.031048156321049,-0.04703584228700493,0.057899415,0.2,0.041238509118556976,24.979784345626832,0.00025576319999999996,0.32194846868515015,1890,0.37459259033203124,0.9328294917941093,9.318811416625977,-185.23539216953668,0.07291666666666667,365.46875
226,2759,29622272,10733,,,,,,,,,,,,,,,
,,29753344,,4.164233288168907,-0.04654744840954663,0.05838804,0.2,0.04137107729911804,27.793565690517426,0.00025556659199999995,0.33177661895751953,1895,0.39230804443359374,0.9282017946243286,10.995593070983887,-174.7471232212555,0.09375,349.6354166666667
227,2759,29753344,10780,,,,,,,,,,,,,,,
,,29884416,,4.006045250594616,-0.05037369259516709,0.044154383,0.2,0.04124685004353523,25.095769715309142,0.00025536998399999994,0.32945072650909424,1900,0.3417388916015625,0.9314897209405899,9.838522911071777,-191.17282043178116,0.041666666666666664,356.59375
228,2759,29884416,10828,,,,,,,,,,,,,,,
,,30015488,,3.970979906618595,-0.04707150075701065,0.05101908,0.2,0.0413871668279171,31.857245886325835,0.000255173376,0.3326897621154785,1905,0.3642547607421875,0.9174846634268761,10.412507057189941,-180.95978550250484,0.07291666666666667,345.53125
229,2759,30015488,10875,,,,,,,,,,,,,,,
