time/total_timesteps,time/iterations,time/time_elapsed,time/fps,train/approx_kl,train/kl_coef,train/clip_fraction,train/loss,train/value_loss,train/std,train/kl_loss_with_bc_model,train/learning_rate,train/entropy_loss,train/clip_range,train/explained_variance,train/policy_gradient_loss,train/n_updates,eval/mean_ep_length,eval/success_rate,eval/mean_reward
131072,1,25,5240,,,,,,,,,,,,,,,,
262144,2,49,5327,0.0010566977,0.19950192640000003,0.00080413818359375,94.97920989990234,208.9063784599304,0.015038659796118736,0.00043609165004454553,0.000299213568,9.014890372753143,0.2,0.005099236965179443,-0.001347277702006977,5,,,
393216,3,77,5069,0.0003815585,0.19900385280000002,0.000103759765625,74.5755844116211,173.93691358566284,0.015033441595733166,0.0010361233726143837,0.000298427136,8.988775092363358,0.2,0.2742111086845398,-0.0004194180935883196,10,,,
524288,4,105,4952,0.00038128262,0.1985057792,0.00013275146484375,59.76803207397461,139.13101229667663,0.015036366879940033,0.0018887631595134735,0.00029764070399999995,8.972048830986022,0.2,0.4491140842437744,-0.00060893403206137,15,,,
655360,5,133,4899,0.0002968996,0.1980077056,0.00012054443359375,56.0264778137207,122.2693166255951,0.015042392536997795,0.002786621218547225,0.000296854272,9.073251247406006,0.2,0.5489034056663513,-0.00034512089696363545,20,,,
786432,6,159,4942,0.0004029643,0.19750963200000002,0.000115966796875,51.79468536376953,126.15249996185302,0.01502373069524765,0.0045176283456385136,0.00029606783999999996,9.02039897441864,0.2,0.598200798034668,-0.0007012382258835715,25,,,
917504,7,186,4923,0.0003156162,0.1970115584,0.000146484375,37.0379753112793,96.49835896492004,0.015011533163487911,0.00601128488779068,0.000295281408,9.068704730272293,0.2,0.688149631023407,-0.00044532895044540054,30,,,
1048576,8,215,4872,0.00030697382,0.1965134848,0.0001434326171875,39.164146423339844,87.47100682258606,0.0150031428784132,0.007729781325906515,0.00029449497599999997,9.089425021409989,0.2,0.7201147675514221,-0.0004641446226742119,35,,,
1179648,9,242,4863,0.00030437298,0.19601541120000002,4.119873046875e-05,41.916439056396484,98.71534080505371,0.014986006543040276,0.009066816419363022,0.00029370854399999994,9.128018867969512,0.2,0.7357970178127289,-0.0004835663967241999,40,,,
1310720,10,268,4872,0.0002950496,0.1955173376,5.340576171875e-05,38.170745849609375,89.6991994857788,0.014978908002376556,0.010469950735569,0.00029292211199999997,9.135516846179963,0.2,0.7570906281471252,-0.0004952351493557217,45,,,
1441792,11,295,4881,0.000252427,0.19501926400000003,0.00012054443359375,34.77561569213867,77.20351016521454,0.014969367533922195,0.013801890425384045,0.00029213568,9.222089755535126,0.2,0.798815593123436,-0.0006538787190947914,50,,,
1572864,12,323,4862,0.00027030977,0.19452119040000002,0.00013275146484375,42.007083892822266,88.99333772659301,0.01496568601578474,0.01767672598361969,0.000291349248,9.163537341356278,0.2,0.7715553194284439,-6.813250583945774e-05,55,,,
1703936,13,351,4847,0.00032934843,0.1940231168,0.00018157958984375,30.28398323059082,71.50730080604554,0.014961863867938519,0.018564922735095024,0.00029056281599999995,9.158606010675431,0.2,0.8257506191730499,-0.0002728610648773611,60,,,
1835008,14,380,4821,0.00041713548,0.1935250432,0.00040130615234375,31.214868545532227,76.89777607917786,0.014961078763008118,0.02486148104071617,0.000289776384,9.078051340579986,0.2,0.811777651309967,-0.00030495526880258694,65,,,
1966080,15,407,4820,0.00027218316,0.19302696960000001,0.00014190673828125,28.081314086914062,67.50071280002594,0.014963025227189064,0.027598049491643906,0.00028898995199999996,9.256246757507324,0.2,0.8461633175611496,-0.0003009828746144194,70,,,
2097152,16,435,4814,0.0003115637,0.19252889600000003,0.00012054443359375,27.654146194458008,72.2730015039444,0.014956852421164513,0.03238482400774956,0.00028820352,9.178478413820267,0.2,0.8279086947441101,-0.000293066324229585,75,,,
2228224,17,463,4811,0.00024518097,0.1920308224,7.171630859375e-05,28.859224319458008,65.92269923686982,0.014952125959098339,0.03255388140678406,0.00028741708799999996,9.184938371181488,0.2,0.8516396880149841,-0.0006533834370202385,80,,,
2359296,18,488,4826,0.0003120702,0.1915327488,0.00019378662109375,23.61744499206543,63.60808358192444,0.014954132959246635,0.03530355915427208,0.000286630656,9.201223397254944,0.2,0.8556151837110519,-1.6708318435121326e-05,85,,,
2490368,19,515,4828,0.00028376054,0.1910346752,0.00012054443359375,25.433170318603516,61.287573623657224,0.01495136134326458,0.041820019483566284,0.00028584422399999997,9.195812112092971,0.2,0.8609661757946014,-0.00020109647230128757,90,,,
2621440,20,543,4822,0.00022793026,0.19053660160000002,0.0001556396484375,25.037527084350586,64.399129986763,0.01494760811328888,0.04678702354431152,0.000285057792,9.232104802131653,0.2,0.8653434962034225,-0.00014623482420574873,95,,,
2752512,21,570,4821,0.00026714033,0.190038528,0.00011749267578125,24.54002571105957,60.21463632583618,0.01494631078094244,0.05340683460235596,0.00028427136,9.217152613401414,0.2,0.8648609817028046,-0.00017166440666187554,100,,,
2883584,22,598,4819,0.0002378227,0.1895404544,9.918212890625e-05,26.712343215942383,63.033149337768556,0.014943791553378105,0.05588718503713608,0.00028348492799999995,9.225858944654465,0.2,0.8670575171709061,-0.00036120947042945773,105,,,
3014656,23,625,4822,0.00027012013,0.18904238080000002,7.32421875e-05,26.468700408935547,66.3720939397812,0.014934761449694633,0.05885523185133934,0.000282698496,9.198545724153519,0.2,0.861744299530983,-0.0005348602899175603,110,,,
3145728,24,652,4821,0.00029919544,0.1885443072,0.0002044677734375,23.415555953979492,65.94727911949158,0.01493043452501297,0.06874724477529526,0.00028191206399999995,9.24226754307747,0.2,0.868754506111145,-0.00027134625051985497,115,,,
3276800,25,680,4818,0.00045728532,0.18804623360000003,0.00040283203125,24.021583557128906,63.21804847717285,0.014933454804122448,0.0774516686797142,0.000281125632,9.134351432323456,0.2,0.8722179681062698,-0.00032502295143785884,120,,,
3407872,26,707,4817,0.00020058118,0.18754816,1.373291015625e-05,24.33357048034668,62.17280387878418,0.01493028923869133,0.07057883590459824,0.00028033919999999996,9.286713689565659,0.2,0.8684590756893158,-0.00039949609599716497,125,,,
3538944,27,735,4810,0.00025408252,0.1870500864,0.000103759765625,24.588672637939453,57.80963497161865,0.014929763972759247,0.07834251970052719,0.000279552768,9.273186630010605,0.2,0.8743902146816254,-0.0003182253436534666,130,,,
3670016,28,764,4799,0.0002842124,0.1865520128,0.00011749267578125,24.138172149658203,57.25855839252472,0.014925658702850342,0.08824416249990463,0.00027876633599999997,9.267574310302734,0.2,0.8824257478117943,-0.0002681668345758226,135,,,
3801088,29,792,4795,0.00023830777,0.18605393920000002,0.00014495849609375,19.107585906982422,58.245900702476504,0.01492721401154995,0.10394875705242157,0.000277979904,9.262368977069855,0.2,0.8727777153253555,-0.000293560319187236,140,,,
3932160,30,819,4797,0.00023150737,0.18555586560000004,2.74658203125e-05,20.374744415283203,57.883486890792845,0.014928987249732018,0.10202789306640625,0.00027719347199999997,9.319903999567032,0.2,0.8768965676426888,-0.00024768892180873083,145,,,
4063232,31,846,4799,0.00024698023,0.185057792,0.00010528564453125,19.080921173095703,56.6702897310257,0.014932394027709961,0.10464951395988464,0.00027640703999999995,9.305383718013763,0.2,0.8722402006387711,-0.0006692515831673518,150,,,
4194304,32,873,4801,0.0002422719,0.18455971840000002,0.0001190185546875,25.29998207092285,65.88491194248199,0.014929790049791336,0.11900991201400757,0.000275620608,9.236396604776383,0.2,0.8701223433017731,-8.649519659229555e-05,155,,,
4325376,33,901,4800,0.00032375404,0.1840616448,0.0001251220703125,23.2159423828125,60.88998444080353,0.014937820844352245,0.1265566200017929,0.000274834176,9.293777978420257,0.2,0.869620606303215,-0.0003647358105808962,160,,,
4456448,34,928,4800,0.0002756443,0.1835635712,0.00010833740234375,20.326107025146484,59.268791341781615,0.014943992719054222,0.1350119709968567,0.000274047744,9.267090213298797,0.2,0.8697081655263901,-0.0002101446207234403,165,,,
4587520,35,955,4801,0.0002452843,0.18306549760000002,5.18798828125e-05,19.749202728271484,55.40010585784912,0.014950952492654324,0.13256070017814636,0.00027326131199999996,9.302698600292207,0.2,0.8759554326534271,-0.0005052918480942026,170,,,
4718592,36,982,4801,0.00022776565,0.182567424,0.0001068115234375,18.230030059814453,51.49542908668518,0.014956898055970669,0.1486203521490097,0.00027247488,9.256211042404175,0.2,0.8911454379558563,-0.0002380509627982974,175,,,
4849664,37,1010,4800,0.0002664128,0.18206935040000002,4.425048828125e-05,18.667932510375977,52.8154244184494,0.01495804451406002,0.14821967482566833,0.00027168844799999996,9.393595522642135,0.2,0.8770426511764526,-0.000217846997838933,180,,,
4980736,38,1037,4801,0.00034867483,0.18157127680000001,0.00012359619140625,22.19208526611328,59.48870041370392,0.014958128333091736,0.15897980332374573,0.000270902016,9.31599058508873,0.2,0.8744557499885559,-0.0006564250965311657,185,,,
5111808,39,1064,4801,0.00027522154,0.1810732032,0.000103759765625,21.34686851501465,55.384842014312746,0.014961293898522854,0.16635778546333313,0.00027011558399999997,9.249397307634354,0.2,0.8716059327125549,-0.00045424336931318974,190,,,
5242880,40,1091,4803,0.0004279964,0.1805751296,0.00012054443359375,21.039539337158203,54.220334315299986,0.014960406348109245,0.17635509371757507,0.00026932915199999994,9.325420582294464,0.2,0.8743114322423935,-0.0006554068520927103,195,,,
5373952,41,1118,4803,0.00030736518,0.180077056,0.00012664794921875,19.16193199157715,53.16781589984894,0.014969873242080212,0.1855161041021347,0.00026854272,9.257612234354019,0.2,0.873566523194313,-0.0002276090031955391,200,,,
5505024,42,1145,4804,0.00021424485,0.1795789824,1.220703125e-05,21.738037109375,55.660537767410275,0.014972446486353874,0.19114355742931366,0.000267756288,9.299048322439194,0.2,0.8732212632894516,-0.0002479078932083212,205,,,
5636096,43,1173,4803,0.0002782277,0.1790809088,7.32421875e-05,19.602176666259766,51.2184463262558,0.014980579726397991,0.20562677085399628,0.000266969856,9.30428671836853,0.2,0.8788036182522774,-0.00018721485903370195,210,,,
5767168,44,1200,4805,0.00023741723,0.1785828352,0.00013275146484375,21.51778221130371,53.67663071155548,0.014983403496444225,0.2089931219816208,0.00026618342399999995,9.371129512786865,0.2,0.8951393812894821,-0.00019300673811812886,215,,,
5898240,45,1227,4803,0.0002980762,0.1780847616,0.00027923583984375,20.514911651611328,54.71269252300262,0.015005125664174557,0.2112673968076706,0.000265396992,9.344118362665176,0.2,0.8744857460260391,-3.879251416947227e-05,220,,,
6029312,46,1254,4805,0.0003216687,0.17758668800000002,0.00017852783203125,18.121627807617188,51.181598210334776,0.015020566061139107,0.2216002345085144,0.00026461055999999996,9.269517666101455,0.2,0.8806280419230461,-2.4294896866194905e-05,225,,,
6160384,47,1281,4806,0.0003662463,0.1770886144,9.46044921875e-05,22.817195892333984,55.39970338344574,0.015029048547148705,0.22722934186458588,0.000263824128,9.261733990907668,0.2,0.8825866803526878,-0.0006718529053614475,230,,,
6291456,48,1309,4805,0.00023172084,0.1765905408,6.103515625e-05,22.885379791259766,56.30973381996155,0.015040099620819092,0.25133055448532104,0.00026303769599999997,9.304362779855728,0.2,0.8691533505916595,-0.00013661441444128285,235,,,
6422528,49,1336,4806,0.00023017463,0.17609246720000002,1.52587890625e-05,18.58024024963379,51.201978302001955,0.015058105811476707,0.24599087238311768,0.000262251264,9.255460727214814,0.2,0.8900357335805893,0.00017735832152538934,240,,,
6553600,50,1363,4807,0.00025199362,0.1755943936,5.035400390625e-05,18.874223709106445,49.177377378940584,0.015066199004650116,0.2545801103115082,0.00026146483199999997,9.236737251281738,0.2,0.8926240354776382,-9.937334834830835e-05,245,,,
6684672,51,1390,4807,0.00025223277,0.17509632000000003,6.256103515625e-05,19.937549591064453,53.9291674375534,0.015078423544764519,0.2701706290245056,0.0002606784,9.207851427793504,0.2,0.8905144929885864,-6.66976920911111e-05,250,,,
6815744,52,1417,4808,0.0001871372,0.1745982464,7.9345703125e-05,19.527807235717773,51.677781558036806,0.015084704384207726,0.278389573097229,0.000259891968,9.253898721933364,0.2,0.8825606033205986,-0.00034322606661589815,255,,,
6946816,53,1444,4808,0.00021110204,0.1741001728,5.4931640625e-05,22.146350860595703,54.2739337682724,0.01509506069123745,0.29847073554992676,0.00025910553599999995,9.198000013828278,0.2,0.8816449642181396,-0.000189148369099712,260,,,
7077888,54,1472,4806,0.00020821296,0.1736020992,1.983642578125e-05,19.97298240661621,54.04806764125824,0.015100181102752686,0.2920036315917969,0.000258319104,9.19428294301033,0.2,0.8809019550681114,-8.836209344735835e-05,265,,,
7208960,55,1500,4804,0.0001718404,0.17310402560000002,2.74658203125e-05,18.76333236694336,55.920587754249574,0.015106822364032269,0.3232833743095398,0.00025753267199999996,9.288854956626892,0.2,0.8768385276198387,-0.00015304791741073133,270,,,
7340032,56,1528,4800,0.0002545725,0.172605952,0.00014495849609375,18.15998077392578,51.00392029285431,0.015122774988412857,0.26243799924850464,0.00025674624,9.301593101024627,0.2,0.8876686319708824,-0.00034807779229595326,275,,,
7471104,57,1557,4797,0.00017649327,0.1721078784,1.983642578125e-05,18.618017196655273,50.280455923080446,0.015123598277568817,0.29986751079559326,0.00025595980799999996,9.276647514104843,0.2,0.8819688260555267,2.886827896873001e-05,280,,,
7602176,58,1585,4795,0.00025810685,0.17160980480000002,0.00010223388671875,17.541820526123047,50.77121720314026,0.015125274658203125,0.3027758002281189,0.000255173376,9.237548208236694,0.2,0.8845696747303009,-0.00018809637622325682,285,,,
7733248,59,1612,4796,0.00021502227,0.1711117312,1.983642578125e-05,18.2110595703125,50.192133808135985,0.015133279375731945,0.3177073895931244,0.00025438694399999997,9.18349916934967,0.2,0.8916729241609573,-0.00034252223777002654,290,,,
7864320,60,1639,4796,0.00025897764,0.17061365760000002,0.0001617431640625,19.12996482849121,52.990922927856445,0.015154032036662102,0.3308897018432617,0.000253600512,9.284127277135848,0.2,0.8884883671998978,-0.00013037072858423926,295,,,
7995392,61,1667,4796,0.00023944696,0.17011558400000001,7.781982421875e-05,18.594877243041992,54.215559458732606,0.015173799358308315,0.32501766085624695,0.00025281408,9.236489003896713,0.2,0.8688508421182632,-0.00028299584664637223,300,,,
8126464,62,1694,4796,0.00019937204,0.1696175104,8.85009765625e-05,21.401491165161133,53.18312458992004,0.015184825286269188,0.32385414838790894,0.00025202764799999995,9.316109919548035,0.2,0.8846208304166794,3.797297176788561e-06,305,,,
8257536,63,1721,4795,0.00022616316,0.16911943680000002,4.8828125e-05,17.73602867126465,50.123250532150266,0.01519735436886549,0.3426608741283417,0.000251241216,9.159628766775132,0.2,0.8823899254202843,0.00011577327604754828,310,,,
8388608,64,1748,4797,0.000233512,0.1686213632,3.0517578125e-05,16.98952865600586,51.474366784095764,0.015216590836644173,0.33881378173828125,0.000250454784,9.202496021986008,0.2,0.883812241256237,0.00016757979174144566,315,,,
8519680,65,1776,4796,0.00027629914,0.16812328960000003,9.918212890625e-05,20.75257682800293,51.762872838974,0.015233701094985008,0.32837551832199097,0.000249668352,9.135527312755585,0.2,0.8842968344688416,4.158121009822935e-06,320,,,
8650752,66,1803,4797,0.00013927862,0.167625216,9.1552734375e-06,17.628707885742188,51.476147985458375,0.015234928578138351,0.35821813344955444,0.00024888191999999996,9.247853326797486,0.2,0.8869773000478745,3.3389574309694583e-05,325,,,
8781824,67,1830,4797,0.00027617675,0.1671271424,7.62939453125e-06,17.64455795288086,46.19860472679138,0.015234628692269325,0.36367666721343994,0.000248095488,9.2442367374897,0.2,0.8954746946692467,-0.00041592205088818445,330,,,
8912896,68,1858,4796,0.00018682951,0.1666290688,6.103515625e-06,19.61133575439453,47.95106749534607,0.015245838090777397,0.3803257942199707,0.00024730905599999997,9.218008106946945,0.2,0.8938273042440414,3.6038253165315835e-05,335,,,
9043968,69,1885,4796,0.00026384153,0.16613099520000002,5.035400390625e-05,16.458288192749023,46.45459170341492,0.015260676853358746,0.3680623173713684,0.000246522624,9.225147449970246,0.2,0.8941105827689171,7.503903761971742e-05,340,,,
9175040,70,1912,4797,0.00021208427,0.1656329216,6.103515625e-06,20.504323959350586,48.39556984901428,0.015275481157004833,0.4178708791732788,0.00024573619199999997,9.088411843776703,0.2,0.8895782306790352,-9.664822646300308e-05,345,,,
9306112,71,1939,4798,0.0001529252,0.165134848,1.983642578125e-05,16.722713470458984,49.94704327583313,0.015279516577720642,0.42254841327667236,0.00024494975999999995,9.156095159053802,0.2,0.8970474228262901,0.00021080866463307757,350,,,
9437184,72,1966,4798,0.00017464091,0.16463677440000002,6.103515625e-06,15.78007984161377,49.06067690849304,0.015292542986571789,0.38303837180137634,0.000244163328,9.172784924507141,0.2,0.8930226564407349,2.4683291121618824e-05,355,,,
9568256,73,1994,4797,0.0002448041,0.1641387008,1.678466796875e-05,22.15113067626953,54.58567686080933,0.015314411371946335,0.4137156009674072,0.00024337689599999998,9.095345479249954,0.2,0.8856451138854027,-8.152188165695406e-05,360,,,
9699328,74,2021,4798,0.00017509083,0.16364062720000003,4.57763671875e-05,16.564224243164062,50.1386640548706,0.015330348163843155,0.4091440439224243,0.00024259046399999998,9.119676131010056,0.2,0.8888155147433281,0.00011789768468588591,365,,,
9830400,75,2047,4800,0.0001859308,0.16314255360000002,3.662109375e-05,17.76791763305664,51.728515195846555,0.015340456739068031,0.42955154180526733,0.00024180403199999996,9.09543069601059,0.2,0.8865960761904716,-0.00013753407329204493,370,,,
9961472,76,2075,4798,0.00024477424,0.16264448,3.662109375e-05,19.100650787353516,48.640250015258786,0.015357905998826027,0.44298726320266724,0.0002410176,8.948608785867691,0.2,0.8931803405284882,4.155870265094563e-05,375,,,
10092544,77,2103,4798,0.00015461317,0.16214640640000003,1.678466796875e-05,17.635906219482422,49.41779851913452,0.015366686508059502,0.4290475845336914,0.000240231168,9.135515558719636,0.2,0.8900023773312569,-0.0001600344017788302,380,,,
10223616,78,2131,4797,0.00024076684,0.1616483328,7.476806640625e-05,17.83681869506836,49.97027329206467,0.015385530889034271,0.4394167363643646,0.00023944473599999997,9.087875431776046,0.2,0.8923994302749634,0.0002072307368507609,385,,,
10354688,79,2157,4799,0.00024508242,0.1611502592,8.544921875e-05,18.939786911010742,50.52182428836822,0.015408694744110107,0.46953320503234863,0.00023865830399999997,9.004854255914688,0.2,0.8902454972267151,0.00023694683113717474,390,,,
10485760,80,2184,4800,0.00033543794,0.1606521856,7.62939453125e-05,18.686622619628906,52.49156513214111,0.015434402041137218,0.4649012088775635,0.00023787187199999997,8.963714927434921,0.2,0.8838658183813095,-0.00022652793049928732,395,,,
10616832,81,2212,4799,0.00021810013,0.16015411200000002,5.035400390625e-05,17.654827117919922,49.3121262550354,0.015448004007339478,0.44468924403190613,0.00023708543999999997,8.968551748991013,0.2,0.8827852755784988,0.0001659798639593646,400,,,
10747904,82,2239,4798,0.00017922395,0.1596560384,2.899169921875e-05,18.639501571655273,49.315650534629825,0.015459182672202587,0.4354810118675232,0.00023629900799999998,9.016487020254136,0.2,0.8809259161353111,-0.00012537732036435045,405,,,
10878976,83,2266,4800,0.00017961985,0.15915796480000002,1.983642578125e-05,14.814289093017578,52.115076339244844,0.015473475679755211,0.45710989832878113,0.000235512576,8.873041534423828,0.2,0.8917982429265976,7.68538964621257e-05,410,,,
11010048,84,2293,4800,0.00014008,0.15865989120000001,7.62939453125e-06,17.391733169555664,50.18501296043396,0.015481839887797832,0.45771175622940063,0.00023472614399999998,8.968485802412033,0.2,0.8899814262986183,-3.419313725316897e-05,415,,,
11141120,85,2321,4798,0.00027186316,0.1581618176,2.13623046875e-05,17.596195220947266,50.86250801086426,0.015507742762565613,0.48069578409194946,0.00023393971199999999,8.959397327899932,0.2,0.8810283318161964,0.0001385012859827839,420,,,
11272192,86,2349,4798,0.00015867359,0.15766374400000002,4.57763671875e-06,16.121177673339844,49.25862398147583,0.015519445762038231,0.46679767966270447,0.00023315328,8.940040236711502,0.2,0.8896144852042198,0.00035677930427482354,425,,,
11403264,87,2376,4798,0.00016927769,0.1571656704,4.57763671875e-06,18.42110824584961,47.827366137504576,0.015527031384408474,0.48090773820877075,0.00023236684799999996,8.906687426567078,0.2,0.8971681892871857,9.186214520013891e-05,430,,,
11534336,88,2403,4798,0.00017890942,0.1566675968,1.373291015625e-05,16.030057907104492,44.85760600566864,0.015539554879069328,0.48052725195884705,0.00023158041599999997,8.93824679851532,0.2,0.8983012437820435,-2.2079627524362876e-05,435,,,
11665408,89,2431,4798,0.00016194375,0.15616952320000002,0.0,18.845932006835938,48.476395666599274,0.015553398057818413,0.5168163776397705,0.00023079398399999997,8.818589317798615,0.2,0.8842520713806152,2.8015350108034908e-05,440,,,
11796480,90,2458,4797,0.00025182654,0.1556714496,1.8310546875e-05,15.92762565612793,45.27379528284073,0.015565004199743271,0.4762671887874603,0.00023000755199999997,8.886422246694565,0.2,0.889668382704258,-0.0004944328327837865,445,,,
11927552,91,2485,4798,0.0002893473,0.15517337600000003,0.0001068115234375,17.329103469848633,48.94832640886307,0.015592745505273342,0.4662654995918274,0.00022922112,8.920295226573945,0.2,0.8944497108459473,-0.0007495387078961357,450,,,
12058624,92,2512,4799,0.00012671211,0.15467530240000002,2.74658203125e-05,18.829185485839844,51.86183063983917,0.015598843805491924,0.5130577683448792,0.000228434688,8.952707022428513,0.2,0.875495158135891,0.00021729848740505985,455,,,
12189696,93,2539,4799,0.00015997635,0.1541772288,6.103515625e-06,15.533117294311523,47.429091250896455,0.015605412423610687,0.4907398223876953,0.00022764825599999998,8.93241828083992,0.2,0.8912680819630623,-0.00026680685550672933,460,,,
12320768,94,2566,4799,0.0001572111,0.1536791552,4.2724609375e-05,15.782296180725098,49.34504824876785,0.015628043562173843,0.5130972862243652,0.00022686182399999998,8.911183822155,0.2,0.8864509835839272,-8.854005573084578e-05,465,,,
12451840,95,2594,4799,0.00033906268,0.15318108160000002,7.476806640625e-05,17.42328453063965,46.67281333208084,0.015656981617212296,0.4875164031982422,0.00022607539199999999,8.942135035991669,0.2,0.887428529560566,-2.8006254433421417e-05,470,,,
12582912,96,2620,4800,0.00014516475,0.152683008,1.8310546875e-05,16.43928337097168,49.03246586322784,0.01566511020064354,0.4812564253807068,0.00022528895999999996,8.90135355591774,0.2,0.8963266089558601,-0.00035216438518546054,475,,,
12713984,97,2648,4800,0.000103224236,0.1521849344,3.0517578125e-06,16.31243896484375,49.9468514919281,0.015666112303733826,0.5643274784088135,0.00022450252799999996,8.911778849363326,0.2,0.8886911273002625,3.361668277648278e-05,480,,,
12845056,98,2676,4798,0.00026193756,0.15168686080000002,1.220703125e-05,17.34731674194336,51.40935537815094,0.01569768413901329,0.5405065417289734,0.00022371609599999997,8.836245912313462,0.2,0.8813819587230682,-0.00045575193835247776,485,,,
12976128,99,2703,4799,0.00039502565,0.1511887872,6.561279296875e-05,17.67234992980957,48.30967531204224,0.01573655568063259,0.5893435478210449,0.000222929664,8.805788320302963,0.2,0.882548913359642,-7.555696683994028e-05,490,,,
13107200,100,2730,4800,0.00015757894,0.15069071360000003,6.103515625e-06,16.743711471557617,49.87123320102692,0.01575448177754879,0.5345708131790161,0.000222143232,8.783685421943664,0.2,0.8759518712759018,4.736567025247496e-05,495,,,
13238272,101,2757,4801,0.00017489932,0.15019264000000002,3.814697265625e-05,18.710912704467773,50.866272115707396,0.015768451616168022,0.5957022309303284,0.0002213568,8.822388339042664,0.2,0.8834818601608276,0.00019415827046032064,500,,,
13369344,102,2785,4800,0.000112086076,0.1496945664,0.0,17.15659523010254,48.28529473543167,0.015775002539157867,0.5363635420799255,0.00022057036799999998,8.792918199300766,0.2,0.8772556111216545,-9.132677878369578e-05,505,,,
13500416,103,2812,4799,0.00016399656,0.14919649280000002,7.62939453125e-06,16.1927547454834,47.423271083831786,0.015793070197105408,0.6239554286003113,0.00021978393599999998,8.82638885974884,0.2,0.8857335150241852,6.55893534712959e-05,510,,,
13631488,104,2840,4798,0.00018786063,0.1486984192,1.678466796875e-05,16.63078498840332,45.95178987979889,0.015802238136529922,0.5871822834014893,0.00021899750399999996,8.722763186693191,0.2,0.887150414288044,-0.00036381747740961147,515,,,
13762560,105,2867,4799,0.00016451925,0.1482003456,1.52587890625e-06,17.363292694091797,49.75378150939942,0.015811216086149216,0.6329472064971924,0.00021821107199999996,8.712573903799058,0.2,0.8821497783064842,-9.611168643459677e-05,520,,,
13893632,106,2894,4800,0.00012517226,0.147702272,0.0,17.163480758666992,47.66747206449509,0.015819741412997246,0.606637179851532,0.00021742463999999996,8.737238639593125,0.2,0.889580138027668,0.0003050623017770704,525,,,
14024704,107,2922,4799,0.0001115879,0.1472041984,0.0,19.82965660095215,54.63624300956726,0.01582319661974907,0.5999863147735596,0.000216638208,8.733490699529648,0.2,0.8683056682348251,-0.00011496327133500017,530,,,
14155776,108,2950,4798,0.00017622612,0.1467061248,3.0517578125e-06,15.235115051269531,45.09718971252441,0.01583348959684372,0.5957135558128357,0.000215851776,8.734582817554474,0.2,0.8874914720654488,0.0002728807001403766,535,,,
14286848,109,2976,4799,0.00017729923,0.14620805120000002,1.52587890625e-06,18.894325256347656,51.73462839126587,0.015856042504310608,0.6084163784980774,0.000215065344,8.70579326748848,0.2,0.8811116367578506,0.00013238594328868203,540,,,
14417920,110,3004,4799,0.00015110656,0.1457099776,0.0,17.490009307861328,48.85805879831314,0.01586785912513733,0.5917235612869263,0.000214278912,8.650472420454026,0.2,0.8910114020109177,0.00011825702822534367,545,,,
14548992,111,3032,4798,0.00013395806,0.145211904,1.678466796875e-05,16.925668716430664,48.64376676082611,0.015870384871959686,0.5879685878753662,0.00021349247999999997,8.69960259795189,0.2,0.8802096247673035,-0.00014771321366424672,550,,,
14680064,112,3060,4797,0.0001493492,0.14471383040000002,3.0517578125e-06,17.72242546081543,49.95262956619263,0.015867549926042557,0.6009581089019775,0.00021270604799999998,8.659653306007385,0.2,0.8804913610219955,8.401865634368732e-05,555,,,
14811136,113,3087,4796,0.00023008592,0.14421575679999998,3.204345703125e-05,13.7086820602417,45.62260563373566,0.015880459919571877,0.596733808517456,0.00021191961599999995,8.662815594673157,0.2,0.887094609439373,2.0792011855519377e-05,560,,,
14942208,114,3115,4796,0.00016683032,0.1437176832,1.678466796875e-05,15.242130279541016,46.412872445583346,0.015888219699263573,0.6171252727508545,0.00021113318399999996,8.538809132575988,0.2,0.8769563362002373,0.00018327876314288004,565,,,
15073280,115,3144,4793,0.00014852412,0.1432196096,1.52587890625e-06,15.38940715789795,42.861307203769684,0.015912353992462158,0.597498893737793,0.00021034675199999999,8.593270438909531,0.2,0.8947939723730087,0.00011642283279797994,570,,,
15204352,116,3172,4792,0.00014719606,0.142721536,0.0,19.747556686401367,54.05825879573822,0.015924876555800438,0.6354629993438721,0.00020956032,8.569843649864197,0.2,0.8736909627914429,-4.048154551128391e-05,575,,,
15335424,117,3199,4792,0.000116209245,0.14222346240000003,1.373291015625e-05,15.939502716064453,48.77116680145264,0.01594189926981926,0.6384184956550598,0.000208773888,8.593654239177704,0.2,0.8791140168905258,0.00011404687247704715,580,,,
15466496,118,3226,4794,0.00015936396,0.14172538880000002,2.74658203125e-05,17.885353088378906,50.097784423828124,0.015968503430485725,0.6477019786834717,0.000207987456,8.634139358997345,0.2,0.8788851946592331,-9.426930846530013e-05,585,,,
15597568,119,3253,4793,0.00014108035,0.14122731520000004,0.0,15.72099781036377,46.74624602794647,0.015991536900401115,0.6465311050415039,0.000207201024,8.588888132572174,0.2,0.8928815796971321,-0.00013492058424162677,590,,,
15728640,120,3281,4792,0.00025798014,0.1407292416,7.62939453125e-05,16.7501277923584,45.88657809495926,0.016005175188183784,0.6227642297744751,0.00020641459199999997,8.461142551898956,0.2,0.8873543217778206,9.512781180092134e-05,595,,,
15859712,121,3309,4792,0.00015255637,0.14023116800000002,1.678466796875e-05,16.165983200073242,45.23260090351105,0.016029953956604004,0.6673846244812012,0.00020562815999999997,8.582277929782867,0.2,0.8880388662219048,0.00010284148738719523,600,,,
15990784,122,3335,4794,0.0002524872,0.1397330944,9.002685546875e-05,18.365550994873047,48.83038252592087,0.016059432178735733,0.6564635038375854,0.00020484172799999995,8.594413369894028,0.2,0.8900215998291969,-0.0005437879070086637,605,,,
16121856,123,3362,4793,8.6596156e-05,0.1392350208,0.0,15.378861427307129,46.70039665699005,0.01606292650103569,0.6301679611206055,0.00020405529599999998,8.549744480848313,0.2,0.9025532081723213,-1.8030175124295055e-05,610,,,
16252928,124,3390,4793,9.3752475e-05,0.13873694720000002,7.62939453125e-06,19.194040298461914,51.788711476325986,0.016071395948529243,0.6548401713371277,0.00020326886399999998,8.508316767215728,0.2,0.8850738704204559,9.828791589825415e-05,615,,,
16384000,125,3417,4793,9.117515e-05,0.1382388736,0.0,15.832348823547363,48.90154675245285,0.016080772504210472,0.7216221690177917,0.00020248243199999999,8.43204369544983,0.2,0.8914820551872253,3.309924250061158e-05,620,,,
16515072,126,3443,4795,0.00017450468,0.13774080000000002,9.1552734375e-06,15.987051010131836,46.75075933933258,0.016096346080303192,0.7166246175765991,0.000201696,8.54840117096901,0.2,0.8934107720851898,-9.220675929100253e-05,625,,,
16646144,127,3471,4795,0.00012052656,0.13724272640000001,1.068115234375e-05,17.13918113708496,52.14032518863678,0.01611470989882946,0.672751784324646,0.000200909568,8.541923683881759,0.2,0.8805885687470436,-3.6643745625042355e-05,630,,,
16777216,128,3498,4795,0.00013884042,0.13674465280000003,3.0517578125e-06,18.416841506958008,47.32215470075607,0.016134120523929596,0.6663848161697388,0.000200123136,8.52502611875534,0.2,0.884721651673317,-0.00033609354577492925,635,,,
16908288,129,3526,4794,0.00021752848,0.1362465792,7.62939453125e-06,17.334732055664062,48.07198944091797,0.016161926090717316,0.684303879737854,0.00019933670399999997,8.514025127887725,0.2,0.8893039971590042,-2.7955209225183354e-05,640,,,
17039360,130,3553,4795,9.688575e-05,0.1357485056,0.0,14.973611831665039,47.17569391727447,0.016181668266654015,0.7261867523193359,0.000198550272,8.464651483297349,0.2,0.8956057950854301,5.297517782310024e-05,645,,,
17170432,131,3580,4795,9.4687064e-05,0.135250432,0.0,17.878604888916016,48.48590883016586,0.01619088277220726,0.7060180902481079,0.00019776383999999997,8.433392333984376,0.2,0.8950063809752464,0.00021416784220491537,650,,,
17301504,132,3608,4795,0.00015879737,0.1347523584,7.62939453125e-06,15.95236873626709,49.24013379812241,0.0162060409784317,0.6767129898071289,0.00019697740799999998,8.517775410413742,0.2,0.8875134363770485,-0.00046798854164080693,655,,,
17432576,133,3635,4794,0.00018171241,0.1342542848,0.0,19.259519577026367,50.848428630828856,0.016226772218942642,0.7010418772697449,0.00019619097599999998,8.420868921279908,0.2,0.8799566924571991,0.00015134417044464498,660,,,
17563648,134,3662,4795,0.00020409016,0.1337562112,1.52587890625e-06,16.584190368652344,49.04619977474213,0.01624680496752262,0.7607083320617676,0.00019540454399999998,8.41964847445488,0.2,0.889918714761734,-0.000634456244733883,665,,,
17694720,135,3689,4795,8.0797574e-05,0.13325813760000002,0.0,16.47775650024414,48.185700154304506,0.01626107096672058,0.6893460750579834,0.00019461811199999999,8.483999317884445,0.2,0.8860993161797523,-0.0002628362039104104,670,,,
17825792,136,3717,4795,0.00011307475,0.132760064,1.52587890625e-06,14.199307441711426,44.38561451435089,0.01627335511147976,0.6485554575920105,0.00019383168,8.46835001707077,0.2,0.8941508829593658,3.5930145531892774e-05,675,,,
17956864,137,3744,4795,9.335272e-05,0.13226199040000003,0.0,18.279306411743164,47.649473869800566,0.016269734129309654,0.7556275725364685,0.00019304524800000002,8.40079124569893,0.2,0.8856963813304901,-0.0003055357592529617,680,,,
18087936,138,3771,4796,9.777311e-05,0.1317639168,6.103515625e-06,17.593984603881836,51.52555162906647,0.016274472698569298,0.722456157207489,0.000192258816,8.438176935911178,0.2,0.8903439790010452,-0.00033574390909052454,685,,,
18219008,139,3798,4796,7.170909e-05,0.1312658432,0.0,19.86379623413086,51.18143926858902,0.016278045251965523,0.7861859202384949,0.000191472384,8.476393151283265,0.2,0.8779008314013481,-5.04755229485454e-05,690,,,
18350080,140,3826,4795,9.0321744e-05,0.1307677696,3.0517578125e-06,18.648900985717773,49.77386885881424,0.016292812302708626,0.7217761278152466,0.00019068595199999997,8.398968958854676,0.2,0.8780865371227264,-3.258774195273873e-05,695,,,
18481152,141,3852,4796,0.00018679224,0.130269696,1.52587890625e-06,18.355066299438477,45.50624731779099,0.01632421836256981,0.7400201559066772,0.00018989951999999997,8.399236118793487,0.2,0.8903354778885841,0.00011559276972548105,700,,,
18612224,142,3880,4796,5.1987634e-05,0.1297716224,0.0,17.67594337463379,48.07679275274277,0.016330964863300323,0.7210004329681396,0.00018911308799999998,8.416494137048721,0.2,0.8907418698072433,-6.39048474113224e-05,705,,,
18743296,143,3908,4795,0.00015426814,0.1292735488,1.52587890625e-06,16.46704864501953,49.88977801799774,0.016338808462023735,0.7434072494506836,0.00018832665599999998,8.355528211593628,0.2,0.8898080214858055,0.00011205234477529302,710,,,
18874368,144,3935,4796,8.519765e-05,0.12877547520000002,0.0,15.77193546295166,47.43796135187149,0.016353199258446693,0.7519549131393433,0.00018754022399999998,8.333429235219956,0.2,0.8865181282162666,-3.525998909026384e-06,715,,,
19005440,145,3963,4795,6.5624845e-05,0.1282774016,0.0,18.322086334228516,53.43839495182037,0.016358913853764534,0.7512826323509216,0.000186753792,8.433162772655487,0.2,0.8815795928239822,-1.202119528898038e-05,720,,,
19136512,146,3989,4796,7.8883866e-05,0.127779328,0.0,17.651519775390625,45.450530326366426,0.016364101320505142,0.7874276638031006,0.00018596736,8.279057502746582,0.2,0.8971749320626259,-4.966465421603061e-05,725,,,
19267584,147,4017,4796,7.5232485e-05,0.12728125440000002,0.0,16.0522518157959,48.05742774009705,0.016370464116334915,0.7292677760124207,0.000185180928,8.421258682012558,0.2,0.8937225937843323,-8.4149201575201e-05,730,,,
19398656,148,4044,4796,0.0001236423,0.1267831808,2.593994140625e-05,16.7120418548584,49.40984206199646,0.016383983194828033,0.720262885093689,0.000184394496,8.305934345722198,0.2,0.8949717134237289,0.00010927538460236974,735,,,
19529728,149,4071,4796,0.00011177853,0.1262851072,0.0,16.48211097717285,48.64249926805496,0.016407029703259468,0.7818123698234558,0.00018360806399999997,8.35914608836174,0.2,0.8916736915707588,8.975644559541251e-05,740,,,
19660800,150,4099,4796,8.705738e-05,0.1257870336,0.0,17.895092010498047,49.724931156635286,0.016424624249339104,0.8152046203613281,0.00018282163199999997,8.272211980819701,0.2,0.8896903768181801,0.00011371144537406508,745,,,
19791872,151,4126,4796,0.00013830997,0.12528896,0.0,18.42580795288086,51.725447821617124,0.016420327126979828,0.7517768740653992,0.00018203519999999997,8.34281603693962,0.2,0.8874515146017075,-0.00047632316818635445,750,,,
19922944,152,4153,4796,0.00013992719,0.1247908864,5.18798828125e-05,17.196321487426758,47.023237431049346,0.01644156128168106,0.7585727572441101,0.00018124876799999998,8.30773469209671,0.2,0.8960704654455185,3.685720366775058e-05,755,,,
20054016,153,4181,4795,0.000106276275,0.1242928128,0.0,17.374113082885742,48.337254631519315,0.016453329473733902,0.8455218076705933,0.000180462336,8.302540743350983,0.2,0.8864417374134064,0.0001331752158876043,760,,,
20185088,154,4208,4796,8.7679466e-05,0.1237947392,0.0,18.33846092224121,47.982016277313235,0.016469988971948624,0.8613419532775879,0.000179675904,8.300851505994796,0.2,0.8912356719374657,-0.00013781636516796425,765,,,
20316160,155,4235,4796,7.499234e-05,0.1232966656,0.0,15.807804107666016,49.72950917482376,0.016482165083289146,0.8630265593528748,0.00017888947199999999,8.281841284036636,0.2,0.886410266160965,7.370740931946784e-05,770,,,
20447232,156,4262,4796,0.00013869346,0.122798592,6.103515625e-06,17.823095321655273,54.55895071029663,0.016501430422067642,0.8330060839653015,0.00017810304,8.25458168387413,0.2,0.8789213374257088,-0.0001838634314481169,775,,,
20578304,157,4290,4796,0.0002565143,0.12230051839999997,4.57763671875e-06,15.223143577575684,45.78878436088562,0.016534877941012383,0.8740400671958923,0.00017731660799999996,8.304008775949479,0.2,0.8942809924483299,-0.00015089048356458078,780,,,
20709376,158,4317,4796,5.3607862e-05,0.12180244479999998,0.0,17.254030227661133,49.25081737041474,0.016539620235562325,0.811992347240448,0.00017653017599999997,8.226416492462159,0.2,0.8887174800038338,-7.168906086008064e-05,785,,,
20840448,159,4344,4796,0.00011928585,0.1213043712,0.0,17.702362060546875,52.51789491176605,0.016555730253458023,0.8134077787399292,0.00017574374399999997,8.343655699491501,0.2,0.8832650557160378,-0.00025690232796478086,790,,,
20971520,160,4372,4796,8.9829955e-05,0.1208062976,0.0,18.821819305419922,51.33807532787323,0.0165600273758173,0.8034378886222839,0.00017495731199999997,8.210243833065032,0.2,0.8922288864850998,-0.0002203035655838903,795,,,
21102592,161,4399,4796,6.3410254e-05,0.120308224,0.0,21.61383056640625,57.397498750686644,0.016569336876273155,0.7966841459274292,0.00017417088,8.229738223552705,0.2,0.8808357641100883,9.543616397422738e-05,800,,,
21233664,162,4426,4796,5.9998918e-05,0.11981015040000001,0.0,17.498022079467773,50.849570751190186,0.016566907986998558,0.8691138029098511,0.000173384448,8.272313112020493,0.2,0.8969910591840744,-0.00012913499231217428,805,,,
21364736,163,4454,4796,0.00013554667,0.11931207680000001,3.662109375e-05,14.650132179260254,48.76500967741013,0.01658523827791214,0.8596763610839844,0.000172598016,8.12992525100708,0.2,0.8915788158774376,0.0002026756301347632,810,,,
21495808,164,4481,4796,4.1885673e-05,0.11881400319999999,0.0,17.104534149169922,47.395034635066985,0.016587018966674805,0.9100434184074402,0.00017181158399999998,8.24053099155426,0.2,0.8979840129613876,-0.00010024857620010153,815,,,
21626880,165,4508,4796,0.00016711056,0.1183159296,0.0,16.87067413330078,44.35367856025696,0.016620945185422897,0.8146661520004272,0.00017102515199999999,8.244271492958068,0.2,0.8987674787640572,2.6812169380718842e-05,820,,,
21757952,166,4536,4796,0.00012082134,0.11781785599999998,0.0,13.995528221130371,47.597334802150726,0.016648996621370316,0.8221815824508667,0.00017023871999999996,8.233254194259644,0.2,0.8924223929643631,9.13567237148527e-05,825,,,
21889024,167,4563,4796,6.3277585e-05,0.11731978239999999,0.0,15.840917587280273,53.12694816589355,0.016650788486003876,0.8263878226280212,0.00016945228799999996,8.251049256324768,0.2,0.8823366984724998,-0.0003045944518817123,830,,,
22020096,168,4591,4796,7.2659e-05,0.1168217088,0.0,18.726573944091797,50.312159824371335,0.016661370173096657,0.8458485007286072,0.00016866585599999997,8.239796912670135,0.2,0.8858770802617073,-0.00010772111018013675,835,,,
22151168,169,4618,4796,9.530128e-05,0.1163236352,0.0,16.641712188720703,48.06295963525772,0.016674473881721497,0.8979172706604004,0.000167879424,8.159522026777267,0.2,0.8968201354146004,-0.0004034704441437498,840,,,
22282240,170,4645,4796,0.000118744356,0.1158255616,0.0,14.977078437805176,41.64491230249405,0.016680870205163956,0.8472884893417358,0.000167092992,8.218491595983505,0.2,0.907013438642025,-0.00015836070233490318,845,,,
22413312,171,4673,4796,8.509736e-05,0.115327488,0.0,14.358506202697754,44.115704119205475,0.016688000410795212,0.901930570602417,0.00016630656,8.248959946632386,0.2,0.89729193598032,-0.00012056981286150404,850,,,
22544384,172,4700,4796,7.64563e-05,0.11482941440000001,0.0,16.738527297973633,47.922915410995486,0.016701312735676765,0.9242651462554932,0.000165520128,8.137803387641906,0.2,0.8951333686709404,-5.533078801818192e-05,855,,,
22675456,173,4728,4795,7.274764e-05,0.1143313408,0.0,18.1132755279541,51.09822356700897,0.016705697402358055,1.009885549545288,0.00016473369599999998,8.136811286211014,0.2,0.8868151381611824,0.00015468544042960276,860,,,
22806528,174,4755,4795,9.598305e-05,0.1138332672,0.0,18.131681442260742,49.14644478559494,0.01672391965985298,0.9753081202507019,0.00016394726399999998,8.203800332546233,0.2,0.9014420285820961,0.00017551448981976137,865,,,
22937600,175,4783,4795,8.859638e-05,0.11333519359999998,1.52587890625e-06,15.96611499786377,47.52481896877289,0.016735916957259178,1.0102579593658447,0.00016316083199999996,8.184783804416657,0.2,0.8869371935725212,1.1079970136051998e-05,870,,,
23068672,176,4810,4795,7.056758e-05,0.11283711999999999,0.0,16.329984664916992,53.49176108837128,0.016743522137403488,0.8943012952804565,0.00016237439999999996,8.126014310121537,0.2,0.8789315074682236,-7.986673736013473e-05,875,,,
23199744,177,4837,4795,5.5890952e-05,0.11233904639999999,0.0,20.058670043945312,50.11080572605133,0.01675809919834137,0.8856827616691589,0.000161587968,8.2237057864666,0.2,0.8844241797924042,4.870703924098052e-05,880,,,
23330816,178,4865,4795,7.9803714e-05,0.1118409728,0.0,16.421695709228516,47.83804792165756,0.01677124761044979,0.9704767465591431,0.000160801536,8.101146847009659,0.2,0.8938501179218292,-9.825606030062772e-05,885,,,
23461888,179,4892,4795,8.451782e-05,0.1113428992,0.0,18.545236587524414,52.454399049282074,0.0167855154722929,0.9174022078514099,0.000160015104,8.24037863612175,0.2,0.8756246343255043,-3.88880871469155e-06,890,,,
23592960,180,4920,4795,0.00013587125,0.1108448256,0.0,17.458877563476562,49.97315366268158,0.016810230910778046,0.9309301376342773,0.000159228672,8.091885769367218,0.2,0.8850170001387596,-0.00010851372499018908,895,,,
23724032,181,4947,4795,6.1594736e-05,0.110346752,0.0,15.649222373962402,47.694596230983734,0.016821887344121933,0.9826218485832214,0.00015844224,8.124803847074508,0.2,0.8888199031352997,-3.780333936447278e-05,900,,,
23855104,182,4974,4795,0.00012395416,0.1098486784,4.57763671875e-06,18.46468734741211,49.07868441343307,0.016835656017065048,0.9208158254623413,0.00015765580799999998,8.157251977920533,0.2,0.8892391696572304,-0.0004472390515729785,905,,,
23986176,183,5002,4795,8.295691e-05,0.1093506048,0.0,16.480621337890625,47.605480313301086,0.016854390501976013,0.914128303527832,0.00015686937599999998,8.115299612283707,0.2,0.8925501778721809,-0.00013357155039557257,910,,,
24117248,184,5029,4795,6.0729828e-05,0.10885253119999998,0.0,15.292187690734863,46.61933434009552,0.01687261089682579,0.9374130964279175,0.00015608294399999996,8.142884147167205,0.2,0.8912548050284386,0.00012037959313602187,915,,,
24248320,185,5056,4795,8.8227454e-05,0.10835445759999998,0.0,17.203733444213867,47.209851479530336,0.016887959092855453,0.9407682418823242,0.00015529651199999999,8.133548802137375,0.2,0.8936602622270584,0.00012963540284545162,920,,,
24379392,186,5083,4795,8.892033e-05,0.10785638399999999,0.0,17.375072479248047,52.577118611335756,0.01690685749053955,0.9528412818908691,0.00015451008,8.105643886327744,0.2,0.891924075782299,-0.00010586100106593221,925,,,
24510464,187,5111,4794,7.58579e-05,0.1073583104,0.0,18.071447372436523,50.67505202293396,0.016912344843149185,0.9440240859985352,0.000153723648,8.136641120910644,0.2,0.8816288486123085,0.00011924447244382463,930,,,
24641536,188,5138,4795,6.5661465e-05,0.10686023680000001,0.0,18.108726501464844,54.44370687007904,0.016916699707508087,0.9261333346366882,0.000152937216,8.066568970680237,0.2,0.8848190009593964,1.613837666809559e-05,935,,,
24772608,189,5165,4795,6.695032e-05,0.10636216320000001,0.0,17.860164642333984,50.022382974624634,0.01692027971148491,0.8768638372421265,0.000152150784,8.124792921543122,0.2,0.8929726779460907,-0.00036346923661767505,940,,,
24903680,190,5192,4795,7.844752e-05,0.10586408960000002,0.0,17.69768714904785,54.191054010391234,0.016932640224695206,0.9503167867660522,0.000151364352,8.027012446522713,0.2,0.8881243094801903,0.0001389587065204978,945,,,
25034752,191,5220,4795,0.000113832335,0.10536601599999999,3.0517578125e-06,17.159975051879883,51.0652694940567,0.016953881829977036,0.9724873304367065,0.00015057791999999997,8.091620373725892,0.2,0.8976671621203423,-0.00012552512016554828,950,,,
25165824,192,5247,4795,0.00012300836,0.1048679424,0.0,17.581756591796875,54.073927593231204,0.016974233090877533,1.105499505996704,0.000149791488,8.044300016760825,0.2,0.8824135437607765,0.00013837855512974784,955,,,
25296896,193,5274,4795,6.62954e-05,0.1043698688,0.0,19.920068740844727,54.78091948032379,0.01697062887251377,0.9902995824813843,0.000149005056,7.977245181798935,0.2,0.8844386413693428,-3.854917595162988e-05,960,,,
25427968,194,5302,4795,6.137915e-05,0.10387179519999999,0.0,16.30324363708496,47.23365926742554,0.01697501353919506,0.9267090559005737,0.00014821862399999998,8.041067245602608,0.2,0.8991979733109474,-9.677142224973068e-06,965,,,
25559040,195,5329,4795,7.335141e-05,0.1033737216,0.0,17.71861457824707,51.854874432086945,0.01697559840977192,1.0267891883850098,0.00014743219199999999,8.0095000654459,0.2,0.8897859007120132,-2.8414372354745866e-05,970,,,
25690112,196,5357,4795,5.4488817e-05,0.102875648,0.0,17.0645694732666,47.801579523086545,0.016984492540359497,0.9551239013671875,0.00014664576,8.085444635152816,0.2,0.8932149261236191,1.9874748250003905e-05,975,,,
25821184,197,5384,4795,4.9806276e-05,0.1023775744,0.0,18.51106071472168,50.335800123214725,0.016995824873447418,0.906262993812561,0.000145859328,8.056437468528747,0.2,0.8928778991103172,-7.804590713931248e-05,980,,,
25952256,198,5411,4795,6.9696456e-05,0.10187950079999998,0.0,17.171709060668945,44.43357120752334,0.01700848899781704,1.0775222778320312,0.00014507289599999997,8.002874305844307,0.2,0.9057612344622612,0.00015548229748674203,985,,,
26083328,199,5438,4795,4.0816474e-05,0.10138142719999998,0.0,16.59552574157715,52.31834762096405,0.01701580360531807,0.9625416994094849,0.00014428646399999997,8.05842222571373,0.2,0.8922840505838394,-2.8932264831382783e-05,990,,,
26214400,200,5466,4795,0.00029253663,0.10088335359999999,0.0002197265625,17.05786895751953,49.76501812934875,0.016996227204799652,0.9603680968284607,0.000143500032,8.011409103870392,0.2,0.8911699205636978,-0.0010831384708581027,995,,,
26345472,201,5493,4795,4.453359e-05,0.10038528000000001,6.103515625e-06,18.835664749145508,52.864742803573606,0.016997521743178368,0.9792048931121826,0.0001427136,8.069212198257446,0.2,0.8904188200831413,-0.00013972625820315442,1000,,,
26476544,202,5520,4795,5.3571086e-05,0.09988720640000001,0.0,16.914968490600586,52.876227951049806,0.017001789063215256,1.0488793849945068,0.000141927168,8.072402429580688,0.2,0.8828682154417038,-0.00020706126815639436,1005,,,
26607616,203,5547,4795,5.558845e-05,0.09938913279999999,0.0,19.116031646728516,52.42867197990417,0.017001979053020477,1.0979312658309937,0.00014114073599999998,8.000398766994476,0.2,0.88154736161232,-6.366103407344781e-05,1010,,,
26738688,204,5575,4795,5.0974704e-05,0.09889105919999999,0.0,19.827272415161133,55.751872301101685,0.01701192744076252,0.9485387802124023,0.00014035430399999998,8.08420009613037,0.2,0.8777483776211739,6.318782834568992e-05,1015,,,
26869760,205,5603,4795,5.8666992e-05,0.0983929856,0.0,16.34362030029297,51.74516289234161,0.017025737091898918,1.0673999786376953,0.00013956787199999999,8.010615929961205,0.2,0.8904182240366936,0.00019828475633403285,1020,,,
27000832,206,5630,4795,5.4940807e-05,0.097894912,0.0,18.94428825378418,52.36459505558014,0.01704014092683792,0.968998908996582,0.00013878144,7.976867699623108,0.2,0.8769613578915596,3.9371162711177024e-05,1025,,,
27131904,207,5657,4795,5.9220663e-05,0.09739683839999999,0.0,18.28376579284668,53.537347722053525,0.017054535448551178,0.9886542558670044,0.00013799500799999996,7.9996046960353855,0.2,0.8833971098065376,0.00012208157204440795,1030,,,
27262976,208,5684,4795,6.0180788e-05,0.0968987648,0.0,17.176729202270508,50.62245810031891,0.017067406326532364,1.0419340133666992,0.000137208576,7.903786662220955,0.2,0.8967203497886658,0.0001989052507269662,1035,,,
27394048,209,5712,4795,5.4054173e-05,0.0964006912,0.0,16.899032592773438,47.40089657306671,0.017076877877116203,1.083993673324585,0.000136422144,7.986387905478478,0.2,0.8959169015288353,-4.846708252443932e-05,1040,,,
27525120,210,5740,4795,5.8323996e-05,0.0959026176,0.0,20.440532684326172,52.92825138568878,0.017094772309064865,1.0650962591171265,0.000135635712,7.949250298738479,0.2,0.8849818110466003,3.544610081007704e-05,1045,,,
27656192,211,5767,4795,5.5536228e-05,0.09540454400000001,0.0,20.320573806762695,52.2922803401947,0.01710391789674759,1.11832594871521,0.00013484928,7.9633622705936435,0.2,0.8904077932238579,-0.00023886654271336737,1050,,,
27787264,212,5793,4795,6.546446e-05,0.09490647039999998,0.0,19.931058883666992,55.18597769737244,0.017116833478212357,1.1558126211166382,0.00013406284799999998,7.952052241563797,0.2,0.8793556988239288,-0.00021978912700433285,1055,,,
27918336,213,5821,4795,4.4561646e-05,0.09440839679999999,0.0,18.310977935791016,47.31385834217072,0.017123371362686157,1.0549331903457642,0.00013327641599999998,7.997743028402328,0.2,0.8964182585477829,2.2272371279541402e-05,1060,,,
28049408,214,5849,4795,5.5151417e-05,0.09391032319999999,0.0,16.523258209228516,46.666008627414705,0.01711515337228775,1.0447182655334473,0.00013248998399999998,8.022247540950776,0.2,0.8953606188297272,-8.875004168658051e-05,1065,,,
28180480,215,5875,4795,6.8168745e-05,0.09341224960000001,0.0,17.770740509033203,49.82359827756882,0.017124656587839127,1.1531016826629639,0.000131703552,7.929169115424156,0.2,0.8934362605214119,-0.00023825056632631458,1070,,,
28311552,216,5902,4796,0.000100588,0.09291417599999999,0.0,18.427988052368164,49.17576030492783,0.017151739448308945,1.1195049285888672,0.00013091712,7.994389230012894,0.2,0.8926878497004509,-9.649160710978322e-05,1075,,,
28442624,217,5930,4796,5.3927604e-05,0.09241610239999999,0.0,18.881132125854492,50.499671244621275,0.017160385847091675,1.0590332746505737,0.000130130688,7.984908267855644,0.2,0.89555374532938,-0.00011374400855856948,1080,,,
28573696,218,5958,4795,3.6895144e-05,0.0919180288,0.0,18.427932739257812,53.0512318611145,0.01716454140841961,1.1249924898147583,0.000129344256,7.9784363329410555,0.2,0.8841482773423195,6.78068412526045e-05,1085,,,
28704768,219,5985,4795,0.000117634205,0.0914199552,3.0517578125e-06,18.965862274169922,55.21882104873657,0.01716616377234459,1.0361227989196777,0.000128557824,7.98641736805439,0.2,0.8795984238386154,-0.0005528641821001656,1090,,,
28835840,220,6012,4796,3.880346e-05,0.09092188159999999,0.0,16.62959098815918,49.25725688934326,0.017165351659059525,1.1238574981689453,0.00012777139199999997,7.954377883672715,0.2,0.8977392017841339,-0.00012155447184341029,1095,,,
28966912,221,6039,4796,4.9143375e-05,0.090423808,0.0,20.083471298217773,48.49318642616272,0.017170650884509087,1.0726354122161865,0.00012698495999999997,7.962756621837616,0.2,0.8972300887107849,1.5985940990503877e-05,1100,,,
29097984,222,6067,4795,0.000117709875,0.0899257344,0.0,19.548114776611328,52.60906183719635,0.01719619147479534,1.0542696714401245,0.00012619852799999998,7.9614818632602695,0.2,0.8834271430969238,-0.00014923802664270624,1105,,,
29229056,223,6094,4795,4.23748e-05,0.0894276608,0.0,21.006074905395508,56.133866620063785,0.017203323543071747,1.0769782066345215,0.000125412096,7.942617630958557,0.2,0.8792250603437424,-7.225678418762982e-05,1110,,,
29360128,224,6122,4795,6.176477e-05,0.08892958720000001,3.0517578125e-06,19.325653076171875,55.521264338493346,0.017219414934515953,1.1393301486968994,0.000124625664,7.951529958844185,0.2,0.8792840242385864,-4.1721746674738826e-05,1115,,,
29491200,225,6149,4795,8.080421e-05,0.08843151359999998,0.0,18.944503784179688,53.43178243637085,0.017244089394807816,1.1248400211334229,0.00012383923199999999,7.9950857073068615,0.2,0.8872094079852104,0.0001054338295944035,1120,,,
29622272,226,6177,4795,5.614291e-05,0.08793343999999999,0.0,20.827573776245117,53.47395887374878,0.017258556559681892,1.0912474393844604,0.0001230528,8.01936286687851,0.2,0.8833390548825264,0.00011906189647561404,1125,,,
29753344,227,6205,4794,4.253861e-05,0.08743536639999999,0.0,17.518604278564453,52.856175327301024,0.017257921397686005,1.1629359722137451,0.000122266368,7.863398158550263,0.2,0.8947609588503838,-9.68999884207733e-06,1130,,,
29884416,228,6233,4794,4.550888e-05,0.0869372928,0.0,17.143917083740234,48.63457258939743,0.017263144254684448,1.1646947860717773,0.000121479936,7.92773360311985,0.2,0.8872338011860847,-0.00035979107124148866,1135,,,
30015488,229,6260,4794,6.898028e-05,0.08643921919999999,0.0,15.92470645904541,47.13558349609375,0.017278319224715233,1.0200475454330444,0.00012069350399999997,7.912581065297127,0.2,0.8963979035615921,-0.0003176415521011222,1140,,,
30146560,230,6288,4794,7.3571806e-05,0.08594114559999999,0.0,18.600332260131836,50.464602851867674,0.017261460423469543,1.026008129119873,0.00011990707199999999,7.838066074252128,0.2,0.890374168753624,-0.0004593517074681586,1145,,,
30277632,231,6316,4793,0.00015852091,0.085443072,0.0,19.043245315551758,51.04602704048157,0.01727468892931938,1.1242069005966187,0.00011912063999999999,7.900689661502838,0.2,0.8906305581331253,-0.0006777842085284646,1150,,,
30408704,232,6343,4793,6.088844e-05,0.0849449984,0.0,17.745079040527344,51.10195508003235,0.017276741564273834,1.1483020782470703,0.00011833420799999999,7.889602321386337,0.2,0.8904576078057289,-0.0003139233966066968,1155,,,
30539776,233,6371,4793,8.086435e-05,0.0844469248,0.0,21.384578704833984,51.23166751861572,0.017294980585575104,1.2222275733947754,0.00011754777600000001,7.84402186870575,0.2,0.8887266665697098,-8.33796446386259e-05,1160,,,
30670848,234,6399,4793,9.212052e-05,0.0839488512,0.0,18.621747970581055,52.59290070533753,0.01732012815773487,1.1777567863464355,0.00011676134399999998,7.872019907832145,0.2,0.889740914106369,2.704980688577052e-05,1165,,,
30801920,235,6426,4793,3.9314808e-05,0.0834507776,0.0,18.665307998657227,51.56700232028961,0.017326131463050842,1.1688292026519775,0.00011597491199999999,7.91806472837925,0.2,0.8895798325538635,-0.0001822450411054888,1170,,,
30932992,236,6454,4792,3.3167806e-05,0.082952704,0.0,19.166532516479492,51.88474540710449,0.01732986979186535,1.1156692504882812,0.00011518847999999999,7.9689206928014755,0.2,0.8891090080142021,0.00010882600836339406,1175,,,
31064064,237,6481,4792,4.6563197e-05,0.0824546304,0.0,21.059133529663086,51.85538551807404,0.017319027334451675,1.2388464212417603,0.000114402048,7.939392152428627,0.2,0.8989497795701027,1.856413291534409e-05,1180,,,
31195136,238,6509,4792,3.2131873e-05,0.08195655679999998,0.0,17.094139099121094,47.12216119766235,0.017323747277259827,1.1457080841064453,0.00011361561599999998,7.919689780473709,0.2,0.9013559818267822,-8.693413619766943e-05,1185,,,
31326208,239,6536,4792,4.4885106e-05,0.08145848319999999,0.0,15.936396598815918,51.426621603965756,0.01732960343360901,1.1434286832809448,0.00011282918399999998,7.918401649594307,0.2,0.8951600641012192,-0.00024108007382892538,1190,,,
31457280,240,6563,4792,6.537672e-05,0.08096040959999999,1.52587890625e-06,15.845629692077637,50.640706622600554,0.01732652634382248,1.1943786144256592,0.00011204275199999999,7.865664792060852,0.2,0.8946900814771652,-0.00031816068294574504,1195,,,
31588352,241,6590,4792,7.516236e-05,0.080462336,0.0,19.90829849243164,55.14685990810394,0.017351441085338593,1.296276330947876,0.00011125632,7.9509597480297085,0.2,0.8824439644813538,-0.0001527656269900035,1200,,,
31719424,242,6618,4792,7.196651e-05,0.0799642624,0.0,20.47667694091797,52.54162955284119,0.017357755452394485,1.0832852125167847,0.000110469888,7.8695761352777485,0.2,0.8888751342892647,3.949363745050505e-05,1205,,,
31850496,243,6645,4792,7.249258e-05,0.07946618879999999,0.0,17.836833953857422,45.309513330459595,0.017381876707077026,1.1872895956039429,0.00010968345599999998,7.907276773452759,0.2,0.9008293524384499,0.00014426725974772125,1210,,,
31981568,244,6672,4792,0.000102548234,0.0789681152,0.0,17.513198852539062,49.46068048477173,0.01741473376750946,1.1761300563812256,0.00010889702399999998,7.867878898978233,0.2,0.8999950140714645,-0.00012360302280285397,1215,,,
32112640,245,6699,4793,4.5100438e-05,0.0784700416,0.0,16.808834075927734,51.86496562957764,0.01742994412779808,1.2109589576721191,0.000108110592,7.765496563911438,0.2,0.8923823907971382,-9.558600722812117e-05,1220,,,
32243712,246,6727,4792,3.8118676e-05,0.077971968,0.0,16.976844787597656,51.11349828243256,0.01743798330426216,1.1488234996795654,0.00010732416,7.793947052955628,0.2,0.9091583266854286,7.303440688701812e-05,1225,,,
32374784,247,6755,4792,3.7931954e-05,0.07747389439999999,0.0,19.470733642578125,53.19485173225403,0.017444897443056107,1.179328203201294,0.00010653772799999998,7.846596390008926,0.2,0.8850018680095673,2.640593666001223e-05,1230,,,
32505856,248,6782,4792,2.592046e-05,0.0769758208,0.0,19.496618270874023,51.6378071308136,0.0174521766602993,1.2218703031539917,0.00010575129599999998,7.828146162629127,0.2,0.8896129280328751,-1.1530980191309937e-05,1235,,,
32636928,249,6809,4792,8.043876e-05,0.0764777472,0.0,18.111103057861328,51.15763623714447,0.017472902312874794,1.2339720726013184,0.000104964864,7.748853775858879,0.2,0.8862781003117561,9.277619901695288e-05,1240,,,
32768000,250,6836,4793,2.3386885e-05,0.0759796736,0.0,18.701488494873047,52.29356973171234,0.017479628324508667,1.1707772016525269,0.000104178432,7.893485873937607,0.2,0.8968810439109802,-3.403175578569062e-05,1245,,,
32899072,251,6864,4792,2.9510742e-05,0.07548159999999998,0.0,22.662612915039062,55.67833061218262,0.01747756265103817,1.230494499206543,0.00010339199999999998,7.788626745343208,0.2,0.8877034112811089,-3.09723531245254e-05,1250,,,
33030144,252,6891,4792,4.065202e-05,0.07498352639999999,0.0,18.337081909179688,56.500902152061464,0.01748225837945938,1.166030764579773,0.00010260556799999998,7.845933067798614,0.2,0.8794734328985214,-0.00026405324824736455,1255,,,
33161216,253,6919,4792,3.1364754e-05,0.07448545279999999,0.0,20.42881202697754,53.11247842311859,0.017481300979852676,1.2349923849105835,0.000101819136,7.796506604552269,0.2,0.894492581486702,5.5103064369177446e-05,1260,,,
33292288,254,6946,4792,4.0713283e-05,0.0739873792,0.0,18.618839263916016,51.06715533733368,0.017481815069913864,1.2288261651992798,0.000101032704,7.8338715702295305,0.2,0.8923794776201248,-0.0002231161870440701,1265,,,
33423360,255,6973,4792,4.2781277e-05,0.0734893056,0.0,20.267057418823242,56.52548744678497,0.017491448670625687,1.2665636539459229,0.000100246272,7.768148663640022,0.2,0.8812414854764938,-3.434157551964745e-05,1270,,,
33554432,256,7001,4792,3.7903243e-05,0.07299123199999999,0.0,17.532312393188477,46.949984514713286,0.017500199377536774,1.2293386459350586,9.945983999999998e-05,7.851246249675751,0.2,0.8982085660099983,6.57025710097514e-05,1275,,,
33685504,257,7029,4792,2.9789939e-05,0.0724931584,0.0,18.129627227783203,50.97371454238892,0.017496949061751366,1.2578744888305664,9.867340799999999e-05,7.74016749560833,0.2,0.8957663252949715,-7.470470663974992e-05,1280,,,
33816576,258,7056,4791,3.1745323e-05,0.0719950848,0.0,19.47035789489746,50.051279711723325,0.01750008761882782,1.2232232093811035,9.7886976e-05,7.7907647609710695,0.2,0.8913800790905952,-0.00016807025822345166,1285,,,
33947648,259,7083,4792,4.59875e-05,0.0714970112,0.0,18.39607810974121,49.57555742263794,0.017496315762400627,1.3249778747558594,9.7100544e-05,7.744671568274498,0.2,0.8966074138879776,8.909042880986818e-05,1290,,,
34078720,260,7111,4792,4.9239454e-05,0.07099893759999999,0.0,18.611148834228516,52.33638439178467,0.017508316785097122,1.2468960285186768,9.631411199999997e-05,7.78593581020832,0.2,0.8965344876050949,-0.00011008191686414647,1295,,,
34209792,261,7138,4792,5.503046e-05,0.070500864,0.0,20.47618293762207,57.17969484329224,0.01752125844359398,1.2902659177780151,9.552767999999999e-05,7.782434830069542,0.2,0.8944548517465591,0.00011429955266066827,1300,,,
34340864,262,7166,4792,4.8959857e-05,0.0700027904,0.0,19.961711883544922,53.64747457504272,0.017528951168060303,1.3082947731018066,9.474124799999999e-05,7.710406893491745,0.2,0.8860819041728973,-0.00022090067723183892,1305,,,
34471936,263,7193,4792,2.106609e-05,0.0695047168,0.0,21.62029266357422,56.49829123020172,0.01752701960504055,1.207613229751587,9.3954816e-05,7.841018030047417,0.2,0.886224202811718,4.684052692027763e-06,1310,,,
34603008,264,7219,4793,5.0857787e-05,0.06900664320000001,0.0,21.5582218170166,54.66538507938385,0.017523987218737602,1.2659883499145508,9.316838400000001e-05,7.822489404678345,0.2,0.8947529122233391,-0.00025246890290873123,1315,,,
34734080,265,7247,4792,2.8754283e-05,0.06850856959999999,0.0,17.584016799926758,52.30159604549408,0.01753201335668564,1.331966757774353,9.238195199999999e-05,7.853919115662575,0.2,0.8943699076771736,-5.7873503101291136e-05,1320,,,
34865152,266,7274,4792,4.5095607e-05,0.068010496,0.0,19.07164192199707,55.13243532180786,0.01753695122897625,1.3544554710388184,9.159551999999999e-05,7.778750616312027,0.2,0.8919010609388351,-5.641226089210249e-05,1325,,,
34996224,267,7302,4792,4.430763e-05,0.06751242240000001,0.0,21.024913787841797,53.05062663555145,0.01755283772945404,1.4444596767425537,9.080908799999999e-05,7.746108531951904,0.2,0.8968377485871315,-2.0104850409552456e-05,1330,,,
35127296,268,7328,4793,3.0295798e-05,0.06701434880000001,0.0,17.64246368408203,56.121403741836545,0.017556950449943542,1.2270081043243408,9.002265600000001e-05,7.794378754496575,0.2,0.8808465972542763,-0.0001379017427098006,1335,,,
35258368,269,7356,4792,3.3705746e-05,0.06651627519999999,0.0,18.982383728027344,53.78945796489715,0.017570860683918,1.281332015991211,8.923622399999998e-05,7.788237142562866,0.2,0.8847032785415649,2.9732716939179227e-05,1340,,,
35389440,270,7382,4793,5.3736767e-05,0.06601820159999999,0.0,18.53435516357422,50.057234048843384,0.017588762566447258,1.3062602281570435,8.844979199999999e-05,7.827537164092064,0.2,0.8954490646719933,-4.8013509513111785e-05,1345,,,
35520512,271,7410,4793,2.9465189e-05,0.065520128,0.0,18.077028274536133,46.85595451593399,0.01759709045290947,1.3833717107772827,8.766335999999999e-05,7.778163757920265,0.2,0.8993139714002609,0.00011945824153372086,1350,,,
35651584,272,7437,4793,4.7403035e-05,0.0650220544,0.0,17.589183807373047,50.35043671131134,0.017607083544135094,1.3796725273132324,8.6876928e-05,7.6869537949562075,0.2,0.8925789520144463,-0.00019577678394853138,1355,,,
35782656,273,7465,4793,3.1846706e-05,0.0645239808,0.0,18.457679748535156,54.84021835327148,0.017612993717193604,1.4573438167572021,8.609049600000001e-05,7.68710450232029,0.2,0.8921038582921028,-6.867395568406209e-05,1360,,,
35913728,274,7492,4793,2.5428446e-05,0.0640259072,0.0,17.867250442504883,53.37969462871551,0.01761673390865326,1.2163532972335815,8.530406399999998e-05,7.754779481887818,0.2,0.8878600522875786,-3.840335302811582e-05,1365,,,
36044800,275,7519,4793,3.2993972e-05,0.0635278336,0.0,20.32914161682129,49.27475461959839,0.017621561884880066,1.3775875568389893,8.451763199999999e-05,7.775883701443672,0.2,0.9057440459728241,-3.5611732891993596e-05,1370,,,
36175872,276,7545,4794,2.5928133e-05,0.06302976,0.0,20.691082000732422,55.94680542945862,0.01762327365577221,1.4303220510482788,8.37312e-05,7.76519885957241,0.2,0.8900915756821632,-1.5793384227436037e-05,1375,,,
36306944,277,7573,4793,3.562647e-05,0.06253168640000001,0.0,19.73480987548828,55.66854667663574,0.017634261399507523,1.3266348838806152,8.2944768e-05,7.766627952456474,0.2,0.8818926587700844,-0.00011050840330426582,1380,,,
36438016,278,7601,4793,3.352626e-05,0.06203361279999999,0.0,20.578693389892578,59.516808772087096,0.017642274498939514,1.28818678855896,8.215833599999998e-05,7.721315935254097,0.2,0.8814041018486023,1.9336290642968378e-05,1385,,,
36569088,279,7628,4794,2.323702e-05,0.061535539199999996,0.0,21.429279327392578,56.06639907360077,0.017648054286837578,1.3045895099639893,8.137190399999998e-05,7.803031659126281,0.2,0.8926780894398689,4.252729413565248e-05,1390,,,
36700160,280,7654,4794,5.0697607e-05,0.06103746560000001,0.0,20.396997451782227,57.91049635410309,0.017665430903434753,1.2855095863342285,8.0585472e-05,7.797874414920807,0.2,0.8900652751326561,-8.816381377982908e-05,1395,,,
36831232,281,7682,4794,2.2101509e-05,0.06053939200000001,0.0,20.573009490966797,54.40163667201996,0.01766720972955227,1.4263042211532593,7.979904e-05,7.754966798424721,0.2,0.889475904405117,-2.2226444707484914e-05,1400,,,
36962304,282,7710,4793,3.4472356e-05,0.060041318399999995,0.0,17.211084365844727,50.97108752727509,0.017664067447185516,1.4288777112960815,7.901260799999998e-05,7.736606770753861,0.2,0.8866838291287422,-5.9407400840427727e-05,1405,,,
37093376,283,7737,4793,2.328273e-05,0.0595432448,0.0,19.836904525756836,51.39351539611816,0.01766308583319187,1.3867506980895996,7.822617599999998e-05,7.834446415305138,0.2,0.8922355994582176,-2.012777913478203e-05,1410,,,
37224448,284,7763,4794,3.0890464e-05,0.0590451712,0.0,18.168354034423828,54.19927663803101,0.01767350547015667,1.3452762365341187,7.7439744e-05,7.83863990008831,0.2,0.8799512460827827,-9.307654909207486e-05,1415,,,
37355520,285,7791,4794,2.6167996e-05,0.05854709760000001,0.0,18.51115608215332,53.537253856658936,0.01767449453473091,1.3313817977905273,7.6653312e-05,7.849605199694634,0.2,0.8863942548632622,-6.960702885407954e-05,1420,,,
37486592,286,7819,4794,3.079511e-05,0.05804902400000001,0.0,19.58038902282715,53.85144913196564,0.017687596380710602,1.3211495876312256,7.586688e-05,7.750529041886329,0.2,0.8953603580594063,3.4181014052592217e-05,1425,,,
37617664,287,7846,4794,7.820106e-05,0.057550950399999995,0.0,19.636680603027344,53.84948287010193,0.017683565616607666,1.323642373085022,7.508044799999998e-05,7.747406071424484,0.2,0.8882528990507126,-0.00039445467155019287,1430,,,
37748736,288,7873,4794,2.592363e-05,0.0570528768,0.0,18.684350967407227,54.173634219169614,0.017689187079668045,1.430925726890564,7.4294016e-05,7.71353797018528,0.2,0.8987677991390228,2.5125998945441095e-06,1435,,,
37879808,289,7900,4794,2.9064198e-05,0.0565548032,0.0,19.15900230407715,52.975792384147645,0.01769491657614708,1.325831651687622,7.3507584e-05,7.760280251502991,0.2,0.9012260437011719,-6.473144676419907e-05,1440,,,
38010880,290,7928,4794,3.1707008e-05,0.05605672960000001,0.0,18.56915855407715,51.72598764896393,0.0177012849599123,1.403219223022461,7.2721152e-05,7.774532189965248,0.2,0.9038480296730995,-5.46298200788442e-05,1445,,,
38141952,291,7955,4794,2.1212953e-05,0.05555865599999999,0.0,19.318824768066406,55.31956248283386,0.01770062930881977,1.338046908378601,7.193471999999998e-05,7.739598923921585,0.2,0.8977372273802757,4.276657127775252e-05,1450,,,
38273024,292,7982,4794,7.543228e-05,0.055060582399999995,0.0,17.576074600219727,54.48959984779358,0.017700154334306717,1.3875994682312012,7.114828799999999e-05,7.734514272212982,0.2,0.8936938121914864,-0.00039983991664485077,1455,,,
38404096,293,8009,4794,2.9691819e-05,0.0545625088,0.0,19.32305335998535,51.19197974205017,0.017700854688882828,1.4319283962249756,7.0361856e-05,7.762286388874054,0.2,0.8912619203329086,-0.00016801253586891108,1460,,,
38535168,294,8036,4794,2.3736151e-05,0.05406443520000001,0.0,21.809926986694336,53.9910327911377,0.01770562306046486,1.4315462112426758,6.9575424e-05,7.790494951605797,0.2,0.8881159350275993,-2.3582051653647795e-05,1465,,,
38666240,295,8064,4794,2.268016e-05,0.053566361600000015,0.0,21.54006004333496,58.500418066978455,0.017714276909828186,1.3450086116790771,6.878899200000001e-05,7.730951467156411,0.2,0.8789515048265457,3.806519380304963e-05,1470,,,
38797312,296,8091,4795,3.267253e-05,0.053068288,0.0,22.279399871826172,60.26916589736938,0.017707012593746185,1.3580740690231323,6.800255999999999e-05,7.753018146753311,0.2,0.8836372271180153,-0.00015089402295416222,1475,,,
38928384,297,8118,4795,1.9568262e-05,0.0525702144,0.0,21.345029830932617,60.28700742721558,0.017707711085677147,1.4604880809783936,6.721612799999999e-05,7.791181483864785,0.2,0.8831594735383987,-6.045105692464858e-06,1480,,,
39059456,298,8145,4795,2.7276781e-05,0.05207214080000001,0.0,24.61649513244629,55.308378434181215,0.017712386325001717,1.5204871892929077,6.6429696e-05,7.755972450971603,0.2,0.8852748051285744,7.90174126450438e-05,1485,,,
39190528,299,8173,4794,2.64039e-05,0.05157406720000001,0.0,19.78227424621582,56.36056153774261,0.01771949976682663,1.4453672170639038,6.564326400000001e-05,7.798756122589111,0.2,0.8924410715699196,-5.821989398100413e-05,1490,,,
39321600,300,8201,4794,3.2381322e-05,0.051075993599999994,0.0,23.624969482421875,55.57009680271149,0.017733119428157806,1.3621206283569336,6.485683199999999e-05,7.734180238842964,0.2,0.8919901847839355,9.032752859639005e-06,1495,,,
39452672,301,8228,4794,2.6732709e-05,0.05057792,1.52587890625e-06,17.158267974853516,51.44387140274048,0.017741505056619644,1.488587737083435,6.407039999999999e-05,7.724368017911911,0.2,0.8962898403406143,2.938446632470004e-05,1500,,,
39583744,302,8255,4795,2.0833384e-05,0.0500798464,0.0,21.317527770996094,57.32652583122253,0.017744459211826324,1.4602973461151123,6.328396799999999e-05,7.702956932783127,0.2,0.8835814520716667,-2.4502008454874157e-05,1505,,,
39714816,303,8282,4794,2.6308244e-05,0.04958177280000001,0.0,22.85069465637207,56.42008340358734,0.017748424783349037,1.3906102180480957,6.249753600000001e-05,7.747007870674134,0.2,0.8865740522742271,-8.252540719695389e-05,1510,,,
39845888,304,8309,4795,3.189103e-05,0.04908369920000001,0.0,21.598175048828125,55.18545424938202,0.017754964530467987,1.486070990562439,6.171110400000001e-05,7.73458560705185,0.2,0.8901427686214447,-8.258665111497976e-05,1515,,,
39976960,305,8336,4795,2.5415793e-05,0.048585625599999994,0.0,20.422468185424805,51.81613636016846,0.017756866291165352,1.59456467628479,6.0924671999999986e-05,7.667807352542877,0.2,0.9037468060851097,-9.985215001506731e-06,1520,,,
40108032,306,8363,4795,3.9659863e-05,0.048087552,0.0,21.66351318359375,59.28275389671326,0.017756124958395958,1.4838812351226807,6.0138239999999996e-05,7.773527973890305,0.2,0.8831490352749825,-0.0002831179772329051,1525,,,
40239104,307,8390,4795,4.7214766e-05,0.0475894784,0.0,23.46881103515625,57.15125629901886,0.01776391826570034,1.5736687183380127,5.9351808e-05,7.762081199884415,0.2,0.8953214883804321,-0.0003655147331301123,1530,,,
40370176,308,8417,4795,2.077787e-05,0.047091404800000014,0.0,22.66521644592285,59.02560439109802,0.017763186246156693,1.4988144636154175,5.856537600000001e-05,7.813014605641365,0.2,0.8884861692786217,-3.651053630164825e-05,1535,,,
40501248,309,8444,4796,2.396267e-05,0.0465933312,0.0,21.166175842285156,56.436511397361755,0.017759352922439575,1.4396872520446777,5.7778943999999983e-05,7.781358283758164,0.2,0.8924068808555603,0.00011276128061581403,1540,,,
40632320,310,8472,4796,2.5502402e-05,0.0460952576,0.0,18.933204650878906,50.291852068901065,0.017763100564479828,1.5050389766693115,5.699251199999999e-05,7.741925084590912,0.2,0.9062217473983765,1.6891895938897505e-05,1545,,,
40763392,311,8499,4796,1.9083873e-05,0.045597184000000006,0.0,20.302471160888672,56.037133407592776,0.017768075689673424,1.455864667892456,5.6206079999999996e-05,7.802114647626877,0.2,0.8905939757823944,9.013892122311518e-05,1550,,,
40894464,312,8526,4796,2.5252306e-05,0.04509911040000001,0.0,18.935359954833984,52.90934910774231,0.017777955159544945,1.4863332509994507,5.5419648000000005e-05,7.733182144165039,0.2,0.8926638662815094,1.3778574066236616e-05,1555,,,
41025536,313,8553,4796,1.904058e-05,0.044601036799999993,0.0,20.699281692504883,54.03320219516754,0.017780691385269165,1.582986831665039,5.463321599999998e-05,7.729294985532761,0.2,0.8928622752428055,-6.838255940238014e-05,1560,,,
41156608,314,8581,4796,1.9445984e-05,0.0441029632,0.0,21.39422035217285,54.07925658226013,0.01777886599302292,1.4837688207626343,5.384678399999999e-05,7.738788619637489,0.2,0.892712764441967,-1.018292095977813e-06,1565,,,
41287680,315,8608,4796,2.3268747e-05,0.0436048896,0.0,21.711183547973633,53.67014472484588,0.01777881197631359,1.6074120998382568,5.306035199999999e-05,7.7601910680532455,0.2,0.9013603180646896,6.44155759800924e-05,1570,,,
41418752,316,8635,4796,1.3779743e-05,0.043106816000000006,0.0,26.83083152770996,59.76350839138031,0.017779884859919548,1.4664721488952637,5.227392e-05,7.766722080111504,0.2,0.8912236094474792,1.7271842079935595e-05,1575,,,
41549824,317,8663,4796,2.3655703e-05,0.04260874240000001,0.0,21.47747230529785,54.87852277755737,0.017780369147658348,1.533207654953003,5.148748800000001e-05,7.694499814510346,0.2,0.8970452323555946,-3.660621150629595e-05,1580,,,
41680896,318,8689,4796,2.5405487e-05,0.042110668799999994,1.52587890625e-06,24.094478607177734,58.25445597171783,0.017781294882297516,1.6510164737701416,5.070105599999999e-05,7.802899381518364,0.2,0.8917742744088173,-4.005736409453675e-05,1585,,,
41811968,319,8717,4796,1.932432e-05,0.0416125952,0.0,21.596960067749023,58.55378847122192,0.01777879148721695,1.6294381618499756,4.991462399999999e-05,7.74601993560791,0.2,0.8966808170080185,-6.706528947688639e-05,1590,,,
41943040,320,8744,4796,1.802043e-05,0.0411145216,0.0,23.08307456970215,58.29935917854309,0.01778274029493332,1.4734166860580444,4.9128192e-05,7.765395539999008,0.2,0.8973944634199142,-1.0938131163129583e-05,1595,,,
42074112,321,8772,4796,1.9978976e-05,0.040616448000000006,0.0,20.18330955505371,54.30634677410126,0.017782358452677727,1.5164566040039062,4.834176000000001e-05,7.720148125290871,0.2,0.9010751396417618,-6.064225890440866e-05,1600,,,
42205184,322,8798,4796,2.7502329e-05,0.04011837439999999,0.0,21.233278274536133,54.84116857051849,0.01778505928814411,1.619268774986267,4.755532799999998e-05,7.764446341991425,0.2,0.8969107121229172,-0.00016948815282376019,1605,,,
42336256,323,8825,4796,2.0895966e-05,0.039620300799999994,0.0,19.31730079650879,57.138038229942325,0.017788656055927277,1.5913798809051514,4.676889599999999e-05,7.712926414608956,0.2,0.8949038609862328,2.8293902141740544e-05,1610,,,
42467328,324,8852,4797,2.1910324e-05,0.0391222272,0.0,26.658296585083008,65.25168936252594,0.017787357792258263,1.4909946918487549,4.5982464e-05,7.793825802206993,0.2,0.8770731389522552,-8.008252880244981e-05,1615,,,
42598400,325,8880,4797,2.6269317e-05,0.0386241536,0.0,20.207210540771484,56.44980924129486,0.017786111682653427,1.7054154872894287,4.5196032000000007e-05,7.647575327754021,0.2,0.8954487144947052,-3.20040802762378e-05,1620,,,
42729472,326,8907,4797,1.8919061e-05,0.038126080000000014,0.0,25.759387969970703,63.79495995044708,0.017784621566534042,1.624267816543579,4.440960000000001e-05,7.757707449793815,0.2,0.8685822188854218,-6.920952146174386e-05,1625,,,
42860544,327,8934,4797,1.642983e-05,0.0376280064,0.0,26.3323917388916,58.67816596031189,0.01778414100408554,1.5612367391586304,4.3623167999999985e-05,7.810979300737381,0.2,0.879336528480053,3.502886393107474e-05,1630,,,
42991616,328,8962,4797,1.9904292e-05,0.0371299328,0.0,25.141334533691406,62.83418188095093,0.01778886467218399,1.6287649869918823,4.2836735999999994e-05,7.7926178812980655,0.2,0.8872873187065125,5.167187191545964e-06,1635,,,
43122688,329,8989,4797,1.5548037e-05,0.036631859200000005,0.0,21.980430603027344,55.577956962585446,0.01778758317232132,1.5952495336532593,4.2050304000000004e-05,7.764995300769806,0.2,0.8941174000501633,-4.493475280469284e-05,1640,,,
43253760,330,9016,4797,1.8647472e-05,0.03613378560000001,0.0,21.134098052978516,55.55389800071716,0.01779285818338394,1.571352481842041,4.1263872000000007e-05,7.777880927920341,0.2,0.894362062215805,-6.559221801580862e-05,1645,,,
43384832,331,9044,4797,2.1962103e-05,0.03563571199999999,0.0,21.013105392456055,59.17068996429443,0.017795560881495476,1.6382793188095093,4.047743999999998e-05,7.685232248902321,0.2,0.8884715810418129,-2.4818028759909793e-05,1650,,,
43515904,332,9071,4796,2.1489239e-05,0.0351376384,0.0,20.455284118652344,55.83253898620605,0.017793044447898865,1.5901540517807007,3.969100799999999e-05,7.777185836434365,0.2,0.8958669379353523,-7.800804887665435e-05,1655,,,
43646976,333,9098,4797,2.5113528e-05,0.0346395648,0.0,24.739675521850586,59.119486570358276,0.01779726892709732,1.498032569885254,3.8904576e-05,7.823910862207413,0.2,0.8912909179925919,-9.189097545458935e-05,1660,,,
43778048,334,9125,4797,2.4732093e-05,0.034141491200000006,0.0,24.83148956298828,60.45703537464142,0.017796766012907028,1.602555751800537,3.8118144000000004e-05,7.806263583898544,0.2,0.8848713412880898,-0.0001188773341709748,1665,,,
43909120,335,9152,4797,2.1811467e-05,0.03364341759999999,0.0,21.658422470092773,56.664308309555054,0.017799030989408493,1.6659483909606934,3.733171199999998e-05,7.738573309779167,0.2,0.8963746428489685,4.5179622247815133e-07,1670,,,
44040192,336,9180,4797,2.1237616e-05,0.03314534399999999,0.0,19.867149353027344,53.03461737632752,0.017799168825149536,1.7531208992004395,3.654527999999999e-05,7.809594821929932,0.2,0.90164465457201,-8.624306610727217e-05,1675,,,
44171264,337,9206,4797,1.497877e-05,0.0326472704,0.0,20.209680557250977,56.13435354232788,0.01779833436012268,1.5810072422027588,3.5758848e-05,7.736193218827248,0.2,0.8979188576340675,-2.7700218925019727e-05,1680,,,
44302336,338,9233,4797,1.8470593e-05,0.0321491968,0.0,20.66659164428711,52.511314797401425,0.017801910638809204,1.8278192281723022,3.4972416e-05,7.771814993023872,0.2,0.9083487614989281,5.851156383869238e-05,1685,,,
44433408,339,9261,4797,2.8272225e-05,0.031651123200000006,0.0,22.34109878540039,62.74586818218231,0.01780126243829727,1.669992446899414,3.418598400000001e-05,7.736162340641021,0.2,0.8912739157676697,-2.936750061053317e-05,1690,,,
44564480,340,9288,4797,2.3916757e-05,0.031153049599999996,0.0,25.518739700317383,58.37089910507202,0.01780509203672409,1.7066001892089844,3.3399551999999986e-05,7.836618140339851,0.2,0.8933369591832161,-7.22256168955937e-05,1695,,,
44695552,341,9315,4797,1.6838687e-05,0.030654976,0.0,27.407236099243164,61.93515424728393,0.017801497131586075,1.5196222066879272,3.2613119999999996e-05,7.857599994540214,0.2,0.899781309068203,-5.983921801089309e-05,1700,,,
44826624,342,9342,4798,1.8636123e-05,0.030156902400000005,0.0,25.043794631958008,55.78211090564728,0.017799217253923416,1.7300704717636108,3.1826688e-05,7.7620932191610335,0.2,0.8987085744738579,-0.0001109631502913544,1705,,,
44957696,343,9369,4798,1.8886876e-05,0.02965882880000001,0.0,25.39069366455078,63.88565590381622,0.017801987007260323,1.6887166500091553,3.104025600000001e-05,7.78443491756916,0.2,0.8967280760407448,-3.9975412073545157e-05,1710,,,
45088768,344,9397,4798,2.269591e-05,0.029160755199999992,0.0,26.56566619873047,63.828227853775026,0.01780252531170845,1.6538758277893066,3.0253823999999984e-05,7.676175493001938,0.2,0.892868772149086,-2.9755774085060695e-05,1715,,,
45219840,345,9424,4798,1.9649913e-05,0.028662681599999996,0.0,23.410873413085938,54.91087441444397,0.01780422404408455,1.7818422317504883,2.946739199999999e-05,7.828666883707046,0.2,0.9052329957485199,-2.6210509531665593e-06,1720,,,
45350912,346,9451,4798,2.1438469e-05,0.028164608,0.0,23.042028427124023,57.95919256210327,0.017808593809604645,1.712096929550171,2.8680959999999996e-05,7.767071843147278,0.2,0.8958539217710495,7.528715213993565e-05,1725,,,
45481984,347,9478,4798,1.6500242e-05,0.027666534400000005,0.0,26.036659240722656,63.57602467536926,0.017807479947805405,1.7202186584472656,2.7894528000000005e-05,7.81661721765995,0.2,0.8888038098812103,-2.723509242059663e-05,1730,,,
45613056,348,9506,4798,2.4692985e-05,0.02716846080000001,0.0,24.07718849182129,60.490480947494504,0.017805710434913635,1.9674315452575684,2.710809600000001e-05,7.750374615192413,0.2,0.8971895650029182,-1.8231702051707542e-05,1735,,,
45744128,349,9532,4798,2.3806357e-05,0.026670387199999993,0.0,21.35550308227539,57.186863255500796,0.01780512183904648,1.8336957693099976,2.6321663999999987e-05,7.755661284923553,0.2,0.8962835818529129,-8.382072046515532e-05,1740,,,
45875200,350,9559,4798,1.5038102e-05,0.026172313599999997,0.0,24.564571380615234,63.317804622650144,0.017805293202400208,1.9217852354049683,2.5535231999999993e-05,7.825642564892769,0.2,0.8942117914557457,7.776014172122814e-06,1745,,,
46006272,351,9587,4798,1.6918333e-05,0.02567424,0.0,25.6685848236084,64.29730727672577,0.0178066473454237,1.6450698375701904,2.4748800000000003e-05,7.831053704023361,0.2,0.8981199264526367,-6.339209285215475e-05,1750,,,
46137344,352,9614,4798,2.092065e-05,0.02517616640000001,0.0,25.74648094177246,62.07542941570282,0.017810706049203873,1.685227394104004,2.396236800000001e-05,7.750674545764923,0.2,0.891900047659874,-1.872502252808772e-05,1755,,,
46268416,353,9641,4798,1.8755816e-05,0.024678092799999992,0.0,26.762815475463867,64.11918427944184,0.017810922116041183,1.8117750883102417,2.3175935999999984e-05,7.7923376053571705,0.2,0.8953127562999725,9.585716907167807e-06,1760,,,
46399488,354,9668,4798,1.45239555e-05,0.024180019199999996,0.0,23.691726684570312,63.39616768360138,0.017811885103583336,1.82399320602417,2.238950399999999e-05,7.8259367644786835,0.2,0.8958295807242393,-5.4702309716958554e-05,1765,,,
46530560,355,9696,4798,1.6519658e-05,0.0236819456,0.0,26.00589370727539,65.75847380161285,0.0178082212805748,1.7831318378448486,2.1603072e-05,7.793191260099411,0.2,0.8906807228922844,-6.140766781754791e-05,1770,,,
46661632,356,9723,4798,2.5427002e-05,0.023183872000000008,0.0,24.56930923461914,61.68693389892578,0.017806190997362137,1.8480033874511719,2.0816640000000006e-05,7.708182632923126,0.2,0.8911864086985588,-6.803430660511367e-05,1775,,,
46792704,357,9751,4798,1.8989558e-05,0.022685798400000012,0.0,22.200408935546875,60.14096667766571,0.017806198447942734,1.786476492881775,2.0030208000000016e-05,7.774235257506371,0.2,0.898288905620575,-1.9289565170765854e-05,1780,,,
46923776,358,9778,4798,1.8934952e-05,0.022187724799999996,0.0,27.27958869934082,64.0164101600647,0.017806727439165115,1.8976868391036987,1.9243775999999988e-05,7.765274867415428,0.2,0.8906047865748405,1.5643981168977916e-05,1785,,,
47054848,359,9805,4798,1.4565627e-05,0.0216896512,0.0,25.569795608520508,63.37585575580597,0.017804475501179695,1.6627941131591797,1.8457343999999997e-05,7.8161374688148495,0.2,0.8936509639024734,-3.540175166563131e-05,1790,,,
47185920,360,9833,4798,1.7761246e-05,0.021191577600000004,0.0,24.76487159729004,61.08008313179016,0.01780262589454651,1.8109889030456543,1.7670912000000003e-05,7.811511120200157,0.2,0.8975092694163322,-4.197055022814311e-05,1795,,,
47316992,361,9860,4798,1.4785339e-05,0.02069350400000001,0.0,26.323728561401367,61.33005793094635,0.017801865935325623,1.8266808986663818,1.6884480000000013e-05,7.736737313866615,0.2,0.8989321887493134,7.348843610088807e-05,1800,,,
47448064,362,9887,4798,1.6835813e-05,0.020195430399999992,0.0,27.85049819946289,59.9310170173645,0.017801625654101372,1.7124650478363037,1.6098047999999985e-05,7.799956485629082,0.2,0.9027945399284363,2.0049391605425625e-05,1805,,,
47579136,363,9914,4798,1.6037131e-05,0.019697356799999996,0.0,27.562076568603516,68.56222226619721,0.01780311018228531,1.8190031051635742,1.5311615999999995e-05,7.7484753876924515,0.2,0.8904784619808197,1.8014998931903393e-05,1810,,,
47710208,364,9941,4798,1.6595946e-05,0.0191992832,0.0,26.29231834411621,60.2550951719284,0.0178054329007864,1.7659783363342285,1.4525184e-05,7.85921581685543,0.2,0.9090761840343475,2.2722987341694535e-05,1815,,,
47841280,365,9968,4799,1.6206777e-05,0.018701209600000004,0.0,29.833293914794922,63.70981850624084,0.01780601218342781,1.8888529539108276,1.3738752000000008e-05,7.851986202597618,0.2,0.9053285196423531,-2.9029674624325708e-05,1820,,,
47972352,366,9996,4798,1.2016562e-05,0.018203135999999988,0.0,28.216018676757812,60.37586534023285,0.017806654796004295,1.8164275884628296,1.2952319999999982e-05,7.759079304337502,0.2,0.9078950062394142,-5.4459446255350484e-05,1825,,,
48103424,367,10023,4799,1.949507e-05,0.017705062399999996,0.0,28.645143508911133,70.53749315738678,0.017805222421884537,1.872455358505249,1.216588799999999e-05,7.785578221082687,0.2,0.8998095318675041,-4.694048620876856e-05,1830,,,
48234496,368,10051,4798,1.4682044e-05,0.0172069888,0.0,27.126420974731445,66.86423943042755,0.017803655937314034,1.9192585945129395,1.1379455999999998e-05,7.872686207294464,0.2,0.8945249617099762,3.2204024682869205e-05,1835,,,
48365568,369,10079,4798,1.4974266e-05,0.016708915200000004,0.0,29.252038955688477,67.0479222536087,0.017803890630602837,1.6889054775238037,1.0593024000000006e-05,7.876805856823921,0.2,0.9001045450568199,0.0001016646987409331,1840,,,
48496640,370,10105,4798,1.402825e-05,0.016210841600000008,0.0,29.23614501953125,65.9837490081787,0.017803695052862167,1.9813756942749023,9.806592000000014e-06,7.836119303107262,0.2,0.9002851247787476,-3.7294739740900695e-08,1845,,,
48627712,371,10133,4798,2.1693657e-05,0.01571276799999999,0.0,23.571969985961914,61.134740710258484,0.017802171409130096,1.8573102951049805,9.020159999999988e-06,7.735264253616333,0.2,0.9135779663920403,-6.593130165128968e-05,1850,,,
48758784,372,10160,4798,1.7158922e-05,0.015214694399999997,0.0,28.479310989379883,66.58660378456116,0.017801618203520775,1.9506028890609741,8.233727999999995e-06,7.761857315897942,0.2,0.9042912498116493,3.2860966166481374e-05,1855,,,
48889856,373,10188,4798,1.9925421e-05,0.014716620800000003,0.0,32.00077819824219,69.53483560085297,0.0178009495139122,1.9705770015716553,7.447296000000002e-06,7.784044545888901,0.2,0.8981648162007332,3.518551675369963e-05,1860,,,
49020928,374,10215,4798,1.4841664e-05,0.014218547200000008,0.0,31.441829681396484,73.3067764043808,0.01780097931623459,1.9819111824035645,6.66086400000001e-06,7.794621288776398,0.2,0.8943797200918198,-3.314416971988976e-08,1865,,,
49152000,375,10242,4798,1.379328e-05,0.013720473599999991,0.0,32.292301177978516,73.8520450592041,0.017800036817789078,1.8538463115692139,5.874431999999985e-06,7.750510793924332,0.2,0.8998221009969711,-9.175234299618751e-06,1870,,,
49283072,376,10269,4799,1.739285e-05,0.013222399999999995,0.0,29.963520050048828,69.54606778621674,0.017799945548176765,1.994821548461914,5.087999999999992e-06,7.811437955498695,0.2,0.9039407297968864,4.6953170385677365e-05,1875,,,
49414144,377,10296,4799,1.8139726e-05,0.0127243264,0.0,37.34235763549805,75.43605043888093,0.01779981516301632,2.0073490142822266,4.3015679999999996e-06,7.832002529501915,0.2,0.8997168987989426,2.2368584177456795e-05,1880,,,
49545216,378,10323,4799,1.5375785e-05,0.012226252800000005,0.0,33.79775619506836,72.92406890392303,0.01779966801404953,1.9041528701782227,3.5151360000000074e-06,7.813190269470215,0.2,0.9005084037780762,0.00010873265928239562,1885,,,
49676288,379,10350,4799,1.5131869e-05,0.01172817920000001,0.0,35.43738555908203,81.66915264129639,0.01779923215508461,1.9372743368148804,2.7287040000000147e-06,7.850422838330269,0.2,0.8887719586491585,1.799059973563999e-05,1890,,,
49807360,380,10378,4799,1.98299e-05,0.011230105599999993,0.0,34.937992095947266,79.83991560935974,0.017799202352762222,2.0449209213256836,1.942271999999989e-06,7.694141891598702,0.2,0.8949031308293343,8.018870139494538e-05,1895,,,
49938432,381,10405,4799,1.7802342e-05,0.010732031999999999,0.0,36.55299377441406,81.3683271408081,0.017799124121665955,2.038220167160034,1.1558399999999967e-06,7.750926092267036,0.2,0.8912421241402626,4.323786270106211e-05,1900,,,
50069504,382,10432,4799,1.0667392e-05,0.010233958400000003,0.0,37.45064163208008,79.48379511833191,0.01779913157224655,1.940411925315857,3.6940800000000436e-07,7.863282096385956,0.2,0.8982181698083878,7.386892393697053e-05,1905,,,
131072,,,,1.2652692e-05,0.009735884800000007,0.0,92.98746490478516,114.5402368068695,0.01779913157224655,2.0073060989379883,-4.1702399999998805e-07,7.808262902498245,0.2,0.8991698697209358,-1.9948691624449565e-05,1910,230.58333333333334,0.28125,-161.55525412175348
131072,1,33,3918,,,,,,,,,,,,,,,,
262144,,,,1.9742585,0.19987548160000002,0.7436447143554688,26.425111770629883,410.6772315979004,0.017829228192567825,0.6141480803489685,0.00029980339199999997,7.7598742842674255,0.2,0.8988113105297089,0.025471892273344565,1915,212.91666666666666,0.4895833333333333,-129.51598857395405
262144,2,69,3750,,,,,,,,,,,,,,,,
393216,,,,0.12232012,0.19975096320000002,0.5198501586914063,21.238265991210938,54.57275831699371,0.01778705045580864,0.555398166179657,0.00029960678399999996,7.813353788852692,0.2,0.8826049640774727,-0.05568064189865254,1920,225.70833333333334,0.46875,-128.9947981754194
393216,3,104,3759,,,,,,,,,,,,,,,,
524288,,,,0.0942687,0.19962644480000002,0.46693572998046873,20.55464744567871,51.51497676372528,0.017741305753588676,0.49724477529525757,0.00029941017599999996,7.786733970046043,0.2,0.8678755164146423,-0.054390862499712964,1925,227.42708333333334,0.4895833333333333,-129.65584108082427
524288,4,137,3801,,,,,,,,,,,,,,,,
655360,,,,0.07070538,0.19950192640000003,0.45270538330078125,18.54705810546875,50.154085636138916,0.017695361748337746,0.44661593437194824,0.000299213568,7.794499316811562,0.2,0.8724251091480255,-0.058406131152878515,1930,222.42708333333334,0.5104166666666666,-126.91424530030743
655360,5,176,3708,,,,,,,,,,,,,,,,
786432,,,,0.06714931,0.199377408,0.44547576904296876,14.574773788452148,47.080965185165404,0.01763160154223442,0.40405863523483276,0.00029901696,7.813315856456756,0.2,0.8834771066904068,-0.059251401014626025,1935,194.54166666666666,0.5833333333333334,-112.70140832230338
786432,6,211,3721,,,,,,,,,,,,,,,,
917504,,,,0.06487816,0.1992528896,0.42819061279296877,17.744216918945312,48.320481133461,0.01757269725203514,0.3858310580253601,0.000298820352,7.79607218503952,0.2,0.8806241452693939,-0.060174623352941124,1940,235.77083333333334,0.46875,-126.46976044738862
917504,7,246,3715,,,,,,,,,,,,,,,,
1048576,,,,0.06425486,0.19912837120000002,0.41014862060546875,17.908443450927734,49.312346971035005,0.017511913552880287,0.36148273944854736,0.000298623744,7.902447056770325,0.2,0.868867039680481,-0.0604967985957046,1945,215.17708333333334,0.5416666666666666,-118.5917374062102
1048576,8,283,3698,,,,,,,,,,,,,,,,
1179648,,,,0.059890542,0.19900385280000002,0.42556915283203123,18.32798957824707,51.112138342857364,0.017465505748987198,0.3474505841732025,0.000298427136,7.863529601693154,0.2,0.88289425522089,-0.06307552410289645,1950,236.6875,0.4791666666666667,-127.7265709132458
1179648,9,317,3713,,,,,,,,,,,,,,,,
1310720,,,,0.05902736,0.1988793344,0.40909271240234374,18.776002883911133,48.72324287891388,0.01741139590740204,0.33408284187316895,0.000298230528,7.992971014976502,0.2,0.8743811696767807,-0.05971237246703822,1955,223.58333333333334,0.5833333333333334,-114.63464380977622
1310720,10,355,3684,,,,,,,,,,,,,,,,
1441792,,,,0.05401802,0.198754816,0.4087432861328125,18.3331241607666,53.95528621673584,0.017353305593132973,0.3203420639038086,0.00029803391999999997,7.898771226406097,0.2,0.8706183731555939,-0.05919028880307451,1960,206.88541666666666,0.5520833333333334,-111.87937163751728
1441792,11,391,3684,,,,,,,,,,,,,,,,
1572864,,,,0.056598093,0.1986302976,0.4278594970703125,14.188600540161133,44.09394223690033,0.01729578897356987,0.31900081038475037,0.00029783731199999996,7.999876961112022,0.2,0.8836150914430618,-0.0649040828262514,1965,215.07291666666666,0.53125,-118.26255232811745
1572864,12,427,3677,,,,,,,,,,,,,,,,
1703936,,,,0.0668679,0.1985057792,0.44748077392578123,14.86252212524414,42.00191903114319,0.017242081463336945,0.30671754479408264,0.00029764070399999995,8.090282183885574,0.2,0.8819402009248734,-0.06614429270557594,1970,228.41666666666666,0.4895833333333333,-124.97848173032186
1703936,13,464,3669,,,,,,,,,,,,,,,,
1835008,,,,0.06464487,0.19838126080000001,0.44923858642578124,16.755817413330078,44.98568609952927,0.017183808609843254,0.29338890314102173,0.00029744409599999995,8.108921492099762,0.2,0.874419778585434,-0.06420320168108447,1975,212.61458333333334,0.5833333333333334,-111.0005019145331
1835008,14,499,3670,,,,,,,,,,,,,,,,
1966080,,,,0.06241615,0.19825674240000002,0.43494415283203125,14.97624683380127,43.600143539905545,0.01712120696902275,0.2882545590400696,0.00029724748799999994,8.077740508317948,0.2,0.874129131436348,-0.06469023288809694,1980,227.03125,0.4895833333333333,-131.73022920048646
1966080,15,535,3671,,,,,,,,,,,,,,,,
2097152,,,,0.050727848,0.198132224,0.42388763427734377,18.19194793701172,45.942057156562804,0.01706703007221222,0.28206902742385864,0.00029705088,8.138543659448624,0.2,0.8746739029884338,-0.060517117199196946,1985,202.94791666666666,0.6145833333333334,-108.25957027372358
2097152,16,571,3671,,,,,,,,,,,,,,,,
2228224,,,,0.05950811,0.1980077056,0.4114715576171875,16.97991943359375,47.986542797088624,0.0170129407197237,0.27069395780563354,0.000296854272,8.123065823316574,0.2,0.8766886591911316,-0.06280794662015979,1990,218.79166666666666,0.5416666666666666,-118.50769296799008
2228224,17,608,3663,,,,,,,,,,,,,,,,
2359296,,,,0.05917845,0.1978831872,0.4445648193359375,15.953627586364746,46.5447519659996,0.016965551301836967,0.2672804296016693,0.000296657664,8.12472532391548,0.2,0.8800213187932968,-0.06236621513380669,1995,221.42708333333334,0.6145833333333334,-108.45743819855501
2359296,18,645,3655,,,,,,,,,,,,,,,,
2490368,,,,0.065023705,0.1977586688,0.42843780517578123,14.667723655700684,48.07572672367096,0.016917696222662926,0.26781877875328064,0.00029646105599999997,8.19027983546257,0.2,0.8749230653047562,-0.06348350712214597,2000,219.94791666666666,0.59375,-108.57200747140307
2490368,19,679,3663,,,,,,,,,,,,,,,,
2621440,,,,0.057138823,0.1976341504,0.43991546630859374,13.138261795043945,38.93118418455124,0.016867399215698242,0.258976548910141,0.00029626444799999997,8.266457498073578,0.2,0.8846265822649002,-0.0616340497683268,2005,201.21875,0.6770833333333334,-103.44996762190056
2621440,20,715,3665,,,,,,,,,,,,,,,,
2752512,,,,0.057299614,0.19750963200000002,0.419158935546875,13.897876739501953,43.48303835391998,0.016806647181510925,0.2515437602996826,0.00029606783999999996,8.273944288492203,0.2,0.8852125406265259,-0.05755054430192104,2010,223.69791666666666,0.6145833333333334,-110.54917114545981
2752512,21,752,3656,,,,,,,,,,,,,,,,
2883584,,,,0.061607454,0.19738511360000002,0.4492401123046875,15.903572082519531,45.96124634742737,0.016759976744651794,0.2434210181236267,0.00029587123199999995,8.293223345279694,0.2,0.8822381794452667,-0.06351902039605192,2015,213.83333333333334,0.6041666666666666,-107.97883949204292
2883584,22,787,3661,,,,,,,,,,,,,,,,
3014656,,,,0.055218488,0.19726059520000003,0.41122283935546877,14.615715026855469,42.27334580421448,0.016708068549633026,0.2385990470647812,0.000295674624,8.37124633193016,0.2,0.886344738304615,-0.06318428528174991,2020,208.22916666666666,0.6145833333333334,-105.7413351886028
3014656,23,824,3654,,,,,,,,,,,,,,,,
3145728,,,,0.060782835,0.1971360768,0.425360107421875,14.40954875946045,44.48628878593445,0.016665443778038025,0.2451235055923462,0.000295478016,8.344111251831055,0.2,0.8933749124407768,-0.06366756085481029,2025,211.32291666666666,0.6354166666666666,-107.42159092763224
3145728,24,859,3657,,,,,,,,,,,,,,,,
3276800,,,,0.058898944,0.1970115584,0.43833160400390625,11.917037010192871,35.749157869815825,0.016608428210020065,0.23179122805595398,0.000295281408,8.436848133802414,0.2,0.9104686006903648,-0.06188472144422121,2030,218.79166666666666,0.6145833333333334,-109.13379850826641
3276800,25,896,3656,,,,,,,,,,,,,,,,
3407872,,,,0.06428333,0.19688704,0.4616851806640625,14.885479927062988,42.8196918129921,0.016560256481170654,0.22954683005809784,0.0002950848,8.42445582151413,0.2,0.8902532011270523,-0.062310453821555714,2035,200.78125,0.625,-104.82466106338912
3407872,26,933,3651,,,,,,,,,,,,,,,,
3538944,,,,0.06051697,0.19676252160000002,0.45050201416015623,13.102667808532715,41.04021223783493,0.016521185636520386,0.22554323077201843,0.000294888192,8.412943482398987,0.2,0.8865476995706558,-0.06202113291074056,2040,206.3125,0.59375,-110.72215401507333
3538944,27,967,3658,,,,,,,,,,,,,,,,
3670016,,,,0.06531716,0.1966380032,0.4640380859375,15.001470565795898,41.31512851715088,0.01647290214896202,0.22195999324321747,0.00029469158399999997,8.454936301708221,0.2,0.8771392926573753,-0.06496246886817972,2045,212.55208333333334,0.6145833333333334,-112.56129911454026
3670016,28,1003,3655,,,,,,,,,,,,,,,,
3801088,,,,0.071969196,0.1965134848,0.464520263671875,16.185958862304688,43.32280867099762,0.01642848178744316,0.22017213702201843,0.00029449497599999997,8.466351258754731,0.2,0.8853082358837128,-0.06203592326492071,2050,212.08333333333334,0.6041666666666666,-108.66063151165963
3801088,29,1040,3654,,,,,,,,,,,,,,,,
3932160,,,,0.058937803,0.1963889664,0.45278472900390626,13.19664478302002,41.81292850971222,0.0163918174803257,0.2175540179014206,0.00029429836799999996,8.542293059825898,0.2,0.8879481628537178,-0.06406397529644892,2055,231.92708333333334,0.5208333333333334,-124.02750263474576
3932160,30,1076,3653,,,,,,,,,,,,,,,,
4063232,,,,0.091695696,0.196264448,0.438720703125,13.378644943237305,39.63710070848465,0.01636096090078354,0.209271639585495,0.00029410175999999995,8.48717314004898,0.2,0.8919226080179214,-0.061397594941081476,2060,211.40625,0.5520833333333334,-115.1486782601272
4063232,31,1112,3652,,,,,,,,,,,,,,,,
4194304,,,,0.07498459,0.1961399296,0.45567474365234373,12.918638229370117,39.69689610004425,0.016322776675224304,0.21198974549770355,0.00029390515199999995,8.544462579488755,0.2,0.8924592956900597,-0.06033574795583263,2065,232.8125,0.4791666666666667,-133.106475604358
4194304,32,1149,3650,,,,,,,,,,,,,,,,
4325376,,,,0.058592528,0.19601541120000002,0.4384979248046875,12.958274841308594,41.43921737670898,0.016281280666589737,0.20597603917121887,0.00029370854399999994,8.6101224899292,0.2,0.8819276466965675,-0.06310858803044539,2070,206.76041666666666,0.6354166666666666,-105.72030063533855
4325376,33,1184,3651,,,,,,,,,,,,,,,,
4456448,,,,0.06277132,0.19589089280000002,0.458203125,14.62315845489502,37.11147108078003,0.016245994716882706,0.20406870543956757,0.000293511936,8.632367146015167,0.2,0.8914668411016464,-0.06156147553410847,2075,220.6875,0.5833333333333334,-114.66873018427225
4456448,34,1220,3650,,,,,,,,,,,,,,,,
4587520,,,,0.06591063,0.1957663744,0.46500244140625,14.151671409606934,40.84931458234787,0.01620756834745407,0.19851230084896088,0.000293315328,8.67127189040184,0.2,0.8883711323142052,-0.06083067483923514,2080,212.17708333333334,0.65625,-108.96470288068802
4587520,35,1254,3655,,,,,,,,,,,,,,,,
4718592,,,,0.07273656,0.195641856,0.46587371826171875,13.053428649902344,35.89338858127594,0.016165805980563164,0.20607078075408936,0.00029311872,8.603512102365494,0.2,0.894300252199173,-0.06676583079679403,2085,227.86458333333334,0.5208333333333334,-118.22072977740781
4718592,36,1290,3655,,,,,,,,,,,,,,,,
4849664,,,,0.061608545,0.1955173376,0.47178192138671876,13.38733196258545,41.65556074380875,0.016130173578858376,0.19952893257141113,0.00029292211199999997,8.720293200016021,0.2,0.8772957772016525,-0.06298136810073629,2090,194.20833333333334,0.6354166666666666,-103.61843173574043
4849664,37,1326,3655,,,,,,,,,,,,,,,,
4980736,,,,0.07333193,0.1953928192,0.46680145263671874,11.933307647705078,37.12050993442536,0.016093231737613678,0.19144630432128906,0.00029272550399999996,8.680314469337464,0.2,0.8898598179221153,-0.06268071120721289,2095,207.91666666666666,0.5833333333333334,-115.74671713943998
4980736,38,1362,3655,,,,,,,,,,,,,,,,
5111808,,,,0.059746616,0.19526830080000002,0.453802490234375,13.202187538146973,41.5609725356102,0.016050077974796295,0.1939408779144287,0.00029252889599999996,8.70673536658287,0.2,0.8796311393380165,-0.06424583369516768,2100,188.15625,0.6875,-94.72520679385717
5111808,39,1399,3652,,,,,,,,,,,,,,,,
5242880,,,,0.062986165,0.19514378240000002,0.45909271240234373,13.739151000976562,40.82694021463394,0.016017939895391464,0.19033005833625793,0.000292332288,8.6968436896801,0.2,0.8811908289790154,-0.06261996917310171,2105,214.51041666666666,0.625,-104.14490322952206
5242880,40,1435,3652,,,,,,,,,,,,,,,,
5373952,,,,0.06358057,0.19501926400000003,0.45810546875,11.935822486877441,37.73325216770172,0.015978675335645676,0.18797056376934052,0.00029213568,8.767502760887146,0.2,0.881693497300148,-0.064521123826853,2110,200.32291666666666,0.6770833333333334,-96.34847569315936
5373952,41,1470,3654,,,,,,,,,,,,,,,,
5505024,,,,0.074413374,0.19489474560000003,0.4766265869140625,14.177458763122559,41.11977292299271,0.015951648354530334,0.18803612887859344,0.000291939072,8.817326360940934,0.2,0.8839462399482727,-0.062203998255426995,2115,224.66666666666666,0.5208333333333334,-120.78030575576587
5505024,42,1506,3654,,,,,,,,,,,,,,,,
5636096,,,,0.08649154,0.1947702272,0.49628448486328125,13.257097244262695,38.27876776456833,0.015920404344797134,0.1812223494052887,0.000291742464,8.75525496006012,0.2,0.8902684971690178,-0.05854095727554522,2120,216.46875,0.6145833333333334,-109.6754373555071
5636096,43,1542,3654,,,,,,,,,,,,,,,,
5767168,,,,0.0756003,0.1946457088,0.46620330810546873,12.965095520019531,35.274033832550046,0.015889935195446014,0.17922911047935486,0.000291545856,8.80855867266655,0.2,0.8996005654335022,-0.06642228919372428,2125,209.09375,0.6354166666666666,-111.13073666997053
5767168,44,1577,3655,,,,,,,,,,,,,,,,
5898240,,,,0.055529363,0.19452119040000002,0.4479034423828125,13.524415016174316,37.872513723373416,0.015862103551626205,0.17791342735290527,0.000291349248,8.741635751724242,0.2,0.8928321599960327,-0.0617942060722271,2130,218.27083333333334,0.5625,-118.21086845177986
5898240,45,1613,3656,,,,,,,,,,,,,,,,
6029312,,,,0.062744915,0.194396672,0.45116729736328126,12.547813415527344,37.04782609939575,0.015822280198335648,0.1775624006986618,0.00029115263999999997,8.814065128564835,0.2,0.8995045572519302,-0.06317760992096737,2135,223.84375,0.5104166666666666,-124.41561092953793
6029312,46,1649,3654,,,,,,,,,,,,,,,,
6160384,,,,0.067810394,0.1942721536,0.47844085693359373,13.036195755004883,38.34009056091308,0.015793222934007645,0.18277955055236816,0.00029095603199999996,8.802867907285691,0.2,0.897449865937233,-0.06573506584390998,2140,212.8125,0.5729166666666666,-116.10574552246453
6160384,47,1685,3654,,,,,,,,,,,,,,,,
6291456,,,,0.06703156,0.1941476352,0.48530120849609376,11.441428184509277,38.9835773229599,0.01576359197497368,0.17446665465831757,0.00029075942399999996,8.88368878364563,0.2,0.8875642940402031,-0.06067317772685783,2145,204.4375,0.6041666666666666,-107.77664127193002
6291456,48,1721,3654,,,,,,,,,,,,,,,,
6422528,,,,0.07474463,0.1940231168,0.48624725341796876,12.290623664855957,39.72024576663971,0.015745755285024643,0.1707424372434616,0.00029056281599999995,8.842039114236831,0.2,0.886108823120594,-0.06379691127658589,2150,225.9375,0.5208333333333334,-121.05460910618505
6422528,49,1756,3656,,,,,,,,,,,,,,,,
6553600,,,,0.06371819,0.1938985984,0.45340118408203123,16.118377685546875,44.09382704496384,0.01571938954293728,0.16924473643302917,0.00029036620799999995,8.812833088636399,0.2,0.8838682994246483,-0.06462327688641381,2155,208.21875,0.6458333333333334,-108.49693051496916
6553600,50,1791,3657,,,,,,,,,,,,,,,,
6684672,,,,0.06389578,0.19377408000000002,0.46676177978515626,11.610599517822266,35.87501919269562,0.01568932831287384,0.17257635295391083,0.0002901696,8.928136903047562,0.2,0.8936581611633301,-0.06692701322608627,2160,187.94791666666666,0.6979166666666666,-96.11274060410763
6684672,51,1828,3656,,,,,,,,,,,,,,,,
6815744,,,,0.06096431,0.19364956160000002,0.46142425537109377,14.92608642578125,40.16443750858307,0.015669604763388634,0.16737303137779236,0.000289972992,8.867640650272369,0.2,0.8847655653953552,-0.062271213723579424,2165,212.95833333333334,0.59375,-110.48390442179402
6815744,52,1864,3655,,,,,,,,,,,,,,,,
6946816,,,,0.06735518,0.1935250432,0.45408782958984373,13.482522964477539,39.21903630495071,0.015635361894965172,0.17224876582622528,0.000289776384,8.944618731737137,0.2,0.8877741992473602,-0.061520732604549266,2170,219.15625,0.5208333333333334,-123.32714436405729
6946816,53,1900,3655,,,,,,,,,,,,,,,,
7077888,,,,0.067980364,0.1934005248,0.47664794921875,12.55472183227539,39.69571940898895,0.015612175688147545,0.16261324286460876,0.000289579776,8.987324279546737,0.2,0.8888843357563019,-0.06309357068676036,2175,227.89583333333334,0.5625,-117.71179451337866
7077888,54,1937,3652,,,,,,,,,,,,,,,,
7208960,,,,0.06508987,0.1932760064,0.44877471923828127,13.554277420043945,37.20359219312668,0.01558716781437397,0.17152564227581024,0.00028938316799999997,8.965008854866028,0.2,0.8980032429099083,-0.06391059500892879,2180,220.125,0.5208333333333334,-123.56356597306113
7208960,55,1973,3653,,,,,,,,,,,,,,,,
7340032,,,,0.06103157,0.193151488,0.44691162109375,13.439023971557617,40.24714921712875,0.015569908544421196,0.1690879911184311,0.00028918655999999996,8.967412364482879,0.2,0.8877766355872154,-0.06585701514268294,2185,192.01041666666666,0.6354166666666666,-106.51783317958586
7340032,56,2008,3654,,,,,,,,,,,,,,,,
7471104,,,,0.08204706,0.19302696960000001,0.457513427734375,11.839943885803223,42.67674275636673,0.015551417134702206,0.17084775865077972,0.00028898995199999996,8.96016874909401,0.2,0.8878886699676514,-0.06241558254114352,2190,204.53125,0.59375,-113.39767782975609
7471104,57,2044,3654,,,,,,,,,,,,,,,,
7602176,,,,0.06493253,0.19290245120000002,0.4479461669921875,16.715900421142578,42.30099196434021,0.015529707074165344,0.17166662216186523,0.000288793344,8.969815599918366,0.2,0.8904731869697571,-0.06343500571674668,2195,207.64583333333334,0.6145833333333334,-110.35156066162848
7602176,58,2078,3656,,,,,,,,,,,,,,,,
7733248,,,,0.0626178,0.19277793280000002,0.4663848876953125,17.669004440307617,47.58502625226974,0.01551411859691143,0.17060989141464233,0.000288596736,9.072954350709916,0.2,0.8760082274675369,-0.0624379222143034,2200,214.60416666666666,0.59375,-111.76006293558244
7733248,59,2117,3652,,,,,,,,,,,,,,,,
7864320,,,,0.065632746,0.19265341440000003,0.46531829833984373,14.128649711608887,40.252744579315184,0.015496380627155304,0.1709679365158081,0.000288400128,8.999677634239196,0.2,0.8840038552880287,-0.06433403906703461,2205,210.10416666666666,0.625,-112.26291703923812
7864320,60,2152,3654,,,,,,,,,,,,,,,,
7995392,,,,0.07025448,0.19252889600000003,0.49601287841796876,12.839426040649414,35.98283762931824,0.015485402196645737,0.16197358071804047,0.00028820352,9.00484557747841,0.2,0.8912723809480667,-0.060239864452159966,2210,211.54166666666666,0.5729166666666666,-115.85621794594998
7995392,61,2188,3653,,,,,,,,,,,,,,,,
8126464,,,,0.0770134,0.1924043776,0.48043365478515626,11.927385330200195,38.59446874856949,0.015469957143068314,0.1650097817182541,0.000288006912,9.012516409158707,0.2,0.8913262858986855,-0.0644588860188378,2215,200.44791666666666,0.6458333333333334,-104.0111165254652
8126464,62,2224,3653,,,,,,,,,,,,,,,,
8257536,,,,0.08668204,0.19227985920000001,0.48979949951171875,15.068694114685059,36.040897572040556,0.015450892969965935,0.16001072525978088,0.000287810304,8.985635554790496,0.2,0.899627186357975,-0.06188569031073712,2220,205.60416666666666,0.625,-108.71370532635899
8257536,63,2258,3655,,,,,,,,,,,,,,,,
8388608,,,,0.072818376,0.1921553408,0.4731781005859375,16.083702087402344,45.430120658874515,0.015435982495546341,0.1558942049741745,0.00028761369599999997,9.003880149126053,0.2,0.8899081274867058,-0.0649902846198529,2225,216.625,0.5833333333333334,-115.52326950152205
8388608,64,2295,3654,,,,,,,,,,,,,,,,
8519680,,,,0.07750088,0.1920308224,0.4825286865234375,15.375896453857422,43.20053480863571,0.015420920215547085,0.1585264503955841,0.00028741708799999996,8.99022051692009,0.2,0.8860374465584755,-0.06330677478108555,2230,223.09375,0.5833333333333334,-117.22949428828774
8519680,65,2331,3654,,,,,,,,,,,,,,,,
8650752,,,,0.07026964,0.191906304,0.49028167724609373,13.748954772949219,40.83440399169922,0.015412626788020134,0.16080422699451447,0.00028722047999999996,9.135057252645492,0.2,0.8858732879161835,-0.06454036207287572,2235,231.1875,0.5104166666666666,-124.67622426589487
8650752,66,2366,3655,,,,,,,,,,,,,,,,
8781824,,,,0.10266839,0.1917817856,0.49878082275390623,13.053569793701172,39.028224241733554,0.015399932861328125,0.17842823266983032,0.00028702387199999995,9.035496008396148,0.2,0.8889288306236267,-0.060681638334062885,2240,214.32291666666666,0.5625,-114.83274614963324
8781824,67,2403,3653,,,,,,,,,,,,,,,,
8912896,,,,0.06262858,0.1916572672,0.45043792724609377,14.95075798034668,40.201051032543184,0.015388378873467445,0.16033399105072021,0.00028682726399999994,9.10899743437767,0.2,0.8932877406477928,-0.06177950853889343,2245,217.27083333333334,0.5520833333333334,-119.84212067250924
8912896,68,2439,3653,,,,,,,,,,,,,,,,
9043968,,,,0.07200618,0.1915327488,0.48110504150390626,14.275834083557129,38.24027321338654,0.015369388274848461,0.16776183247566223,0.000286630656,9.065739119052887,0.2,0.8901496380567551,-0.06571879919792992,2250,202.3125,0.6041666666666666,-115.73071538075494
9043968,69,2475,3652,,,,,,,,,,,,,,,,
9175040,,,,0.077141926,0.19140823040000002,0.471820068359375,13.281298637390137,42.8284059882164,0.015351737849414349,0.1677357256412506,0.000286434048,9.084588581323624,0.2,0.8815621882677078,-0.06592952357023023,2255,223.10416666666666,0.5729166666666666,-114.25481083300838
9175040,70,2511,3652,,,,,,,,,,,,,,,,
9306112,,,,0.105339035,0.19128371200000002,0.48444061279296874,12.1390962600708,35.515685606002805,0.015338900499045849,0.16252444684505463,0.00028623744,9.074850594997406,0.2,0.8842841908335686,-0.061812985988217405,2260,228.45833333333334,0.5,-124.74314887786981
9306112,71,2547,3652,,,,,,,,,,,,,,,,
9437184,,,,0.06839603,0.1911591936,0.47422332763671876,13.612035751342773,39.710037279129025,0.015327388420701027,0.16326645016670227,0.000286040832,9.191911327838898,0.2,0.8841493204236031,-0.0668078030430479,2265,230.65625,0.5,-125.64284674513442
9437184,72,2585,3650,,,,,,,,,,,,,,,,
9568256,,,,0.067788854,0.1910346752,0.4731231689453125,11.537775039672852,35.907235014438626,0.015314487740397453,0.15988990664482117,0.00028584422399999997,9.116029477119445,0.2,0.8965570703148842,-0.06431058454327285,2270,202.02083333333334,0.65625,-99.57829374179998
9568256,73,2620,3651,,,,,,,,,,,,,,,,
9699328,,,,0.068018034,0.1909101568,0.4882568359375,13.70824146270752,44.470391595363616,0.015302340500056744,0.16369670629501343,0.00028564761599999996,9.111946499347686,0.2,0.8827469870448112,-0.06119102454395033,2275,202.70833333333334,0.6354166666666666,-108.38692960937442
9699328,74,2656,3651,,,,,,,,,,,,,,,,
9830400,,,,0.06606969,0.1907856384,0.463525390625,15.142945289611816,41.32385015487671,0.015279991552233696,0.15524154901504517,0.00028545100799999996,9.15678757429123,0.2,0.878239817917347,-0.06485406730207614,2280,217.83333333333334,0.6041666666666666,-111.99696448298103
9830400,75,2692,3651,,,,,,,,,,,,,,,,
9961472,,,,0.09657882,0.19066112000000002,0.483544921875,13.284407615661621,39.55497184991837,0.015267275273799896,0.14986376464366913,0.0002852544,9.234972912073136,0.2,0.8820404559373856,-0.06619705131161027,2285,215.01041666666666,0.5625,-116.23824626615203
9961472,76,2728,3651,,,,,,,,,,,,,,,,
10092544,,,,0.0951007,0.19053660160000002,0.4862060546875,12.689026832580566,37.26932386159897,0.01525195874273777,0.16387003660202026,0.000285057792,9.201407623291015,0.2,0.8874223530292511,-0.063092680106638,2290,196.20833333333334,0.65625,-102.35844217969964
10092544,77,2765,3649,,,,,,,,,,,,,,,,
10223616,,,,0.1047669,0.19041208320000003,0.5073348999023437,11.229637145996094,35.5556973695755,0.015239059925079346,0.1768912672996521,0.000284861184,9.10351495742798,0.2,0.8926955610513687,-0.0649655037181219,2295,219.5625,0.6145833333333334,-111.38007298007592
10223616,78,2800,3650,,,,,,,,,,,,,,,,
10354688,,,,0.07228609,0.19028756480000003,0.49355010986328124,12.521809577941895,39.599019932746884,0.0152300875633955,0.16262507438659668,0.000284664576,9.068019610643386,0.2,0.8857456818223,-0.06345055952842812,2300,215.21875,0.59375,-110.43702911245786
10354688,79,2836,3650,,,,,,,,,,,,,,,,
10485760,,,,0.099226244,0.1901630464,0.48833160400390624,12.666418075561523,36.3485693693161,0.01522146724164486,0.15704114735126495,0.000284467968,9.214808869361878,0.2,0.8948197886347771,-0.06126659129513427,2305,224.63541666666666,0.53125,-122.24576235666147
10485760,80,2873,3648,,,,,,,,,,,,,,,,
10616832,,,,0.06393592,0.190038528,0.47352294921875,12.279875755310059,39.54551111459732,0.015206431970000267,0.15343323349952698,0.00028427136,9.186482501029968,0.2,0.8936434537172318,-0.06243550215294817,2310,223.44791666666666,0.5,-130.47105133646994
10616832,81,2909,3648,,,,,,,,,,,,,,,,
10747904,,,,0.07158106,0.1899140096,0.4700103759765625,13.404867172241211,39.096659898757935,0.015196829102933407,0.14606830477714539,0.00028407475199999997,9.099056470394135,0.2,0.8934138342738152,-0.06349598299129866,2315,224.16666666666666,0.59375,-114.8219517195423
10747904,82,2946,3647,,,,,,,,,,,,,,,,
10878976,,,,0.06731493,0.1897894912,0.47440338134765625,13.491555213928223,39.20850878953934,0.015184937044978142,0.14511220157146454,0.00028387814399999996,9.226856935024262,0.2,0.8786057382822037,-0.06300471621216275,2320,219.51041666666666,0.5520833333333334,-117.32169671547747
10878976,83,2983,3646,,,,,,,,,,,,,,,,
11010048,,,,0.07032776,0.1896649728,0.48610992431640626,12.53399658203125,39.15830096006393,0.015175844542682171,0.14588284492492676,0.00028368153599999996,9.175045210123063,0.2,0.8843773305416107,-0.07021814900217578,2325,209.45833333333334,0.59375,-109.42901017118113
11010048,84,3020,3645,,,,,,,,,,,,,,,,
11141120,,,,0.078391716,0.1895404544,0.4695159912109375,14.017538070678711,39.016557443141934,0.015163331292569637,0.15276645123958588,0.00028348492799999995,9.2158547103405,0.2,0.8870631754398346,-0.06305557797313668,2330,207.10416666666666,0.6458333333333334,-104.83510369841694
11141120,85,3056,3644,,,,,,,,,,,,,,,,
11272192,,,,0.09263678,0.189415936,0.47923431396484373,15.959442138671875,42.07417852878571,0.015149874612689018,0.16840296983718872,0.00028328831999999994,9.230855333805085,0.2,0.8865335062146187,-0.0639430501818424,2335,211.375,0.53125,-120.30025026323182
11272192,86,3092,3644,,,,,,,,,,,,,,,,
11403264,,,,0.09397075,0.1892914176,0.5015060424804687,13.165772438049316,39.38472112417221,0.015138698741793633,0.1657930463552475,0.000283091712,9.169669699668884,0.2,0.8883363455533981,-0.06465083436924032,2340,236.90625,0.5208333333333334,-120.74186596344134
11403264,87,3129,3644,,,,,,,,,,,,,,,,
11534336,,,,0.07388851,0.18916689920000002,0.47367401123046876,13.33455753326416,40.6186928153038,0.015135195106267929,0.1584232598543167,0.000282895104,9.182064324617386,0.2,0.8890348896384239,-0.06498603594081942,2345,207.79166666666666,0.6145833333333334,-103.58603631641165
11534336,88,3165,3644,,,,,,,,,,,,,,,,
11665408,,,,0.06997721,0.18904238080000002,0.48354034423828124,14.540061950683594,40.69337850809097,0.01512570958584547,0.15909519791603088,0.000282698496,9.26678541302681,0.2,0.8878543600440025,-0.061617187511001245,2350,207.44791666666666,0.59375,-111.62126508513158
11665408,89,3202,3642,,,,,,,,,,,,,,,,
11796480,,,,0.07810244,0.18891786240000003,0.487628173828125,13.995246887207031,39.01361496448517,0.015116004273295403,0.15100061893463135,0.000282501888,9.22866261601448,0.2,0.8879368081688881,-0.06489435362018411,2355,220.16666666666666,0.5729166666666666,-112.00169430251754
11796480,90,3239,3640,,,,,,,,,,,,,,,,
11927552,,,,0.067423806,0.188793344,0.46941680908203126,13.80907154083252,41.964134669303895,0.015111640095710754,0.15067113935947418,0.00028230527999999997,9.32585949897766,0.2,0.8753974735736847,-0.060215007414808494,2360,219.39583333333334,0.59375,-109.79669319225877
11927552,91,3277,3638,,,,,,,,,,,,,,,,
12058624,,,,0.09687564,0.1886688256,0.5095535278320312,11.546277046203613,34.19793560504913,0.01510792039334774,0.14933013916015625,0.00028210867199999996,9.338873600959777,0.2,0.8957672417163849,-0.06204604310914874,2365,209.89583333333334,0.5833333333333334,-113.82305453886731
12058624,92,3313,3639,,,,,,,,,,,,,,,,
12189696,,,,0.08123289,0.1885443072,0.47991943359375,10.825716018676758,35.11860166788101,0.015099207870662212,0.14532721042633057,0.00028191206399999995,9.35574569106102,0.2,0.890493780374527,-0.06014501078461763,2370,209.55208333333334,0.6041666666666666,-110.92365085348608
12189696,93,3349,3639,,,,,,,,,,,,,,,,
12320768,,,,0.085109875,0.18841978880000002,0.506597900390625,13.381667137145996,38.21984907388687,0.01509276032447815,0.14731717109680176,0.000281715456,9.221385681629181,0.2,0.8925005421042442,-0.06778352687251754,2375,205.39583333333334,0.6458333333333334,-105.81926130457337
12320768,94,3386,3638,,,,,,,,,,,,,,,,
12451840,,,,0.08687878,0.18829527040000002,0.4868255615234375,12.56689167022705,33.09686137437821,0.01508360169827938,0.14967714250087738,0.000281518848,9.267705285549164,0.2,0.901317834854126,-0.06331404081865913,2380,229.9375,0.5104166666666666,-122.13550054415528
12451840,95,3422,3638,,,,,,,,,,,,,,,,
12582912,,,,0.07590589,0.18817075200000002,0.47196807861328127,13.716625213623047,42.67538914680481,0.015077214688062668,0.1583971083164215,0.00028132224,9.281977695226669,0.2,0.8877699077129364,-0.0631750357686542,2385,214.47916666666666,0.625,-108.83125282603883
12582912,96,3459,3637,,,,,,,,,,,,,,,,
12713984,,,,0.07768834,0.18804623360000003,0.500555419921875,12.977285385131836,38.996370029449466,0.015069456771016121,0.14815862476825714,0.000281125632,9.242265725135804,0.2,0.8969346582889557,-0.06189251828182023,2390,207.69791666666666,0.6354166666666666,-103.8445705463314
12713984,97,3494,3638,,,,,,,,,,,,,,,,
12845056,,,,0.07373047,0.18792171520000003,0.47689208984375,12.837376594543457,38.6715402841568,0.015061814337968826,0.14968350529670715,0.000280929024,9.253732430934907,0.2,0.8854808211326599,-0.06379862121975748,2395,228.90625,0.5,-123.82336615267712
12845056,98,3530,3638,,,,,,,,,,,,,,,,
12976128,,,,0.067795336,0.1877971968,0.4763031005859375,12.106340408325195,37.49268412590027,0.015056286007165909,0.1478670835494995,0.00028073241599999997,9.339633625745773,0.2,0.887504480779171,-0.06431916429719423,2400,207.26041666666666,0.625,-108.03878262757367
12976128,99,3565,3639,,,,,,,,,,,,,,,,
13107200,,,,0.07438223,0.18767267840000001,0.4976104736328125,14.057160377502441,40.79811339378357,0.015049321576952934,0.14505469799041748,0.00028053580799999997,9.258575850725174,0.2,0.8824107944965363,-0.05965589327533962,2405,214.10416666666666,0.6041666666666666,-111.11778013452239
13107200,100,3599,3641,,,,,,,,,,,,,,,,
13238272,,,,0.07350399,0.18754816,0.47568359375,12.18855094909668,39.13228778839111,0.01504204049706459,0.15278077125549316,0.00028033919999999996,9.301273918151855,0.2,0.8916212767362595,-0.06287774349329993,2410,207.19791666666666,0.5833333333333334,-117.61816594016523
13238272,101,3635,3641,,,,,,,,,,,,,,,,
13369344,,,,0.08109146,0.1874236416,0.48564605712890624,13.849464416503906,42.894963037967685,0.015034763142466545,0.1539406180381775,0.00028014259199999995,9.317285311222076,0.2,0.8816562071442604,-0.06099521998112323,2415,201.67708333333334,0.6354166666666666,-104.44203169541659
13369344,102,3671,3641,,,,,,,,,,,,,,,,
13500416,,,,0.08089156,0.1872991232,0.5003616333007812,12.384025573730469,36.0034752368927,0.015028690919280052,0.14983567595481873,0.00027994598399999995,9.297563922405242,0.2,0.8873474821448326,-0.06400375716621057,2420,194.60416666666666,0.6875,-101.04669858060304
13500416,103,3705,3643,,,,,,,,,,,,,,,,
13631488,,,,0.07573766,0.1871746048,0.47879638671875,12.755663871765137,41.58949924707413,0.015021925792098045,0.14480261504650116,0.000279749376,9.31531177163124,0.2,0.8816580772399902,-0.06411080225370824,2425,209.14583333333334,0.6458333333333334,-105.63357275651003
13631488,104,3742,3641,,,,,,,,,,,,,,,,
13762560,,,,0.080471754,0.1870500864,0.4902313232421875,11.180777549743652,35.36098499298096,0.01501369383186102,0.16606947779655457,0.000279552768,9.30032941699028,0.2,0.8954475820064545,-0.06538242227397859,2430,226.64583333333334,0.5729166666666666,-116.39465096646734
13762560,105,3778,3642,,,,,,,,,,,,,,,,
13893632,,,,0.089973405,0.18692556800000001,0.5218536376953125,11.314789772033691,36.61524977684021,0.015009118244051933,0.1605658084154129,0.00027935616,9.294556540250777,0.2,0.8947588577866554,-0.06076949842317845,2435,200.21875,0.6041666666666666,-107.77180544531387
13893632,106,3814,3641,,,,,,,,,,,,,,,,
14024704,,,,0.07909942,0.18680104960000002,0.50777587890625,12.3655424118042,33.461376786231995,0.01500391960144043,0.1575942188501358,0.000279159552,9.31078885793686,0.2,0.8895717263221741,-0.06786562710331054,2440,224.04166666666666,0.59375,-116.62974010693806
14024704,107,3850,3642,,,,,,,,,,,,,,,,
14155776,,,,0.083293594,0.18667653120000002,0.49342041015625,11.783405303955078,35.93463534116745,0.015000440180301666,0.15511173009872437,0.00027896294399999997,9.296367156505585,0.2,0.8912912309169769,-0.06570795519655803,2445,207.17708333333334,0.625,-106.33483699692756
14155776,108,3886,3641,,,,,,,,,,,,,,,,
14286848,,,,0.07978588,0.1865520128,0.484271240234375,12.209936141967773,41.228302574157716,0.014998639933764935,0.156853586435318,0.00027876633599999997,9.309224539995194,0.2,0.8870750442147255,-0.06559379457903561,2450,206.39583333333334,0.6041666666666666,-109.81256419097004
14286848,109,3921,3642,,,,,,,,,,,,,,,,
14417920,,,,0.079117,0.1864274944,0.494354248046875,11.46827507019043,37.21062936782837,0.014993134886026382,0.16458511352539062,0.00027856972799999996,9.29699519276619,0.2,0.8827570676803589,-0.06555749476101483,2455,219.26041666666666,0.5833333333333334,-113.69649517643596
14417920,110,3957,3642,,,,,,,,,,,,,,,,
14548992,,,,0.07207859,0.186302976,0.49075775146484374,13.38053035736084,39.19798173904419,0.01498568244278431,0.150923490524292,0.00027837312,9.285994213819503,0.2,0.8863256648182869,-0.05905083497054875,2460,221.35416666666666,0.6041666666666666,-109.84314605753934
14548992,111,3992,3643,,,,,,,,,,,,,,,,
14680064,,,,0.080398545,0.1861784576,0.49359130859375,11.743827819824219,36.26303691864014,0.014981955289840698,0.14675244688987732,0.000278176512,9.287834936380387,0.2,0.8861722201108932,-0.06181495788914617,2465,235.51041666666666,0.5625,-123.35608494888318
14680064,112,4029,3643,,,,,,,,,,,,,,,,
14811136,,,,0.069402054,0.18605393920000002,0.4835296630859375,13.010336875915527,35.709635853767395,0.014976561069488525,0.15262246131896973,0.000277979904,9.305779767036437,0.2,0.8995360061526299,-0.06523277884698472,2470,238.48958333333334,0.53125,-125.10006509560895
14811136,113,4066,3642,,,,,,,,,,,,,,,,
14942208,,,,0.07344706,0.18592942080000002,0.47191162109375,10.883788108825684,36.794518733024596,0.014972231350839138,0.14696574211120605,0.000277783296,9.34367915391922,0.2,0.8874559551477432,-0.064216219028458,2475,211.66666666666666,0.5833333333333334,-115.41838131683465
14942208,114,4102,3642,,,,,,,,,,,,,,,,
15073280,,,,0.06661992,0.18580490240000003,0.4667816162109375,13.759190559387207,41.21181102991104,0.014963324181735516,0.15068034827709198,0.000277586688,9.389492863416672,0.2,0.874094694852829,-0.061215835105394946,2480,216.23958333333334,0.59375,-114.62817235006311
15073280,115,4136,3643,,,,,,,,,,,,,,,,
15204352,,,,0.07223663,0.185680384,0.46684112548828127,12.569196701049805,38.38637436628342,0.014960752800107002,0.15484873950481415,0.00027739008,9.25875257253647,0.2,0.8835847228765488,-0.06563480492040981,2485,191.52083333333334,0.6875,-101.53918472969332
15204352,116,4172,3644,,,,,,,,,,,,,,,,
15335424,,,,0.08076906,0.18555586560000004,0.5102264404296875,12.357795715332031,36.55291494131088,0.014954343438148499,0.16022777557373047,0.00027719347199999997,9.26426791548729,0.2,0.8853824660181999,-0.059058308142994065,2490,208.21875,0.6041666666666666,-111.76614728015278
15335424,117,4207,3644,,,,,,,,,,,,,,,,
15466496,,,,0.07562717,0.1854313472,0.474017333984375,11.452333450317383,37.299046909809114,0.014948929660022259,0.15778422355651855,0.00027699686399999997,9.355112105607986,0.2,0.8838207498192787,-0.06196709950163495,2495,204.29166666666666,0.6145833333333334,-107.13235784298904
15466496,118,4244,3644,,,,,,,,,,,,,,,,
15597568,,,,0.06967923,0.18530682880000002,0.4762054443359375,14.337360382080078,40.66526551246643,0.014945360831916332,0.15654884278774261,0.00027680025599999996,9.397680717706681,0.2,0.8789921328425407,-0.06450591933680698,2500,209.47916666666666,0.59375,-114.68941621313861
15597568,119,4278,3645,,,,,,,,,,,,,,,,
15728640,,,,0.07770193,0.1851823104,0.49301300048828123,12.304738998413086,37.75487257242203,0.014942528679966927,0.15171507000923157,0.00027660364799999995,9.355212086439133,0.2,0.8782882764935493,-0.0627696367475437,2505,207.04166666666666,0.6145833333333334,-113.29420712799667
15728640,120,4316,3644,,,,,,,,,,,,,,,,
15859712,,,,0.08507982,0.185057792,0.48410186767578123,12.844023704528809,36.97824337482452,0.01494218222796917,0.15420489013195038,0.00027640703999999995,9.337555468082428,0.2,0.8852495849132538,-0.06516442535648821,2510,209.375,0.6145833333333334,-108.26778238711704
15859712,121,4353,3643,,,,,,,,,,,,,,,,
15990784,,,,0.07763477,0.1849332736,0.48861846923828123,13.177224159240723,39.69169988632202,0.014943741261959076,0.15471823513507843,0.000276210432,9.312028640508652,0.2,0.8816505894064903,-0.06423117515514605,2515,228.67708333333334,0.5416666666666666,-119.14259727291532
15990784,122,4388,3644,,,,,,,,,,,,,,,,
16121856,,,,0.07019265,0.1848087552,0.46792755126953123,15.653860092163086,39.27625567913056,0.014938654378056526,0.15196388959884644,0.000276013824,9.453338479995727,0.2,0.8778079226613045,-0.06335426245204871,2520,229.58333333333334,0.53125,-114.79293698392894
16121856,123,4425,3642,,,,,,,,,,,,,,,,
16252928,,,,0.077371255,0.1846842368,0.49903106689453125,10.860055923461914,36.30553529262543,0.014937140047550201,0.15715885162353516,0.000275817216,9.317938834428787,0.2,0.8810564205050468,-0.06564025468542241,2525,217.0625,0.59375,-113.11283291747081
16252928,124,4459,3644,,,,,,,,,,,,,,,,
16384000,,,,0.07446115,0.18455971840000002,0.48917694091796876,12.050469398498535,35.25822256803512,0.014931851997971535,0.14778965711593628,0.000275620608,9.312293869256973,0.2,0.8901927620172501,-0.0640528837160673,2530,248.85416666666666,0.4166666666666667,-137.54945139343795
16384000,125,4497,3643,,,,,,,,,,,,,,,,
16515072,,,,0.08163068,0.18443520000000002,0.4824188232421875,13.956214904785156,39.75504856109619,0.014925889670848846,0.15010473132133484,0.00027542399999999997,9.376125991344452,0.2,0.8742683976888657,-0.06171210691391025,2535,231.33333333333334,0.5,-125.35006042279751
16515072,126,4533,3643,,,,,,,,,,,,,,,,
16646144,,,,0.07635618,0.18431068160000003,0.5019973754882813,12.896119117736816,35.342328333854674,0.014924338087439537,0.15527716279029846,0.00027522739199999996,9.349353849887848,0.2,0.8987701907753944,-0.06611948303761891,2540,196.61458333333334,0.7083333333333334,-100.29182996170596
16646144,127,4567,3644,,,,,,,,,,,,,,,,
16777216,,,,0.10238549,0.1841861632,0.49243621826171874,11.936344146728516,37.77906097173691,0.014929509721696377,0.16074034571647644,0.00027503078399999996,9.396987676620483,0.2,0.8891469389200211,-0.059990775956248396,2545,206.33333333333334,0.6041666666666666,-112.9289538587737
16777216,128,4602,3645,,,,,,,,,,,,,,,,
16908288,,,,0.07856123,0.1840616448,0.497576904296875,12.639156341552734,35.064885318279266,0.01492463331669569,0.1559816598892212,0.000274834176,9.379570633172989,0.2,0.892530545592308,-0.06629075278178789,2550,207.57291666666666,0.6354166666666666,-105.39911960871636
16908288,129,4638,3644,,,,,,,,,,,,,,,,
17039360,,,,0.090643555,0.1839371264,0.49391326904296873,12.679763793945312,36.726608633995056,0.014922209084033966,0.15643760561943054,0.000274637568,9.358746832609176,0.2,0.8919475227594376,-0.06522786298010033,2555,206.88541666666666,0.6354166666666666,-107.65363581679941
17039360,130,4673,3645,,,,,,,,,,,,,,,,
17170432,,,,0.09824008,0.18381260800000002,0.47979888916015623,12.227883338928223,37.08505984544754,0.01491780485957861,0.1791679561138153,0.00027444096,9.42401813864708,0.2,0.8914826884865761,-0.06361865601502359,2560,222.0625,0.5833333333333334,-115.63129578638662
17170432,131,4710,3645,,,,,,,,,,,,,,,,
17301504,,,,0.0845786,0.18368808960000002,0.5211776733398438,11.677534103393555,36.53852226734161,0.014918096363544464,0.17077410221099854,0.000274244352,9.46388881802559,0.2,0.8952215164899826,-0.06508286040334496,2565,213.66666666666666,0.5625,-112.01038548309783
17301504,132,4746,3645,,,,,,,,,,,,,,,,
17432576,,,,0.08321971,0.1835635712,0.48263092041015626,13.230900764465332,36.68122733831406,0.01491598691791296,0.16151368618011475,0.000274047744,9.394267660379409,0.2,0.8894239589571953,-0.06597116681514308,2570,235.3125,0.4895833333333333,-128.15243871672132
17432576,133,4783,3644,,,,,,,,,,,,,,,,
17563648,,,,0.062474985,0.18343905280000003,0.463232421875,14.769021987915039,43.533062314987184,0.014920635148882866,0.15422391891479492,0.000273851136,9.351107704639436,0.2,0.8751110285520554,-0.06189032557886094,2575,198.77083333333334,0.65625,-102.92779250888488
17563648,134,4820,3643,,,,,,,,,,,,,,,,
17694720,,,,0.06756528,0.1833145344,0.46636962890625,11.322734832763672,36.96127978563309,0.014915681444108486,0.16124305129051208,0.00027365452799999997,9.420173907279969,0.2,0.8873992636799812,-0.06645457968697883,2580,228.125,0.5416666666666666,-122.40728318731097
17694720,135,4855,3644,,,,,,,,,,,,,,,,
17825792,,,,0.08049342,0.183190016,0.5098159790039063,11.01708698272705,35.904507303237914,0.014918971806764603,0.16078907251358032,0.00027345791999999996,9.410174322128295,0.2,0.8950376883149147,-0.06061839095782488,2585,218.33333333333334,0.6041666666666666,-110.76978981662073
17825792,136,4891,3644,,,,,,,,,,,,,,,,
17956864,,,,0.08601695,0.18306549760000002,0.4999725341796875,13.941180229187012,36.844077014923094,0.014921529218554497,0.16122011840343475,0.00027326131199999996,9.317147397994995,0.2,0.8942753300070763,-0.06506220060400665,2590,215.61458333333334,0.625,-106.21014673629595
17956864,137,4926,3644,,,,,,,,,,,,,,,,
18087936,,,,0.082934484,0.1829409792,0.504339599609375,12.281543731689453,37.055479896068576,0.014923831447958946,0.15552915632724762,0.00027306470399999995,9.377334928512573,0.2,0.8844617605209351,-0.06504809442121769,2595,223.01041666666666,0.5729166666666666,-117.29174541425589
18087936,138,4963,3644,,,,,,,,,,,,,,,,
18219008,,,,0.085645266,0.1828164608,0.5132080078125,13.02532958984375,40.50201256275177,0.014921239577233791,0.1709984540939331,0.00027286809599999995,9.376875478029252,0.2,0.8808434158563614,-0.060936550912447277,2600,200.17708333333334,0.6354166666666666,-102.32479604602413
18219008,139,4999,3644,,,,,,,,,,,,,,,,
18350080,,,,0.07613206,0.1826919424,0.485467529296875,12.451578140258789,35.40957192182541,0.014919071458280087,0.15485402941703796,0.000272671488,9.413784289360047,0.2,0.8912632986903191,-0.06337321731698467,2605,220.72916666666666,0.5520833333333334,-110.99950111071485
18350080,140,5034,3644,,,,,,,,,,,,,,,,
18481152,,,,0.07656843,0.182567424,0.49393463134765625,15.636004447937012,41.789714109897616,0.0149164330214262,0.16966375708580017,0.00027247488,9.280903398990631,0.2,0.8807278126478195,-0.06533600253751501,2610,192.5,0.625,-101.69507615307879
18481152,141,5070,3644,,,,,,,,,,,,,,,,
18612224,,,,0.0811827,0.1824429056,0.5006881713867187,11.50262451171875,36.966879510879515,0.01491256058216095,0.1572721004486084,0.000272278272,9.418640130758286,0.2,0.8780307248234749,-0.06328257050627144,2615,220.9375,0.5625,-116.77418954636785
18612224,142,5107,3644,,,,,,,,,,,,,,,,
18743296,,,,0.07594986,0.18231838720000001,0.494140625,8.994081497192383,32.678316831588745,0.014910286292433739,0.1544542759656906,0.000272081664,9.400257843732835,0.2,0.8970929831266403,-0.06517937678727322,2620,223.28125,0.59375,-115.89050519338235
18743296,143,5143,3644,,,,,,,,,,,,,,,,
18874368,,,,0.09308563,0.18219386880000002,0.5117767333984375,10.360383033752441,32.44090723991394,0.014913029037415981,0.15666688978672028,0.00027188505599999997,9.41306454539299,0.2,0.9072996899485588,-0.06455521459574812,2625,212.08333333333334,0.59375,-112.29720101080841
18874368,144,5179,3644,,,,,,,,,,,,,,,,
19005440,,,,0.07216117,0.18206935040000002,0.4879058837890625,11.42149543762207,31.443084239959717,0.014914536848664284,0.15456579625606537,0.00027168844799999996,9.457218414545059,0.2,0.9019937589764595,-0.06373188288125675,2630,228.67708333333334,0.5625,-118.85786288589371
19005440,145,5215,3643,,,,,,,,,,,,,,,,
19136512,,,,0.067297354,0.18194483200000003,0.48790130615234373,15.33337688446045,36.53158676624298,0.01491880975663662,0.14645181596279144,0.00027149183999999996,9.387625509500504,0.2,0.8927429169416428,-0.06419289773039054,2635,218.875,0.5833333333333334,-118.22814034564452
19136512,146,5251,3643,,,,,,,,,,,,,,,,
19267584,,,,0.07556617,0.1818203136,0.4943389892578125,12.519347190856934,36.47538582086563,0.014918416738510132,0.15552523732185364,0.000271295232,9.449045366048813,0.2,0.8889875337481499,-0.06405679980816785,2640,209.54166666666666,0.6354166666666666,-104.95746638827734
19267584,147,5288,3643,,,,,,,,,,,,,,,,
19398656,,,,0.074287966,0.1816957952,0.485235595703125,11.171481132507324,36.53172602653503,0.014915364794433117,0.15471568703651428,0.000271098624,9.334443938732147,0.2,0.8929882571101189,-0.06502803486364428,2645,195.4375,0.6354166666666666,-101.65543324479681
19398656,148,5323,3643,,,,,,,,,,,,,,,,
19529728,,,,0.08076091,0.18157127680000001,0.49179534912109374,10.740666389465332,35.683886766433716,0.014913138002157211,0.1572846621274948,0.000270902016,9.313336318731308,0.2,0.8979180604219437,-0.06141711005184334,2650,207.73958333333334,0.6041666666666666,-108.7888190256932
19529728,149,5359,3643,,,,,,,,,,,,,,,,
19660800,,,,0.09722496,0.18144675840000002,0.49390106201171874,11.663002014160156,36.123749947547914,0.014911910519003868,0.14993268251419067,0.000270705408,9.374931174516679,0.2,0.8918100968003273,-0.06210460001020692,2655,236.75,0.5,-126.16132227596756
19660800,150,5395,3643,,,,,,,,,,,,,,,,
19791872,,,,0.07582476,0.18132224000000002,0.50372314453125,13.986285209655762,40.721433997154236,0.014911124482750893,0.156808003783226,0.0002705088,9.40682897567749,0.2,0.8789209276437759,-0.06227114380162675,2660,218.21875,0.59375,-113.47915892451765
19791872,151,5432,3643,,,,,,,,,,,,,,,,
19922944,,,,0.06695804,0.1811977216,0.46820220947265623,11.282234191894531,36.12920913696289,0.014913676306605339,0.15225932002067566,0.000270312192,9.285663831233979,0.2,0.896308645606041,-0.06313536547240801,2665,216.8125,0.5729166666666666,-112.30436323731021
19922944,152,5469,3642,,,,,,,,,,,,,,,,
20054016,,,,0.07009365,0.1810732032,0.4855987548828125,15.546409606933594,40.11015986204147,0.014916710555553436,0.15407827496528625,0.00027011558399999997,9.299343591928482,0.2,0.886118583381176,-0.06343080805963837,2670,215.80208333333334,0.5625,-118.17204805439796
20054016,153,5504,3643,,,,,,,,,,,,,,,,
20185088,,,,0.07011011,0.1809486848,0.45611724853515623,12.735638618469238,42.087090051174165,0.0149120157584548,0.1610526293516159,0.00026991897599999996,9.316971081495286,0.2,0.8752217143774033,-0.06312150435405783,2675,206.16666666666666,0.5625,-114.18778749792266
20185088,154,5540,3643,,,,,,,,,,,,,,,,
20316160,,,,0.076012455,0.1808241664,0.5119979858398438,12.32375717163086,39.04571480751038,0.014913341961801052,0.15366919338703156,0.00026972236799999996,9.364205187559127,0.2,0.882828414440155,-0.06559444604790769,2680,190.6875,0.6875,-99.18354012521841
20316160,155,5575,3644,,,,,,,,,,,,,,,,
20447232,,,,0.07522429,0.18069964800000002,0.48163604736328125,13.272872924804688,40.3791042804718,0.014910561963915825,0.15416140854358673,0.00026952575999999995,9.414426684379578,0.2,0.8752480074763298,-0.0640046104817884,2685,196.05208333333334,0.5833333333333334,-112.587772010173
20447232,156,5610,3644,,,,,,,,,,,,,,,,
20578304,,,,0.06859627,0.1805751296,0.484954833984375,12.991952896118164,36.55563657283783,0.014912022277712822,0.15526333451271057,0.00026932915199999994,9.375802946090698,0.2,0.8887177258729935,-0.06380657466652337,2690,205.875,0.6145833333333334,-105.97927677057983
20578304,157,5645,3644,,,,,,,,,,,,,,,,
20709376,,,,0.083510704,0.1804506112,0.4823638916015625,14.266134262084961,36.962413585186006,0.014908593147993088,0.15317796170711517,0.000269132544,9.395179492235183,0.2,0.8923730105161667,-0.06574913125368767,2695,229.70833333333334,0.5416666666666666,-118.08008663559032
20709376,158,5682,3644,,,,,,,,,,,,,,,,
20840448,,,,0.07172137,0.1803260928,0.4689300537109375,14.394427299499512,42.18014667034149,0.014904815703630447,0.1584322154521942,0.000268935936,9.334553968906402,0.2,0.8792703747749329,-0.06146702582482248,2700,205.85416666666666,0.5833333333333334,-113.63121299189187
20840448,159,5719,3643,,,,,,,,,,,,,,,,
20971520,,,,0.07857254,0.1802015744,0.5007904052734375,11.361897468566895,36.64068868160248,0.014908384531736374,0.15440188348293304,0.000268739328,9.40320639014244,0.2,0.8901146426796913,-0.06702170744538308,2705,213.72916666666666,0.59375,-114.35790744159688
20971520,160,5756,3643,,,,,,,,,,,,,,,,
21102592,,,,0.08276464,0.180077056,0.4935546875,11.445230484008789,35.82800277471542,0.01490374468266964,0.15936696529388428,0.00026854272,9.348787343502044,0.2,0.9016132280230522,-0.06492536726145773,2710,206.75,0.53125,-120.05714948143002
21102592,161,5792,3642,,,,,,,,,,,,,,,,
21233664,,,,0.08650841,0.17995253760000002,0.5075515747070313,13.676851272583008,40.78803164958954,0.014902705326676369,0.1612449437379837,0.00026834611199999997,9.28318852186203,0.2,0.8876414075493813,-0.06420515243371483,2715,203.28125,0.6354166666666666,-109.44280429292424
21233664,162,5827,3643,,,,,,,,,,,,,,,,
21364736,,,,0.085580036,0.17982801920000002,0.5106964111328125,12.515281677246094,36.864962255954744,0.014900973066687584,0.15392926335334778,0.00026814950399999996,9.364603811502457,0.2,0.8882238641381264,-0.06344973864179337,2720,196.27083333333334,0.6458333333333334,-98.86897620905326
21364736,163,5863,3643,,,,,,,,,,,,,,,,
21495808,,,,0.07278216,0.17970350080000003,0.5117965698242187,14.39958381652832,37.44007985591888,0.014906466007232666,0.15454363822937012,0.000267952896,9.439214479923248,0.2,0.886816568672657,-0.0665229813705082,2725,210.39583333333334,0.6041666666666666,-111.6184229070841
21495808,164,5899,3643,,,,,,,,,,,,,,,,
21626880,,,,0.077511996,0.1795789824,0.5005386352539063,12.51929759979248,36.889086508750914,0.01490432396531105,0.15947824716567993,0.000267756288,9.376718878746033,0.2,0.8926726132631302,-0.06417417018674314,2730,220.01041666666666,0.6041666666666666,-114.27607017223995
21626880,165,5935,3643,,,,,,,,,,,,,,,,
21757952,,,,0.080863446,0.179454464,0.5189361572265625,11.180076599121094,34.855244147777555,0.014905872754752636,0.1608632206916809,0.00026755968,9.382502275705338,0.2,0.8964445069432259,-0.06661954808223527,2735,190.36458333333334,0.6666666666666666,-99.37207883619514
21757952,166,5969,3644,,,,,,,,,,,,,,,,
21889024,,,,0.06162421,0.1793299456,0.45256500244140624,15.588336944580078,39.26225323677063,0.014902046881616116,0.15090100467205048,0.000267363072,9.451828455924987,0.2,0.8817502856254578,-0.06010281629860401,2740,193.08333333333334,0.625,-108.31093447593558
21889024,167,6006,3644,,,,,,,,,,,,,,,,
22020096,,,,0.0742389,0.17920542720000002,0.49127044677734377,13.538738250732422,36.48787324428558,0.014903396368026733,0.15474027395248413,0.000267166464,9.386662065982819,0.2,0.8889723792672157,-0.06772844450897537,2745,199.63541666666666,0.65625,-104.9927122097763
22020096,168,6041,3644,,,,,,,,,,,,,,,,
22151168,,,,0.072507575,0.1790809088,0.48148651123046876,12.51474380493164,37.678018712997435,0.01490097027271986,0.15179669857025146,0.000266969856,9.330545353889466,0.2,0.8934709802269936,-0.06312124425166984,2750,208.34375,0.6145833333333334,-114.45115181889462
22151168,169,6076,3645,,,,,,,,,,,,,,,,
22282240,,,,0.0764468,0.17895639040000003,0.4841033935546875,13.230497360229492,38.75935463905334,0.014896415174007416,0.1557658165693283,0.000266773248,9.41406090259552,0.2,0.897305004298687,-0.06464893680240494,2755,245.09375,0.4791666666666667,-130.00818648300287
22282240,170,6114,3644,,,,,,,,,,,,,,,,
22413312,,,,0.08869973,0.178831872,0.5089492797851562,11.449445724487305,38.04558706283569,0.01489610131829977,0.15835325419902802,0.00026657663999999997,9.376092576980591,0.2,0.8951015621423721,-0.06609277737006777,2760,215.60416666666666,0.6145833333333334,-109.43147677569065
22413312,171,6150,3643,,,,,,,,,,,,,,,,
22544384,,,,0.071601264,0.1787073536,0.48170623779296873,13.338770866394043,39.1888026714325,0.014893271028995514,0.16107602417469025,0.00026638003199999996,9.347849094867707,0.2,0.8923763930797577,-0.06342113395367051,2765,218.90625,0.5833333333333334,-115.77457776937236
22544384,172,6186,3644,,,,,,,,,,,,,,,,
22675456,,,,0.09201252,0.1785828352,0.5106063842773437,11.81075382232666,35.52249097824097,0.014899171888828278,0.16852311789989471,0.00026618342399999995,9.347218090295792,0.2,0.8956146016716957,-0.06433778285281733,2770,205.36458333333334,0.6979166666666666,-103.47111747368827
22675456,173,6222,3644,,,,,,,,,,,,,,,,
22806528,,,,0.089008376,0.17845831680000002,0.49617156982421873,10.907383918762207,33.55229687690735,0.014903554692864418,0.16388383507728577,0.00026598681599999995,9.323070710897445,0.2,0.9065537303686142,-0.06397116133011878,2775,212.86458333333334,0.5625,-120.86850154534602
22806528,174,6257,3644,,,,,,,,,,,,,,,,
22937600,,,,0.07735886,0.17833379840000002,0.48824310302734375,11.621827125549316,34.38699761629105,0.014904424548149109,0.17052915692329407,0.000265790208,9.314980924129486,0.2,0.9018847197294235,-0.064038937544683,2780,200.70833333333334,0.625,-105.93061233371246
22937600,175,6293,3644,,,,,,,,,,,,,,,,
23068672,,,,0.0654881,0.17820928,0.4711578369140625,12.360532760620117,40.075630843639374,0.014900021255016327,0.16443531215190887,0.0002655936,9.372067195177078,0.2,0.8852473124861717,-0.060804448561975734,2785,195.14583333333334,0.6666666666666666,-100.11191252922258
23068672,176,6329,3644,,,,,,,,,,,,,,,,
23199744,,,,0.08514072,0.1780847616,0.49622039794921874,10.212056159973145,31.918653118610383,0.01489858329296112,0.15748032927513123,0.000265396992,9.433875060081482,0.2,0.9056667611002922,-0.06427583749609767,2790,208.875,0.6458333333333334,-106.75607613503537
23199744,177,6364,3645,,,,,,,,,,,,,,,,
23330816,,,,0.08375174,0.1779602432,0.48144073486328126,12.50894546508789,40.14128400087357,0.014896392822265625,0.1631236970424652,0.000265200384,9.410537654161454,0.2,0.8758382424712181,-0.06372798502270598,2795,197.86458333333334,0.6145833333333334,-108.11933262919963
23330816,178,6399,3645,,,,,,,,,,,,,,,,
23461888,,,,0.085069194,0.1778357248,0.5104766845703125,11.584983825683594,33.893497955799106,0.014897583052515984,0.16985973715782166,0.00026500377599999997,9.382571440935134,0.2,0.8937443867325783,-0.06413307021575747,2800,218.80208333333334,0.6041666666666666,-112.36576834117807
23461888,179,6434,3646,,,,,,,,,,,,,,,,
23592960,,,,0.08984937,0.17771120640000002,0.5219696044921875,10.66605281829834,34.11859457492828,0.014900576323270798,0.1737983673810959,0.00026480716799999997,9.368244522809983,0.2,0.8894347548484802,-0.062215643341187385,2805,230.41666666666666,0.53125,-118.33241303205239
23592960,180,6469,3646,,,,,,,,,,,,,,,,
23724032,,,,0.079757415,0.17758668800000002,0.4904327392578125,10.875797271728516,37.10325824022293,0.01489799004048109,0.16358442604541779,0.00026461055999999996,9.39854537844658,0.2,0.8888388499617577,-0.06367280010017566,2810,219.84375,0.5833333333333334,-114.4123334613996
23724032,181,6505,3646,,,,,,,,,,,,,,,,
23855104,,,,0.1047139,0.17746216960000002,0.508917236328125,11.678202629089355,34.73718329668045,0.014892960898578167,0.16922353208065033,0.000264413952,9.392189455032348,0.2,0.889124684035778,-0.06304589549690717,2815,207.45833333333334,0.6145833333333334,-109.05186256786196
23855104,182,6543,3645,,,,,,,,,,,,,,,,
23986176,,,,0.07402644,0.17733765120000003,0.47970123291015626,11.42098617553711,37.118112456798556,0.014886071905493736,0.16383425891399384,0.000264217344,9.387039291858674,0.2,0.8894771710038185,-0.06179888247861527,2820,205.375,0.6145833333333334,-106.94155649240088
23986176,183,6577,3646,,,,,,,,,,,,,,,,
24117248,,,,0.0761872,0.1772131328,0.4964752197265625,12.700089454650879,35.24263732433319,0.014885373413562775,0.17569145560264587,0.000264020736,9.350418090820312,0.2,0.8977238833904266,-0.0650665714405477,2825,209.04166666666666,0.6354166666666666,-106.64163823807492
24117248,184,6613,3646,,,,,,,,,,,,,,,,
24248320,,,,0.09219387,0.1770886144,0.4914764404296875,12.461515426635742,35.13690619468689,0.01488485373556614,0.17121568322181702,0.000263824128,9.341574382781982,0.2,0.9005469903349876,-0.06420361255877652,2830,236.45833333333334,0.4791666666666667,-127.56544452337171
24248320,185,6650,3646,,,,,,,,,,,,,,,,
24379392,,,,0.09662682,0.176964096,0.5059890747070312,10.432814598083496,33.14529821872711,0.014886070042848587,0.17387709021568298,0.00026362752,9.287153846025467,0.2,0.89602230489254,-0.06493236237001838,2835,211.19791666666666,0.59375,-111.61298507206101
24379392,186,6686,3645,,,,,,,,,,,,,,,,
24510464,,,,0.0880578,0.17683957760000002,0.47635955810546876,12.025659561157227,35.159051430225375,0.014883734285831451,0.1636376827955246,0.000263430912,9.388194108009339,0.2,0.8892534449696541,-0.06239405943779275,2840,212.625,0.6145833333333334,-109.37257986314724
24510464,187,6723,3645,,,,,,,,,,,,,,,,
24641536,,,,0.10969153,0.1767150592,0.5133407592773438,10.826972007751465,36.373907315731046,0.014884782955050468,0.1689458191394806,0.00026323430399999997,9.403791016340255,0.2,0.8869499266147614,-0.06463294659624808,2845,219.73958333333334,0.6458333333333334,-109.13380952073817
24641536,188,6758,3645,,,,,,,,,,,,,,,,
24772608,,,,0.0790431,0.1765905408,0.48402557373046873,10.926185607910156,32.158755731582644,0.014887331053614616,0.1697167009115219,0.00026303769599999997,9.34582023024559,0.2,0.9007783308625221,-0.06227823298831936,2850,228.84375,0.53125,-120.62927188133655
24772608,189,6794,3646,,,,,,,,,,,,,,,,
24903680,,,,0.07227948,0.1764660224,0.48473968505859377,12.974099159240723,35.99204981327057,0.014886523596942425,0.168166846036911,0.00026284108799999996,9.461668026447295,0.2,0.8955855220556259,-0.06413446329534053,2855,218.73958333333334,0.6041666666666666,-108.4298134307791
24903680,190,6831,3645,,,,,,,,,,,,,,,,
25034752,,,,0.07355797,0.176341504,0.4782257080078125,11.44965934753418,39.08898037672043,0.014879378490149975,0.1691073775291443,0.00026264447999999995,9.375860106945037,0.2,0.8848125040531158,-0.06314505932386964,2860,214.23958333333334,0.625,-104.94828575546683
25034752,191,6866,3646,,,,,,,,,,,,,,,,
25165824,,,,0.07043568,0.17621698560000001,0.48106842041015624,11.826531410217285,34.97815768718719,0.01487725879997015,0.16795293986797333,0.00026244787199999995,9.416945457458496,0.2,0.89181037992239,-0.06710248580493498,2865,215.60416666666666,0.59375,-110.28476486710049
25165824,192,6903,3645,,,,,,,,,,,,,,,,
25296896,,,,0.07275227,0.17609246720000002,0.4796875,11.154855728149414,33.07746455669403,0.014877050183713436,0.1700577735900879,0.000262251264,9.445848113298416,0.2,0.9076884686946869,-0.06487676794349681,2870,196.96875,0.6354166666666666,-105.95744233624013
25296896,193,6937,3646,,,,,,,,,,,,,,,,
25427968,,,,0.08530688,0.1759679488,0.5098007202148438,13.09292221069336,38.27924619913101,0.014881236478686333,0.17165890336036682,0.000262054656,9.48114828467369,0.2,0.8885916769504547,-0.06390431931504281,2875,204.15625,0.6354166666666666,-108.715918395524
25427968,194,6972,3646,,,,,,,,,,,,,,,,
25559040,,,,0.06682809,0.1758434304,0.47387847900390623,12.1064453125,40.06373097896576,0.014876015484333038,0.16782376170158386,0.000261858048,9.406294590234756,0.2,0.8851369619369507,-0.06164610914129298,2880,208.47916666666666,0.59375,-113.86562842294704
25559040,195,7009,3646,,,,,,,,,,,,,,,,
25690112,,,,0.069367774,0.175718912,0.47559051513671874,13.421710968017578,39.973460781574246,0.014875935390591621,0.17747646570205688,0.00026166144,9.38710406422615,0.2,0.8859317675232887,-0.06570297434809617,2885,195.46875,0.7291666666666666,-97.57054290736774
25690112,196,7044,3646,,,,,,,,,,,,,,,,
25821184,,,,0.08150896,0.1755943936,0.49140777587890627,12.605120658874512,35.928708815574645,0.01487789861857891,0.1724018156528473,0.00026146483199999997,9.415258097648621,0.2,0.8918433412909508,-0.06485507989418693,2890,232.42708333333334,0.5625,-119.16016002069559
25821184,197,7080,3646,,,,,,,,,,,,,,,,
25952256,,,,0.08021103,0.17546987520000001,0.492138671875,12.720677375793457,35.824605751037595,0.014874009415507317,0.17721319198608398,0.00026126822399999997,9.410531842708588,0.2,0.8976534456014633,-0.061587986256927255,2895,243.86458333333334,0.4479166666666667,-132.72847336617312
25952256,198,7116,3646,,,,,,,,,,,,,,,,
26083328,,,,0.069097355,0.17534535680000002,0.47285614013671873,13.550010681152344,42.61614737510681,0.01486974023282528,0.18246054649353027,0.00026107161599999996,9.320172041654587,0.2,0.8885209485888481,-0.06299062872421927,2900,217.41666666666666,0.5625,-113.29931689608759
26083328,199,7152,3646,,,,,,,,,,,,,,,,
26214400,,,,0.074723914,0.17522083840000002,0.48175506591796874,10.107815742492676,35.171472823619844,0.014867233112454414,0.16391858458518982,0.000260875008,9.32988237142563,0.2,0.902381494641304,-0.06481066652049776,2905,215.5625,0.6145833333333334,-111.1270236963713
26214400,200,7189,3646,,,,,,,,,,,,,,,,
26345472,,,,0.07852498,0.17509632000000003,0.47839202880859377,13.491232872009277,38.406334412097934,0.01486183237284422,0.16781222820281982,0.0002606784,9.44955940246582,0.2,0.9011172726750374,-0.06433671507402323,2910,192.23958333333334,0.6770833333333334,-100.76178496996663
26345472,201,7223,3647,,,,,,,,,,,,,,,,
26476544,,,,0.0669838,0.17497180160000003,0.4759002685546875,12.890069007873535,37.56081808805466,0.014856855385005474,0.16816502809524536,0.000260481792,9.381029254198074,0.2,0.8847997337579727,-0.06445616954151774,2915,218.53125,0.53125,-114.86820021670682
26476544,202,7260,3646,,,,,,,,,,,,,,,,
26607616,,,,0.06571514,0.1748472832,0.47550811767578127,14.5076322555542,41.934681916236876,0.014860386028885841,0.17469623684883118,0.00026028518399999993,9.414551466703415,0.2,0.8803943768143654,-0.06359101957932581,2920,212.60416666666666,0.5520833333333334,-120.67829720224388
26607616,203,7295,3646,,,,,,,,,,,,,,,,
26738688,,,,0.070231885,0.1747227648,0.46856689453125,10.898055076599121,37.49122809171676,0.014864033088088036,0.16941189765930176,0.000260088576,9.383758383989335,0.2,0.8926048576831818,-0.06426574003999122,2925,192.4375,0.6875,-95.71096377734852
26738688,204,7331,3647,,,,,,,,,,,,,,,,
26869760,,,,0.0792358,0.1745982464,0.49293670654296873,13.18100643157959,40.037268579006195,0.014860786497592926,0.17080865800380707,0.000259891968,9.384810870885849,0.2,0.8884281292557716,-0.06293129254045197,2930,199.11458333333334,0.6041666666666666,-109.19482756519947
26869760,205,7366,3647,,,,,,,,,,,,,,,,
27000832,,,,0.07502267,0.17447372800000002,0.49463958740234376,12.940067291259766,38.88695235252381,0.014855671674013138,0.16318297386169434,0.00025969535999999997,9.497175002098084,0.2,0.8931044265627861,-0.06519622353080194,2935,186.625,0.6979166666666666,-93.55765365215628
27000832,206,7401,3648,,,,,,,,,,,,,,,,
27131904,,,,0.076072134,0.1743492096,0.48488311767578124,11.775367736816406,37.7658549785614,0.014858631417155266,0.16578105092048645,0.00025949875199999996,9.510174185037613,0.2,0.8907519653439522,-0.0637938776970259,2940,212.60416666666666,0.59375,-113.96608569786981
27131904,207,7437,3647,,,,,,,,,,,,,,,,
27262976,,,,0.08466734,0.1742246912,0.5055282592773438,12.431178092956543,34.86400663852692,0.014859117567539215,0.16446571052074432,0.00025930214399999996,9.468908625841141,0.2,0.8937309309840202,-0.06453219528484624,2945,212.25,0.6041666666666666,-110.029127970444
27262976,208,7472,3648,,,,,,,,,,,,,,,,
27394048,,,,0.079706125,0.1741001728,0.4773406982421875,12.664533615112305,37.63511683940887,0.014863680116832256,0.16405579447746277,0.00025910553599999995,9.480137753486634,0.2,0.8865536451339722,-0.062479042159975504,2950,220.09375,0.6041666666666666,-109.27625801409651
27394048,209,7509,3647,,,,,,,,,,,,,,,,
27525120,,,,0.08241707,0.1739756544,0.4860382080078125,11.27014446258545,34.73046164512634,0.014861037954688072,0.16768702864646912,0.00025890892799999995,9.40336434841156,0.2,0.8979021310806274,-0.06409900864528026,2955,230.03125,0.5625,-119.70928481598861
27525120,210,7545,3647,,,,,,,,,,,,,,,,
27656192,,,,0.07691095,0.17385113600000002,0.48272247314453126,12.538430213928223,41.46094346046448,0.014861328527331352,0.16851407289505005,0.00025871232,9.453014212846757,0.2,0.8743208795785904,-0.06338981208391488,2960,201.88541666666666,0.625,-103.93624510037188
27656192,211,7581,3647,,,,,,,,,,,,,,,,
27787264,,,,0.07824457,0.17372661760000002,0.481976318359375,13.198378562927246,38.25235028266907,0.014857995323836803,0.17554233968257904,0.000258515712,9.454711431264878,0.2,0.8890708908438683,-0.06309065466339234,2965,196.85416666666666,0.7083333333333334,-99.27282804817567
27787264,212,7617,3647,,,,,,,,,,,,,,,,
27918336,,,,0.08071263,0.1736020992,0.49159698486328124,10.8532075881958,38.58592119216919,0.014861615374684334,0.1733865737915039,0.000258319104,9.42287050485611,0.2,0.8969649001955986,-0.0642572342127096,2970,210.17708333333334,0.5833333333333334,-115.38256282844695
27918336,213,7651,3648,,,,,,,,,,,,,,,,
28049408,,,,0.06984727,0.1734775808,0.4861419677734375,10.376002311706543,34.19139063358307,0.014861136674880981,0.19066891074180603,0.000258122496,9.452315813302993,0.2,0.8963073641061783,-0.06621485975920223,2975,208.57291666666666,0.59375,-109.69406626449039
28049408,214,7688,3648,,,,,,,,,,,,,,,,
28180480,,,,0.0867195,0.1733530624,0.5184906005859375,12.486855506896973,35.55356061458588,0.014867598190903664,0.1712525486946106,0.00025792588799999997,9.439502584934235,0.2,0.8978002890944481,-0.06393498457036913,2980,206.79166666666666,0.5625,-110.147874559985
28180480,215,7724,3648,,,,,,,,,,,,,,,,
28311552,,,,0.071532756,0.173228544,0.4837371826171875,12.200510025024414,38.20140410661698,0.014867939054965973,0.1700289249420166,0.00025772927999999996,9.442998188734055,0.2,0.8837027698755264,-0.06478747306246077,2985,209.76041666666666,0.5833333333333334,-116.6793635800489
28311552,216,7759,3648,,,,,,,,,,,,,,,,
28442624,,,,0.08187558,0.17310402560000002,0.5039306640625,13.855978965759277,37.60222586393356,0.01486930251121521,0.17942720651626587,0.00025753267199999996,9.371590024232864,0.2,0.8883597180247307,-0.06628593801870011,2990,206.69791666666666,0.625,-104.5849880089982
28442624,217,7795,3648,,,,,,,,,,,,,,,,
28573696,,,,0.07624437,0.17297950720000002,0.4784027099609375,12.91130256652832,39.35018305778503,0.014867596328258514,0.16863706707954407,0.000257336064,9.320837438106537,0.2,0.8812974840402603,-0.06430736860784236,2995,227.66666666666666,0.5416666666666666,-121.81905466504973
28573696,218,7831,3648,,,,,,,,,,,,,,,,
28704768,,,,0.065155655,0.17285498880000003,0.47579345703125,11.477008819580078,38.31630553007126,0.01486443541944027,0.16956841945648193,0.000257139456,9.442735898494721,0.2,0.8867790699005127,-0.05989174650749192,3000,209.91666666666666,0.6458333333333334,-103.99708929942604
28704768,219,7867,3648,,,,,,,,,,,,,,,,
28835840,,,,0.0933004,0.1727304704,0.5264511108398438,13.609125137329102,39.294028675556184,0.014868911355733871,0.17931556701660156,0.00025694284799999994,9.371192085742951,0.2,0.8988881781697273,-0.056544055687845686,3005,219.64583333333334,0.6041666666666666,-108.50837648296404
28835840,220,7903,3648,,,,,,,,,,,,,,,,
28966912,,,,0.0755111,0.172605952,0.4769012451171875,15.4119873046875,41.0732080578804,0.014870543032884598,0.17166733741760254,0.00025674624,9.267222887277603,0.2,0.8853698372840881,-0.06229165376716992,3010,219.02083333333334,0.5625,-117.70687861488607
28966912,221,7939,3648,,,,,,,,,,,,,,,,
29097984,,,,0.07534554,0.1724814336,0.49609832763671874,12.90473747253418,37.97639020681381,0.014870263636112213,0.1754755973815918,0.000256549632,9.36499730348587,0.2,0.8942397609353065,-0.06738450747798197,3015,201.92708333333334,0.65625,-106.1632061615669
29097984,222,7975,3648,,,,,,,,,,,,,,,,
29229056,,,,0.090921745,0.17235691520000002,0.49349822998046877,12.154922485351562,35.815462219715116,0.014872713945806026,0.16220667958259583,0.000256353024,9.365663522481919,0.2,0.9028808400034904,-0.06397231512819417,3020,210.1875,0.5416666666666666,-119.10603166706714
29229056,223,8010,3648,,,,,,,,,,,,,,,,
29360128,,,,0.067636125,0.1722323968,0.4752410888671875,13.715636253356934,38.185205411911014,0.014874021522700787,0.16730009019374847,0.00025615641599999997,9.455905866622924,0.2,0.8813723400235176,-0.0640618283272488,3025,239.80208333333334,0.4791666666666667,-127.93149415952576
29360128,224,8045,3649,,,,,,,,,,,,,,,,
29491200,,,,0.07470126,0.1721078784,0.503204345703125,12.089813232421875,38.59353095293045,0.014878536574542522,0.16004601120948792,0.00025595980799999996,9.4109777033329,0.2,0.8839925453066826,-0.06123850178555586,3030,199.39583333333334,0.6666666666666666,-101.31715988653173
29491200,225,8081,3649,,,,,,,,,,,,,,,,
29622272,,,,0.0701838,0.17198336,0.47589569091796874,12.768855094909668,37.434893417358396,0.014877958223223686,0.16290466487407684,0.00025576319999999996,9.4360985994339,0.2,0.8945305794477463,-0.06179081026930362,3035,203.36458333333334,0.6770833333333334,-103.25947667771477
29622272,226,8116,3649,,,,,,,,,,,,,,,,
29753344,,,,0.08391689,0.1718588416,0.49102020263671875,11.304046630859375,33.57866184711456,0.014873485080897808,0.166498064994812,0.00025556659199999995,9.492813020944595,0.2,0.8976339101791382,-0.06239000282948837,3040,218.23958333333334,0.5729166666666666,-116.22385122084624
29753344,227,8153,3649,,,,,,,,,,,,,,,,
29884416,,,,0.07731882,0.1717343232,0.49961090087890625,11.28719711303711,34.84050887823105,0.01487054955214262,0.170066237449646,0.00025536998399999994,9.333681452274323,0.2,0.8961243703961372,-0.06226407840149477,3045,210.15625,0.6041666666666666,-111.46056219811912
29884416,228,8189,3649,,,,,,,,,,,,,,,,
30015488,,,,0.09147913,0.17160980480000002,0.49383392333984377,11.213950157165527,37.01725798845291,0.014872326515614986,0.17915543913841248,0.000255173376,9.414000022411347,0.2,0.8949574828147888,-0.06148373776813969,3050,196.70833333333334,0.7083333333333334,-94.84783196227356
30015488,229,8225,3648,,,,,,,,,,,,,,,,
30146560,,,,0.08632529,0.17148528640000002,0.49606781005859374,9.877341270446777,34.839681923389435,0.014873391017317772,0.182571142911911,0.000254976768,9.405075633525849,0.2,0.8881792649626732,-0.06410118758358294,3055,207.5625,0.6354166666666666,-106.25769573016555
30146560,230,8262,3648,,,,,,,,,,,,,,,,
30277632,,,,0.07850883,0.17136076800000002,0.4869415283203125,13.988086700439453,38.83234006166458,0.014873156324028969,0.18559543788433075,0.00025478016,9.402478218078613,0.2,0.8903413787484169,-0.06508660639228765,3060,226.16666666666666,0.59375,-118.16191242632863
30277632,231,8300,3647,,,,,,,,,,,,,,,,
30408704,,,,0.078373626,0.1712362496,0.49699249267578127,13.377492904663086,40.0450746178627,0.01487368531525135,0.17160557210445404,0.000254583552,9.453779524564743,0.2,0.8915297761559486,-0.06101286215998698,3065,222.5625,0.5729166666666666,-110.64043273013988
30408704,232,8336,3647,,,,,,,,,,,,,,,,
30539776,,,,0.075286835,0.1711117312,0.49892730712890626,11.99063491821289,38.89021291732788,0.014871051535010338,0.18457035720348358,0.00025438694399999997,9.425067579746246,0.2,0.8849078789353371,-0.06296504431375069,3070,218.39583333333334,0.5729166666666666,-112.09144803293833
30539776,233,8372,3647,,,,,,,,,,,,,,,,
30670848,,,,0.10668932,0.1709872128,0.5002151489257812,11.13802433013916,32.63316452503204,0.014872075989842415,0.2289460301399231,0.00025419033599999996,9.416250014305115,0.2,0.8976294323801994,-0.06186113976291381,3075,211.125,0.5833333333333334,-108.302797796664
30670848,234,8409,3647,,,,,,,,,,,,,,,,
30801920,,,,0.07314929,0.17086269440000001,0.504736328125,11.277095794677734,37.455579090118405,0.014872165396809578,0.18803463876247406,0.000253993728,9.339213281869888,0.2,0.8923313915729523,-0.06220811493258225,3080,206.64583333333334,0.6354166666666666,-106.1293991923311
30801920,235,8445,3647,,,,,,,,,,,,,,,,
30932992,,,,0.077708125,0.17073817600000002,0.48688507080078125,12.65908432006836,39.47680578231812,0.014866365119814873,0.18142138421535492,0.00025379712,9.361492097377777,0.2,0.8804350197315216,-0.06470738935458939,3085,214.02083333333334,0.6041666666666666,-109.51184157270889
30932992,236,8480,3647,,,,,,,,,,,,,,,,
31064064,,,,0.070469424,0.17061365760000002,0.47376251220703125,11.636029243469238,37.086359643936156,0.014867058023810387,0.17227837443351746,0.000253600512,9.398062360286712,0.2,0.8901661038398743,-0.06234691790596116,3090,183.71875,0.71875,-96.75397947608325
31064064,237,8514,3648,,,,,,,,,,,,,,,,
31195136,,,,0.080673985,0.17048913920000003,0.5090591430664062,11.386041641235352,35.46282520294189,0.01487525925040245,0.17194190621376038,0.000253403904,9.441297477483749,0.2,0.8942236974835396,-0.06193605697044404,3095,203.67708333333334,0.6770833333333334,-100.98377833451809
31195136,238,8550,3648,,,,,,,,,,,,,,,,
31326208,,,,0.07839085,0.1703646208,0.482366943359375,12.22346305847168,36.90427211523056,0.014874684624373913,0.1672208160161972,0.000253207296,9.455447417497634,0.2,0.8943098038434982,-0.06612704588042106,3100,209.67708333333334,0.6458333333333334,-106.21019637683503
31326208,239,8588,3647,,,,,,,,,,,,,,,,
31457280,,,,0.07513141,0.1702401024,0.48747406005859373,14.964898109436035,43.094606411457065,0.014873459935188293,0.16855204105377197,0.000253010688,9.362401241064072,0.2,0.8842263296246529,-0.06402670040406519,3105,188.61458333333334,0.6770833333333334,-99.2779788704309
31457280,240,8625,3647,,,,,,,,,,,,,,,,
31588352,,,,0.07763195,0.17011558400000001,0.504681396484375,12.435554504394531,32.34902597665787,0.014871332794427872,0.16625140607357025,0.00025281408,9.400011211633682,0.2,0.9046456292271614,-0.06453928452392574,3110,215.4375,0.5625,-119.71257023302046
31588352,241,8660,3647,,,,,,,,,,,,,,,,
31719424,,,,0.06734264,0.16999106560000002,0.4707763671875,15.366050720214844,43.49763951301575,0.014866886660456657,0.15728136897087097,0.000252617472,9.320874673128127,0.2,0.8893439620733261,-0.06510296834312612,3115,211.27083333333334,0.6041666666666666,-112.9868988165412
31719424,242,8696,3647,,,,,,,,,,,,,,,,
31850496,,,,0.06909256,0.1698665472,0.467254638671875,11.263437271118164,39.84934179782867,0.014864049851894379,0.17004179954528809,0.00025242086399999996,9.44541963338852,0.2,0.8939231038093567,-0.060898588702548294,3120,214.41666666666666,0.5833333333333334,-106.98142060754417
31850496,243,8731,3647,,,,,,,,,,,,,,,,
31981568,,,,0.06937446,0.1697420288,0.48323211669921873,10.862504005432129,33.23759255409241,0.01486050896346569,0.16459427773952484,0.00025222425599999996,9.4228440284729,0.2,0.8952446952462196,-0.06473103102616733,3125,206.07291666666666,0.6354166666666666,-105.39760562477146
31981568,244,8767,3647,,,,,,,,,,,,,,,,
32112640,,,,0.0952855,0.1696175104,0.49339141845703127,12.676983833312988,38.10871872901917,0.014863243326544762,0.1695936620235443,0.00025202764799999995,9.360657715797425,0.2,0.9038805067539215,-0.06190459479985293,3130,213.28125,0.6458333333333334,-105.63812788205534
32112640,245,8803,3647,,,,,,,,,,,,,,,,
32243712,,,,0.07002218,0.169492992,0.48639984130859376,12.020428657531738,38.74062082767487,0.014857719652354717,0.17881600558757782,0.00025183104,9.416870433092118,0.2,0.890281155705452,-0.062448943899653386,3135,213.07291666666666,0.6354166666666666,-103.46160982711974
32243712,246,8841,3646,,,,,,,,,,,,,,,,
32374784,,,,0.073473886,0.1693684736,0.500048828125,14.132938385009766,36.47918577194214,0.01485084742307663,0.1760481297969818,0.000251634432,9.40702202320099,0.2,0.8946922495961189,-0.06636891564121469,3140,204.82291666666666,0.6875,-100.40164613463914
32374784,247,8878,3646,,,,,,,,,,,,,,,,
32505856,,,,0.06976795,0.16924395520000002,0.4743011474609375,11.20553207397461,39.083178150653836,0.014849628321826458,0.17349424958229065,0.000251437824,9.412818396091462,0.2,0.8987467959523201,-0.06390394329064293,3145,236.72916666666666,0.5,-121.70611728683757
32505856,248,8914,3646,,,,,,,,,,,,,,,,
32636928,,,,0.09248243,0.16911943680000002,0.5021453857421875,11.251843452453613,35.75787745714187,0.014845414087176323,0.17537248134613037,0.000251241216,9.32136338353157,0.2,0.8960194885730743,-0.06636229878931772,3150,206.19791666666666,0.65625,-106.81623376016643
32636928,249,8950,3646,,,,,,,,,,,,,,,,
32768000,,,,0.06892946,0.1689949184,0.471636962890625,13.345486640930176,40.09454030990601,0.014835539273917675,0.17484384775161743,0.000251044608,9.460316371917724,0.2,0.8862042501568794,-0.06686355165729765,3155,208.08333333333334,0.5833333333333334,-110.73741206236173
32768000,250,8985,3646,,,,,,,,,,,,,,,,
32899072,,,,0.065416545,0.1688704,0.45897369384765624,14.899867057800293,41.8207407951355,0.014828960411250591,0.17542946338653564,0.00025084799999999997,9.387114351987838,0.2,0.8865980803966522,-0.06615823933243518,3160,219.35416666666666,0.6145833333333334,-117.25301891141616
32899072,251,9022,3646,,,,,,,,,,,,,,,,
33030144,,,,0.07419811,0.1687458816,0.4848876953125,16.29912567138672,40.22839441299438,0.01482962816953659,0.17558281123638153,0.00025065139199999996,9.374795693159104,0.2,0.8896973505616188,-0.0628492268966511,3165,196.5625,0.6354166666666666,-102.91956123009675
33030144,252,9058,3646,,,,,,,,,,,,,,,,
33161216,,,,0.062916964,0.1686213632,0.47629241943359374,12.993755340576172,38.13648227453232,0.01482661347836256,0.17221097648143768,0.000250454784,9.404292953014373,0.2,0.8885446786880493,-0.06551203786220867,3170,204.26041666666666,0.6041666666666666,-113.09231316354912
33161216,253,9094,3646,,,,,,,,,,,,,,,,
33292288,,,,0.10385415,0.16849684480000002,0.492388916015625,11.810601234436035,38.02136722803116,0.014820842072367668,0.17462095618247986,0.000250258176,9.460784757137299,0.2,0.8893274664878845,-0.06220152520108968,3175,221.19791666666666,0.5625,-115.16720688140175
33292288,254,9130,3646,,,,,,,,,,,,,,,,
33423360,,,,0.091352865,0.16837232640000002,0.5454635620117188,10.316118240356445,37.21297216415405,0.014826839789748192,0.17340318858623505,0.000250061568,9.508798205852509,0.2,0.8920597583055496,-0.06202202221320476,3180,212.95833333333334,0.6145833333333334,-111.40433877463465
33423360,255,9166,3646,,,,,,,,,,,,,,,,
33554432,,,,0.08159582,0.168247808,0.48692779541015624,12.300817489624023,37.74600003957748,0.014825454913079739,0.17511355876922607,0.00024986495999999994,9.347468954324722,0.2,0.8973523303866386,-0.06316044227860403,3185,213.39583333333334,0.59375,-111.92773235635995
33554432,256,9203,3645,,,,,,,,,,,,,,,,
33685504,,,,0.06521033,0.16812328960000003,0.46204986572265627,14.069633483886719,40.11702790260315,0.014827607199549675,0.1725912094116211,0.000249668352,9.45658619403839,0.2,0.8803509846329689,-0.0606598618964199,3190,234.55208333333334,0.4895833333333333,-131.62210766127043
33685504,257,9239,3645,,,,,,,,,,,,,,,,
33816576,,,,0.068308204,0.1679987712,0.470172119140625,15.58681583404541,37.612508821487424,0.014823667705059052,0.17451369762420654,0.000249471744,9.405171585083007,0.2,0.8934269174933434,-0.066128022945486,3195,197.40625,0.6666666666666666,-97.63861466988897
33816576,258,9274,3646,,,,,,,,,,,,,,,,
33947648,,,,0.08074105,0.1678742528,0.48658599853515627,13.034490585327148,37.38151228427887,0.014821509830653667,0.18522024154663086,0.00024927513599999997,9.493182611465453,0.2,0.8928005695343018,-0.06193310032831505,3200,212.63541666666666,0.5833333333333334,-114.56349742063072
33947648,259,9310,3645,,,,,,,,,,,,,,,,
34078720,,,,0.077413544,0.16774973440000002,0.46894989013671873,11.586136817932129,35.12133204936981,0.014817997813224792,0.1785852313041687,0.00024907852799999997,9.411503237485885,0.2,0.9001192003488541,-0.06307908264279831,3205,237.97916666666666,0.46875,-128.18530741040948
34078720,260,9347,3645,,,,,,,,,,,,,,,,
34209792,,,,0.06758595,0.167625216,0.463397216796875,14.30661678314209,42.73607668876648,0.014822195284068584,0.17346428334712982,0.00024888191999999996,9.407010436058044,0.2,0.8826758787035942,-0.06306834097777028,3210,215.46875,0.5833333333333334,-113.81453524579543
34209792,261,9383,3645,,,,,,,,,,,,,,,,
34340864,,,,0.069409564,0.1675006976,0.48368072509765625,11.86227798461914,34.33180781602859,0.014823640696704388,0.1781231015920639,0.00024868531199999995,9.458126622438431,0.2,0.9023140072822571,-0.0628402279864531,3215,203.11458333333334,0.6354166666666666,-103.7270356860477
34340864,262,9418,3646,,,,,,,,,,,,,,,,
34471936,,,,0.07891307,0.1673761792,0.48336639404296877,10.736515045166016,34.31536594629288,0.014829132705926895,0.18862158060073853,0.00024848870399999995,9.411675876379013,0.2,0.9054721593856812,-0.06173193486756645,3220,162.58333333333334,0.7708333333333334,-84.0082896742311
34471936,263,9453,3646,,,,,,,,,,,,,,,,
34603008,,,,0.07230818,0.1672516608,0.48076629638671875,13.92383861541748,40.67575854063034,0.014830547384917736,0.18308429419994354,0.000248292096,9.477412462234497,0.2,0.890713170170784,-0.0614002617134247,3225,207.92708333333334,0.625,-107.87246848768035
34603008,264,9489,3646,,,,,,,,,,,,,,,,
34734080,,,,0.086637616,0.1671271424,0.5341079711914063,11.53475570678711,33.7354301571846,0.014831669628620148,0.17507801949977875,0.000248095488,9.439118093252182,0.2,0.9060638919472694,-0.06008706978464033,3230,200.02083333333334,0.65625,-106.46232896949759
34734080,265,9526,3645,,,,,,,,,,,,,,,,
34865152,,,,0.073427394,0.16700262400000002,0.47635498046875,12.649755477905273,34.64859635829926,0.01482811477035284,0.17853717505931854,0.00024789888,9.446089255809785,0.2,0.9051737114787102,-0.0631057613165467,3235,215.98958333333334,0.59375,-113.37930412667238
34865152,266,9562,3646,,,,,,,,,,,,,,,,
34996224,,,,0.079997696,0.16687810560000002,0.49251861572265626,12.378174781799316,34.12445595264435,0.014828195795416832,0.17911431193351746,0.000247702272,9.448843157291412,0.2,0.9004747271537781,-0.060684477150789465,3240,213.04166666666666,0.6041666666666666,-105.46050962718608
34996224,267,9598,3646,,,,,,,,,,,,,,,,
35127296,,,,0.073142506,0.16675358720000003,0.47622528076171877,10.9442777633667,36.110842287540436,0.014827817678451538,0.18309621512889862,0.00024750566399999997,9.426289695501328,0.2,0.8973817825317383,-0.060524382401490585,3245,213.26041666666666,0.6145833333333334,-108.25003650550809
35127296,268,9635,3645,,,,,,,,,,,,,,,,
35258368,,,,0.06533913,0.1666290688,0.4643798828125,14.490471839904785,43.72830392122269,0.014823896810412407,0.1766655445098877,0.00024730905599999997,9.396335965394973,0.2,0.8720797300338745,-0.06232130154094193,3250,216.375,0.6458333333333334,-105.12380676680914
35258368,269,9671,3645,,,,,,,,,,,,,,,,
35389440,,,,0.08268498,0.1665045504,0.49389801025390623,11.882898330688477,35.723915708065036,0.014827540144324303,0.179216668009758,0.00024711244799999996,9.528140449523926,0.2,0.8998637199401855,-0.06587467395584098,3255,185.4375,0.7083333333333334,-92.72906967694173
35389440,270,9706,3645,,,,,,,,,,,,,,,,
35520512,,,,0.10471661,0.166380032,0.49701995849609376,13.233473777770996,38.56285724639893,0.014830942265689373,0.18037550151348114,0.00024691584,9.534733027219772,0.2,0.8910567313432693,-0.06241252495965455,3260,193.27083333333334,0.6354166666666666,-109.60632977551381
35520512,271,9742,3645,,,,,,,,,,,,,,,,
35651584,,,,0.084479585,0.16625551360000002,0.482183837890625,13.440240859985352,39.32805495262146,0.014831642620265484,0.19125577807426453,0.000246719232,9.377044004201888,0.2,0.8963358849287033,-0.06313904695707606,3265,224.34375,0.6041666666666666,-116.26258253752142
35651584,272,9779,3645,,,,,,,,,,,,,,,,
35782656,,,,0.07377171,0.16613099520000002,0.47813262939453127,12.788187026977539,39.29767826795578,0.014830991625785828,0.19039663672447205,0.000246522624,9.400510555505752,0.2,0.8878044709563255,-0.062305095979536415,3270,207.5,0.625,-109.76493544928125
35782656,273,9813,3646,,,,,,,,,,,,,,,,
35913728,,,,0.076031744,0.16600647680000002,0.47667999267578126,14.704499244689941,38.39397294521332,0.01483647059649229,0.1791202425956726,0.000246326016,9.3488549888134,0.2,0.8862978294491768,-0.06278438631852623,3275,192.79166666666666,0.65625,-103.01566250695721
35913728,274,9849,3646,,,,,,,,,,,,,,,,
36044800,,,,0.07213561,0.1658819584,0.4825592041015625,11.63165283203125,35.97047410011292,0.014836261980235577,0.1821907013654709,0.000246129408,9.346410232782365,0.2,0.9012665152549744,-0.06485349323775154,3280,221.15625,0.5729166666666666,-114.1096722641617
36044800,275,9887,3645,,,,,,,,,,,,,,,,
36175872,,,,0.089699954,0.16575744000000003,0.497833251953125,15.20102310180664,38.30923229455948,0.014840876683592796,0.18957185745239258,0.0002459328,9.368062764406204,0.2,0.891523465514183,-0.06239932249445701,3285,206.76041666666666,0.6666666666666666,-105.6644134867624
36175872,276,9922,3645,,,,,,,,,,,,,,,,
36306944,,,,0.07506423,0.1656329216,0.49835052490234377,12.773239135742188,35.223605597019194,0.014840582385659218,0.18038158118724823,0.00024573619199999997,9.473392415046693,0.2,0.8937966376543045,-0.06508710705675184,3290,199.22916666666666,0.6041666666666666,-105.77227878697641
36306944,277,9958,3645,,,,,,,,,,,,,,,,
36438016,,,,0.066451535,0.16550840320000001,0.4777252197265625,11.396955490112305,37.99132796525955,0.014841482043266296,0.17904037237167358,0.00024553958399999997,9.415440732240677,0.2,0.8918878883123398,-0.0642498133063782,3295,246.16666666666666,0.46875,-128.33824952659594
36438016,278,9993,3646,,,,,,,,,,,,,,,,
36569088,,,,0.07077114,0.1653838848,0.4864501953125,13.409980773925781,41.25058904886246,0.01483866572380066,0.1771475374698639,0.00024534297599999996,9.491175150871277,0.2,0.8860882744193077,-0.06323571720276959,3300,195.88541666666666,0.6770833333333334,-98.58046692742231
36569088,279,10031,3645,,,,,,,,,,,,,,,,
36700160,,,,0.082548775,0.1652593664,0.48863372802734373,9.624993324279785,34.79722200632095,0.014842930249869823,0.1778198778629303,0.00024514636799999995,9.511110389232636,0.2,0.88832588493824,-0.06338744788663461,3305,216.77083333333334,0.5833333333333334,-112.37797578880566
36700160,280,10067,3645,,,,,,,,,,,,,,,,
36831232,,,,0.09098511,0.165134848,0.5193923950195313,11.991177558898926,39.8293377995491,0.014844533056020737,0.18886499106884003,0.00024494975999999995,9.48786694407463,0.2,0.8842776864767075,-0.06157880163518712,3310,233.625,0.5104166666666666,-124.00370306797242
36831232,281,10104,3645,,,,,,,,,,,,,,,,
36962304,,,,0.08004475,0.1650103296,0.5006500244140625,10.888124465942383,35.74056866168976,0.01484355702996254,0.17465925216674805,0.000244753152,9.424323081970215,0.2,0.8969968184828758,-0.06499317927518859,3315,197.27083333333334,0.6354166666666666,-102.62854623281562
36962304,282,10139,3645,,,,,,,,,,,,,,,,
37093376,,,,0.08319587,0.1648858112,0.49828033447265624,14.655759811401367,37.49088672399521,0.014845709316432476,0.17700597643852234,0.000244556544,9.383518970012664,0.2,0.8953055217862129,-0.06351645640679635,3320,195.04166666666666,0.6458333333333334,-102.96638650060527
37093376,283,10176,3645,,,,,,,,,,,,,,,,
37224448,,,,0.083700165,0.16476129280000001,0.48804931640625,10.233349800109863,34.61653131246567,0.014846168458461761,0.17470483481884003,0.000244359936,9.336200201511383,0.2,0.8956785053014755,-0.06446846592589281,3325,238.5625,0.5625,-121.49969036117203
37224448,284,10212,3645,,,,,,,,,,,,,,,,
37355520,,,,0.07950796,0.16463677440000002,0.5065322875976562,11.436230659484863,37.98715651035309,0.014846301637589931,0.18929889798164368,0.000244163328,9.470557367801666,0.2,0.89288779348135,-0.064617291954346,3330,203.26041666666666,0.6041666666666666,-113.82913349719666
37355520,285,10248,3644,,,,,,,,,,,,,,,,
37486592,,,,0.07770394,0.16451225600000002,0.47890167236328124,14.190272331237793,40.63495470285416,0.014849798753857613,0.19700220227241516,0.00024396671999999997,9.44111242890358,0.2,0.8880890756845474,-0.06439876105869188,3335,227.70833333333334,0.5833333333333334,-115.05006988409998
37486592,286,10284,3644,,,,,,,,,,,,,,,,
37617664,,,,0.09576489,0.16438773760000003,0.5063507080078125,13.738924026489258,37.75071974992752,0.014850316569209099,0.19626542925834656,0.000243770112,9.429277706146241,0.2,0.8969445675611496,-0.06348448343633209,3340,199.72916666666666,0.6041666666666666,-110.59002564549407
37617664,287,10320,3644,,,,,,,,,,,,,,,,
37748736,,,,0.086193696,0.1642632192,0.5123626708984375,15.649894714355469,33.92430503368378,0.014850690960884094,0.18495044112205505,0.00024357350399999999,9.366229182481765,0.2,0.9019067957997322,-0.06159179015376139,3345,237.96875,0.5208333333333334,-123.10035482819585
37748736,288,10355,3645,,,,,,,,,,,,,,,,
37879808,,,,0.08122848,0.1641387008,0.49297637939453126,12.76839542388916,37.55436109304428,0.014852526597678661,0.19590511918067932,0.00024337689599999998,9.360539001226424,0.2,0.8948752954602242,-0.0656807466642931,3350,196.29166666666666,0.6458333333333334,-101.39538687256557
37879808,289,10391,3645,,,,,,,,,,,,,,,,
38010880,,,,0.08100803,0.1640141824,0.4852142333984375,10.784147262573242,34.28800436258316,0.014854713343083858,0.18404190242290497,0.000243180288,9.469429397583008,0.2,0.8990345522761345,-0.06412238341581541,3355,218.94791666666666,0.5208333333333334,-119.19114365758018
38010880,290,10427,3645,,,,,,,,,,,,,,,,
38141952,,,,0.07798914,0.16388966400000002,0.497216796875,12.094178199768066,38.07663303613663,0.014853628352284431,0.1762811839580536,0.00024298368,9.405050313472747,0.2,0.9036333039402962,-0.06247313808999024,3360,208.33333333333334,0.5833333333333334,-108.97786291897
38141952,291,10463,3645,,,,,,,,,,,,,,,,
38273024,,,,0.075244136,0.1637651456,0.48193359375,10.23336124420166,34.3604258775711,0.014856122434139252,0.18504548072814941,0.00024278707199999996,9.429406571388245,0.2,0.9046327322721481,-0.06405723809657501,3365,217.33333333333334,0.5416666666666666,-119.11370896386227
38273024,292,10500,3644,,,,,,,,,,,,,,,,
38404096,,,,0.08159318,0.16364062720000003,0.5061141967773437,12.149198532104492,31.939674746990203,0.014857420697808266,0.18198931217193604,0.00024259046399999998,9.357613253593446,0.2,0.8984028398990631,-0.06645844993036007,3370,196.96875,0.65625,-101.52023832905176
38404096,293,10535,3645,,,,,,,,,,,,,,,,
38535168,,,,0.067818336,0.1635161088,0.47477569580078127,12.082091331481934,36.50358712673187,0.014855451881885529,0.17470048367977142,0.00024239385599999998,9.43736253976822,0.2,0.8895983397960663,-0.06499412254197523,3375,203.41666666666666,0.6666666666666666,-101.39993366454358
38535168,294,10572,3644,,,,,,,,,,,,,,,,
38666240,,,,0.07813319,0.16339159040000004,0.49238433837890627,11.594197273254395,33.60690999031067,0.014863158576190472,0.1793496459722519,0.000242197248,9.418679475784302,0.2,0.8965774700045586,-0.06573103341215755,3380,217.78125,0.5833333333333334,-117.41929339057565
38666240,295,10608,3644,,,,,,,,,,,,,,,,
38797312,,,,0.064779505,0.163267072,0.46226959228515624,17.682674407958984,41.050728261470795,0.014861805364489555,0.1653696596622467,0.00024200063999999996,9.333421170711517,0.2,0.8926433995366096,-0.061843930766917764,3385,218.65625,0.5729166666666666,-117.1977312552965
38797312,296,10643,3645,,,,,,,,,,,,,,,,
38928384,,,,0.08071058,0.16314255360000002,0.4838714599609375,12.053034782409668,35.2998432636261,0.014864383265376091,0.1756170690059662,0.00024180403199999996,9.406312894821166,0.2,0.8983001410961151,-0.06358740888244938,3390,223.6875,0.5729166666666666,-115.11617712301462
38928384,297,10680,3644,,,,,,,,,,,,,,,,
39059456,,,,0.08047208,0.1630180352,0.48533172607421876,11.457843780517578,36.65988425016403,0.014861817471683025,0.16939851641654968,0.00024160742399999998,9.3876513838768,0.2,0.904882624745369,-0.06356072418857366,3395,216.5,0.5520833333333334,-116.18046460225811
39059456,298,10717,3644,,,,,,,,,,,,,,,,
39190528,,,,0.07233227,0.1628935168,0.48778228759765624,13.886292457580566,37.5480173945427,0.01486148964613676,0.16971704363822937,0.00024141081599999997,9.34791258573532,0.2,0.8945452719926834,-0.06496903651277534,3400,217.20833333333334,0.5208333333333334,-127.62642179659599
39190528,299,10753,3644,,,,,,,,,,,,,,,,
39321600,,,,0.07850296,0.1627689984,0.48528289794921875,11.23691463470459,35.69655245542526,0.01486155204474926,0.1760789453983307,0.00024121420799999997,9.355106329917907,0.2,0.8942218795418739,-0.06529898215230787,3405,209.96875,0.6458333333333334,-104.40230173454847
39321600,300,10788,3644,,,,,,,,,,,,,,,,
39452672,,,,0.068122625,0.16264448,0.4612823486328125,13.205151557922363,37.9180020570755,0.014856729656457901,0.16121640801429749,0.0002410176,9.423382598161698,0.2,0.907163217663765,-0.05990123201918322,3410,211.17708333333334,0.5520833333333334,-116.6027154774988
39452672,301,10823,3644,,,,,,,,,,,,,,,,
39583744,,,,0.09212507,0.1625199616,0.48245086669921877,14.566228866577148,38.03583694696427,0.014856542460620403,0.17102263867855072,0.00024082099199999998,9.387896931171417,0.2,0.9003192484378815,-0.059863384388154375,3415,220.76041666666666,0.6041666666666666,-111.54557335048158
39583744,302,10860,3644,,,,,,,,,,,,,,,,
39714816,,,,0.07546938,0.16239544320000002,0.483258056640625,12.683090209960938,38.01141481399536,0.014848973602056503,0.1672409474849701,0.00024062438399999998,9.423981404304504,0.2,0.89971674233675,-0.06142481449787738,3420,206.03125,0.6041666666666666,-109.27300738235822
39714816,303,10896,3644,,,,,,,,,,,,,,,,
39845888,,,,0.07592976,0.16227092480000002,0.472784423828125,13.010225296020508,38.63394261598587,0.014847519807517529,0.1808357685804367,0.000240427776,9.451777911186218,0.2,0.8901032134890556,-0.06456870906113181,3425,228.39583333333334,0.5520833333333334,-115.95475031048419
39845888,304,10931,3644,,,,,,,,,,,,,,,,
39976960,,,,0.081813715,0.16214640640000003,0.4773651123046875,13.012917518615723,39.08452242612839,0.014843280427157879,0.17283962666988373,0.000240231168,9.41907833814621,0.2,0.885082833468914,-0.06278702117124339,3430,216.46875,0.5625,-115.37216970824682
39976960,305,10967,3644,,,,,,,,,,,,,,,,
40108032,,,,0.064532325,0.162021888,0.45128173828125,12.449254989624023,40.30482473373413,0.01483850833028555,0.17449510097503662,0.00024003455999999998,9.424073672294616,0.2,0.8850151598453522,-0.06332922786532436,3435,218.63541666666666,0.5520833333333334,-118.17259741179934
40108032,306,11003,3644,,,,,,,,,,,,,,,,
40239104,,,,0.0644875,0.1618973696,0.46454620361328125,13.91952896118164,38.72114646434784,0.01482970081269741,0.1690317988395691,0.00023983795199999998,9.398742693662644,0.2,0.8838139772415161,-0.06568025877641048,3440,222.03125,0.5729166666666666,-117.09881245345265
40239104,307,11038,3645,,,,,,,,,,,,,,,,
40370176,,,,0.075315654,0.1617728512,0.46934356689453127,13.170056343078613,41.2322171330452,0.01482816319912672,0.17451134324073792,0.000239641344,9.44910587668419,0.2,0.8780118897557259,-0.06342792429204565,3445,180.60416666666666,0.7395833333333334,-94.45117228767833
40370176,308,11073,3645,,,,,,,,,,,,,,,,
40501248,,,,0.07272466,0.1616483328,0.48882293701171875,10.646657943725586,35.61172956228256,0.014822309836745262,0.16784489154815674,0.00023944473599999997,9.399924707412719,0.2,0.8944729268550873,-0.061955267819575964,3450,225.65625,0.5520833333333334,-121.65175457181549
40501248,309,11110,3645,,,,,,,,,,,,,,,,
40632320,,,,0.07581499,0.16152381440000002,0.47692413330078126,13.658162117004395,41.664269876480105,0.01482735387980938,0.17677733302116394,0.000239248128,9.371030896902084,0.2,0.8812531977891922,-0.060688681883038956,3455,204.91666666666666,0.6458333333333334,-104.79463039535518
40632320,310,11146,3645,,,,,,,,,,,,,,,,
40763392,,,,0.07134215,0.161399296,0.47956085205078125,15.10966968536377,38.556046950817105,0.014824806712567806,0.17578661441802979,0.00023905151999999995,9.413569903373718,0.2,0.8823464289307594,-0.061520879263116515,3460,208.08333333333334,0.6666666666666666,-101.14236349559644
40763392,311,11182,3645,,,,,,,,,,,,,,,,
40894464,,,,0.06721765,0.16127477760000003,0.4749755859375,13.065698623657227,39.46247775554657,0.014822186902165413,0.17618340253829956,0.000238854912,9.430698907375335,0.2,0.8832086771726608,-0.06431294111971511,3465,202.23958333333334,0.6979166666666666,-101.56602443742115
40894464,312,11219,3644,,,,,,,,,,,,,,,,
41025536,,,,0.073797576,0.1611502592,0.49861907958984375,11.811760902404785,35.395823216438295,0.01482410542666912,0.17592518031597137,0.00023865830399999997,9.423781001567841,0.2,0.9011700749397278,-0.06741864621581044,3470,197.55208333333334,0.6458333333333334,-104.08004711563864
41025536,313,11256,3644,,,,,,,,,,,,,,,,
41156608,,,,0.07884115,0.1610257408,0.4824371337890625,13.187724113464355,39.01405745744705,0.014822009019553661,0.18175381422042847,0.00023846169599999996,9.433980923891067,0.2,0.8819761499762535,-0.061208815645659345,3475,222.5,0.5833333333333334,-118.21744469936719
41156608,314,11291,3644,,,,,,,,,,,,,,,,
41287680,,,,0.07613343,0.16090122240000002,0.48049163818359375,12.217529296875,35.588791370391846,0.014817170798778534,0.19180630147457123,0.00023826508799999998,9.424825543165207,0.2,0.8968846648931503,-0.06484382191556506,3480,217.39583333333334,0.6354166666666666,-109.66350819553446
41287680,315,11327,3644,,,,,,,,,,,,,,,,
41418752,,,,0.071590334,0.16077670400000002,0.49588775634765625,13.415820121765137,35.969061601161954,0.014822086319327354,0.1852169930934906,0.00023806847999999998,9.487546283006669,0.2,0.898258350789547,-0.06455907765775919,3485,192.3125,0.6979166666666666,-104.49624530371591
41418752,316,11362,3645,,,,,,,,,,,,,,,,
41549824,,,,0.07020207,0.1606521856,0.48399810791015624,13.203149795532227,38.712692856788635,0.014825623482465744,0.1775478571653366,0.00023787187199999997,9.546531516313554,0.2,0.8888487368822098,-0.0644151592074195,3490,220.125,0.5833333333333334,-115.3180591768409
41549824,317,11397,3645,,,,,,,,,,,,,,,,
41680896,,,,0.07106376,0.1605276672,0.48879547119140626,14.091418266296387,39.26629356145859,0.014821662567555904,0.17665916681289673,0.00023767526399999997,9.477589970827102,0.2,0.8890301436185837,-0.06588856446032879,3495,225.80208333333334,0.5625,-118.3421804792871
41680896,318,11434,3645,,,,,,,,,,,,,,,,
41811968,,,,0.07181258,0.1604031488,0.47334747314453124,16.00244903564453,42.633900213241574,0.014822738245129585,0.18050578236579895,0.00023747865599999999,9.326819998025893,0.2,0.885040894150734,-0.06330855695123319,3500,206.0625,0.6354166666666666,-108.29049054125575
41811968,319,11471,3644,,,,,,,,,,,,,,,,
41943040,,,,0.07357794,0.1602786304,0.4871124267578125,13.024499893188477,39.40969084501266,0.014821141958236694,0.1911642998456955,0.00023728204799999998,9.372475707530976,0.2,0.8913013264536858,-0.06537527294713072,3505,201.19791666666666,0.6666666666666666,-102.47218228084746
41943040,320,11506,3645,,,,,,,,,,,,,,,,
42074112,,,,0.08056943,0.16015411200000002,0.49883270263671875,13.977474212646484,40.808511316776276,0.01482445653527975,0.18899258971214294,0.00023708543999999997,9.423232799768448,0.2,0.8868222385644913,-0.06446099416061771,3510,214.46875,0.59375,-112.07507064182573
42074112,321,11542,3645,,,,,,,,,,,,,,,,
42205184,,,,0.07312606,0.16002959360000002,0.49135589599609375,10.738696098327637,34.770404279232025,0.014825835824012756,0.18288654088974,0.000236888832,9.483763951063157,0.2,0.895920991897583,-0.064377289643744,3515,204.08333333333334,0.6145833333333334,-104.03115104228603
42205184,322,11579,3644,,,,,,,,,,,,,,,,
42336256,,,,0.07971063,0.15990507520000002,0.48475494384765627,14.171789169311523,40.00140677690506,0.014823058620095253,0.19107815623283386,0.000236692224,9.4139433324337,0.2,0.8878300338983536,-0.06216277826169971,3520,217.75,0.6041666666666666,-113.87457024188565
42336256,323,11615,3644,,,,,,,,,,,,,,,,
42467328,,,,0.085486844,0.15978055680000003,0.5100982666015625,13.56293773651123,37.1709401845932,0.014828118495643139,0.17900919914245605,0.00023649561599999998,9.46227079629898,0.2,0.8947308510541916,-0.05959316909866175,3525,220.88541666666666,0.5729166666666666,-110.5241565586402
42467328,324,11652,3644,,,,,,,,,,,,,,,,
42598400,,,,0.088024855,0.1596560384,0.5088180541992188,12.725703239440918,37.80309401750564,0.01483118161559105,0.19235575199127197,0.00023629900799999998,9.38281163573265,0.2,0.883634440600872,-0.06438507570128423,3530,231.59375,0.5416666666666666,-117.6569272368245
42598400,325,11689,3644,,,,,,,,,,,,,,,,
42729472,,,,0.08063922,0.15953152,0.5028488159179687,12.497784614562988,33.731586802005765,0.014830507338047028,0.18593904376029968,0.0002361024,9.475196808576584,0.2,0.9009175896644592,-0.0626282472483581,3535,215.10416666666666,0.6354166666666666,-103.31821694160958
42729472,326,11724,3644,,,,,,,,,,,,,,,,
42860544,,,,0.075875506,0.15940700160000001,0.48587493896484374,13.717044830322266,36.83715859651566,0.0148348119109869,0.19476108253002167,0.000235905792,9.458358359336852,0.2,0.8934136778116226,-0.06391467521752929,3540,217.86458333333334,0.6458333333333334,-110.68725757201379
42860544,327,11761,3644,,,,,,,,,,,,,,,,
42991616,,,,0.07208602,0.1592824832,0.46223907470703124,13.9833345413208,41.20731793642044,0.014831493608653545,0.181741401553154,0.00023570918399999996,9.46409101486206,0.2,0.8925388902425766,-0.06427752559102373,3545,220.8125,0.5833333333333334,-112.7835153557595
42991616,328,11797,3644,,,,,,,,,,,,,,,,
43122688,,,,0.07167442,0.15915796480000002,0.47380523681640624,12.460479736328125,39.57988239526749,0.014832708053290844,0.19145357608795166,0.000235512576,9.38923744559288,0.2,0.8953895196318626,-0.06195260311360471,3550,225.8125,0.5729166666666666,-112.70945322413371
43122688,329,11832,3644,,,,,,,,,,,,,,,,
43253760,,,,0.08242904,0.1590334464,0.48600616455078127,11.554302215576172,35.29558140039444,0.014834195375442505,0.19451463222503662,0.00023531596799999997,9.543726462125779,0.2,0.8952169865369797,-0.060552900432958266,3555,204.28125,0.6041666666666666,-110.681386807531
43253760,330,11868,3644,,,,,,,,,,,,,,,,
43384832,,,,0.07963826,0.158908928,0.5013290405273437,11.758345603942871,35.59688450098038,0.014835258945822716,0.19868585467338562,0.00023511935999999997,9.444660127162933,0.2,0.9072488844394684,-0.0641636108775856,3560,214.92708333333334,0.625,-109.83728487083583
43384832,331,11904,3644,,,,,,,,,,,,,,,,
43515904,,,,0.08241004,0.1587844096,0.502197265625,13.4066743850708,38.121009349823,0.014837267808616161,0.19140569865703583,0.00023492275199999996,9.521705543994903,0.2,0.890341229736805,-0.06316033812181558,3565,215.5,0.6770833333333334,-98.81943243829228
43515904,332,11939,3644,,,,,,,,,,,,,,,,
43646976,,,,0.07310373,0.15865989120000001,0.4929046630859375,11.537484169006348,35.478982138633725,0.014835832640528679,0.18084296584129333,0.00023472614399999998,9.443553185462951,0.2,0.8995915502309799,-0.06516305316908984,3570,216.27083333333334,0.6354166666666666,-106.45241213600771
43646976,333,11975,3644,,,,,,,,,,,,,,,,
43778048,,,,0.071417235,0.15853537280000002,0.4736297607421875,12.571106910705566,38.146945774555206,0.014838803559541702,0.18530651926994324,0.00023452953599999998,9.480903995037078,0.2,0.8945356458425522,-0.06177348651981447,3575,217.98958333333334,0.59375,-114.0344029057233
43778048,334,12010,3644,,,,,,,,,,,,,,,,
43909120,,,,0.07615816,0.1584108544,0.49724578857421875,13.217260360717773,37.971266460418704,0.014838121831417084,0.18746501207351685,0.00023433292799999997,9.487275022268296,0.2,0.901584304869175,-0.06540817382046953,3580,212.76041666666666,0.59375,-109.9396599661438
43909120,335,12046,3645,,,,,,,,,,,,,,,,
44040192,,,,0.07086235,0.158286336,0.47123870849609373,12.923659324645996,38.212195205688474,0.014833962544798851,0.18381601572036743,0.00023413631999999996,9.450427186489105,0.2,0.891998827457428,-0.06261720166658051,3585,190.88541666666666,0.6875,-99.07946593818723
44040192,336,12081,3645,,,,,,,,,,,,,,,,
44171264,,,,0.07542215,0.1581618176,0.49127044677734377,12.108673095703125,35.56604106426239,0.014838961884379387,0.17828530073165894,0.00023393971199999999,9.451940602064132,0.2,0.9070802107453346,-0.06311501291347668,3590,230.69791666666666,0.5520833333333334,-116.65108022649066
44171264,337,12117,3645,,,,,,,,,,,,,,,,
44302336,,,,0.092638314,0.1580372992,0.488714599609375,13.025786399841309,34.85510838031769,0.014843149110674858,0.1773444414138794,0.00023374310399999998,9.394186413288116,0.2,0.8994142115116119,-0.06263474126462824,3595,218.46875,0.6041666666666666,-117.46489215919077
44302336,338,12152,3645,,,,,,,,,,,,,,,,
44433408,,,,0.06580549,0.1579127808,0.482708740234375,13.011351585388184,36.56498577594757,0.014840270392596722,0.19065384566783905,0.00023354649599999997,9.496887701749802,0.2,0.8930995687842369,-0.06769935207121307,3600,218.80208333333334,0.5729166666666666,-111.43049617044976
44433408,339,12187,3645,,,,,,,,,,,,,,,,
44564480,,,,0.078429505,0.15778826240000002,0.468829345703125,12.01878833770752,35.05433007478714,0.014834469184279442,0.19210176169872284,0.000233349888,9.419573932886124,0.2,0.90338434278965,-0.06322045542765409,3605,185.5,0.7291666666666666,-92.74485964417481
44564480,340,12225,3645,,,,,,,,,,,,,,,,
44695552,,,,0.0788492,0.15766374400000002,0.4877197265625,12.366626739501953,36.332561182975766,0.01483498327434063,0.19408681988716125,0.00023315328,9.4687444627285,0.2,0.8850047737360001,-0.06244808865885716,3610,235.44791666666666,0.5416666666666666,-119.55998907141797
44695552,341,12260,3645,,,,,,,,,,,,,,,,
44826624,,,,0.08081861,0.15753922560000003,0.4955810546875,13.897618293762207,35.29802943468094,0.014836028218269348,0.19420239329338074,0.00023295667199999998,9.453482806682587,0.2,0.9042439088225365,-0.06747645130089949,3615,231.375,0.5625,-112.55803170621799
44826624,342,12297,3645,,,,,,,,,,,,,,,,
44957696,,,,0.082960054,0.15741470720000003,0.5035598754882813,12.181750297546387,34.704601001739505,0.014834843575954437,0.18874435126781464,0.000232760064,9.452491277456284,0.2,0.8857395872473717,-0.06396393308532425,3620,196.92708333333334,0.65625,-100.39765071797422
44957696,343,12334,3644,,,,,,,,,,,,,,,,
45088768,,,,0.066352926,0.1572901888,0.47801971435546875,13.555366516113281,39.89849463701248,0.014838474802672863,0.20361052453517914,0.000232563456,9.330069082975388,0.2,0.8920383006334305,-0.06156731332303025,3625,209.82291666666666,0.6458333333333334,-107.86234421088727
45088768,344,12370,3644,,,,,,,,,,,,,,,,
45219840,,,,0.0739938,0.1571656704,0.4843658447265625,10.936178207397461,33.035022747516635,0.014841130003333092,0.20263296365737915,0.00023236684799999996,9.372132635116577,0.2,0.9047222435474396,-0.064395335901645,3630,215.8125,0.5729166666666666,-115.5534302219457
45219840,345,12404,3645,,,,,,,,,,,,,,,,
45350912,,,,0.06477895,0.15704115200000002,0.450640869140625,14.512633323669434,44.772658908367156,0.014845041558146477,0.1980952024459839,0.00023217023999999998,9.49219314455986,0.2,0.8703373819589615,-0.06240424716233974,3635,208.53125,0.6041666666666666,-105.14270406068992
45350912,346,12439,3645,,,,,,,,,,,,,,,,
45481984,,,,0.07738906,0.1569166336,0.49865570068359377,13.942705154418945,37.768097496032716,0.014844069257378578,0.18731360137462616,0.00023197363199999998,9.50173442363739,0.2,0.891959898173809,-0.06173572045518085,3640,202.20833333333334,0.6354166666666666,-103.6026761677394
45481984,347,12475,3645,,,,,,,,,,,,,,,,
45613056,,,,0.06801423,0.15679211520000003,0.4727325439453125,14.677679061889648,38.82345507144928,0.014846177771687508,0.19843992590904236,0.000231777024,9.405152809619903,0.2,0.8957093134522438,-0.06414646885386902,3645,187.90625,0.71875,-91.5767518709468
45613056,348,12511,3645,,,,,,,,,,,,,,,,
45744128,,,,0.07713092,0.1566675968,0.49851226806640625,11.599176406860352,36.944784784317015,0.014850160107016563,0.19230882823467255,0.00023158041599999997,9.58096890449524,0.2,0.8918805196881294,-0.06312219510728027,3650,232.0,0.5729166666666666,-119.25010292044244
45744128,349,12547,3645,,,,,,,,,,,,,,,,
45875200,,,,0.06666444,0.1565430784,0.46546173095703125,12.712897300720215,35.30402457714081,0.014850533567368984,0.1883806586265564,0.00023138380799999996,9.4562937438488,0.2,0.894901379942894,-0.06479892506322357,3655,208.60416666666666,0.65625,-102.24075254605748
45875200,350,12582,3646,,,,,,,,,,,,,,,,
46006272,,,,0.087412,0.15641856,0.4785369873046875,12.457244873046875,35.670570373535156,0.014849401079118252,0.19715552031993866,0.00023118719999999998,9.40470227599144,0.2,0.8928564041852951,-0.061078282010566906,3660,204.63541666666666,0.6354166666666666,-103.4987759328733
46006272,351,12618,3646,,,,,,,,,,,,,,,,
46137344,,,,0.06053023,0.15629404160000002,0.4673583984375,15.750648498535156,42.01611168384552,0.01485276035964489,0.19723115861415863,0.00023099059199999997,9.456333231925964,0.2,0.8881286680698395,-0.06177226183353923,3665,219.03125,0.6666666666666666,-101.73946411039223
46137344,352,12655,3645,,,,,,,,,,,,,,,,
46268416,,,,0.081668116,0.15616952320000002,0.5074798583984375,11.377633094787598,35.722903954982755,0.014857148751616478,0.18585535883903503,0.00023079398399999997,9.436419874429703,0.2,0.9003650769591331,-0.06293234617332928,3670,208.9375,0.6145833333333334,-108.92238712312337
46268416,353,12691,3645,,,,,,,,,,,,,,,,
46399488,,,,0.077289134,0.1560450048,0.48916473388671877,13.89876651763916,37.8920330286026,0.01485635619610548,0.19757696986198425,0.000230597376,9.448604506254195,0.2,0.9016384184360504,-0.06311243086238391,3675,204.73958333333334,0.65625,-105.8845585846342
46399488,354,12727,3645,,,,,,,,,,,,,,,,
46530560,,,,0.070056036,0.1559204864,0.48093109130859374,12.159842491149902,36.037442278862,0.014860025607049465,0.18335852026939392,0.00023040076799999998,9.472670817375183,0.2,0.8973656743764877,-0.06336348377517424,3680,229.23958333333334,0.5625,-116.28267451653825
46530560,355,12763,3645,,,,,,,,,,,,,,,,
46661632,,,,0.07591775,0.155795968,0.495263671875,11.752581596374512,35.74455479383469,0.014868369325995445,0.19087128341197968,0.00023020415999999998,9.502386420965195,0.2,0.8947381675243378,-0.06314795358339324,3685,207.23958333333334,0.59375,-112.87791343538005
46661632,356,12799,3645,,,,,,,,,,,,,,,,
46792704,,,,0.07860237,0.1556714496,0.48677215576171873,12.828692436218262,36.68755125999451,0.014870072714984417,0.18079736828804016,0.00023000755199999997,9.385628426074982,0.2,0.8939204290509224,-0.06070467764511704,3690,224.47916666666666,0.5416666666666666,-117.13713162207846
46792704,357,12835,3645,,,,,,,,,,,,,,,,
46923776,,,,0.07962215,0.15554693120000002,0.50631103515625,11.598105430603027,34.54283581972122,0.01486907433718443,0.18456348776817322,0.000229810944,9.419963461160659,0.2,0.9064276367425919,-0.0649785474568489,3695,216.375,0.6041666666666666,-112.90343454108563
46923776,358,12871,3645,,,,,,,,,,,,,,,,
47054848,,,,0.07374106,0.15542241280000002,0.49792938232421874,10.545499801635742,33.84238377809525,0.014870025217533112,0.18948712944984436,0.00022961433599999999,9.40390750169754,0.2,0.9030945748090744,-0.06457094904908445,3700,209.14583333333334,0.6041666666666666,-110.53711620947975
47054848,359,12907,3645,,,,,,,,,,,,,,,,
47185920,,,,0.075124934,0.15529789440000002,0.49088897705078127,12.57098388671875,37.931793534755705,0.014872414991259575,0.19627270102500916,0.00022941772799999998,9.44629271030426,0.2,0.9071582779288292,-0.060999723809072745,3705,224.67708333333334,0.53125,-119.07401738402471
47185920,360,12944,3645,,,,,,,,,,,,,,,,
47316992,,,,0.08361977,0.15517337600000003,0.481573486328125,13.068633079528809,37.28748861551285,0.01487221010029316,0.1864289492368698,0.00022922112,9.357599407434464,0.2,0.8996256217360497,-0.05905371464905329,3710,194.47916666666666,0.6770833333333334,-98.26019431971326
47316992,361,12978,3645,,,,,,,,,,,,,,,,
47448064,,,,0.06083805,0.1550488576,0.45418701171875,12.836442947387695,38.537259984016416,0.01487291045486927,0.19612309336662292,0.00022902451199999997,9.473638147115707,0.2,0.9032140374183655,-0.06496337713615503,3715,207.33333333333334,0.6354166666666666,-106.66517296283068
47448064,362,13013,3645,,,,,,,,,,,,,,,,
47579136,,,,0.06929012,0.1549243392,0.4592864990234375,12.647751808166504,37.88995207548142,0.014872653409838676,0.190566748380661,0.000228827904,9.378853970766068,0.2,0.8989677652716637,-0.06336373005469795,3720,223.20833333333334,0.5104166666666666,-122.77703498292003
47579136,363,13049,3646,,,,,,,,,,,,,,,,
47710208,,,,0.07060203,0.1547998208,0.46543121337890625,14.364622116088867,38.01621360778809,0.014875340275466442,0.18722978234291077,0.00022863129599999996,9.367088931798936,0.2,0.9037073403596878,-0.06317473856033758,3725,220.26041666666666,0.5833333333333334,-110.69447187820622
47710208,364,13086,3645,,,,,,,,,,,,,,,,
47841280,,,,0.074716896,0.15467530240000002,0.4736785888671875,14.640092849731445,37.51187611818314,0.014880664646625519,0.19163024425506592,0.000228434688,9.491682708263397,0.2,0.8938077166676521,-0.061578637157799675,3730,201.23958333333334,0.6354166666666666,-106.14378030091207
47841280,365,13121,3646,,,,,,,,,,,,,,,,
47972352,,,,0.07386318,0.154550784,0.47738494873046877,13.140523910522461,38.84197162389755,0.014881703071296215,0.19441375136375427,0.00022823807999999997,9.447450357675553,0.2,0.8909891694784164,-0.06217039988550823,3735,218.26041666666666,0.6145833333333334,-110.53728775894241
47972352,366,13157,3646,,,,,,,,,,,,,,,,
48103424,,,,0.07268363,0.1544262656,0.48985748291015624,11.410443305969238,31.785090696811675,0.014876073226332664,0.19498960673809052,0.00022804147199999996,9.508934915065765,0.2,0.9099961817264557,-0.06332443429564591,3740,206.40625,0.6354166666666666,-102.1489424368669
48103424,367,13192,3646,,,,,,,,,,,,,,,,
48234496,,,,0.074173555,0.1543017472,0.5038909912109375,11.978548049926758,36.211609065532684,0.014883201569318771,0.18864735960960388,0.00022784486399999996,9.471533554792405,0.2,0.8931128159165382,-0.062294201360782606,3745,216.11458333333334,0.59375,-110.38018664304298
48234496,368,13227,3646,,,,,,,,,,,,,,,,
48365568,,,,0.06536479,0.1541772288,0.4699188232421875,14.99578857421875,40.215952491760255,0.01488501112908125,0.1900574415922165,0.00022764825599999998,9.348128867149352,0.2,0.8894470781087875,-0.06319022426032461,3750,205.6875,0.625,-110.24371473659797
48365568,369,13263,3646,,,,,,,,,,,,,,,,
48496640,,,,0.06666303,0.15405271040000001,0.46828155517578124,11.406351089477539,39.087082946300505,0.014882104471325874,0.19094014167785645,0.00022745164799999997,9.377317136526107,0.2,0.8942707031965256,-0.06284555020101834,3755,229.375,0.5520833333333334,-117.47990339202715
48496640,370,13299,3646,,,,,,,,,,,,,,,,
48627712,,,,0.07792628,0.15392819200000002,0.47283935546875,13.043617248535156,35.5705109000206,0.014886061660945415,0.18953436613082886,0.00022725503999999997,9.40223600268364,0.2,0.9022493213415146,-0.060592022851051294,3760,208.98958333333334,0.6145833333333334,-108.19442219033319
48627712,371,13334,3646,,,,,,,,,,,,,,,,
48758784,,,,0.06507266,0.15380367360000002,0.4732330322265625,12.431424140930176,36.79305217266083,0.014890948310494423,0.18705081939697266,0.000227058432,9.413783937692642,0.2,0.8980879485607147,-0.06380543211562326,3765,201.125,0.6666666666666666,-103.5807417014749
48758784,372,13370,3646,,,,,,,,,,,,,,,,
48889856,,,,0.07494521,0.1536791552,0.4942901611328125,12.81673526763916,37.04824857711792,0.01489545963704586,0.19036178290843964,0.00022686182399999998,9.405133664608002,0.2,0.9015268608927727,-0.06094839001016226,3770,227.29166666666666,0.5625,-114.99979181412243
48889856,373,13407,3646,,,,,,,,,,,,,,,,
49020928,,,,0.07125482,0.1535546368,0.4715789794921875,16.12089729309082,40.84206941127777,0.01489599421620369,0.1954229176044464,0.00022666521599999998,9.283896780014038,0.2,0.8857101649045944,-0.06258286960364785,3775,202.76041666666666,0.6354166666666666,-105.74447831046903
49020928,374,13442,3646,,,,,,,,,,,,,,,,
49152000,,,,0.10600264,0.1534301184,0.5234634399414062,14.449337005615234,37.95013175010681,0.014892226085066795,0.19703030586242676,0.000226468608,9.34875175356865,0.2,0.8952999860048294,-0.06048181856749579,3780,197.22916666666666,0.6875,-97.02096744276537
49152000,375,13478,3646,,,,,,,,,,,,,,,,
49283072,,,,0.08020236,0.15330560000000001,0.5137908935546875,12.902393341064453,34.030084455013274,0.014892800711095333,0.19239485263824463,0.000226272,9.474906921386719,0.2,0.8992469683289528,-0.06789999527682085,3785,227.26041666666666,0.5625,-112.14351037565093
49283072,376,13514,3646,,,,,,,,,,,,,,,,
49414144,,,,0.06883077,0.15318108160000002,0.47702178955078123,14.025951385498047,43.109619438648224,0.01489337533712387,0.1854477822780609,0.00022607539199999999,9.48655161857605,0.2,0.874528780579567,-0.0640014602948213,3790,203.875,0.6354166666666666,-109.45269946032238
49414144,377,13549,3646,,,,,,,,,,,,,,,,
49545216,,,,0.060760327,0.15305656320000002,0.45457305908203127,12.055450439453125,38.9677057147026,0.01489237230271101,0.1932111382484436,0.00022587878399999998,9.381995022296906,0.2,0.8931369706988335,-0.06510782121040393,3795,218.36458333333334,0.5833333333333334,-114.71579019122366
49545216,378,13585,3646,,,,,,,,,,,,,,,,
49676288,,,,0.07118513,0.15293204480000003,0.47142791748046875,13.412572860717773,43.21033275127411,0.014888567849993706,0.18043571710586548,0.000225682176,9.495263773202897,0.2,0.8848747834563255,-0.06532238433719613,3800,217.38541666666666,0.6041666666666666,-110.70582518880478
49676288,379,13621,3646,,,,,,,,,,,,,,,,
49807360,,,,0.07169163,0.15280752640000003,0.468658447265625,14.139737129211426,42.80269547700882,0.014881953597068787,0.18815919756889343,0.000225485568,9.335479694604874,0.2,0.8852706775069237,-0.06523716260999209,3805,193.17708333333334,0.6770833333333334,-96.99850538954676
49807360,380,13657,3646,,,,,,,,,,,,,,,,
49938432,,,,0.099831164,0.152683008,0.5170394897460937,11.682784080505371,37.481095588207246,0.014885881915688515,0.18990099430084229,0.00022528895999999996,9.373012405633926,0.2,0.9009623378515244,-0.06092127958399942,3810,199.52083333333334,0.6354166666666666,-104.33071655048006
49938432,381,13693,3646,,,,,,,,,,,,,,,,
50069504,,,,0.069086686,0.1525584896,0.47006683349609374,11.31725788116455,33.56826837062836,0.014886993914842606,0.19468340277671814,0.000225092352,9.41986636519432,0.2,0.8968666940927505,-0.0637544661803986,3815,217.6875,0.5833333333333334,-109.41959265178923
50069504,382,13728,3647,,,,,,,,,,,,,,,,
50200576,,,,0.0793472,0.1524339712,0.4835174560546875,12.10269546508789,39.22470772266388,0.014885078184306622,0.18877267837524414,0.00022489574399999998,9.372549641132355,0.2,0.8796539455652237,-0.06442848182050512,3820,199.67708333333334,0.6770833333333334,-101.22593096362289
50200576,383,13765,3646,,,,,,,,,,,,,,,,
50331648,,,,0.0835467,0.15230945280000002,0.5011688232421875,15.742399215698242,42.03713684082031,0.014883626252412796,0.19518975913524628,0.000224699136,9.431441462039947,0.2,0.8895390555262566,-0.06292256680608262,3825,202.02083333333334,0.6354166666666666,-111.40564428845632
50331648,384,13800,3647,,,,,,,,,,,,,,,,
50462720,,,,0.06645635,0.1521849344,0.4501312255859375,14.221013069152832,42.164664602279665,0.014882038347423077,0.18983380496501923,0.00022450252799999996,9.335112118721009,0.2,0.8920930400490761,-0.06266560660442337,3830,210.05208333333334,0.5833333333333334,-116.4712530031599
50462720,385,13837,3646,,,,,,,,,,,,,,,,
50593792,,,,0.073771305,0.152060416,0.4831085205078125,15.036897659301758,42.49682286977768,0.014881419949233532,0.19187578558921814,0.00022430591999999998,9.434224492311477,0.2,0.8877980560064316,-0.06531877219094895,3835,203.73958333333334,0.6354166666666666,-106.14347863949831
50593792,386,13872,3647,,,,,,,,,,,,,,,,
50724864,,,,0.06782503,0.1519358976,0.46519927978515624,13.339203834533691,44.079775273799896,0.014881754294037819,0.1950063705444336,0.00022410931199999998,9.451946759223938,0.2,0.8923522904515266,-0.06416473959689029,3840,217.39583333333334,0.5729166666666666,-112.01583932046309
50724864,387,13909,3646,,,,,,,,,,,,,,,,
50855936,,,,0.090569004,0.1518113792,0.47769775390625,13.280521392822266,36.70377061367035,0.014881766401231289,0.206218421459198,0.00022391270399999997,9.439070916175842,0.2,0.9029938504099846,-0.06429046826669946,3845,194.57291666666666,0.6354166666666666,-106.3236909617569
50855936,388,13944,3646,,,,,,,,,,,,,,,,
50987008,,,,0.07491964,0.15168686080000002,0.4931427001953125,13.662222862243652,38.706667721271515,0.014879574999213219,0.19669556617736816,0.00022371609599999997,9.415098369121552,0.2,0.8985121473670006,-0.06456253845535684,3850,197.6875,0.7291666666666666,-94.90866823922845
50987008,389,13981,3646,,,,,,,,,,,,,,,,
51118080,,,,0.073742814,0.15156234240000002,0.49886474609375,11.372636795043945,36.49624309539795,0.014880146831274033,0.20077311992645264,0.000223519488,9.500534063577652,0.2,0.9087347984313965,-0.06259587128879503,3855,208.36458333333334,0.6145833333333334,-107.32421612251846
51118080,390,14018,3646,,,,,,,,,,,,,,,,
51249152,,,,0.0935252,0.151437824,0.478875732421875,13.711221694946289,39.55697436332703,0.014876239001750946,0.20732635259628296,0.00022332287999999998,9.353685480356216,0.2,0.8972599133849144,-0.06228418856335338,3860,205.69791666666666,0.6041666666666666,-108.9563428396056
51249152,391,14052,3646,,,,,,,,,,,,,,,,
51380224,,,,0.07718867,0.1513133056,0.46795196533203126,13.912096977233887,37.46659768819809,0.01487575750797987,0.20088732242584229,0.00022312627199999997,9.456543564796448,0.2,0.9048880934715271,-0.06274675509775988,3865,227.47916666666666,0.5520833333333334,-112.442303631771
51380224,392,14089,3646,,,,,,,,,,,,,,,,
51511296,,,,0.072107196,0.1511887872,0.49366912841796873,13.641047477722168,35.06723984479904,0.01487767230719328,0.1966010332107544,0.000222929664,9.514671421051025,0.2,0.9067754969000816,-0.06277891503123101,3870,217.70833333333334,0.65625,-107.17200724512021
51511296,393,14124,3646,,,,,,,,,,,,,,,,
51642368,,,,0.06822058,0.1510642688,0.46520843505859377,14.769950866699219,37.881314647197726,0.014880141243338585,0.2030969113111496,0.000222733056,9.465963393449783,0.2,0.8981596902012825,-0.06296877222484909,3875,214.22916666666666,0.6458333333333334,-104.40321511749603
51642368,394,14161,3646,,,,,,,,,,,,,,,,
51773440,,,,0.06574343,0.15093975040000002,0.480535888671875,13.779868125915527,41.249187684059144,0.014880185946822166,0.20133858919143677,0.00022253644799999998,9.403953713178634,0.2,0.8940138295292854,-0.06066362761775963,3880,201.77083333333334,0.65625,-101.9561989574974
51773440,395,14195,3647,,,,,,,,,,,,,,,,
51904512,,,,0.07560723,0.150815232,0.48342437744140626,11.682624816894531,34.4494549036026,0.014882450923323631,0.20435617864131927,0.00022233983999999995,9.439283627271653,0.2,0.9078967794775963,-0.06569700138061307,3885,203.01041666666666,0.6145833333333334,-101.24936651636011
51904512,396,14232,3646,,,,,,,,,,,,,,,,
52035584,,,,0.08739854,0.15069071360000003,0.49374847412109374,10.633434295654297,33.366317903995515,0.014880678616464138,0.19615760445594788,0.000222143232,9.493804860115052,0.2,0.909701906144619,-0.06328480816155206,3890,203.51041666666666,0.65625,-107.6639869592348
52035584,397,14268,3646,,,,,,,,,,,,,,,,
52166656,,,,0.074530855,0.1505661952,0.477392578125,12.817373275756836,41.262761127948764,0.014876902103424072,0.2014261931180954,0.00022194662399999997,9.489911335706712,0.2,0.896724246442318,-0.06273951200710144,3895,236.77083333333334,0.5,-129.74344256269464
52166656,398,14303,3647,,,,,,,,,,,,,,,,
52297728,,,,0.07650665,0.1504416768,0.48946990966796877,13.4555025100708,40.33647354841232,0.014884216710925102,0.19448499381542206,0.00022175001599999999,9.395609176158905,0.2,0.8899712264537811,-0.06351134303113212,3900,207.27083333333334,0.6770833333333334,-102.589304827114
52297728,399,14338,3647,,,,,,,,,,,,,,,,
52428800,,,,0.0727974,0.1503171584,0.48275604248046877,12.049367904663086,35.26767748594284,0.014882897958159447,0.19955846667289734,0.00022155340799999995,9.453538137674332,0.2,0.8920497894287109,-0.06613134253275348,3905,203.69791666666666,0.6666666666666666,-101.21429284462306
52428800,400,14375,3647,,,,,,,,,,,,,,,,
52559872,,,,0.081160605,0.15019264000000002,0.5020095825195312,12.242147445678711,35.297073328495024,0.01488505583256483,0.201629638671875,0.0002213568,9.488343888521195,0.2,0.9006189629435539,-0.06535592610598542,3910,212.5,0.5833333333333334,-111.03334318847102
52559872,401,14411,3646,,,,,,,,,,,,,,,,
52690944,,,,0.065365694,0.1500681216,0.47643585205078126,15.601378440856934,41.239439368247986,0.014885647222399712,0.18857750296592712,0.00022116019199999997,9.433467257022858,0.2,0.8898385167121887,-0.06513674467860256,3915,205.1875,0.65625,-101.67960127719671
52690944,402,14447,3647,,,,,,,,,,,,,,,,
52822016,,,,0.08620094,0.14994360320000003,0.48603515625,13.642496109008789,40.30751984119415,0.014885383658111095,0.1947607398033142,0.00022096358400000002,9.44900740981102,0.2,0.9016232788562775,-0.06121604139916599,3920,194.13541666666666,0.6354166666666666,-104.36632833919407
52822016,403,14482,3647,,,,,,,,,,,,,,,,
52953088,,,,0.06822583,0.1498190848,0.4705047607421875,15.806001663208008,39.306960272789,0.014886466786265373,0.20019637048244476,0.00022076697599999998,9.3620043694973,0.2,0.907609261572361,-0.059927508441614916,3925,213.27083333333334,0.59375,-108.71601993567161
52953088,404,14518,3647,,,,,,,,,,,,,,,,
53084160,,,,0.07397577,0.1496945664,0.49427642822265627,13.780468940734863,36.69901828765869,0.014888336881995201,0.19726139307022095,0.00022057036799999998,9.389921987056733,0.2,0.9002358391880989,-0.06373355857213028,3930,194.90625,0.6979166666666666,-95.08747744381901
53084160,405,14554,3647,,,,,,,,,,,,,,,,
53215232,,,,0.08611042,0.149570048,0.5056472778320312,10.739293098449707,33.39449628591537,0.014892816543579102,0.2007579505443573,0.00022037375999999997,9.42093535065651,0.2,0.9122568741440773,-0.06352665743324906,3935,215.40625,0.6145833333333334,-110.91238998708945
53215232,406,14590,3647,,,,,,,,,,,,,,,,
53346304,,,,0.06775659,0.14944552960000002,0.4662384033203125,13.564821243286133,41.1288000702858,0.014892380684614182,0.1969965696334839,0.000220177152,9.392844498157501,0.2,0.891187496483326,-0.06147245194588322,3940,181.54166666666666,0.7083333333333334,-89.90970270070939
53346304,407,14625,3647,,,,,,,,,,,,,,,,
53477376,,,,0.067709595,0.14932101120000002,0.47657012939453125,13.645191192626953,40.81424796581268,0.014892502687871456,0.2035190314054489,0.00021998054399999999,9.390010023117066,0.2,0.8937322720885277,-0.06386749720695661,3945,215.16666666666666,0.6354166666666666,-107.55954992906975
53477376,408,14662,3647,,,,,,,,,,,,,,,,
53608448,,,,0.07078428,0.14919649280000002,0.4891754150390625,12.44121265411377,39.558905029296874,0.01489229779690504,0.19582383334636688,0.00021978393599999998,9.509035259485245,0.2,0.88815076649189,-0.0636214732134249,3950,222.48958333333334,0.5625,-116.12327428607655
53608448,409,14697,3647,,,,,,,,,,,,,,,,
53739520,,,,0.06411566,0.1490719744,0.455657958984375,13.36093807220459,35.04537776708603,0.014883781783282757,0.19119030237197876,0.00021958732799999997,9.414554446935654,0.2,0.899615153670311,-0.06479196799336932,3955,193.35416666666666,0.71875,-97.54050795986389
53739520,410,14732,3647,,,,,,,,,,,,,,,,
53870592,,,,0.07457137,0.148947456,0.4816009521484375,11.581543922424316,37.52983918190002,0.014883543364703655,0.18744014203548431,0.00021939072,9.428131532669067,0.2,0.898241862654686,-0.06097926391230431,3960,197.6875,0.6875,-97.31517130202191
53870592,411,14768,3647,,,,,,,,,,,,,,,,
54001664,,,,0.085680366,0.1488229376,0.48975067138671874,11.117535591125488,34.041455042362216,0.01488279178738594,0.19011752307415009,0.000219194112,9.489532804489135,0.2,0.9042529091238976,-0.06393234581628349,3965,201.94791666666666,0.6145833333333334,-106.24484500452972
54001664,412,14803,3647,,,,,,,,,,,,,,,,
54132736,,,,0.077193625,0.1486984192,0.478009033203125,14.525215148925781,39.98729326725006,0.014884762465953827,0.19480693340301514,0.00021899750399999996,9.55408205986023,0.2,0.8960225954651833,-0.0599449030822143,3970,214.13541666666666,0.625,-105.18399559804442
54132736,413,14839,3647,,,,,,,,,,,,,,,,
54263808,,,,0.07610837,0.14857390080000002,0.4964508056640625,11.677536010742188,33.579721784591676,0.01488572172820568,0.1936562955379486,0.000218800896,9.415918868780135,0.2,0.9014008864760399,-0.06182439229160082,3975,214.80208333333334,0.59375,-117.82145487777906
54263808,414,14876,3647,,,,,,,,,,,,,,,,
54394880,,,,0.07614713,0.1484493824,0.48190460205078123,11.690881729125977,36.536700665950775,0.014885716140270233,0.19240477681159973,0.00021860428799999997,9.434541863203048,0.2,0.8937898278236389,-0.062462423974648115,3980,209.26041666666666,0.6458333333333334,-103.27368734509407
54394880,415,14913,3647,,,,,,,,,,,,,,,,
54525952,,,,0.07545309,0.14832486400000003,0.48359832763671873,11.795135498046875,35.21677041053772,0.014883836731314659,0.19120566546916962,0.00021840768,9.33454173207283,0.2,0.9024373218417168,-0.06326704517850885,3985,192.78125,0.6666666666666666,-97.64984640255221
54525952,416,14950,3646,,,,,,,,,,,,,,,,
54657024,,,,0.07490784,0.1482003456,0.47053680419921873,15.109546661376953,39.30847078561783,0.014878894202411175,0.2014009654521942,0.00021821107199999996,9.448599153757096,0.2,0.8884235173463821,-0.061883243871852754,3990,212.09375,0.59375,-105.77375632343671
54657024,417,14987,3646,,,,,,,,,,,,,,,,
54788096,,,,0.06663592,0.1480758272,0.470965576171875,12.946091651916504,38.32264347076416,0.014877041801810265,0.20194268226623535,0.000218014464,9.401380354166031,0.2,0.8874294459819794,-0.0636613121634582,3995,201.05208333333334,0.6666666666666666,-95.805173385699
54788096,418,15022,3647,,,,,,,,,,,,,,,,
54919168,,,,0.07568792,0.14795130880000001,0.505035400390625,13.497824668884277,38.732253432273865,0.014879505150020123,0.2014879435300827,0.00021781785599999997,9.42151244878769,0.2,0.8902139067649841,-0.06156506225961493,4000,206.64583333333334,0.5625,-111.27641383708767
54919168,419,15058,3646,,,,,,,,,,,,,,,,
55050240,,,,0.08694476,0.14782679040000002,0.49763336181640627,12.428255081176758,39.34078764915466,0.014879269525408745,0.19536738097667694,0.000217621248,9.482791870832443,0.2,0.8862384855747223,-0.06415359917155002,4005,228.47916666666666,0.5416666666666666,-117.83840807941492
55050240,420,15095,3646,,,,,,,,,,,,,,,,
55181312,,,,0.07315656,0.147702272,0.47073974609375,16.441761016845703,41.179643869400024,0.014877550303936005,0.20592942833900452,0.00021742463999999996,9.401892644166946,0.2,0.8837244436144829,-0.061707427450164686,4010,214.02083333333334,0.625,-104.37441252404194
55181312,421,15131,3646,,,,,,,,,,,,,,,,
55312384,,,,0.073737726,0.1475777536,0.47469635009765626,11.941444396972656,37.84378744363785,0.01487424224615097,0.2107793688774109,0.00021722803199999998,9.548344439268112,0.2,0.8966910466551781,-0.06144577533996198,4015,207.86458333333334,0.65625,-101.58685679037842
55312384,422,15167,3646,,,,,,,,,,,,,,,,
55443456,,,,0.07642709,0.1474532352,0.49732513427734376,12.00819206237793,33.95394849777222,0.014877988025546074,0.19670765101909637,0.00021703142399999998,9.447583174705505,0.2,0.907396636903286,-0.06185072791995481,4020,195.04166666666666,0.625,-110.43987316108382
55443456,423,15202,3647,,,,,,,,,,,,,,,,
55574528,,,,0.08226794,0.1473287168,0.49068603515625,13.212116241455078,38.77711111307144,0.014874826185405254,0.21491484344005585,0.00021683481599999997,9.5442930996418,0.2,0.8978729695081711,-0.06482737390033436,4025,237.58333333333334,0.4895833333333333,-127.37844844493088
55574528,424,15238,3646,,,,,,,,,,,,,,,,
55705600,,,,0.074577436,0.1472041984,0.48106231689453127,14.447733879089355,39.24524441957474,0.014872695319354534,0.1971178501844406,0.000216638208,9.404274666309357,0.2,0.8892334923148155,-0.06466251981037204,4030,215.1875,0.6041666666666666,-108.59485898540463
55705600,425,15275,3646,,,,,,,,,,,,,,,,
55836672,,,,0.06988865,0.14707968000000002,0.46926727294921877,11.615567207336426,38.469901978969574,0.014873343519866467,0.19976727664470673,0.00021644159999999998,9.432114154100418,0.2,0.9068597480654716,-0.061872165935346855,4035,203.94791666666666,0.6458333333333334,-102.7729849372214
55836672,426,15313,3646,,,,,,,,,,,,,,,,
55967744,,,,0.074991524,0.14695516160000002,0.46944427490234375,13.58565902709961,35.682659244537355,0.014873313717544079,0.2004603147506714,0.00021624499199999998,9.527659386396408,0.2,0.9033495038747787,-0.06313537827882101,4040,217.73958333333334,0.5520833333333334,-121.14183632525213
55967744,427,15347,3646,,,,,,,,,,,,,,,,
56098816,,,,0.07050051,0.1468306432,0.46401214599609375,11.79426383972168,38.050780546665194,0.014871682040393353,0.21011607348918915,0.00021604838399999997,9.497679191827775,0.2,0.8979891911149025,-0.06089617523248307,4045,208.11458333333334,0.625,-105.58788519242194
56098816,428,15382,3646,,,,,,,,,,,,,,,,
56229888,,,,0.071132794,0.1467061248,0.49999847412109377,10.601500511169434,33.51043443679809,0.014873544685542583,0.21180491149425507,0.000215851776,9.461582958698273,0.2,0.9017595797777176,-0.060400112268689556,4050,199.11458333333334,0.65625,-100.36576491316912
56229888,429,15420,3646,,,,,,,,,,,,,,,,
56360960,,,,0.06583417,0.1465816064,0.46823577880859374,15.518566131591797,40.31429604291916,0.014876808039844036,0.2184365689754486,0.000215655168,9.498421674966812,0.2,0.882829487323761,-0.06210831427306403,4055,216.28125,0.6041666666666666,-107.39810727976692
56360960,430,15456,3646,,,,,,,,,,,,,,,,
56492032,,,,0.07492921,0.146457088,0.494268798828125,11.417168617248535,37.01629403829575,0.014880238100886345,0.20249031484127045,0.00021545855999999998,9.512012565135956,0.2,0.894332654774189,-0.06174058149044868,4060,198.125,0.6770833333333334,-100.56479555614915
56492032,431,15493,3646,,,,,,,,,,,,,,,,
56623104,,,,0.06934842,0.1463325696,0.47750396728515626,12.344500541687012,35.561333978176116,0.014876971952617168,0.20872578024864197,0.00021526195199999995,9.615971231460572,0.2,0.9019846022129059,-0.06464408676256425,4065,198.28125,0.65625,-101.76365469525031
56623104,432,15529,3646,,,,,,,,,,,,,,,,
56754176,,,,0.06260489,0.14620805120000002,0.4569793701171875,12.846957206726074,39.33924924135208,0.01487823948264122,0.1969153732061386,0.000215065344,9.478144758939743,0.2,0.8927377909421921,-0.06209328877739608,4070,204.72916666666666,0.6354166666666666,-103.11310513485243
56754176,433,15565,3646,,,,,,,,,,,,,,,,
56885248,,,,0.08204559,0.1460835328,0.4779754638671875,15.083645820617676,40.67261089086533,0.014877771958708763,0.19768905639648438,0.00021486873599999996,9.472994309663772,0.2,0.8897180259227753,-0.05890344696235843,4075,211.8125,0.6458333333333334,-105.32236582841062
56885248,434,15601,3646,,,,,,,,,,,,,,,,
57016320,,,,0.06600079,0.14595901440000003,0.4567535400390625,14.0797119140625,41.6795663356781,0.01487546693533659,0.21315470337867737,0.000214672128,9.401304012537002,0.2,0.8894571140408516,-0.0656280565308407,4080,217.22916666666666,0.5625,-118.25293385828796
57016320,435,15637,3646,,,,,,,,,,,,,,,,
57147392,,,,0.066494375,0.145834496,0.47429656982421875,11.80175495147705,38.03174605369568,0.014866799116134644,0.19902125000953674,0.00021447551999999998,9.475169366598129,0.2,0.895853191614151,-0.06228512130619492,4085,190.67708333333334,0.6666666666666666,-97.77648457686387
57147392,436,15672,3646,,,,,,,,,,,,,,,,
57278464,,,,0.07231094,0.1457099776,0.4679931640625,14.269891738891602,40.48139449357986,0.014863722026348114,0.20442286133766174,0.000214278912,9.419451969861985,0.2,0.8914996609091759,-0.0644244743467425,4090,230.71875,0.53125,-114.84329396557102
57278464,437,15709,3646,,,,,,,,,,,,,,,,
57409536,,,,0.05969496,0.14558545920000002,0.4418304443359375,14.037814140319824,40.01982272863388,0.01485962700098753,0.19624751806259155,0.00021408230399999997,9.41787455677986,0.2,0.8859528973698616,-0.06126514063507784,4095,209.69791666666666,0.6354166666666666,-105.25253406472252
57409536,438,15744,3646,,,,,,,,,,,,,,,,
57540608,,,,0.065263495,0.1454609408,0.46321868896484375,15.948139190673828,42.571531212329866,0.01486252248287201,0.21042834222316742,0.000213885696,9.460408163070678,0.2,0.886200875043869,-0.062201183107390534,4100,198.25,0.6875,-101.0156546205583
57540608,439,15780,3646,,,,,,,,,,,,,,,,
57671680,,,,0.067025274,0.1453364224,0.4814544677734375,12.069849967956543,36.349768579006195,0.014860143885016441,0.20571249723434448,0.00021368908799999998,9.569826912879943,0.2,0.8963136747479439,-0.06236366682860535,4105,208.76041666666666,0.65625,-102.76646548673034
57671680,440,15817,3646,,,,,,,,,,,,,,,,
57802752,,,,0.06300261,0.145211904,0.4649505615234375,15.245919227600098,43.336165726184845,0.01485955249518156,0.19657909870147705,0.00021349247999999997,9.431117045879365,0.2,0.885476253926754,-0.06461808555468451,4110,218.25,0.6041666666666666,-113.12658538004774
57802752,441,15854,3645,,,,,,,,,,,,,,,,
57933824,,,,0.069028884,0.1450873856,0.46988525390625,13.307047843933105,38.586245727539065,0.014857778325676918,0.1998562067747116,0.00021329587199999997,9.471887826919556,0.2,0.8888791352510452,-0.06258438236691291,4115,204.0,0.6041666666666666,-111.82081094620462
57933824,442,15891,3645,,,,,,,,,,,,,,,,
58064896,,,,0.085152656,0.1449628672,0.47717437744140623,13.47785758972168,38.59075459241867,0.014852169901132584,0.20892387628555298,0.000213099264,9.456003206968308,0.2,0.8930077701807022,-0.06022378228371963,4120,210.95833333333334,0.6458333333333334,-101.20330349308654
58064896,443,15926,3645,,,,,,,,,,,,,,,,
58195968,,,,0.07707958,0.14483834880000002,0.4917144775390625,13.16866683959961,37.74020437002182,0.014853107742965221,0.20826351642608643,0.00021290265599999998,9.408135932683944,0.2,0.8999520465731621,-0.06623368402360938,4125,205.125,0.6666666666666666,-100.6836448790137
58195968,444,15961,3645,,,,,,,,,,,,,,,,
58327040,,,,0.07569301,0.14471383040000002,0.481927490234375,12.742691040039062,38.131166064739226,0.014853306114673615,0.19756317138671875,0.00021270604799999998,9.501220434904099,0.2,0.8891635686159134,-0.0643468227564881,4130,197.34375,0.7083333333333334,-91.63249182263245
58327040,445,15997,3645,,,,,,,,,,,,,,,,
58458112,,,,0.075348005,0.14458931200000003,0.46093902587890623,14.30554485321045,45.61530913114548,0.014852824620902538,0.21156105399131775,0.00021250944,9.549896311759948,0.2,0.8732935637235641,-0.05966865383670665,4135,231.51041666666666,0.5416666666666666,-121.01351677540329
58458112,446,16035,3645,,,,,,,,,,,,,,,,
58589184,,,,0.07053417,0.1444647936,0.46650848388671873,14.987811088562012,40.48613520860672,0.014851151965558529,0.2152278870344162,0.000212312832,9.415144658088684,0.2,0.8942505791783333,-0.06513645013765199,4140,214.19791666666666,0.625,-108.56705083079616
58589184,447,16069,3646,,,,,,,,,,,,,,,,
58720256,,,,0.07110061,0.1443402752,0.473931884765625,11.65780258178711,37.64335174560547,0.014848681166768074,0.20551221072673798,0.00021211622399999999,9.457443171739579,0.2,0.8910402804613113,-0.06234808338049334,4145,207.53125,0.625,-108.30429657866166
58720256,448,16106,3645,,,,,,,,,,,,,,,,
58851328,,,,0.06807821,0.14421575679999998,0.4690948486328125,13.372157096862793,37.3352828502655,0.014849169179797173,0.21979570388793945,0.00021191961599999995,9.34780415892601,0.2,0.8931994289159775,-0.0628245291125495,4150,219.75,0.6145833333333334,-108.96683769924225
58851328,449,16142,3645,,,,,,,,,,,,,,,,
58982400,,,,0.08744763,0.14409123840000002,0.48488006591796873,13.147552490234375,36.9887672662735,0.014849181286990643,0.21353217959403992,0.000211723008,9.426287239789962,0.2,0.8953991606831551,-0.06249842322140466,4155,244.67708333333334,0.4791666666666667,-128.0104041792858
58982400,450,16179,3645,,,,,,,,,,,,,,,,
59113472,,,,0.06575231,0.14396672,0.44938812255859373,14.9422025680542,39.460987377166745,0.01484658569097519,0.22020894289016724,0.00021152639999999997,9.44675009250641,0.2,0.8946770206093788,-0.061697501594608184,4160,244.375,0.5208333333333334,-123.55597258817643
59113472,451,16215,3645,,,,,,,,,,,,,,,,
59244544,,,,0.06741792,0.14384220160000002,0.47071685791015627,10.972895622253418,31.915974497795105,0.01484692096710205,0.2053668200969696,0.000211329792,9.488221687078475,0.2,0.9154243394732475,-0.06244555335943005,4165,209.70833333333334,0.59375,-113.00066864671582
59244544,452,16251,3645,,,,,,,,,,,,,,,,
59375616,,,,0.07018821,0.1437176832,0.47553253173828125,12.204318046569824,36.80985112190247,0.014833295717835426,0.2089751809835434,0.00021113318399999996,9.485588830709457,0.2,0.8988373205065727,-0.06455746192659717,4170,226.47916666666666,0.5625,-113.83925288788437
59375616,453,16286,3645,,,,,,,,,,,,,,,,
59506688,,,,0.07607524,0.14359316480000003,0.450140380859375,13.889089584350586,42.44435293674469,0.014830013737082481,0.21411395072937012,0.000210936576,9.473269027471542,0.2,0.8952729478478432,-0.060352083474572285,4175,210.97916666666666,0.6041666666666666,-109.13616633350922
59506688,454,16321,3645,,,,,,,,,,,,,,,,
59637760,,,,0.0620962,0.1434686464,0.4596710205078125,13.929398536682129,39.652740037441255,0.014827169477939606,0.20858852565288544,0.00021073996799999997,9.432493054866791,0.2,0.8928919732570648,-0.06147236606921069,4180,229.82291666666666,0.5520833333333334,-115.2537361261509
59637760,455,16359,3645,,,,,,,,,,,,,,,,
59768832,,,,0.075084046,0.14334412800000002,0.48497161865234373,14.532137870788574,35.0899057507515,0.014826311729848385,0.21465818583965302,0.00021054336000000002,9.417077142000199,0.2,0.8967506587505341,-0.060800775563984645,4185,211.8125,0.6458333333333334,-108.24234472936071
59768832,456,16394,3645,,,,,,,,,,,,,,,,
59899904,,,,0.07547559,0.1432196096,0.47660064697265625,14.627593994140625,41.029587912559506,0.014820616692304611,0.2270369976758957,0.00021034675199999999,9.405603140592575,0.2,0.8921447396278381,-0.058863307035062463,4190,215.10416666666666,0.5625,-116.75732220628454
59899904,457,16430,3645,,,,,,,,,,,,,,,,
60030976,,,,0.07316761,0.1430950912,0.46129150390625,15.434477806091309,41.922949242591855,0.014817735180258751,0.21147821843624115,0.00021015014399999998,9.413869768381119,0.2,0.8991534486413002,-0.059328285892843266,4195,206.34375,0.6354166666666666,-107.129670087264
60030976,458,16465,3645,,,,,,,,,,,,,,,,
60162048,,,,0.07828717,0.1429705728,0.47894439697265623,12.203109741210938,34.58169182538986,0.014816394075751305,0.21512049436569214,0.00020995353599999997,9.45728000998497,0.2,0.9072594419121742,-0.06188214191934094,4200,219.77083333333334,0.6041666666666666,-109.27526992906603
60162048,459,16501,3645,,,,,,,,,,,,,,,,
60293120,,,,0.07067164,0.1428460544,0.45466766357421873,14.111045837402344,39.3356253027916,0.014821663498878479,0.2203231155872345,0.00020975692799999997,9.463634139299392,0.2,0.8869396895170212,-0.06081247899273876,4205,212.46875,0.625,-106.34180701926685
60293120,460,16538,3645,,,,,,,,,,,,,,,,
60424192,,,,0.09908892,0.142721536,0.5030136108398438,12.14941692352295,34.97677984237671,0.014826346188783646,0.2044762820005417,0.00020956032,9.483329629898071,0.2,0.8981298208236694,-0.061264847149141134,4210,213.63541666666666,0.59375,-109.56390508824184
60424192,461,16574,3645,,,,,,,,,,,,,,,,
60555264,,,,0.067613825,0.14259701760000001,0.47747955322265623,14.94427490234375,42.550930333137515,0.014826012775301933,0.21674376726150513,0.00020936371199999998,9.476806718111039,0.2,0.8841433450579643,-0.06438323914044304,4215,202.82291666666666,0.6770833333333334,-105.49743838982863
60555264,462,16611,3645,,,,,,,,,,,,,,,,
60686336,,,,0.068407945,0.14247249920000002,0.457720947265625,14.53271198272705,41.39644868373871,0.014819800853729248,0.22608983516693115,0.00020916710399999998,9.425832289457322,0.2,0.8922493606805801,-0.06168216030637268,4220,201.08333333333334,0.6145833333333334,-107.28603279454985
60686336,463,16647,3645,,,,,,,,,,,,,,,,
60817408,,,,0.07189177,0.14234798080000002,0.4680267333984375,13.265020370483398,39.48544733524322,0.014817869290709496,0.2171185463666916,0.000208970496,9.425714522600174,0.2,0.8989035189151764,-0.0631141526508145,4225,203.42708333333334,0.6145833333333334,-106.275717353407
60817408,464,16683,3645,,,,,,,,,,,,,,,,
60948480,,,,0.07788419,0.14222346240000003,0.4770782470703125,14.590527534484863,38.54341390132904,0.014813803136348724,0.22414755821228027,0.000208773888,9.48482318520546,0.2,0.9003923758864403,-0.06193466082622763,4230,202.45833333333334,0.65625,-102.82960069809013
60948480,465,16718,3645,,,,,,,,,,,,,,,,
61079552,,,,0.077338174,0.142098944,0.48279266357421874,12.566049575805664,38.739524614810946,0.014814799651503563,0.21986576914787292,0.00020857727999999996,9.399301904439927,0.2,0.8906803801655769,-0.06230532582267188,4235,187.5625,0.7083333333333334,-94.91962126559206
61079552,466,16753,3645,,,,,,,,,,,,,,,,
61210624,,,,0.072662294,0.1419744256,0.476043701171875,14.708370208740234,41.2186473608017,0.014818347990512848,0.21427318453788757,0.000208380672,9.465381240844726,0.2,0.8789819702506065,-0.062447144390898754,4240,210.92708333333334,0.625,-106.84926816958482
61210624,467,16789,3645,,,,,,,,,,,,,,,,
61341696,,,,0.06701289,0.14184990719999999,0.4704193115234375,15.162847518920898,40.55818792581558,0.014818201772868633,0.22041451930999756,0.00020818406399999997,9.409456723928452,0.2,0.8916095495223999,-0.06187082080577966,4245,208.63541666666666,0.6354166666666666,-106.1915322730598
61341696,468,16826,3645,,,,,,,,,,,,,,,,
61472768,,,,0.081208855,0.14172538880000002,0.4893829345703125,13.981498718261719,35.53470742702484,0.014822779223322868,0.20610558986663818,0.000207987456,9.506047403812408,0.2,0.9033362194895744,-0.0628922452655388,4250,206.04166666666666,0.625,-101.75313467874703
61472768,469,16863,3645,,,,,,,,,,,,,,,,
61603840,,,,0.06860572,0.1416008704,0.47214202880859374,12.017683982849121,35.91197035312653,0.014812497422099113,0.21980878710746765,0.00020779084799999996,9.481726127862931,0.2,0.89597437530756,-0.06417874765465967,4255,219.29166666666666,0.5208333333333334,-119.80536625247021
61603840,470,16899,3645,,,,,,,,,,,,,,,,
61734912,,,,0.090377524,0.14147635200000003,0.49152679443359376,11.951828956604004,39.50974978208542,0.014809797517955303,0.21479283273220062,0.00020759424,9.38869640827179,0.2,0.8870532810688019,-0.061212613561656325,4260,232.52083333333334,0.53125,-122.96521500219886
61734912,471,16936,3645,,,,,,,,,,,,,,,,
61865984,,,,0.061023884,0.1413518336,0.44653472900390623,15.799091339111328,41.650488305091855,0.014808493666350842,0.21803107857704163,0.00020739763199999998,9.528966552019119,0.2,0.8813562989234924,-0.06369022852741182,4265,231.0,0.5208333333333334,-119.75171218235282
61865984,472,16972,3644,,,,,,,,,,,,,,,,
61997056,,,,0.06714,0.14122731520000004,0.46869964599609376,15.070653915405273,43.4009708404541,0.01480789016932249,0.22891521453857422,0.000207201024,9.37543573975563,0.2,0.8831378594040871,-0.06456431925180368,4270,201.71875,0.6666666666666666,-100.4545504268886
61997056,473,17009,3644,,,,,,,,,,,,,,,,
62128128,,,,0.060193382,0.1411027968,0.4492706298828125,14.695261001586914,42.86804159879684,0.014802496880292892,0.21455958485603333,0.00020700441599999996,9.528756475448608,0.2,0.8786616250872612,-0.06372376403014642,4275,212.82291666666666,0.6041666666666666,-107.98970995696487
62128128,474,17043,3645,,,,,,,,,,,,,,,,
62259200,,,,0.06765925,0.14097827840000002,0.47972869873046875,13.368820190429688,39.58363205194473,0.014803055673837662,0.22053977847099304,0.00020680780799999998,9.497908174991608,0.2,0.8784086778759956,-0.06361837581061991,4280,206.98958333333334,0.6041666666666666,-110.85223116055681
62259200,475,17079,3645,,,,,,,,,,,,,,,,
62390272,,,,0.07188638,0.14085376,0.47985687255859377,13.292017936706543,38.87494916915894,0.014803051017224789,0.21910254657268524,0.00020661119999999998,9.430087548494338,0.2,0.894387848675251,-0.06100076969596557,4285,215.44791666666666,0.6041666666666666,-115.16813236496061
62390272,476,17115,3645,,,,,,,,,,,,,,,,
62521344,,,,0.06832023,0.1407292416,0.4604583740234375,15.220882415771484,40.09179590940475,0.014803200960159302,0.21009966731071472,0.00020641459199999997,9.422530144453049,0.2,0.886060506105423,-0.0612855078841676,4290,203.21875,0.6458333333333334,-106.62347992876248
62521344,477,17150,3645,,,,,,,,,,,,,,,,
62652416,,,,0.07967622,0.1406047232,0.4789215087890625,14.267998695373535,35.39520872831345,0.01480118464678526,0.21885298192501068,0.000206217984,9.482441824674606,0.2,0.9052086398005486,-0.06249631158425473,4295,219.42708333333334,0.5520833333333334,-118.41868582735266
62652416,478,17186,3645,,,,,,,,,,,,,,,,
62783488,,,,0.073919296,0.1404802048,0.481402587890625,12.439855575561523,34.690116214752194,0.014808803796768188,0.2170506715774536,0.000206021376,9.440504693984986,0.2,0.9054971411824226,-0.06176349726738408,4300,204.26041666666666,0.6458333333333334,-105.92389879281029
62783488,479,17222,3645,,,,,,,,,,,,,,,,
62914560,,,,0.062672526,0.1403556864,0.46168670654296873,12.588139533996582,37.917520594596866,0.014811400324106216,0.21460705995559692,0.00020582476799999998,9.505728244781494,0.2,0.8919981047511101,-0.06268988839874509,4305,216.30208333333334,0.6145833333333334,-105.22061115548377
62914560,480,17258,3645,,,,,,,,,,,,,,,,
63045632,,,,0.08585812,0.14023116800000002,0.46683349609375,16.262048721313477,37.76894311904907,0.014805329963564873,0.2098863571882248,0.00020562815999999997,9.510208618640899,0.2,0.9053400531411171,-0.06194353497849079,4310,213.10416666666666,0.625,-101.5674027033847
63045632,481,17295,3645,,,,,,,,,,,,,,,,
63176704,,,,0.07408846,0.14010664960000002,0.46064453125,13.800043106079102,38.31461129188538,0.01480536162853241,0.21794483065605164,0.000205431552,9.447801369428635,0.2,0.8929212838411331,-0.06265993473061826,4315,213.55208333333334,0.6354166666666666,-108.56854750775979
63176704,482,17332,3644,,,,,,,,,,,,,,,,
63307776,,,,0.074153796,0.13998213120000003,0.49744415283203125,14.610058784484863,34.88848413228989,0.014805520884692669,0.2099391669034958,0.000205234944,9.506896656751632,0.2,0.8995690494775772,-0.05999714585195761,4320,216.73958333333334,0.6145833333333334,-109.08453419522111
63307776,483,17367,3645,,,,,,,,,,,,,,,,
63438848,,,,0.060128808,0.1398576128,0.4490936279296875,13.260204315185547,38.02085378170013,0.014804065227508545,0.21360045671463013,0.00020503833599999998,9.465151220560074,0.2,0.8974279835820198,-0.05842553119000513,4325,215.52083333333334,0.5625,-117.16779270258193
63438848,484,17403,3645,,,,,,,,,,,,,,,,
63569920,,,,0.07009425,0.1397330944,0.4848663330078125,13.801493644714355,41.158565151691434,0.014807882718741894,0.21389102935791016,0.00020484172799999995,9.451217210292816,0.2,0.9014172777533531,-0.06019661949540023,4330,198.17708333333334,0.6770833333333334,-101.62386168381748
63569920,485,17438,3645,,,,,,,,,,,,,,,,
63700992,,,,0.09146188,0.139608576,0.46888580322265627,12.67298698425293,37.69547990560532,0.014808928593993187,0.23702311515808105,0.00020464512,9.484507888555527,0.2,0.9055091887712479,-0.06328212349180831,4335,238.84375,0.5625,-120.70312392538665
63700992,486,17474,3645,,,,,,,,,,,,,,,,
63832064,,,,0.06639351,0.1394840576,0.46535797119140626,15.747885704040527,38.22902632951737,0.014807887375354767,0.23209397494792938,0.00020444851199999996,9.444638442993163,0.2,0.8940150737762451,-0.06113576362404274,4340,227.82291666666666,0.59375,-111.97444019474578
63832064,487,17511,3645,,,,,,,,,,,,,,,,
63963136,,,,0.068374634,0.13935953920000002,0.46501617431640624,12.908044815063477,35.35370244979858,0.014810244552791119,0.22204534709453583,0.000204251904,9.395049852132797,0.2,0.8970028460025787,-0.06189721990667749,4345,221.66666666666666,0.6041666666666666,-113.03534243525257
63963136,488,17547,3645,,,,,,,,,,,,,,,,
64094208,,,,0.08995311,0.1392350208,0.4924468994140625,13.074459075927734,37.102164280414584,0.014806773513555527,0.20983746647834778,0.00020405529599999998,9.421438682079316,0.2,0.8967790976166725,-0.05942329148529098,4350,210.83333333333334,0.59375,-114.25698180356942
64094208,489,17583,3645,,,,,,,,,,,,,,,,
64225280,,,,0.07441938,0.13911050240000003,0.458416748046875,14.488563537597656,42.69240355491638,0.014804618433117867,0.22329865396022797,0.000203858688,9.459355115890503,0.2,0.8843080475926399,-0.0607004311910714,4355,230.36458333333334,0.59375,-113.3941091076158
64225280,490,17620,3644,,,,,,,,,,,,,,,,
64356352,,,,0.07842598,0.138985984,0.48846588134765623,12.747282981872559,37.16990693807602,0.014800566248595715,0.21814489364624023,0.00020366207999999997,9.398935413360595,0.2,0.8970397412776947,-0.0642528915341245,4360,211.51041666666666,0.7083333333333334,-101.47242840869701
64356352,491,17655,3645,,,,,,,,,,,,,,,,
64487424,,,,0.081783354,0.13886146560000004,0.49444122314453126,12.889090538024902,34.58567959070206,0.014795813709497452,0.2246168851852417,0.00020346547200000002,9.412829333543778,0.2,0.8997457101941109,-0.06352690896892454,4365,199.29166666666666,0.6979166666666666,-99.03030738240922
64487424,492,17690,3645,,,,,,,,,,,,,,,,
64618496,,,,0.06515443,0.13873694720000002,0.46494903564453127,13.500242233276367,41.13312078714371,0.01479559950530529,0.20896345376968384,0.00020326886399999998,9.504693001508713,0.2,0.8824575245380402,-0.06392730816151015,4370,190.19791666666666,0.6666666666666666,-102.04664457369626
64618496,493,17727,3645,,,,,,,,,,,,,,,,
64749568,,,,0.07216081,0.13861242880000002,0.47461700439453125,9.864334106445312,30.489132726192473,0.014789717271924019,0.20758633315563202,0.00020307225599999998,9.471644163131714,0.2,0.9103217422962189,-0.0655484583665384,4375,216.67708333333334,0.5833333333333334,-116.36921584052995
64749568,494,17764,3644,,,,,,,,,,,,,,,,
64880640,,,,0.0634242,0.1384879104,0.4728363037109375,12.399392127990723,37.65250453948975,0.014791229739785194,0.21853265166282654,0.00020287564799999997,9.40628707408905,0.2,0.900715135037899,-0.06301542531000451,4380,232.41666666666666,0.5416666666666666,-121.46755818055027
64880640,495,17799,3644,,,,,,,,,,,,,,,,
65011712,,,,0.06894478,0.138363392,0.47769775390625,10.80666446685791,31.985275638103484,0.014794258400797844,0.21022358536720276,0.00020267904,9.537645328044892,0.2,0.9084431752562523,-0.06600525234534871,4385,221.98958333333334,0.5833333333333334,-113.1554190412017
65011712,496,17835,3645,,,,,,,,,,,,,,,,
65142784,,,,0.08242565,0.1382388736,0.49832916259765625,12.325491905212402,35.1014652967453,0.014794282615184784,0.22020284831523895,0.00020248243199999999,9.454608708620071,0.2,0.9020968377590179,-0.06396014970450778,4390,204.83333333333334,0.6145833333333334,-111.02062934444177
65142784,497,17872,3644,,,,,,,,,,,,,,,,
65273856,,,,0.06526232,0.1381143552,0.45288543701171874,12.925698280334473,37.46886374950409,0.014794755727052689,0.22658884525299072,0.00020228582399999998,9.427331227064133,0.2,0.9037346169352531,-0.062465330585837364,4395,215.25,0.6145833333333334,-109.00932747504616
65273856,498,17907,3644,,,,,,,,,,,,,,,,
65404928,,,,0.07355712,0.13798983680000002,0.47882843017578125,14.159419059753418,40.418658113479616,0.014794467948377132,0.21612399816513062,0.000202089216,9.49710401892662,0.2,0.894084982573986,-0.06424467779579572,4400,223.88541666666666,0.6145833333333334,-112.41410786249152
65404928,499,17942,3645,,,,,,,,,,,,,,,,
65536000,,,,0.07150036,0.13786531840000002,0.46490631103515623,17.8087215423584,43.47547746896744,0.01479529868811369,0.21376220881938934,0.000201892608,9.477893650531769,0.2,0.881647415459156,-0.06325748254166683,4405,207.78125,0.6770833333333334,-102.83690184272315
65536000,500,17980,3644,,,,,,,,,,,,,,,,
65667072,,,,0.06767991,0.13774080000000002,0.454290771484375,15.167020797729492,39.33141824007034,0.01479628961533308,0.22794900834560394,0.000201696,9.501821213960648,0.2,0.8959280252456665,-0.061732628314348406,4410,213.57291666666666,0.5729166666666666,-117.85046755725229
65667072,501,18016,3644,,,,,,,,,,,,,,,,
65798144,,,,0.061257325,0.1376162816,0.4696014404296875,12.443888664245605,36.033692920207976,0.014797481708228588,0.2085183560848236,0.00020149939199999995,9.440435540676116,0.2,0.8955835774540901,-0.0635794682049891,4415,210.28125,0.6458333333333334,-103.90539701002935
65798144,502,18053,3644,,,,,,,,,,,,,,,,
65929216,,,,0.06706299,0.1374917632,0.47290191650390623,12.458098411560059,38.648246097564694,0.014796590432524681,0.21086040139198303,0.000201302784,9.39616921544075,0.2,0.8978552371263504,-0.06311199557385408,4420,206.17708333333334,0.6145833333333334,-111.53203093239397
65929216,503,18088,3644,,,,,,,,,,,,,,,,
66060288,,,,0.078089684,0.1373672448,0.46190338134765624,12.9899320602417,38.691314208507535,0.014795107766985893,0.22030827403068542,0.00020110617599999997,9.399648690223694,0.2,0.8977032229304314,-0.06024053512664977,4425,190.875,0.6979166666666666,-96.89616810521453
66060288,504,18124,3644,,,,,,,,,,,,,,,,
66191360,,,,0.058302574,0.13724272640000001,0.45624542236328125,12.851816177368164,36.37313567399978,0.014789114706218243,0.2137656807899475,0.000200909568,9.498067504167556,0.2,0.8942341133952141,-0.06197269454714842,4430,205.38541666666666,0.6770833333333334,-102.46170089944728
66191360,505,18161,3644,,,,,,,,,,,,,,,,
66322432,,,,0.07068202,0.137118208,0.4602508544921875,14.254194259643555,42.710520243644716,0.014789102599024773,0.2270946204662323,0.00020071295999999996,9.570622670650483,0.2,0.88485948741436,-0.060542774150962944,4435,209.0,0.5833333333333334,-111.0726568299488
66322432,506,18195,3644,,,,,,,,,,,,,,,,
66453504,,,,0.06884448,0.13699368960000002,0.47416839599609373,15.210536003112793,39.43424257040024,0.014787438325583935,0.2160949409008026,0.000200516352,9.567524069547654,0.2,0.8858689069747925,-0.061440423497697336,4440,203.76041666666666,0.6666666666666666,-102.44092925565042
66453504,507,18231,3645,,,,,,,,,,,,,,,,
66584576,,,,0.06881092,0.1368691712,0.4698333740234375,16.84710693359375,41.10581560134888,0.01478991936892271,0.22899755835533142,0.00020031974399999997,9.508492767810822,0.2,0.8917511999607086,-0.06300132014730479,4445,207.30208333333334,0.6041666666666666,-110.24954306477453
66584576,508,18266,3645,,,,,,,,,,,,,,,,
66715648,,,,0.06711169,0.13674465280000003,0.452764892578125,15.760200500488281,41.50719861984253,0.014785081148147583,0.21836695075035095,0.000200123136,9.539937698841095,0.2,0.8970902189612389,-0.06377975883660839,4450,204.27083333333334,0.6354166666666666,-104.04441799262867
66715648,509,18302,3645,,,,,,,,,,,,,,,,
66846720,,,,0.08331315,0.1366201344,0.48412322998046875,13.471654891967773,40.52538158893585,0.014790108427405357,0.22097299993038177,0.000199926528,9.483540523052216,0.2,0.8917947486042976,-0.06339236368221464,4455,187.33333333333334,0.6875,-98.78678140771542
66846720,510,18336,3645,,,,,,,,,,,,,,,,
66977792,,,,0.07030314,0.13649561600000001,0.477032470703125,13.92136287689209,38.17565327882767,0.014793428592383862,0.21456170082092285,0.00019972991999999998,9.498011821508408,0.2,0.9011348783969879,-0.06123063482227735,4460,203.07291666666666,0.59375,-108.32863586975266
66977792,511,18372,3645,,,,,,,,,,,,,,,,
67108864,,,,0.06191824,0.13637109760000002,0.45471343994140623,15.706023216247559,41.71082479953766,0.014791647903621197,0.2271113395690918,0.00019953331199999998,9.465271931886672,0.2,0.8915641754865646,-0.06314540689927525,4465,198.75,0.6458333333333334,-104.10059217867679
67108864,512,18407,3645,,,,,,,,,,,,,,,,
67239936,,,,0.06883992,0.1362465792,0.47117462158203127,15.685179710388184,42.152689445018765,0.014791777357459068,0.21978747844696045,0.00019933670399999997,9.459199851751327,0.2,0.8880175352096558,-0.06356223258044338,4470,226.70833333333334,0.5520833333333334,-116.58145256471181
67239936,513,18442,3645,,,,,,,,,,,,,,,,
67371008,,,,0.06591052,0.1361220608,0.46322174072265626,13.391633033752441,37.759156703948975,0.014790120534598827,0.2221074104309082,0.000199140096,9.475625061988831,0.2,0.8937041983008385,-0.06319625158794225,4475,202.54166666666666,0.6666666666666666,-102.17876949059338
67371008,514,18476,3646,,,,,,,,,,,,,,,,
67502080,,,,0.062032986,0.1359975424,0.46800384521484373,13.151276588439941,39.379569709300995,0.014784212224185467,0.21814797818660736,0.00019894348799999998,9.501323664188385,0.2,0.8983142897486687,-0.0663358780409908,4480,196.61458333333334,0.65625,-102.5433718662169
67502080,515,18511,3646,,,,,,,,,,,,,,,,
67633152,,,,0.059696786,0.135873024,0.44386138916015627,14.351821899414062,42.257559430599215,0.014782114885747433,0.21753063797950745,0.00019874687999999998,9.513937890529633,0.2,0.8859811201691628,-0.06092182624270208,4485,202.97916666666666,0.6041666666666666,-109.61550038386024
67633152,516,18546,3646,,,,,,,,,,,,,,,,
67764224,,,,0.06851466,0.1357485056,0.45904693603515623,13.637773513793945,39.282148039340974,0.014774325303733349,0.2240877002477646,0.000198550272,9.58694314956665,0.2,0.8951950520277023,-0.061231315330951476,4490,213.35416666666666,0.59375,-109.21675970134812
67764224,517,18581,3646,,,,,,,,,,,,,,,,
67895296,,,,0.06475486,0.13562398720000002,0.4636688232421875,14.171171188354492,40.02664178609848,0.014771204441785812,0.23056814074516296,0.000198353664,9.49649025797844,0.2,0.8881187960505486,-0.06626865535217803,4495,203.04166666666666,0.65625,-106.37503088486949
67895296,518,18616,3646,,,,,,,,,,,,,,,,
68026368,,,,0.07346246,0.1354994688,0.47074127197265625,13.224649429321289,38.15218322277069,0.014773520641028881,0.22693488001823425,0.00019815705599999996,9.566932141780853,0.2,0.8982602506875992,-0.06276186280010734,4500,213.94791666666666,0.625,-112.80820466947138
68026368,519,18653,3646,,,,,,,,,,,,,,,,
68157440,,,,0.0729416,0.13537495040000003,0.47466278076171875,14.408856391906738,40.14999310970306,0.014775237999856472,0.2350899875164032,0.00019796044799999998,9.47959970831871,0.2,0.9036566242575645,-0.06514088458498009,4505,204.0,0.6145833333333334,-110.14612652372163
68157440,520,18689,3646,,,,,,,,,,,,,,,,
68288512,,,,0.061749995,0.135250432,0.463116455078125,13.11873722076416,35.730784106254575,0.01477193646132946,0.2250266671180725,0.00019776383999999997,9.455777937173844,0.2,0.9058950245380402,-0.0646972215778078,4510,222.11458333333334,0.5833333333333334,-112.33257758574457
68288512,521,18725,3646,,,,,,,,,,,,,,,,
68419584,,,,0.06528801,0.1351259136,0.46391143798828127,16.152114868164062,42.22096836566925,0.014773833565413952,0.22586989402770996,0.000197567232,9.519230800867081,0.2,0.8890814036130905,-0.061595959862461316,4515,219.98958333333334,0.5833333333333334,-113.75434231585712
68419584,522,18760,3646,,,,,,,,,,,,,,,,
68550656,,,,0.06896631,0.1350013952,0.4775115966796875,13.52932357788086,36.85264242887497,0.014775773510336876,0.21818214654922485,0.00019737062399999996,9.407557743787766,0.2,0.8979253172874451,-0.06260177842341363,4520,219.01041666666666,0.625,-107.1651114932168
68550656,523,18797,3646,,,,,,,,,,,,,,,,
68681728,,,,0.06671222,0.13487687680000002,0.4621307373046875,12.07460880279541,38.32829645872116,0.014776751399040222,0.22643081843852997,0.000197174016,9.436179792881012,0.2,0.8962838873267174,-0.06259992751874961,4525,201.78125,0.6354166666666666,-103.04782363428127
68681728,524,18833,3646,,,,,,,,,,,,,,,,
68812800,,,,0.06711161,0.1347523584,0.45634307861328127,15.126415252685547,38.847436857223514,0.014775143936276436,0.2324904203414917,0.00019697740799999998,9.492998296022416,0.2,0.8997986987233162,-0.06081410426995717,4530,189.625,0.7083333333333334,-92.94052902216241
68812800,525,18868,3646,,,,,,,,,,,,,,,,
68943872,,,,0.0643121,0.13462784000000003,0.45819549560546874,11.506933212280273,33.973922955989835,0.014771856367588043,0.23303961753845215,0.0001967808,9.562549155950546,0.2,0.9066756889224052,-0.06401783252658788,4535,209.72916666666666,0.5729166666666666,-115.42869144112238
68943872,526,18904,3646,,,,,,,,,,,,,,,,
69074944,,,,0.06838534,0.1345033216,0.47543182373046877,14.774089813232422,37.90331237316131,0.014775040559470654,0.22864565253257751,0.00019658419199999996,9.51090486049652,0.2,0.9017157927155495,-0.06146837229898665,4540,234.66666666666666,0.5,-123.62951540711491
69074944,527,18941,3646,,,,,,,,,,,,,,,,
69206016,,,,0.07301683,0.1343788032,0.46396636962890625,13.328783988952637,39.820932757854465,0.014776811003684998,0.2200019359588623,0.00019638758399999999,9.566657519340515,0.2,0.8983278647065163,-0.06043230977666099,4545,211.07291666666666,0.6145833333333334,-106.07615312136097
69206016,528,18977,3646,,,,,,,,,,,,,,,,
69337088,,,,0.069417164,0.1342542848,0.46798858642578123,14.762934684753418,40.27601045370102,0.014775956980884075,0.2356320321559906,0.00019619097599999998,9.45695436000824,0.2,0.891863264143467,-0.0630959607224213,4550,204.72916666666666,0.5833333333333334,-110.6698687630178
69337088,529,19014,3646,,,,,,,,,,,,,,,,
69468160,,,,0.07994399,0.1341297664,0.4796966552734375,13.953720092773438,41.418908905982974,0.014776332303881645,0.23937265574932098,0.00019599436799999997,9.486104774475098,0.2,0.8827985972166061,-0.06009829980903305,4555,217.41666666666666,0.625,-106.08881248922751
69468160,530,19050,3646,,,,,,,,,,,,,,,,
69599232,,,,0.07907662,0.134005248,0.47659912109375,9.81788444519043,31.952231895923614,0.01477530226111412,0.23146802186965942,0.00019579776,9.47268071770668,0.2,0.9071539416909218,-0.06512901693640742,4560,205.77083333333334,0.625,-109.95635225206327
69599232,531,19086,3646,,,,,,,,,,,,,,,,
69730304,,,,0.07315457,0.1338807296,0.48451080322265627,15.361116409301758,42.423638784885405,0.014779329299926758,0.22941087186336517,0.000195601152,9.458924794197083,0.2,0.8761864006519318,-0.06266105510730995,4565,213.45833333333334,0.6145833333333334,-104.63101132324294
69730304,532,19122,3646,,,,,,,,,,,,,,,,
69861376,,,,0.06351664,0.1337562112,0.461590576171875,11.547967910766602,37.50523203611374,0.014779498800635338,0.22344373166561127,0.00019540454399999998,9.454037868976593,0.2,0.8932297304272652,-0.06318689379841089,4570,210.86458333333334,0.6458333333333334,-103.19319726988458
69861376,533,19158,3646,,,,,,,,,,,,,,,,
69992448,,,,0.07150792,0.1336316928,0.4540771484375,14.216917991638184,37.79115604162216,0.014776455238461494,0.23123550415039062,0.00019520793599999998,9.581175518035888,0.2,0.8957110196352005,-0.06310559156408999,4575,197.40625,0.6666666666666666,-103.2248643582268
69992448,534,19193,3646,,,,,,,,,,,,,,,,
70123520,,,,0.06617403,0.1335071744,0.46212615966796877,13.100381851196289,38.84801949262619,0.014775092713534832,0.2237640917301178,0.000195011328,9.509762626886367,0.2,0.901221938431263,-0.061158888193313034,4580,210.86458333333334,0.6145833333333334,-102.29596990483992
70123520,535,19229,3646,,,,,,,,,,,,,,,,
70254592,,,,0.06346515,0.13338265600000002,0.4620269775390625,14.505232810974121,39.55304651260376,0.014774376526474953,0.2311478704214096,0.00019481472,9.533532202243805,0.2,0.8948140144348145,-0.06089742014737567,4585,217.65625,0.6354166666666666,-112.3721166016922
70254592,536,19265,3646,,,,,,,,,,,,,,,,
70385664,,,,0.06491111,0.13325813760000002,0.47324981689453127,12.332235336303711,34.25751765966415,0.014774641953408718,0.2328697144985199,0.00019461811199999999,9.498365020751953,0.2,0.9033174961805344,-0.06320741280942457,4590,197.70833333333334,0.65625,-101.41946967879466
70385664,537,19303,3646,,,,,,,,,,,,,,,,
70516736,,,,0.11031273,0.1331336192,0.48213043212890627,13.816248893737793,40.17329251766205,0.014776176773011684,0.22988662123680115,0.00019442150399999995,9.60165827870369,0.2,0.8884340971708298,-0.061144126957515255,4595,183.19791666666666,0.6979166666666666,-97.10443676688527
70516736,538,19338,3646,,,,,,,,,,,,,,,,
70647808,,,,0.070149794,0.1330091008,0.47783355712890624,13.259454727172852,38.578508138656616,0.014776777476072311,0.22246053814888,0.000194224896,9.523631691932678,0.2,0.8969731405377388,-0.06252557370462455,4600,232.79166666666666,0.5729166666666666,-116.65821010237543
70647808,539,19374,3646,,,,,,,,,,,,,,,,
70778880,,,,0.07105009,0.13288458239999998,0.4664459228515625,14.540605545043945,40.149750006198886,0.014779149554669857,0.23539814352989197,0.00019402828799999997,9.44737023115158,0.2,0.8923880085349083,-0.06061758736905176,4605,211.13541666666666,0.625,-105.776356673036
70778880,540,19412,3646,,,,,,,,,,,,,,,,
70909952,,,,0.07045783,0.132760064,0.46939849853515625,19.29543113708496,45.55633373260498,0.014782048761844635,0.2323053777217865,0.00019383168,9.520068019628525,0.2,0.887391597032547,-0.06245538537623361,4610,198.94791666666666,0.6875,-96.70328921494702
70909952,541,19447,3646,,,,,,,,,,,,,,,,
71041024,,,,0.07899226,0.1326355456,0.48097686767578124,15.883260726928711,40.20596400499344,0.014782938174903393,0.23698930442333221,0.00019363507199999998,9.506574958562851,0.2,0.8941464051604271,-0.06433923659205902,4615,222.125,0.5833333333333334,-110.06444590474494
71041024,542,19484,3646,,,,,,,,,,,,,,,,
71172096,,,,0.07036473,0.13251102720000002,0.47322998046875,12.527395248413086,36.4444863319397,0.014779145829379559,0.23910395801067352,0.000193438464,9.537538129091264,0.2,0.8942978233098984,-0.061443456064444034,4620,200.07291666666666,0.6458333333333334,-104.22084239142924
71172096,543,19519,3646,,,,,,,,,,,,,,,,
71303168,,,,0.06894569,0.1323865088,0.4655426025390625,14.29742431640625,35.672391736507414,0.014780612662434578,0.23501478135585785,0.00019324185599999997,9.445683652162552,0.2,0.9007855206727982,-0.06108705690712668,4625,199.55208333333334,0.6666666666666666,-102.39198439294802
71303168,544,19554,3646,,,,,,,,,,,,,,,,
71434240,,,,0.067258716,0.13226199040000003,0.46258087158203126,13.946734428405762,38.22748247385025,0.01478332094848156,0.24088279902935028,0.00019304524800000002,9.521654719114304,0.2,0.8957944586873055,-0.05951173483772436,4630,197.79166666666666,0.6354166666666666,-102.79936471629526
71434240,545,19590,3646,,,,,,,,,,,,,,,,
71565312,,,,0.07432915,0.132137472,0.47566986083984375,11.617348670959473,33.442329061031344,0.01478766929358244,0.2297373265028,0.00019284863999999998,9.620435017347337,0.2,0.904568113386631,-0.06060439944121754,4635,208.36458333333334,0.6666666666666666,-99.55811218355416
71565312,546,19625,3646,,,,,,,,,,,,,,,,
71696384,,,,0.079320535,0.1320129536,0.48569793701171876,12.476004600524902,36.25896192789078,0.014790048822760582,0.24013841152191162,0.00019265203199999998,9.571544164419175,0.2,0.900125078856945,-0.06115562786289956,4640,197.33333333333334,0.6666666666666666,-100.56185670511219
71696384,547,19662,3646,,,,,,,,,,,,,,,,
71827456,,,,0.07485568,0.13188843520000001,0.4734710693359375,12.87271499633789,35.852115988731384,0.014789769425988197,0.2326994389295578,0.00019245542399999997,9.533073377609252,0.2,0.8946109712123871,-0.06554513500013855,4645,231.66666666666666,0.5520833333333334,-118.37948729392137
71827456,548,19697,3646,,,,,,,,,,,,,,,,
71958528,,,,0.06965879,0.1317639168,0.47490234375,14.73574161529541,40.15848070383072,0.014792594127357006,0.2293013334274292,0.000192258816,9.468031996488572,0.2,0.8924102112650871,-0.06490545311244204,4650,221.40625,0.53125,-119.95223962211888
71958528,549,19734,3646,,,,,,,,,,,,,,,,
72089600,,,,0.06406106,0.1316393984,0.45476837158203126,13.431108474731445,37.39785761833191,0.014794215559959412,0.21671079099178314,0.000192062208,9.478663104772568,0.2,0.8912764117121696,-0.0629662516003009,4655,217.61458333333334,0.59375,-110.34456404346008
72089600,550,19769,3646,,,,,,,,,,,,,,,,
72220672,,,,0.06687805,0.13151488,0.47094268798828126,13.10698127746582,36.2181312918663,0.014795057475566864,0.2279607653617859,0.00019186559999999998,9.54540022611618,0.2,0.9002969786524773,-0.06112358747923281,4660,215.76041666666666,0.65625,-101.18794348807076
72220672,551,19805,3646,,,,,,,,,,,,,,,,
72351744,,,,0.06701797,0.1313903616,0.44355316162109376,14.35935115814209,40.884211361408234,0.014795779250562191,0.2305818498134613,0.00019166899199999998,9.47465471625328,0.2,0.8793940097093582,-0.05923155866621528,4665,212.46875,0.6666666666666666,-101.51756530038556
72351744,552,19841,3646,,,,,,,,,,,,,,,,
72482816,,,,0.061372407,0.1312658432,0.46083984375,13.25364875793457,37.32613376379013,0.014797234907746315,0.22645561397075653,0.000191472384,9.495866227149964,0.2,0.9011838883161545,-0.062264791698544285,4670,192.4375,0.7083333333333334,-95.96567546928475
72482816,553,19878,3646,,,,,,,,,,,,,,,,
72613888,,,,0.06869281,0.13114132480000001,0.4587677001953125,13.305858612060547,35.89372682571411,0.014798223040997982,0.212616965174675,0.000191275776,9.484167820215225,0.2,0.902629055082798,-0.06114597761188634,4675,217.83333333333334,0.59375,-112.9484048533775
72613888,554,19915,3646,,,,,,,,,,,,,,,,
72744960,,,,0.07767088,0.1310168064,0.477545166015625,12.397282600402832,37.35673211812973,0.014798703603446484,0.21813476085662842,0.00019107916799999996,9.404933565855027,0.2,0.8996929153800011,-0.06203226761717815,4680,200.20833333333334,0.6354166666666666,-104.3378322344629
72744960,555,19950,3646,,,,,,,,,,,,,,,,
72876032,,,,0.06535934,0.13089228800000002,0.44365692138671875,16.83456802368164,42.95540829896927,0.01479929219931364,0.21906325221061707,0.00019088256,9.504764509201049,0.2,0.8909026309847832,-0.061219554368290116,4685,196.73958333333334,0.6770833333333334,-103.29503561204793
72876032,556,19985,3646,,,,,,,,,,,,,,,,
73007104,,,,0.067026906,0.1307677696,0.466845703125,13.799604415893555,38.51355754137039,0.01480130385607481,0.22550362348556519,0.00019068595199999997,9.418008762598038,0.2,0.9046095684170723,-0.060113235894823445,4690,199.83333333333334,0.625,-105.74393363551356
73007104,557,20021,3646,,,,,,,,,,,,,,,,
73138176,,,,0.0870226,0.1306432512,0.47317047119140626,13.380354881286621,39.83666597604751,0.014800690114498138,0.23567667603492737,0.000190489344,9.469582855701447,0.2,0.8943632990121841,-0.06004662131890655,4695,212.34375,0.59375,-108.89620734932312
73138176,558,20057,3646,,,,,,,,,,,,,,,,
73269248,,,,0.07093336,0.13051873279999998,0.46631622314453125,15.333436012268066,37.29489166736603,0.014801549725234509,0.2291521281003952,0.00019029273599999996,9.472318255901337,0.2,0.8996936827898026,-0.06224759945471305,4700,207.61458333333334,0.625,-112.47972956590377
73269248,559,20092,3646,,,,,,,,,,,,,,,,
73400320,,,,0.059604008,0.1303942144,0.44153900146484376,14.84288501739502,41.688077449798584,0.01480265986174345,0.23397588729858398,0.000190096128,9.486480402946473,0.2,0.887992687523365,-0.06112425482424442,4705,229.77083333333334,0.5208333333333334,-125.17939301720953
73400320,560,20128,3646,,,,,,,,,,,,,,,,
73531392,,,,0.06879963,0.130269696,0.4577362060546875,14.522802352905273,40.48498265743255,0.014798502437770367,0.2321745604276657,0.00018989951999999997,9.478236764669418,0.2,0.8991094008088112,-0.06296773612557445,4710,217.98958333333334,0.6041666666666666,-111.5213866835029
73531392,561,20165,3646,,,,,,,,,,,,,,,,
73662464,,,,0.07045296,0.13014517760000002,0.4682403564453125,11.258207321166992,34.928325188159945,0.014793607406318188,0.24215158820152283,0.000189702912,9.487257981300354,0.2,0.9100128933787346,-0.06410998068167828,4715,200.9375,0.6041666666666666,-113.43093263799297
73662464,562,20200,3646,,,,,,,,,,,,,,,,
73793536,,,,0.06248405,0.1300206592,0.44533233642578124,13.907234191894531,35.82029466629028,0.014788810163736343,0.22712525725364685,0.00018950630399999996,9.404825299978256,0.2,0.9023008048534393,-0.06256638826889685,4720,228.16666666666666,0.5,-126.34417989596803
73793536,563,20237,3646,,,,,,,,,,,,,,,,
73924608,,,,0.07159063,0.1298961408,0.46795654296875,15.314936637878418,42.36256620883942,0.014784145168960094,0.22809933125972748,0.00018930969599999998,9.501714891195297,0.2,0.8948038965463638,-0.06211984107940225,4725,201.33333333333334,0.625,-109.96145270850259
73924608,564,20271,3646,,,,,,,,,,,,,,,,
74055680,,,,0.071533754,0.1297716224,0.45933685302734373,13.090033531188965,37.67428801059723,0.014779120683670044,0.23560528457164764,0.00018911308799999998,9.527624821662902,0.2,0.9022704586386681,-0.06170095328707248,4730,206.90625,0.65625,-102.74988549532588
74055680,565,20308,3646,,,,,,,,,,,,,,,,
74186752,,,,0.060440764,0.129647104,0.45828704833984374,13.125608444213867,36.75681525468826,0.014772802591323853,0.24680373072624207,0.00018891647999999997,9.586934679746628,0.2,0.9050166606903076,-0.06297504387912341,4735,240.54166666666666,0.5416666666666666,-123.88921335492877
74186752,566,20345,3646,,,,,,,,,,,,,,,,
74317824,,,,0.06568894,0.1295225856,0.45401153564453123,15.991636276245117,43.063601684570315,0.014773833565413952,0.2365400493144989,0.000188719872,9.505123674869537,0.2,0.8921314924955368,-0.06253872854576911,4740,211.07291666666666,0.6666666666666666,-100.63880277553012
74317824,567,20380,3646,,,,,,,,,,,,,,,,
74448896,,,,0.06422147,0.1293980672,0.47807464599609373,11.531524658203125,34.71877645254135,0.014773299917578697,0.22862975299358368,0.00018852326399999999,9.538880777359008,0.2,0.9084597826004028,-0.0656835682981182,4745,235.34375,0.5208333333333334,-122.12232153757982
74448896,568,20417,3646,,,,,,,,,,,,,,,,
74579968,,,,0.070185706,0.1292735488,0.45795440673828125,10.982123374938965,33.933857882022856,0.014773230068385601,0.23426061868667603,0.00018832665599999998,9.570923691987991,0.2,0.9086899533867836,-0.06028864943946246,4750,207.30208333333334,0.6458333333333334,-110.61779816036925
74579968,569,20452,3646,,,,,,,,,,,,,,,,
74711040,,,,0.08248246,0.1291490304,0.46888275146484376,14.328361511230469,38.192538273334506,0.014771739952266216,0.22959470748901367,0.000188130048,9.443768948316574,0.2,0.9056447893381119,-0.06437314021823112,4755,221.38541666666666,0.59375,-108.99388658419635
74711040,570,20487,3646,,,,,,,,,,,,,,,,
74842112,,,,0.079109855,0.129024512,0.479998779296875,12.791979789733887,39.037621915340424,0.014772877097129822,0.22464625537395477,0.00018793344,9.49406856894493,0.2,0.8918378129601479,-0.06124888654740061,4760,210.30208333333334,0.625,-112.16903024375307
74842112,571,20523,3646,,,,,,,,,,,,,,,,
74973184,,,,0.06876318,0.12889999359999998,0.48318634033203123,11.71410083770752,33.47915042638779,0.014772562310099602,0.22918878495693207,0.00018773683199999996,9.525653094053268,0.2,0.9136532619595528,-0.06495621904032305,4765,203.75,0.625,-105.09924142421728
74973184,572,20560,3646,,,,,,,,,,,,,,,,
75104256,,,,0.06151516,0.12877547520000002,0.446282958984375,13.41221809387207,35.35221972465515,0.014772450551390648,0.22405970096588135,0.00018754022399999998,9.534692460298539,0.2,0.9002429321408272,-0.060351904222625305,4770,199.57291666666666,0.6666666666666666,-100.67381633015357
75104256,573,20596,3646,,,,,,,,,,,,,,,,
75235328,,,,0.072385825,0.1286509568,0.46051483154296874,11.41582202911377,36.97901818752289,0.014774620532989502,0.24254517257213593,0.00018734361599999998,9.427839708328246,0.2,0.9021724388003349,-0.062336381891509515,4775,216.25,0.5520833333333334,-117.04336485715446
75235328,574,20631,3646,,,,,,,,,,,,,,,,
75366400,,,,0.07883702,0.12852643840000003,0.46576385498046874,12.602436065673828,36.00584087371826,0.014775680378079414,0.23147723078727722,0.000187147008,9.507980704307556,0.2,0.9070340096950531,-0.0600989122322062,4780,191.20833333333334,0.7083333333333334,-95.11691320310905
75366400,575,20667,3646,,,,,,,,,,,,,,,,
75497472,,,,0.086589724,0.12840192,0.47570953369140623,11.932921409606934,37.147012531757355,0.014778008684515953,0.2518543601036072,0.00018695039999999996,9.483342772722244,0.2,0.9016935005784035,-0.06064436835149536,4785,199.61458333333334,0.65625,-98.59172653193303
75497472,576,20704,3646,,,,,,,,,,,,,,,,
75628544,,,,0.07711346,0.1282774016,0.47537994384765625,16.699201583862305,40.081392240524295,0.01478099636733532,0.2527995705604553,0.000186753792,9.468734467029572,0.2,0.895705334842205,-0.05847126864828169,4790,206.11458333333334,0.625,-108.68230799612643
75628544,577,20739,3646,,,,,,,,,,,,,,,,
75759616,,,,0.065442085,0.12815288319999998,0.47527923583984377,11.822770118713379,34.08187800645828,0.014782468788325787,0.23281961679458618,0.00018655718399999998,9.552287793159485,0.2,0.9105262532830238,-0.06345443556201644,4795,178.28125,0.7083333333333334,-95.76130949284249
75759616,578,20774,3646,,,,,,,,,,,,,,,,
75890688,,,,0.07405324,0.12802836480000002,0.46153717041015624,12.343856811523438,34.29828361272812,0.0147788031026721,0.24454066157341003,0.000186360576,9.458206963539123,0.2,0.9090565219521523,-0.06250806740426924,4800,208.23958333333334,0.6041666666666666,-110.819029046132
75890688,579,20810,3646,,,,,,,,,,,,,,,,
76021760,,,,0.05954968,0.1279038464,0.4392364501953125,14.495807647705078,39.381974172592166,0.014777550473809242,0.24647848308086395,0.00018616396799999997,9.409559988975525,0.2,0.8989467546343803,-0.06157746526732808,4805,234.65625,0.5625,-120.2780860976993
76021760,580,20846,3646,,,,,,,,,,,,,,,,
76152832,,,,0.06598574,0.127779328,0.466827392578125,14.632889747619629,40.11150764226913,0.014775587245821953,0.2382374405860901,0.00018596736,9.487272959947585,0.2,0.9048959761857986,-0.06025429862784222,4810,202.29166666666666,0.6458333333333334,-104.9402320958989
76152832,581,20881,3646,,,,,,,,,,,,,,,,
76283904,,,,0.062791534,0.1276548096,0.45884246826171876,12.123268127441406,36.4024138212204,0.014780568890273571,0.23958614468574524,0.00018577075199999998,9.473613488674165,0.2,0.9074210524559021,-0.060076697284239346,4815,208.80208333333334,0.59375,-107.80487230013155
76283904,582,20917,3646,,,,,,,,,,,,,,,,
76414976,,,,0.08451047,0.1275302912,0.47816314697265627,15.192028999328613,40.18261584043503,0.014780078083276749,0.23614808917045593,0.00018557414399999998,9.493879264593124,0.2,0.8949835896492004,-0.06052772344701225,4820,188.36458333333334,0.7083333333333334,-96.27945839908807
76414976,583,20952,3647,,,,,,,,,,,,,,,,
76546048,,,,0.0607456,0.1274057728,0.4447052001953125,15.858394622802734,39.693653476238254,0.014781737700104713,0.23167936503887177,0.00018537753599999997,9.510584217309951,0.2,0.8934597596526146,-0.06150936494232155,4825,211.34375,0.59375,-111.23738885903913
76546048,584,20988,3647,,,,,,,,,,,,,,,,
76677120,,,,0.069514744,0.12728125440000002,0.459344482421875,15.246200561523438,42.09328773021698,0.01478099636733532,0.2430141419172287,0.000185180928,9.412435722351074,0.2,0.8979095220565796,-0.06442455282667651,4830,239.42708333333334,0.53125,-123.7007906734151
76677120,585,21025,3646,,,,,,,,,,,,,,,,
76808192,,,,0.06528054,0.127156736,0.44929351806640627,13.38847827911377,36.40473569631577,0.014781126752495766,0.23189088702201843,0.00018498431999999998,9.651302832365037,0.2,0.9031023159623146,-0.05992822266125586,4835,202.10416666666666,0.65625,-102.72685929143688
76808192,586,21058,3647,,,,,,,,,,,,,,,,
76939264,,,,0.06307466,0.1270322176,0.44117889404296873,13.03752326965332,36.163663399219516,0.0147792287170887,0.2370726317167282,0.00018478771199999998,9.492805445194245,0.2,0.9071411117911339,-0.06348938783121412,4840,200.66666666666666,0.65625,-106.89784646865893
76939264,587,21094,3647,,,,,,,,,,,,,,,,
77070336,,,,0.06747197,0.1269076992,0.47370758056640627,16.659902572631836,40.7620885848999,0.014780668541789055,0.23370322585105896,0.000184591104,9.533586513996124,0.2,0.9025586768984795,-0.062464285275200385,4845,200.5,0.6354166666666666,-102.179587189521
77070336,588,21131,3647,,,,,,,,,,,,,,,,
77201408,,,,0.08632474,0.1267831808,0.48345947265625,13.241223335266113,35.05587213039398,0.01477905921638012,0.23513689637184143,0.000184394496,9.59171902537346,0.2,0.9126250371336937,-0.06396088187320856,4850,211.96875,0.6041666666666666,-115.56295743973753
77201408,589,21167,3647,,,,,,,,,,,,,,,,
77332480,,,,0.069811426,0.1266586624,0.48246002197265625,12.76148509979248,37.2461332321167,0.014781832695007324,0.23862412571907043,0.000184197888,9.496802806854248,0.2,0.9078595265746117,-0.06318468761164694,4855,209.5625,0.59375,-110.81586362362033
77332480,590,21202,3647,,,,,,,,,,,,,,,,
77463552,,,,0.06672366,0.126534144,0.4582550048828125,15.054342269897461,37.18259516954422,0.014782072976231575,0.23815378546714783,0.00018400127999999995,9.508411258459091,0.2,0.9053157642483711,-0.06303866006201134,4860,195.69791666666666,0.6770833333333334,-104.1780259435431
77463552,591,21239,3647,,,,,,,,,,,,,,,,
77594624,,,,0.065769814,0.12640962560000002,0.4770050048828125,13.949909210205078,37.88386389017105,0.014780296012759209,0.24539759755134583,0.000183804672,9.499160557985306,0.2,0.9079192653298378,-0.0611174891149858,4865,217.21875,0.6458333333333334,-106.81152171255762
77594624,592,21275,3647,,,,,,,,,,,,,,,,
77725696,,,,0.06894985,0.1262851072,0.4548492431640625,13.505271911621094,35.40515266656875,0.014781909063458443,0.23955576121807098,0.00018360806399999997,9.535600781440735,0.2,0.9152591750025749,-0.060370586879434994,4870,200.77083333333334,0.65625,-101.75254023577664
77725696,593,21310,3647,,,,,,,,,,,,,,,,
77856768,,,,0.060154967,0.1261605888,0.46481475830078123,13.97170639038086,39.67645971775055,0.01478275191038847,0.23173855245113373,0.000183411456,9.505089277029038,0.2,0.8938153460621834,-0.06082731080896338,4875,217.01041666666666,0.59375,-111.86386655126698
77856768,594,21346,3647,,,,,,,,,,,,,,,,
77987840,,,,0.072037905,0.1260360704,0.47096099853515627,17.846515655517578,36.336307895183566,0.01477832905948162,0.237591952085495,0.00018321484799999996,9.541756880283355,0.2,0.9015895426273346,-0.062031864376331215,4880,199.5625,0.7083333333333334,-92.27548928742539
77987840,595,21382,3647,,,,,,,,,,,,,,,,
78118912,,,,0.057921644,0.125911552,0.43668212890625,13.078750610351562,38.4093220949173,0.014777025207877159,0.2445080280303955,0.00018301824,9.429233020544052,0.2,0.8971224427223206,-0.061211212596390396,4885,219.73958333333334,0.6145833333333334,-108.33500606009767
78118912,596,21417,3647,,,,,,,,,,,,,,,,
78249984,,,,0.090923905,0.1257870336,0.47247772216796874,11.892136573791504,36.85618765354157,0.014779916033148766,0.24797046184539795,0.00018282163199999997,9.557053250074386,0.2,0.9010171145200729,-0.06093220775219379,4890,216.92708333333334,0.5833333333333334,-110.70353470538413
78249984,597,21454,3647,,,,,,,,,,,,,,,,
78381056,,,,0.05888567,0.12566251520000002,0.435931396484375,13.296346664428711,40.71089280843735,0.014780936762690544,0.2387014478445053,0.00018262502400000002,9.466244947910308,0.2,0.8972128033638,-0.06056958114349982,4895,218.42708333333334,0.6458333333333334,-107.56494390043868
78381056,598,21491,3647,,,,,,,,,,,,,,,,
78512128,,,,0.05743412,0.1255379968,0.44555206298828126,14.75677490234375,40.0668851852417,0.014779962599277496,0.24585506319999695,0.000182428416,9.497504711151123,0.2,0.8955017253756523,-0.05948586332378909,4900,238.97916666666666,0.5416666666666666,-120.32849460357738
78512128,599,21527,3647,,,,,,,,,,,,,,,,
78643200,,,,0.06801702,0.1254134784,0.45886993408203125,16.13472557067871,39.18554691076279,0.014781760051846504,0.23472189903259277,0.00018223180799999998,9.563667023181916,0.2,0.896041601896286,-0.05974214739107993,4905,204.91666666666666,0.65625,-103.75721764035872
78643200,600,21563,3646,,,,,,,,,,,,,,,,
78774272,,,,0.06886876,0.12528896,0.49181365966796875,12.382196426391602,34.486182880401614,0.014780513942241669,0.24154876172542572,0.00018203519999999997,9.568308228254319,0.2,0.9070049822330475,-0.06207715787750203,4910,194.72916666666666,0.71875,-94.74342707967406
78774272,601,21599,3647,,,,,,,,,,,,,,,,
78905344,,,,0.062136367,0.1251644416,0.4585479736328125,14.230655670166016,41.45693817138672,0.014779999852180481,0.24235278367996216,0.000181838592,9.621821582317352,0.2,0.8854830041527748,-0.06104507646377897,4915,204.97916666666666,0.65625,-104.05125438271169
78905344,602,21635,3646,,,,,,,,,,,,,,,,
79036416,,,,0.07390372,0.1250399232,0.47135772705078127,12.414484024047852,38.09381000995636,0.014782790094614029,0.24393698573112488,0.000181641984,9.521222603321075,0.2,0.8910232335329056,-0.0595013483078219,4920,216.28125,0.5729166666666666,-112.64881037488823
79036416,603,21672,3646,,,,,,,,,,,,,,,,
79167488,,,,0.055694975,0.1249154048,0.43513336181640627,16.234853744506836,45.13566151857376,0.014786656945943832,0.23762759566307068,0.00018144537599999998,9.573069453239441,0.2,0.8846486434340477,-0.05920738727727439,4925,209.84375,0.59375,-115.19533771026677
79167488,604,21707,3646,,,,,,,,,,,,,,,,
79298560,,,,0.06615652,0.1247908864,0.45936737060546873,11.308859825134277,38.40526969432831,0.014786077663302422,0.23595909774303436,0.00018124876799999998,9.608587366342544,0.2,0.896538034081459,-0.06021462326461915,4930,214.80208333333334,0.6041666666666666,-108.44106770856229
79298560,605,21744,3646,,,,,,,,,,,,,,,,
79429632,,,,0.058214072,0.124666368,0.44660491943359376,13.226564407348633,39.59711825847626,0.014786718413233757,0.24333535134792328,0.00018105216,9.636874490976334,0.2,0.896921344101429,-0.06297784105699974,4935,199.39583333333334,0.6666666666666666,-103.62894889024408
79429632,606,21778,3647,,,,,,,,,,,,,,,,
79560704,,,,0.07540454,0.1245418496,0.47418975830078125,13.302177429199219,39.0231990814209,0.01478862576186657,0.2402297854423523,0.000180855552,9.545442533493041,0.2,0.8931409940123558,-0.0591538381529972,4940,205.33333333333334,0.6458333333333334,-101.89278147891476
79560704,607,21816,3646,,,,,,,,,,,,,,,,
79691776,,,,0.06426009,0.12441733119999998,0.45820770263671873,13.052075386047363,32.03959846496582,0.014790799468755722,0.22936424612998962,0.00018065894399999996,9.660929656028747,0.2,0.9105014130473137,-0.06148183226177935,4945,218.85416666666666,0.6041666666666666,-114.57919826780437
79691776,608,21850,3647,,,,,,,,,,,,,,,,
79822848,,,,0.06235011,0.1242928128,0.44971771240234376,13.379858016967773,39.40557074546814,0.014789741486310959,0.23923397064208984,0.000180462336,9.562647557258606,0.2,0.89670130610466,-0.0619975970388623,4950,212.11458333333334,0.6145833333333334,-108.24032969917998
79822848,609,21886,3647,,,,,,,,,,,,,,,,
79953920,,,,0.0668059,0.12416829439999999,0.46035614013671877,15.95239543914795,38.266953468322754,0.014791503548622131,0.23809093236923218,0.00018026572799999997,9.579815435409547,0.2,0.9054472371935844,-0.06220536993641872,4955,204.0625,0.65625,-106.76542528415087
79953920,610,21922,3647,,,,,,,,,,,,,,,,
80084992,,,,0.06677396,0.12404377600000001,0.46218719482421877,12.090520858764648,35.381210064888,0.014788160100579262,0.244803786277771,0.00018006912,9.529888373613357,0.2,0.905622236430645,-0.06412217862089165,4960,197.15625,0.6875,-97.38196001333502
80084992,611,21959,3647,,,,,,,,,,,,,,,,
80216064,,,,0.08145731,0.12391925759999999,0.4679840087890625,12.700183868408203,33.772484636306764,0.01478804461658001,0.23591479659080505,0.00017987251199999996,9.620959794521331,0.2,0.9119611755013466,-0.057341823462047616,4965,213.625,0.5625,-113.33089836461154
80216064,612,21994,3647,,,,,,,,,,,,,,,,
80347136,,,,0.06696051,0.1237947392,0.47052154541015623,12.217724800109863,34.935136830806734,0.01478620246052742,0.24233506619930267,0.000179675904,9.649296694993973,0.2,0.9025539755821228,-0.059878884597856084,4970,231.65625,0.5416666666666666,-114.02778202511702
80347136,613,22032,3646,,,,,,,,,,,,,,,,
80478208,,,,0.07035068,0.1236702208,0.46836395263671876,15.751014709472656,39.199981606006624,0.014786021783947945,0.264240562915802,0.00017947929599999998,9.471860522031784,0.2,0.9047543182969093,-0.05832812386215665,4975,209.47916666666666,0.6041666666666666,-109.71087096524265
80478208,614,22068,3646,,,,,,,,,,,,,,,,
80609280,,,,0.06484395,0.12354570240000001,0.45889129638671877,14.553513526916504,38.38134354352951,0.014783350750803947,0.24174390733242035,0.000179282688,9.581500911712647,0.2,0.8895989656448364,-0.059865191992139445,4980,216.58333333333334,0.5520833333333334,-116.48603051251924
80609280,615,22103,3646,,,,,,,,,,,,,,,,
80740352,,,,0.06320342,0.12342118399999999,0.4472381591796875,12.986642837524414,38.16221127510071,0.014781465753912926,0.24533960223197937,0.00017908607999999996,9.55199817419052,0.2,0.9011958986520767,-0.06002859004656784,4985,205.13541666666666,0.625,-106.27981726310206
80740352,616,22139,3646,,,,,,,,,,,,,,,,
80871424,,,,0.06661539,0.1232966656,0.46237640380859374,13.524069786071777,37.004880928993224,0.014783389866352081,0.25353002548217773,0.00017888947199999999,9.580817341804504,0.2,0.9080249816179276,-0.06215987412433606,4990,216.92708333333334,0.5729166666666666,-116.29359461347467
80871424,617,22175,3646,,,,,,,,,,,,,,,,
81002496,,,,0.0637871,0.1231721472,0.4405364990234375,14.243236541748047,39.29584203958511,0.014781288802623749,0.2486972063779831,0.00017869286399999998,9.562687426805496,0.2,0.8943672403693199,-0.06056227968947496,4995,214.57291666666666,0.59375,-111.29926305864494
81002496,618,22212,3646,,,,,,,,,,,,,,,,
81133568,,,,0.06556325,0.12304762879999999,0.44681243896484374,13.054974555969238,35.18743723630905,0.014782082289457321,0.24958595633506775,0.00017849625599999997,9.512943828105927,0.2,0.9045162424445152,-0.061128784937318416,5000,198.0625,0.6979166666666666,-97.8847825643159
81133568,619,22247,3646,,,,,,,,,,,,,,,,
81264640,,,,0.06064616,0.1229231104,0.45860748291015624,15.467813491821289,42.67602729797363,0.014784022234380245,0.2516217827796936,0.000178299648,9.511380976438522,0.2,0.8955637142062187,-0.05700444184913067,5005,194.55208333333334,0.6770833333333334,-100.02263873253617
81264640,620,22282,3647,,,,,,,,,,,,,,,,
81395712,,,,0.067439914,0.122798592,0.44704437255859375,10.769538879394531,35.23500105142593,0.014774131588637829,0.2509649693965912,0.00017810304,9.546676397323608,0.2,0.8980317413806915,-0.06057777887908742,5010,202.21875,0.6041666666666666,-108.98928177212662
81395712,621,22318,3647,,,,,,,,,,,,,,,,
81526784,,,,0.059315216,0.1226740736,0.45397491455078126,13.866222381591797,39.519783318042755,0.014772286638617516,0.2539212703704834,0.00017790643199999998,9.509399008750915,0.2,0.8949927091598511,-0.05845026812457945,5015,214.16666666666666,0.625,-113.38115154506556
81526784,622,22354,3647,,,,,,,,,,,,,,,,
81657856,,,,0.06628343,0.1225495552,0.4572265625,14.116782188415527,42.18103039264679,0.014770660549402237,0.25778132677078247,0.000177709824,9.511699044704438,0.2,0.8978955820202827,-0.06340682634618133,5020,216.65625,0.625,-107.86827792557021
81657856,623,22389,3647,,,,,,,,,,,,,,,,
81788928,,,,0.06275301,0.1224250368,0.43756561279296874,14.376604080200195,38.375486850738525,0.014770767651498318,0.25506091117858887,0.000177513216,9.638575226068497,0.2,0.9024533107876778,-0.060297424733289515,5025,196.79166666666666,0.6041666666666666,-106.06135071312634
81788928,624,22424,3647,,,,,,,,,,,,,,,,
81920000,,,,0.06619553,0.12230051839999997,0.4431793212890625,17.20100212097168,41.58486546278,0.01476974319666624,0.259601891040802,0.00017731660799999996,9.570288187265396,0.2,0.8963490501046181,-0.06036006778304,5030,204.88541666666666,0.6145833333333334,-106.30650122962136
81920000,625,22459,3647,,,,,,,,,,,,,,,,
82051072,,,,0.05581341,0.122176,0.4216644287109375,15.711939811706543,41.422542452812195,0.01476789265871048,0.25609320402145386,0.00017711999999999998,9.568636220693588,0.2,0.8907185345888138,-0.05872882982948795,5035,220.71875,0.5729166666666666,-112.72444887758127
82051072,626,22496,3647,,,,,,,,,,,,,,,,
82182144,,,,0.061554417,0.12205148159999998,0.45138397216796877,15.651951789855957,40.84823566675186,0.014769276604056358,0.25758102536201477,0.00017692339199999995,9.55665763616562,0.2,0.8963561579585075,-0.06011367957253242,5040,194.77083333333334,0.6875,-97.34384841172378
82182144,627,22531,3647,,,,,,,,,,,,,,,,
82313216,,,,0.059388645,0.1219269632,0.4564117431640625,15.003371238708496,39.89472366571427,0.014770206063985825,0.24443930387496948,0.000176726784,9.557266098260879,0.2,0.8901834487915039,-0.061968132668698675,5045,212.9375,0.6354166666666666,-104.40534471384342
82313216,628,22568,3647,,,,,,,,,,,,,,,,
82444288,,,,0.06472958,0.12180244479999998,0.44204559326171877,14.839141845703125,41.04341504573822,0.014770904555916786,0.23880767822265625,0.00017653017599999997,9.477163296937942,0.2,0.8942773938179016,-0.061533581643016075,5050,198.25,0.6666666666666666,-97.88053292695689
82444288,629,22603,3647,,,,,,,,,,,,,,,,
82575360,,,,0.069187626,0.12167792640000001,0.47985382080078126,13.89738941192627,38.15654594898224,0.014772845432162285,0.2474837750196457,0.00017633356800000001,9.505417084693908,0.2,0.9003567770123482,-0.05993520331976469,5055,193.58333333333334,0.6875,-101.11184878203126
82575360,630,22639,3647,,,,,,,,,,,,,,,,
82706432,,,,0.075213015,0.12155340799999999,0.5001815795898438,14.186580657958984,37.4865077495575,0.014774484559893608,0.24684076011180878,0.00017613695999999998,9.572208547592163,0.2,0.8999273777008057,-0.06103934182610828,5060,220.71875,0.5729166666666666,-112.95603131294162
82706432,631,22675,3647,,,,,,,,,,,,,,,,
82837504,,,,0.07271336,0.1214288896,0.45494384765625,13.920988082885742,36.335049498081204,0.01477758213877678,0.25148236751556396,0.000175940352,9.471018803119659,0.2,0.9047472849488258,-0.06151564753381535,5065,215.66666666666666,0.6354166666666666,-106.91824795748296
82837504,632,22711,3647,,,,,,,,,,,,,,,,
82968576,,,,0.06328997,0.1213043712,0.45087127685546874,11.266366004943848,31.14064644575119,0.014774268493056297,0.2529498040676117,0.00017574374399999997,9.594527900218964,0.2,0.9158287197351456,-0.06121490632358473,5070,201.41666666666666,0.625,-104.02111160031053
82968576,633,22749,3647,,,,,,,,,,,,,,,,
83099648,,,,0.061297886,0.12117985279999999,0.46141357421875,14.916260719299316,37.862328016757964,0.014773774892091751,0.2529166638851166,0.000175547136,9.472673338651656,0.2,0.9036766514182091,-0.06166611056542024,5075,212.89583333333334,0.6145833333333334,-106.48998630482845
83099648,634,22785,3647,,,,,,,,,,,,,,,,
83230720,,,,0.063659355,0.12105533439999999,0.44991455078125,16.926677703857422,38.81409264802933,0.01477106474339962,0.2587572932243347,0.00017535052799999998,9.460692721605302,0.2,0.8999825492501259,-0.05985720769967884,5080,198.65625,0.6979166666666666,-94.82495748867483
83230720,635,22820,3647,,,,,,,,,,,,,,,,
83361792,,,,0.061610065,0.120930816,0.4555633544921875,15.757288932800293,41.846095335483554,0.014768999069929123,0.2639392912387848,0.00017515391999999998,9.537462508678436,0.2,0.8956435695290565,-0.062110373642644844,5085,216.6875,0.5625,-117.4846486435858
83361792,636,22856,3647,,,,,,,,,,,,,,,,
83492864,,,,0.06342538,0.1208062976,0.4605194091796875,12.053155899047852,34.5654457449913,0.014771737158298492,0.24040183424949646,0.00017495731199999997,9.526078385114669,0.2,0.9082994014024734,-0.06039571469300427,5090,187.17708333333334,0.6770833333333334,-97.86067795812448
83492864,637,22891,3647,,,,,,,,,,,,,,,,
83623936,,,,0.061253212,0.12068177919999999,0.43744049072265623,13.943033218383789,39.08576672077179,0.014771251007914543,0.24188587069511414,0.000174760704,9.470227265357972,0.2,0.9044817388057709,-0.05684369803639129,5095,190.88541666666666,0.71875,-92.84538516471969
83623936,638,22927,3647,,,,,,,,,,,,,,,,
83755008,,,,0.066292234,0.1205572608,0.46283721923828125,12.167630195617676,34.95492382049561,0.01476998906582594,0.24482998251914978,0.000174564096,9.58977918624878,0.2,0.9068048074841499,-0.06299406060425099,5100,213.30208333333334,0.5520833333333334,-118.64763469188689
83755008,639,22962,3647,,,,,,,,,,,,,,,,
83886080,,,,0.072747506,0.1204327424,0.47169189453125,11.532158851623535,34.33413035869599,0.014769191853702068,0.2326934039592743,0.00017436748799999998,9.567976313829423,0.2,0.9014000371098518,-0.061266333012463293,5105,194.38541666666666,0.6770833333333334,-102.37700234817432
83886080,640,22999,3647,,,,,,,,,,,,,,,,
84017152,,,,0.0652641,0.120308224,0.45546417236328124,9.141310691833496,32.04174222946167,0.014764988794922829,0.23760491609573364,0.00017417088,9.497286707162857,0.2,0.916182242333889,-0.06202522907551611,5110,193.67708333333334,0.7083333333333334,-100.08658210334414
84017152,641,23035,3647,,,,,,,,,,,,,,,,
84148224,,,,0.060173117,0.1201837056,0.44090728759765624,11.72791862487793,36.90282915830612,0.014765007421374321,0.2397661805152893,0.000173974272,9.58632185459137,0.2,0.9014789685606956,-0.055037811031797904,5115,187.02083333333334,0.6875,-92.98408581753148
84148224,642,23069,3647,,,,,,,,,,,,,,,,
84279296,,,,0.059798907,0.1200591872,0.45080108642578126,13.888482093811035,38.52297766208649,0.014762764796614647,0.2569085657596588,0.000173777664,9.548631727695465,0.2,0.9052945673465729,-0.06114676984143443,5120,202.58333333333334,0.6458333333333334,-103.70081487079062
84279296,643,23106,3647,,,,,,,,,,,,,,,,
84410368,,,,0.06511656,0.11993466879999998,0.45612030029296874,14.73780345916748,37.16388189792633,0.014763294719159603,0.24156665802001953,0.00017358105599999996,9.579192674160003,0.2,0.9108256250619888,-0.0604946143226698,5125,215.83333333333334,0.6041666666666666,-107.39363975707572
84410368,644,23142,3647,,,,,,,,,,,,,,,,
84541440,,,,0.065546185,0.11981015040000001,0.443634033203125,16.117521286010742,43.7017686009407,0.014756656251847744,0.2668916881084442,0.000173384448,9.582832503318787,0.2,0.9007962942123413,-0.06040919119841419,5130,183.29166666666666,0.71875,-93.54606194815146
84541440,645,23176,3647,,,,,,,,,,,,,,,,
84672512,,,,0.056089398,0.11968563199999999,0.4467987060546875,17.34340476989746,44.71591891050339,0.014753858558833599,0.26989293098449707,0.00017318783999999997,9.526500678062439,0.2,0.9012997522950172,-0.06067219766264316,5135,215.03125,0.6354166666666666,-112.06823920098998
84672512,646,23213,3647,,,,,,,,,,,,,,,,
84803584,,,,0.07128182,0.1195611136,0.464453125,15.067071914672852,42.40535804033279,0.014754265546798706,0.2650943398475647,0.000172991232,9.526653802394867,0.2,0.8955003470182419,-0.059924326928739904,5140,183.36458333333334,0.7604166666666666,-87.3399916972943
84803584,647,23248,3647,,,,,,,,,,,,,,,,
84934656,,,,0.058683835,0.11943659519999998,0.432464599609375,14.542584419250488,37.83515739440918,0.014751952141523361,0.2528674006462097,0.00017279462399999996,9.562887322902679,0.2,0.9073348939418793,-0.06037075635395013,5145,194.28125,0.75,-93.65611971991041
84934656,648,23284,3647,,,,,,,,,,,,,,,,
85065728,,,,0.06998871,0.11931207680000001,0.4581634521484375,12.302077293395996,33.598117804527284,0.014754801988601685,0.25258275866508484,0.000172598016,9.599635726213455,0.2,0.9060748890042305,-0.05842794165364466,5150,196.60416666666666,0.6875,-94.22284846297583
85065728,649,23321,3647,,,,,,,,,,,,,,,,
85196800,,,,0.060412697,0.11918755839999999,0.44503173828125,14.19839096069336,35.8248361825943,0.014754345640540123,0.2519245743751526,0.00017240140799999997,9.56666265130043,0.2,0.9086325839161873,-0.06106429147184826,5155,195.01041666666666,0.6875,-94.82475419446492
85196800,650,23356,3647,,,,,,,,,,,,,,,,
85327872,,,,0.060341023,0.11906304000000001,0.45158233642578127,14.12935733795166,37.06074850559234,0.014752848073840141,0.2541705071926117,0.00017220480000000002,9.61322130560875,0.2,0.9069100841879845,-0.05991298886365257,5160,212.45833333333334,0.6458333333333334,-104.5052064487606
85327872,651,23392,3647,,,,,,,,,,,,,,,,
85458944,,,,0.063204646,0.11893852159999999,0.44561614990234377,11.706107139587402,31.056176459789278,0.014750092290341854,0.24469396471977234,0.000172008192,9.543594944477082,0.2,0.9155048429965973,-0.06174848263326567,5165,214.29166666666666,0.6458333333333334,-105.82066854397334
85458944,652,23430,3647,,,,,,,,,,,,,,,,
85590016,,,,0.056031954,0.11881400319999999,0.426580810546875,13.15278434753418,34.99692393541336,0.014749973081052303,0.2469070553779602,0.00017181158399999998,9.652505105733871,0.2,0.9073708429932594,-0.059156491230532994,5170,201.29166666666666,0.6458333333333334,-106.93549633564312
85590016,653,23465,3647,,,,,,,,,,,,,,,,
85721088,,,,0.060327083,0.1186894848,0.44057159423828124,18.253549575805664,42.73823319673538,0.014746718108654022,0.2419835329055786,0.00017161497599999998,9.51575140953064,0.2,0.890822522342205,-0.06149570230045356,5175,212.29166666666666,0.6458333333333334,-111.51221648617121
85721088,654,23499,3647,,,,,,,,,,,,,,,,
85852160,,,,0.06421857,0.1185649664,0.439300537109375,12.978348731994629,36.25550674200058,0.01474483497440815,0.24512112140655518,0.00017141836799999997,9.597117632627487,0.2,0.9082886949181557,-0.06044178119918797,5180,217.69791666666666,0.6145833333333334,-110.42897102312077
85852160,655,23536,3647,,,,,,,,,,,,,,,,
85983232,,,,0.054813154,0.11844044799999999,0.42609100341796874,13.873162269592285,40.44718027114868,0.014745696447789669,0.2591949701309204,0.00017122176,9.486552852392197,0.2,0.902090035378933,-0.058016642194706945,5185,207.54166666666666,0.6145833333333334,-107.7831704784402
85983232,656,23573,3647,,,,,,,,,,,,,,,,
86114304,,,,0.066612884,0.1183159296,0.47286834716796877,13.806181907653809,37.62852302789688,0.014744582585990429,0.25771790742874146,0.00017102515199999999,9.670407152175903,0.2,0.9035396426916122,-0.06123254414414987,5190,198.20833333333334,0.6458333333333334,-102.79354086680026
86114304,657,23610,3647,,,,,,,,,,,,,,,,
86245376,,,,0.07317452,0.1181914112,0.4634063720703125,10.249065399169922,34.4867266535759,0.01473960094153881,0.2601209878921509,0.00017082854399999998,9.567489564418793,0.2,0.9073066785931587,-0.06251797739969334,5195,205.625,0.6145833333333334,-106.55191740719569
86245376,658,23645,3647,,,,,,,,,,,,,,,,
86376448,,,,0.060607582,0.1180668928,0.43609161376953126,17.583724975585938,44.984172713756564,0.014742824248969555,0.26579535007476807,0.000170631936,9.566089302301407,0.2,0.8928796201944351,-0.06079527674010023,5200,208.97916666666666,0.6666666666666666,-101.51956384647004
86376448,659,23679,3647,,,,,,,,,,,,,,,,
86507520,,,,0.064930126,0.11794237440000001,0.443267822265625,14.084816932678223,41.29355916976929,0.014737099409103394,0.2666797637939453,0.000170435328,9.594234335422517,0.2,0.9007416516542435,-0.058793256345234114,5205,185.30208333333334,0.7291666666666666,-87.20511082560057
86507520,660,23715,3647,,,,,,,,,,,,,,,,
86638592,,,,0.058133293,0.11781785599999998,0.435107421875,14.466767311096191,39.71234133243561,0.014736523851752281,0.2538864314556122,0.00017023871999999996,9.559620642662049,0.2,0.9024349674582481,-0.05936817862675525,5210,199.54166666666666,0.6770833333333334,-98.82413511726718
86638592,661,23750,3647,,,,,,,,,,,,,,,,
86769664,,,,0.059882224,0.1176933376,0.4451568603515625,12.03274154663086,35.021470558643344,0.014735270291566849,0.25608521699905396,0.000170042112,9.562845605611802,0.2,0.9112671166658401,-0.061296803562436254,5215,232.76041666666666,0.5416666666666666,-119.39629337467822
86769664,662,23786,3647,,,,,,,,,,,,,,,,
86900736,,,,0.06965547,0.11756881919999998,0.44777679443359375,10.27159309387207,32.99119125604629,0.014734305441379547,0.26355502009391785,0.00016984550399999998,9.59161348938942,0.2,0.912459097802639,-0.06324029145471285,5220,187.11458333333334,0.71875,-94.58722061933848
86900736,663,23821,3647,,,,,,,,,,,,,,,,
87031808,,,,0.077307954,0.11744430080000001,0.48170166015625,14.154082298278809,36.4317972779274,0.014732366427779198,0.2687143087387085,0.000169648896,9.538798016309737,0.2,0.9063853845000267,-0.06200028480088804,5225,207.75,0.6666666666666666,-103.68626950333173
87031808,664,23856,3648,,,,,,,,,,,,,,,,
87162880,,,,0.07070741,0.11731978239999999,0.4811065673828125,13.379167556762695,37.88347945213318,0.014736096374690533,0.2579610347747803,0.00016945228799999996,9.691511821746825,0.2,0.8991122841835022,-0.06165419051249046,5230,204.70833333333334,0.6666666666666666,-100.56394289434286
87162880,665,23892,3648,,,,,,,,,,,,,,,,
87293952,,,,0.06309315,0.11719526400000001,0.44120635986328127,11.710456848144531,38.2700333237648,0.014738979749381542,0.26124557852745056,0.00016925568,9.511798304319381,0.2,0.8969818875193596,-0.06056384097028058,5235,206.98958333333334,0.6770833333333334,-104.54587582902712
87293952,666,23929,3647,,,,,,,,,,,,,,,,
87425024,,,,0.064565614,0.11707074559999998,0.460198974609375,13.322928428649902,38.879505288600924,0.014737142249941826,0.2652791142463684,0.00016905907199999998,9.62749179005623,0.2,0.8941358774900436,-0.06247483311017277,5240,210.6875,0.625,-106.29731521351486
87425024,667,23964,3648,,,,,,,,,,,,,,,,
87556096,,,,0.06483011,0.11694622720000002,0.458111572265625,13.22059440612793,37.4830421090126,0.014733605086803436,0.258484423160553,0.000168862464,9.545130085945129,0.2,0.9010731130838394,-0.06238186937043792,5245,206.9375,0.65625,-102.07556577710348
87556096,668,24001,3647,,,,,,,,,,,,,,,,
87687168,,,,0.06357664,0.1168217088,0.46707000732421877,16.616060256958008,37.19334292411804,0.014730426482856274,0.2747578024864197,0.00016866585599999997,9.615097254514694,0.2,0.9008408188819885,-0.060066030081361535,5250,185.91666666666666,0.7291666666666666,-93.96359158851271
87687168,669,24037,3647,,,,,,,,,,,,,,,,
87818240,,,,0.06899927,0.1166971904,0.4508087158203125,13.016119003295898,37.37032437324524,0.014729505404829979,0.27686789631843567,0.000168469248,9.59364298582077,0.2,0.8959289416670799,-0.06322854203172028,5255,205.35416666666666,0.625,-103.9895554240094
87818240,670,24073,3647,,,,,,,,,,,,,,,,
87949312,,,,0.053845584,0.11657267199999999,0.44535980224609373,14.974666595458984,41.18780699968338,0.014726327732205391,0.278390496969223,0.00016827263999999998,9.628550618886948,0.2,0.8957273289561272,-0.06264593279338442,5260,207.52083333333334,0.6770833333333334,-100.48905479180763
87949312,671,24109,3647,,,,,,,,,,,,,,,,
88080384,,,,0.055956647,0.11644815359999999,0.45180816650390626,12.610713958740234,35.87840678691864,0.014727665111422539,0.26602017879486084,0.00016807603199999998,9.629772180318833,0.2,0.9053637236356735,-0.06272211908217287,5265,215.45833333333334,0.6354166666666666,-107.71212616819788
88080384,672,24145,3647,,,,,,,,,,,,,,,,
88211456,,,,0.061815903,0.1163236352,0.4357513427734375,13.242457389831543,41.63798241615295,0.014730727300047874,0.2725217342376709,0.000167879424,9.510888624191285,0.2,0.8968082740902901,-0.06067441681807395,5270,203.0,0.6354166666666666,-105.72974516613466
88211456,673,24182,3647,,,,,,,,,,,,,,,,
88342528,,,,0.07035594,0.1161991168,0.45654144287109377,14.933147430419922,41.096262097358704,0.014731611125171185,0.2777569890022278,0.000167682816,9.62754442691803,0.2,0.89666498452425,-0.06009994227497373,5275,214.83333333333334,0.6145833333333334,-109.19175322479056
88342528,674,24218,3647,,,,,,,,,,,,,,,,
88473600,,,,0.06607358,0.11607459839999999,0.454986572265625,17.406301498413086,40.077811253070834,0.0147310895845294,0.2731539011001587,0.00016748620799999998,9.598313599824905,0.2,0.9019187018275261,-0.05936810925486498,5280,178.0,0.7708333333333334,-85.04420607228717
88473600,675,24252,3647,,,,,,,,,,,,,,,,
88604672,,,,0.061637305,0.11595008,0.45553436279296877,11.946717262268066,35.97446601390838,0.014728758484125137,0.27412766218185425,0.00016728959999999998,9.573435896635056,0.2,0.8996695652604103,-0.061241256806533785,5285,197.95833333333334,0.6770833333333334,-99.99477740517894
88604672,676,24289,3647,,,,,,,,,,,,,,,,
88735744,,,,0.06558189,0.1158255616,0.45084381103515625,12.966853141784668,35.648816394805905,0.014733689837157726,0.2721940875053406,0.000167092992,9.612638020515442,0.2,0.9052216187119484,-0.06006975017953664,5290,195.77083333333334,0.6979166666666666,-99.55597409094575
88735744,677,24324,3647,,,,,,,,,,,,,,,,
88866816,,,,0.06889045,0.11570104319999998,0.44554595947265624,16.815263748168945,42.57009003162384,0.014731494709849358,0.2751161456108093,0.00016689638399999997,9.570199686288834,0.2,0.8864675015211105,-0.05937402598792687,5295,190.02083333333334,0.6979166666666666,-98.98911231414111
88866816,678,24359,3648,,,,,,,,,,,,,,,,
88997888,,,,0.06730138,0.1155765248,0.45671539306640624,12.397454261779785,37.269191360473634,0.014732788316905499,0.27454525232315063,0.000166699776,9.626862490177155,0.2,0.908096045255661,-0.06223836409917567,5300,212.89583333333334,0.5833333333333334,-113.30026189297962
88997888,679,24395,3648,,,,,,,,,,,,,,,,
89128960,,,,0.067408204,0.11545200639999999,0.44191436767578124,15.093475341796875,40.64314217567444,0.014732113108038902,0.2762918472290039,0.00016650316799999995,9.52369384765625,0.2,0.9018406793475151,-0.058543760457541796,5305,191.29166666666666,0.7083333333333334,-98.5215250222027
89128960,680,24431,3648,,,,,,,,,,,,,,,,
89260032,,,,0.06277618,0.115327488,0.4227752685546875,13.327012062072754,40.27945271730423,0.01473391056060791,0.26152491569519043,0.00016630656,9.625223821401596,0.2,0.9027329087257385,-0.05740729050448863,5310,215.25,0.59375,-114.71216693506472
89260032,681,24465,3648,,,,,,,,,,,,,,,,
89391104,,,,0.060464814,0.11520296959999998,0.45081634521484376,12.532426834106445,37.25496860742569,0.01473573874682188,0.26905715465545654,0.00016610995199999997,9.603949385881425,0.2,0.9023225530982018,-0.06091986012615962,5315,219.58333333333334,0.5833333333333334,-111.36869222261726
89391104,682,24503,3648,,,,,,,,,,,,,,,,
89522176,,,,0.058944248,0.1150784512,0.45922393798828126,16.764963150024414,42.774893689155576,0.014737925492227077,0.27026867866516113,0.00016591334400000002,9.602692371606826,0.2,0.9013994932174683,-0.05893569900363218,5320,219.11458333333334,0.59375,-113.553865025761
89522176,683,24539,3648,,,,,,,,,,,,,,,,
89653248,,,,0.058383334,0.11495393279999999,0.46092376708984373,13.116305351257324,37.9220804810524,0.014736100099980831,0.27145445346832275,0.00016571673599999998,9.598924547433853,0.2,0.9101742953062057,-0.06233494768384844,5325,203.71875,0.625,-107.07298581827324
89653248,684,24575,3648,,,,,,,,,,,,,,,,
89784320,,,,0.06289802,0.11482941440000001,0.431298828125,16.17845916748047,37.59956741333008,0.014728143811225891,0.26658543944358826,0.000165520128,9.552813017368317,0.2,0.9037057682871819,-0.05925039108842611,5330,203.5,0.65625,-98.13892812814326
89784320,685,24612,3647,,,,,,,,,,,,,,,,
89915392,,,,0.06449455,0.11470489599999999,0.45978851318359376,16.146923065185547,36.82810802459717,0.014729984104633331,0.2812183201313019,0.00016532351999999997,9.534917026758194,0.2,0.9056512862443924,-0.0609937293920666,5335,218.92708333333334,0.6354166666666666,-108.3267036564064
89915392,686,24648,3647,,,,,,,,,,,,,,,,
90046464,,,,0.071246445,0.11458037759999999,0.45270843505859376,14.412149429321289,35.214111471176146,0.014732321724295616,0.26796314120292664,0.00016512691199999997,9.561755824089051,0.2,0.9139048606157303,-0.06091528657852905,5340,217.91666666666666,0.5729166666666666,-117.79046161322232
90046464,687,24683,3648,,,,,,,,,,,,,,,,
90177536,,,,0.056897916,0.1144558592,0.456829833984375,12.97000503540039,37.459622061252595,0.014733708463609219,0.2784487009048462,0.00016493030399999999,9.62251752614975,0.2,0.9058095589280128,-0.05974870334030129,5345,201.61458333333334,0.6770833333333334,-97.95074411928299
90177536,688,24720,3647,,,,,,,,,,,,,,,,
90308608,,,,0.063802905,0.1143313408,0.45399932861328124,11.901168823242188,34.71383208036423,0.014734728261828423,0.271664559841156,0.00016473369599999998,9.529694557189941,0.2,0.9149623066186905,-0.06392340319725917,5350,200.41666666666666,0.59375,-106.7099516274044
90308608,689,24756,3647,,,,,,,,,,,,,,,,
90439680,,,,0.07386747,0.11420682239999999,0.437823486328125,15.993035316467285,39.9070984005928,0.014731038361787796,0.2854229807853699,0.00016453708799999997,9.616212040185928,0.2,0.9027029946446419,-0.05868968545837561,5355,205.91666666666666,0.5833333333333334,-113.71403928805707
90439680,690,24792,3647,,,,,,,,,,,,,,,,
90570752,,,,0.06396647,0.114082304,0.4489410400390625,15.267993927001953,37.49440462589264,0.014735469594597816,0.2653106451034546,0.00016434048,9.507014417648316,0.2,0.8998558223247528,-0.06158153985743411,5360,219.23958333333334,0.6041666666666666,-106.43333806798371
90570752,691,24829,3647,,,,,,,,,,,,,,,,
90701824,,,,0.06101629,0.1139577856,0.44900360107421877,13.885077476501465,38.1941456079483,0.014734013006091118,0.266274094581604,0.000164143872,9.4995767891407,0.2,0.903511069715023,-0.05980989596428117,5365,226.16666666666666,0.5625,-115.93462688827505
90701824,692,24864,3647,,,,,,,,,,,,,,,,
90832896,,,,0.06372276,0.1138332672,0.43673095703125,15.741268157958984,43.03676406145096,0.014729904942214489,0.2727111279964447,0.00016394726399999998,9.599319911003112,0.2,0.8891082555055618,-0.056677155912620944,5370,202.28125,0.65625,-102.94242355278998
90832896,693,24899,3648,,,,,,,,,,,,,,,,
90963968,,,,0.070629746,0.1137087488,0.4686492919921875,14.04396915435791,35.46995500326157,0.01473347470164299,0.27564430236816406,0.000163750656,9.568446636199951,0.2,0.9178526401519775,-0.060310543040395716,5375,209.84375,0.6041666666666666,-107.00932696046453
90963968,694,24935,3648,,,,,,,,,,,,,,,,
91095040,,,,0.06203556,0.1135842304,0.447833251953125,14.192065238952637,35.28776468038559,0.014736487530171871,0.2658799886703491,0.000163554048,9.578320634365081,0.2,0.9138550758361816,-0.05809917209408013,5380,202.82291666666666,0.65625,-96.32046269452358
91095040,695,24971,3648,,,,,,,,,,,,,,,,
91226112,,,,0.06584712,0.113459712,0.44688262939453127,14.519174575805664,37.064676427841185,0.014734189957380295,0.2866247296333313,0.00016335744,9.604207247495651,0.2,0.9030439630150795,-0.06131578640488442,5385,213.75,0.6354166666666666,-107.99935253386201
91226112,696,25008,3647,,,,,,,,,,,,,,,,
91357184,,,,0.06187632,0.11333519359999998,0.44840240478515625,14.253180503845215,37.71741645336151,0.014731435105204582,0.2627292275428772,0.00016316083199999996,9.655006277561188,0.2,0.8957914784550667,-0.05957727728527971,5390,201.67708333333334,0.6458333333333334,-102.46291899763139
91357184,697,25044,3647,,,,,,,,,,,,,,,,
91488256,,,,0.066063106,0.1132106752,0.45922698974609377,11.71246337890625,34.33569833040237,0.014733448624610901,0.2702007293701172,0.000162964224,9.610198301076888,0.2,0.9089082852005959,-0.06422594670584658,5395,197.79166666666666,0.625,-103.21886138437496
91488256,698,25081,3647,,,,,,,,,,,,,,,,
91619328,,,,0.061778594,0.11308615679999999,0.45189208984375,9.970002174377441,37.12277232408523,0.014729778282344341,0.2605517506599426,0.00016276761599999997,9.572640937566756,0.2,0.9002723544836044,-0.05881546777090989,5400,215.09375,0.6354166666666666,-105.473501376459
91619328,699,25118,3647,,,,,,,,,,,,,,,,
91750400,,,,0.062118452,0.11296163840000001,0.43130340576171877,14.640074729919434,35.16931217908859,0.01472502015531063,0.27581703662872314,0.000162571008,9.552991259098054,0.2,0.9111175462603569,-0.05839165575889638,5405,206.67708333333334,0.6666666666666666,-104.33028382767368
91750400,700,25153,3647,,,,,,,,,,,,,,,,
91881472,,,,0.05715536,0.11283711999999999,0.4274871826171875,14.115466117858887,43.022849106788634,0.014721355400979519,0.28069406747817993,0.00016237439999999996,9.531507110595703,0.2,0.8920804858207703,-0.059144425694830714,5410,208.91666666666666,0.65625,-102.55912062213656
91881472,701,25189,3647,,,,,,,,,,,,,,,,
92012544,,,,0.05371378,0.1127126016,0.41569976806640624,13.167007446289062,39.93643451929093,0.014720698818564415,0.2753218710422516,0.000162177792,9.57896597981453,0.2,0.8915957510471344,-0.05906953101512045,5415,211.02083333333334,0.6354166666666666,-101.4321490655927
92012544,702,25226,3647,,,,,,,,,,,,,,,,
92143616,,,,0.064062044,0.1125880832,0.4487091064453125,14.610865592956543,42.31195741891861,0.014720283448696136,0.2743757963180542,0.00016198118399999998,9.64305185675621,0.2,0.8948147371411324,-0.061065782833611595,5420,212.4375,0.6458333333333334,-105.09362107996033
92143616,703,25262,3647,,,,,,,,,,,,,,,,
92274688,,,,0.066869564,0.11246356480000001,0.46367645263671875,13.05958366394043,35.53895418643951,0.014720495790243149,0.2745662331581116,0.000161784576,9.587109011411666,0.2,0.9077406674623489,-0.060544763212965334,5425,217.96875,0.6041666666666666,-110.5412246797838
92274688,704,25299,3647,,,,,,,,,,,,,,,,
92405760,,,,0.0560335,0.11233904639999999,0.4464569091796875,14.96105670928955,41.226571929454806,0.014723493717610836,0.2838963270187378,0.000161587968,9.569284170866013,0.2,0.8982008099555969,-0.061921744846040384,5430,196.01041666666666,0.6770833333333334,-98.65882004050123
92405760,705,25335,3647,,,,,,,,,,,,,,,,
92536832,,,,0.058346048,0.112214528,0.44277801513671877,12.148731231689453,37.07546212673187,0.01472841203212738,0.2840906083583832,0.00016139135999999998,9.587719786167145,0.2,0.9078710526227951,-0.06010438766243169,5435,201.52083333333334,0.6666666666666666,-100.94194444738912
92536832,706,25372,3647,,,,,,,,,,,,,,,,
92667904,,,,0.06517495,0.1120900096,0.44896392822265624,15.34878921508789,45.05431958436966,0.014732157811522484,0.2761991024017334,0.00016119475199999998,9.608856028318405,0.2,0.8922520503401756,-0.056313038808002605,5440,198.94791666666666,0.6770833333333334,-103.39318287576498
92667904,707,25408,3647,,,,,,,,,,,,,,,,
92798976,,,,0.05334448,0.11196549119999999,0.4325439453125,15.705971717834473,42.73572866916656,0.014733603224158287,0.27610617876052856,0.00016099814399999997,9.595751994848252,0.2,0.8823287859559059,-0.060408773805829694,5445,222.98958333333334,0.5729166666666666,-116.17535631153805
92798976,708,25444,3647,,,,,,,,,,,,,,,,
92930048,,,,0.059179496,0.1118409728,0.43556365966796873,16.408479690551758,40.40950212478638,0.014732031151652336,0.2699308395385742,0.000160801536,9.671861112117767,0.2,0.8926403522491455,-0.05762491089117248,5450,207.32291666666666,0.6979166666666666,-99.8340954750354
92930048,709,25481,3646,,,,,,,,,,,,,,,,
93061120,,,,0.059526302,0.1117164544,0.44504241943359374,14.248878479003906,41.66322990655899,0.014729848131537437,0.28892213106155396,0.000160604928,9.56621281504631,0.2,0.8875755295157433,-0.059291355061577636,5455,192.57291666666666,0.7083333333333334,-99.66130858161387
93061120,710,25516,3647,,,,,,,,,,,,,,,,
93192192,,,,0.06486605,0.111591936,0.43592071533203125,13.306654930114746,36.51032334566116,0.014732185751199722,0.29102981090545654,0.00016040831999999998,9.59910191297531,0.2,0.9027696028351784,-0.058124185921042223,5460,172.80208333333334,0.7395833333333334,-92.50595021331368
93192192,711,25551,3647,,,,,,,,,,,,,,,,
93323264,,,,0.06902449,0.1114674176,0.464788818359375,13.905732154846191,39.20637390613556,0.01473172940313816,0.28489696979522705,0.000160211712,9.571397966146469,0.2,0.8967682719230652,-0.060424129199236634,5465,198.17708333333334,0.6979166666666666,-96.57689409484983
93323264,712,25587,3647,,,,,,,,,,,,,,,,
93454336,,,,0.05867441,0.1113428992,0.44693756103515625,13.5995512008667,36.358556389808655,0.014729942195117474,0.28218334913253784,0.000160015104,9.598307025432586,0.2,0.9069918394088745,-0.0597385235450929,5470,220.07291666666666,0.5833333333333334,-110.88464427664833
93454336,713,25624,3647,,,,,,,,,,,,,,,,
93585408,,,,0.08105977,0.11121838079999997,0.45372467041015624,11.862257957458496,31.315495228767396,0.014727409929037094,0.2742311358451843,0.00015981849599999996,9.611913329362869,0.2,0.916518323123455,-0.0577243373489182,5475,228.07291666666666,0.5625,-114.935475060103
93585408,714,25661,3646,,,,,,,,,,,,,,,,
93716480,,,,0.062005237,0.1110938624,0.43219451904296874,16.324993133544922,41.41620143651962,0.014725413173437119,0.2916443347930908,0.000159621888,9.589600032567978,0.2,0.895835317671299,-0.05879541309113847,5480,190.32291666666666,0.6770833333333334,-98.06156854115265
93716480,715,25695,3647,,,,,,,,,,,,,,,,
93847552,,,,0.056162827,0.11096934399999998,0.4466796875,15.435176849365234,39.41603806018829,0.014724637381732464,0.2938860356807709,0.00015942527999999998,9.525392150878906,0.2,0.9038797095417976,-0.05823830592562444,5485,206.46875,0.6354166666666666,-105.57293498515203
93847552,716,25732,3647,,,,,,,,,,,,,,,,
93978624,,,,0.058404252,0.1108448256,0.43949127197265625,13.652695655822754,30.118854236602782,0.014722372405230999,0.30032631754875183,0.000159228672,9.615395367145538,0.2,0.9238686189055443,-0.06428916822187603,5490,210.70833333333334,0.625,-106.3211596121571
93978624,717,25769,3646,,,,,,,,,,,,,,,,
94109696,,,,0.06539248,0.11072030719999999,0.4405059814453125,12.658391952514648,36.82301505804062,0.014723679050803185,0.2901650071144104,0.00015903206399999997,9.618955951929092,0.2,0.901942789554596,-0.0591854484853684,5495,231.82291666666666,0.5833333333333334,-115.75250764685843
94109696,718,25805,3646,,,,,,,,,,,,,,,,
94240768,,,,0.055544734,0.11059578880000001,0.4484161376953125,16.3437442779541,35.80357360839844,0.014724140986800194,0.2899499833583832,0.00015883545600000001,9.597855114936829,0.2,0.9067633375525475,-0.05735364267020486,5500,188.29166666666666,0.7083333333333334,-94.047197956625
94240768,719,25841,3646,,,,,,,,,,,,,,,,
94371840,,,,0.05875745,0.11047127039999999,0.44481658935546875,17.32871437072754,40.974799680709836,0.01472819596529007,0.29017016291618347,0.00015863884799999998,9.603070479631423,0.2,0.8949535712599754,-0.061180784041061996,5505,205.20833333333334,0.6458333333333334,-105.63623703363568
94371840,720,25876,3646,,,,,,,,,,,,,,,,
94502912,,,,0.055497184,0.110346752,0.42105865478515625,14.68437671661377,38.25876362323761,0.014724950306117535,0.28078699111938477,0.00015844224,9.578712499141693,0.2,0.9006083831191063,-0.059506784641416746,5510,218.02083333333334,0.5833333333333334,-110.9854306385581
94502912,721,25913,3646,,,,,,,,,,,,,,,,
94633984,,,,0.05316025,0.1102222336,0.42923583984375,18.260133743286133,46.25485411882401,0.014718863181769848,0.2892795205116272,0.00015824563199999997,9.56746398806572,0.2,0.8862029388546944,-0.05794092938594986,5515,231.01041666666666,0.6041666666666666,-107.86603560946612
94633984,722,25950,3646,,,,,,,,,,,,,,,,
94765056,,,,0.057314694,0.11009771519999999,0.44080047607421874,11.844944953918457,36.45102447271347,0.014716697856783867,0.27858051657676697,0.000158049024,9.639867001771927,0.2,0.9034018367528915,-0.0603011156017601,5520,224.88541666666666,0.5729166666666666,-117.09261509559019
94765056,723,25985,3646,,,,,,,,,,,,,,,,
94896128,,,,0.06031226,0.10997319679999999,0.45263671875,11.810476303100586,34.667313146591184,0.01472262479364872,0.2854498624801636,0.00015785241599999998,9.566010916233063,0.2,0.9089090973138809,-0.059609306658967395,5525,197.5625,0.6770833333333334,-94.88641158825521
94896128,724,26021,3646,,,,,,,,,,,,,,,,
95027200,,,,0.06467085,0.1098486784,0.44656829833984374,12.17535400390625,32.855884075164795,0.014724114909768105,0.27758580446243286,0.00015765580799999998,9.639969849586487,0.2,0.9167719185352325,-0.06255224354681559,5530,215.45833333333334,0.6458333333333334,-100.74581496027281
95027200,725,26058,3646,,,,,,,,,,,,,,,,
95158272,,,,0.05961564,0.10972416,0.42863922119140624,15.12710189819336,38.51513571739197,0.014725519344210625,0.27478015422821045,0.0001574592,9.500249862670898,0.2,0.8951535895466805,-0.05783209824294318,5535,210.76041666666666,0.5625,-118.72325271970176
95158272,726,26095,3646,,,,,,,,,,,,,,,,
95289344,,,,0.05911296,0.10959964159999999,0.4561614990234375,15.935519218444824,41.268494284152986,0.014722823165357113,0.2804703116416931,0.000157262592,9.520066690444946,0.2,0.8949953019618988,-0.05987708945758641,5540,196.4375,0.6875,-102.31955516985022
95289344,727,26130,3646,,,,,,,,,,,,,,,,
95420416,,,,0.056649357,0.1094751232,0.44408416748046875,15.244656562805176,40.47214983701706,0.014722189866006374,0.28045228123664856,0.00015706598399999999,9.507472002506256,0.2,0.8980904966592789,-0.0603698171544238,5545,218.375,0.5833333333333334,-112.49149208318573
95420416,728,26167,3646,,,,,,,,,,,,,,,,
95551488,,,,0.057578243,0.1093506048,0.42242584228515623,13.291243553161621,37.843765306472775,0.01472249161452055,0.27013662457466125,0.00015686937599999998,9.491211158037185,0.2,0.9066029638051987,-0.060465240085613915,5550,209.48958333333334,0.6666666666666666,-102.69858037051347
95551488,729,26203,3646,,,,,,,,,,,,,,,,
95682560,,,,0.059804812,0.1092260864,0.4408905029296875,14.057258605957031,35.968448674678804,0.014718758873641491,0.2775399386882782,0.000156672768,9.616016066074371,0.2,0.9099562019109726,-0.0561741604906274,5555,205.27083333333334,0.6666666666666666,-103.65530054528796
95682560,730,26238,3646,,,,,,,,,,,,,,,,
95813632,,,,0.059676267,0.10910156799999998,0.44093170166015627,16.716283798217773,39.98698614835739,0.014721689745783806,0.28443944454193115,0.00015647615999999997,9.571892088651657,0.2,0.9066681116819382,-0.059141273489512966,5560,192.90625,0.6979166666666666,-99.03706052781068
95813632,731,26273,3646,,,,,,,,,,,,,,,,
95944704,,,,0.059177056,0.1089770496,0.4397430419921875,12.469736099243164,35.65193905830383,0.014717435464262962,0.27637147903442383,0.000156279552,9.62417367696762,0.2,0.9103166610002518,-0.05888898009434342,5565,219.5,0.59375,-107.59642067516614
95944704,732,26310,3646,,,,,,,,,,,,,,,,
96075776,,,,0.07013899,0.10885253119999998,0.44421539306640623,12.549360275268555,35.09770140647888,0.014708191156387329,0.29259786009788513,0.00015608294399999996,9.549911260604858,0.2,0.9141720607876778,-0.060278185360948554,5570,196.72916666666666,0.6458333333333334,-104.29902134315815
96075776,733,26346,3646,,,,,,,,,,,,,,,,
96206848,,,,0.065073594,0.10872801280000001,0.44288787841796873,12.21492862701416,36.81973457336426,0.014705486595630646,0.2850824296474457,0.000155886336,9.577455574274063,0.2,0.9117971956729889,-0.059941299763158894,5575,210.05208333333334,0.625,-105.9153368626673
96206848,734,26382,3646,,,,,,,,,,,,,,,,
96337920,,,,0.062229645,0.10860349439999999,0.45743865966796876,13.153018951416016,33.26965665817261,0.014691862277686596,0.2754831314086914,0.00015568972799999997,9.544922238588333,0.2,0.9192306622862816,-0.060324686844251116,5580,218.09375,0.5729166666666666,-112.55285571499518
96337920,735,26417,3646,,,,,,,,,,,,,,,,
96468992,,,,0.05934028,0.108478976,0.4441680908203125,11.724979400634766,35.53111859560013,0.01468659471720457,0.290570467710495,0.00015549312,9.572662436962128,0.2,0.9112129434943199,-0.057975595013704154,5585,196.42708333333334,0.6666666666666666,-95.84664525919963
96468992,736,26454,3646,,,,,,,,,,,,,,,,
96600064,,,,0.055810466,0.10835445759999998,0.42777099609375,14.508418083190918,42.55625822544098,0.014684582129120827,0.2865877151489258,0.00015529651199999999,9.59812206029892,0.2,0.8943492546677589,-0.05851334007165861,5590,199.55208333333334,0.65625,-103.33874751779636
96600064,737,26491,3646,,,,,,,,,,,,,,,,
96731136,,,,0.052171595,0.10822993920000001,0.42171630859375,13.387558937072754,39.78636174201965,0.01467646099627018,0.26908618211746216,0.000155099904,9.641142135858535,0.2,0.9037351757287979,-0.05943069641070906,5595,210.0625,0.6041666666666666,-110.82358841491619
96731136,738,26527,3646,,,,,,,,,,,,,,,,
96862208,,,,0.06543603,0.10810542079999999,0.4505035400390625,11.969022750854492,35.648023223876955,0.014656774699687958,0.28004443645477295,0.00015490329599999997,9.484870409965515,0.2,0.9068009778857231,-0.06048490051180124,5600,196.35416666666666,0.6458333333333334,-104.58646330086997
96862208,739,26563,3646,,,,,,,,,,,,,,,,
96993280,,,,0.05611548,0.1079809024,0.44544219970703125,16.390636444091797,40.43654774427414,0.014659280888736248,0.2917172908782959,0.00015470668799999997,9.424729603528977,0.2,0.9051657766103745,-0.062008464644895865,5605,226.375,0.5833333333333334,-113.07918529825413
96993280,740,26599,3646,,,,,,,,,,,,,,,,
97124352,,,,0.06810006,0.10785638399999999,0.45597686767578127,13.946889877319336,35.90507178306579,0.014665035530924797,0.2768939435482025,0.00015451008,9.554940187931061,0.2,0.9118819907307625,-0.06308273353788536,5610,218.02083333333334,0.5833333333333334,-114.31995898776472
97124352,741,26637,3646,,,,,,,,,,,,,,,,
97255424,,,,0.055041388,0.10773186559999999,0.44036865234375,11.602936744689941,36.58046228885651,0.014669316820800304,0.2890729606151581,0.00015431347199999998,9.5552488386631,0.2,0.9076639637351036,-0.06034491746686399,5615,215.92708333333334,0.5729166666666666,-114.96765655566416
97255424,742,26671,3646,,,,,,,,,,,,,,,,
97386496,,,,0.056665935,0.1076073472,0.43671112060546874,14.37134838104248,37.22318959236145,0.014663271605968475,0.29991376399993896,0.00015411686399999998,9.589970308542252,0.2,0.9098907560110092,-0.06042069088871358,5620,208.23958333333334,0.625,-103.92390289796954
97386496,743,26709,3646,,,,,,,,,,,,,,,,
97517568,,,,0.058798462,0.1074828288,0.43225250244140623,12.610201835632324,37.464057660102846,0.014662755653262138,0.2733490467071533,0.000153920256,9.475744932889938,0.2,0.9069262444972992,-0.05790624178480357,5625,190.94791666666666,0.6979166666666666,-95.71863059327221
97517568,744,26745,3646,,,,,,,,,,,,,,,,
97648640,,,,0.074466065,0.1073583104,0.4636016845703125,11.17676067352295,32.82631140947342,0.014661887660622597,0.27236467599868774,0.000153723648,9.592442029714585,0.2,0.920341968536377,-0.054501995313330553,5630,222.70833333333334,0.6354166666666666,-105.37398854728472
97648640,745,26781,3646,,,,,,,,,,,,,,,,
97779712,,,,0.05001633,0.107233792,0.40933685302734374,13.226638793945312,39.030125963687894,0.014655021950602531,0.28578656911849976,0.00015352703999999998,9.65614212155342,0.2,0.8959658369421959,-0.05664956336549949,5635,216.64583333333334,0.65625,-100.43955073401285
97779712,746,26818,3645,,,,,,,,,,,,,,,,
97910784,,,,0.060416553,0.1071092736,0.4253753662109375,12.736327171325684,38.95830730199814,0.014649215154349804,0.30505403876304626,0.00015333043199999998,9.5884128510952,0.2,0.9057664722204208,-0.05898941264604218,5640,220.85416666666666,0.6145833333333334,-108.99417376332963
97910784,747,26856,3645,,,,,,,,,,,,,,,,
98041856,,,,0.060216103,0.1069847552,0.443804931640625,15.739249229431152,39.29689395427704,0.014646753668785095,0.28127071261405945,0.000153133824,9.477293032407761,0.2,0.8975183293223381,-0.0592336001311196,5645,192.70833333333334,0.7291666666666666,-97.07612081644692
98041856,748,26891,3645,,,,,,,,,,,,,,,,
98172928,,,,0.056864314,0.10686023680000001,0.4377960205078125,13.306659698486328,38.39716192483902,0.014639056287705898,0.2828865945339203,0.000152937216,9.58162989616394,0.2,0.8924705386161804,-0.059829567921406125,5650,201.09375,0.6666666666666666,-104.20839676347232
98172928,749,26928,3645,,,,,,,,,,,,,,,,
98304000,,,,0.061304692,0.10673571839999998,0.46392669677734377,13.821067810058594,34.91127669811249,0.014638347551226616,0.29602357745170593,0.00015274060799999996,9.566307085752488,0.2,0.9107966050505638,-0.061884900694712995,5655,213.13541666666666,0.6145833333333334,-108.18208176327617
98304000,750,26963,3645,,,,,,,,,,,,,,,,
98435072,,,,0.065090075,0.1066112,0.44338226318359375,13.814085960388184,39.28862195014953,0.014635967090725899,0.2907997667789459,0.000152544,9.591424942016602,0.2,0.8993523940443993,-0.06071946792071685,5660,213.65625,0.6145833333333334,-108.88903725855027
98435072,751,27001,3645,,,,,,,,,,,,,,,,
98566144,,,,0.05948607,0.10648668159999998,0.4347930908203125,14.267779350280762,37.518033826351164,0.014633542858064175,0.29402869939804077,0.00015234739199999998,9.617496728897095,0.2,0.9014896973967552,-0.06161007150367368,5665,201.0625,0.6354166666666666,-107.22568815653007
98566144,752,27037,3645,,,,,,,,,,,,,,,,
98697216,,,,0.060759254,0.10636216320000001,0.41220245361328123,15.397472381591797,41.71019240617752,0.014624089002609253,0.28551971912384033,0.000152150784,9.593548375368119,0.2,0.907170481979847,-0.05962829151540063,5670,199.75,0.6458333333333334,-100.99963905321329
98697216,753,27073,3645,,,,,,,,,,,,,,,,
98828288,,,,0.052335832,0.10623764479999999,0.426422119140625,13.151847839355469,39.03989416360855,0.014621388167142868,0.2948201894760132,0.00015195417599999996,9.613959181308747,0.2,0.9079466834664345,-0.057748728001024575,5675,219.88541666666666,0.6458333333333334,-103.41974898445217
98828288,754,27110,3645,,,,,,,,,,,,,,,,
98959360,,,,0.058710095,0.10611312640000001,0.452142333984375,14.561248779296875,40.05642718076706,0.01461277436465025,0.27810466289520264,0.000151757568,9.56652853488922,0.2,0.9009579718112946,-0.054386269103270025,5680,212.6875,0.6770833333333334,-103.04891541381086
98959360,755,27146,3645,,,,,,,,,,,,,,,,
99090432,,,,0.053596,0.10598860799999998,0.40913848876953124,17.22964096069336,43.09530310630798,0.014604365453124046,0.2842404544353485,0.00015156095999999998,9.462801611423492,0.2,0.8978401869535446,-0.05757398628338706,5685,220.76041666666666,0.5625,-113.72238134140412
99090432,756,27182,3645,,,,,,,,,,,,,,,,
99221504,,,,0.06260924,0.10586408960000002,0.45567169189453127,12.597676277160645,38.68595899343491,0.014596588909626007,0.2887827754020691,0.000151364352,9.537303406000138,0.2,0.9041460901498795,-0.0586827848572284,5690,218.45833333333334,0.6145833333333334,-106.52216137309739
99221504,757,27219,3645,,,,,,,,,,,,,,,,
99352576,,,,0.05698532,0.1057395712,0.44031829833984376,16.07811164855957,39.64885410070419,0.014586620032787323,0.2833229899406433,0.000151167744,9.61597911119461,0.2,0.901713140308857,-0.06132420116337016,5695,205.95833333333334,0.59375,-108.40722238136323
99352576,758,27255,3645,,,,,,,,,,,,,,,,
99483648,,,,0.057758667,0.1056150528,0.44469757080078126,12.966460227966309,35.37805430889129,0.014580870978534222,0.29388946294784546,0.000150971136,9.476263332366944,0.2,0.9095053300261497,-0.05722908610332524,5700,227.82291666666666,0.5833333333333334,-114.46326757630341
99483648,759,27291,3645,,,,,,,,,,,,,,,,
99614720,,,,0.05926074,0.10549053439999999,0.42707977294921873,13.379329681396484,37.7794764995575,0.01458604447543621,0.28707239031791687,0.00015077452799999998,9.573160582780838,0.2,0.8969131782650948,-0.05971955838322174,5705,214.72916666666666,0.6666666666666666,-107.65585599229445
99614720,760,27328,3645,,,,,,,,,,,,,,,,
99745792,,,,0.058896177,0.10536601599999999,0.430438232421875,16.708545684814453,39.28093369007111,0.014568156562745571,0.2953789234161377,0.00015057791999999997,9.517182004451751,0.2,0.902706041932106,-0.058498512941878286,5710,196.33333333333334,0.6666666666666666,-95.52300645172
99745792,761,27363,3645,,,,,,,,,,,,,,,,
99876864,,,,0.056976628,0.1052414976,0.42690582275390626,12.419928550720215,34.38679317235947,0.014558243565261364,0.29810768365859985,0.000150381312,9.519894194602966,0.2,0.9092036411166191,-0.060395770642207934,5715,229.26041666666666,0.5520833333333334,-118.37010560347547
99876864,762,27400,3645,,,,,,,,,,,,,,,,
100007936,,,,0.05939579,0.1051169792,0.42312469482421877,13.857752799987793,41.14133234024048,0.014549581333994865,0.3009852170944214,0.000150184704,9.599673068523407,0.2,0.8965940028429031,-0.05992734626634046,5720,200.47916666666666,0.6458333333333334,-104.09821375709099
100007936,763,27436,3645,,,,,,,,,,,,,,,,
100139008,,,,0.059430808,0.10499246079999999,0.41566925048828124,12.551913261413574,37.29537410736084,0.014550071209669113,0.29286903142929077,0.00014998809599999998,9.544447839260101,0.2,0.9030240625143051,-0.05638383096229518,5725,204.10416666666666,0.65625,-99.9457310053595
100139008,764,27471,3645,,,,,,,,,,,,,,,,
100270080,,,,0.07426804,0.1048679424,0.455987548828125,13.799210548400879,34.39958047866821,0.014544781297445297,0.29932814836502075,0.000149791488,9.564519041776657,0.2,0.9068603292107582,-0.06030862343031913,5730,227.41666666666666,0.5833333333333334,-115.68638029237967
100270080,765,27507,3645,,,,,,,,,,,,,,,,
100401152,,,,0.06438655,0.104743424,0.4474578857421875,11.758360862731934,33.63686937093735,0.01453869603574276,0.29342561960220337,0.00014959488,9.538504010438919,0.2,0.9096553176641464,-0.060037124961672815,5735,210.92708333333334,0.59375,-109.25789092666646
100401152,766,27543,3645,,,,,,,,,,,,,,,,
100532224,,,,0.057698097,0.1046189056,0.44630126953125,12.927066802978516,33.473701572418214,0.01453978568315506,0.30430489778518677,0.000149398272,9.56076700091362,0.2,0.9050241783261299,-0.061217207153094935,5740,204.42708333333334,0.6875,-97.23108155064587
100532224,767,27577,3645,,,,,,,,,,,,,,,,
100663296,,,,0.062009685,0.1044943872,0.43238525390625,13.384869575500488,38.334094965457915,0.014531923457980156,0.3109097480773926,0.00014920166399999999,9.550720983743668,0.2,0.900864340364933,-0.05862586139992345,5745,214.9375,0.5833333333333334,-113.59161535498959
100663296,768,27614,3645,,,,,,,,,,,,,,,,
100794368,,,,0.064005144,0.1043698688,0.438104248046875,12.513534545898438,35.87082793712616,0.014526093378663063,0.2981249690055847,0.000149005056,9.542549115419387,0.2,0.9070893749594688,-0.05691847428388428,5750,201.71875,0.65625,-101.52711106025028
100794368,769,27651,3645,,,,,,,,,,,,,,,,
100925440,,,,0.052946977,0.1042453504,0.43654937744140626,14.413763046264648,36.392190384864804,0.014522898010909557,0.3025306463241577,0.000148808448,9.563875240087508,0.2,0.9090365320444107,-0.06038615089491941,5755,193.38541666666666,0.7083333333333334,-93.41423677429289
100925440,770,27686,3645,,,,,,,,,,,,,,,,
101056512,,,,0.052667826,0.10412083199999998,0.429541015625,14.636893272399902,40.310617899894716,0.014521105214953423,0.30501222610473633,0.00014861183999999997,9.54982283115387,0.2,0.8998018652200699,-0.06024032723507844,5760,218.08333333333334,0.6458333333333334,-108.89247713565544
101056512,771,27722,3645,,,,,,,,,,,,,,,,
101187584,,,,0.05552032,0.10399631359999999,0.43037261962890627,13.361565589904785,36.2512127161026,0.014520039781928062,0.2911420464515686,0.00014841523199999996,9.528785532712936,0.2,0.9071123972535133,-0.058299686045211276,5765,214.30208333333334,0.5833333333333334,-113.79455042981436
101187584,772,27758,3645,,,,,,,,,,,,,,,,
101318656,,,,0.0577622,0.10387179519999999,0.4317138671875,12.309673309326172,35.56099158525467,0.014508835971355438,0.3015185594558716,0.00014821862399999998,9.608540105819703,0.2,0.8954739719629288,-0.05984179852966918,5770,215.75,0.5729166666666666,-113.52697069779975
101318656,773,27795,3645,,,,,,,,,,,,,,,,
101449728,,,,0.05666761,0.1037472768,0.44534149169921877,14.57986831665039,41.259027218818666,0.014491970650851727,0.30378443002700806,0.00014802201599999998,9.527835565805436,0.2,0.8933126628398895,-0.06002324563451111,5775,228.14583333333334,0.53125,-128.3299398695531
101449728,774,27831,3645,,,,,,,,,,,,,,,,
101580800,,,,0.06464621,0.10362275839999999,0.4482635498046875,12.718960762023926,33.369197201728824,0.014488829299807549,0.3071381151676178,0.00014782540799999997,9.6188238799572,0.2,0.9112787991762161,-0.05753360194212291,5780,201.78125,0.6770833333333334,-99.95690921517757
101580800,775,27866,3645,,,,,,,,,,,,,,,,
101711872,,,,0.056821175,0.10349823999999999,0.43936767578125,14.408493041992188,37.9642379283905,0.014483313076198101,0.30076345801353455,0.0001476288,9.60662088394165,0.2,0.9004268869757652,-0.05650048742536455,5785,200.42708333333334,0.6770833333333334,-97.39596114704726
101711872,776,27904,3645,,,,,,,,,,,,,,,,
101842944,,,,0.057851937,0.1033737216,0.4333770751953125,10.791451454162598,36.30097484588623,0.014478722587227821,0.3164348006248474,0.00014743219199999999,9.553847390413285,0.2,0.9078564494848251,-0.05906911005731672,5790,217.88541666666666,0.5729166666666666,-112.41334028521975
101842944,777,27941,3644,,,,,,,,,,,,,,,,
101974016,,,,0.06196274,0.1032492032,0.4479736328125,12.321301460266113,35.690811729431154,0.01448296569287777,0.3216678500175476,0.00014723558399999998,9.541965687274933,0.2,0.9093842506408691,-0.06109110021207016,5795,197.53125,0.6666666666666666,-101.88214279440932
101974016,778,27977,3644,,,,,,,,,,,,,,,,
102105088,,,,0.05485179,0.10312468479999999,0.4220458984375,17.850643157958984,42.825154054164884,0.014486445114016533,0.30649828910827637,0.00014703897599999997,9.582474809885024,0.2,0.9002914428710938,-0.05892318098049145,5800,206.35416666666666,0.6458333333333334,-99.99539611566557
102105088,779,28012,3644,,,,,,,,,,,,,,,,
102236160,,,,0.058895312,0.1030001664,0.42872161865234376,14.126612663269043,36.94890856742859,0.014478637836873531,0.3129444122314453,0.000146842368,9.574552065134048,0.2,0.9112488776445389,-0.06298579800350126,5805,195.375,0.6770833333333334,-101.12882258142531
102236160,780,28048,3645,,,,,,,,,,,,,,,,
102367232,,,,0.06134115,0.102875648,0.44245758056640627,15.392587661743164,35.52256718873978,0.014470759779214859,0.3097921907901764,0.00014664576,9.567633271217346,0.2,0.909826435148716,-0.060028910178516526,5810,212.73958333333334,0.6145833333333334,-111.51974537400982
102367232,781,28085,3644,,,,,,,,,,,,,,,,
102498304,,,,0.059374884,0.1027511296,0.44419708251953127,13.748427391052246,37.939222800731656,0.014468371868133545,0.3084760904312134,0.00014644915199999998,9.587032246589661,0.2,0.9038468599319458,-0.05795278051809873,5815,209.125,0.6458333333333334,-103.84547721810243
102498304,782,28121,3644,,,,,,,,,,,,,,,,
102629376,,,,0.059856087,0.1026266112,0.4526336669921875,12.432039260864258,31.780224537849428,0.014468593522906303,0.31182509660720825,0.000146252544,9.664594799280167,0.2,0.9189842566847801,-0.058677692053606734,5820,221.57291666666666,0.5729166666666666,-113.59452241953822
102629376,783,28158,3644,,,,,,,,,,,,,,,,
102760448,,,,0.057218283,0.1025020928,0.42855682373046877,15.518768310546875,39.41022735834122,0.014464505016803741,0.3272862136363983,0.000146055936,9.615458327531815,0.2,0.9031682908535004,-0.06108386073756265,5825,196.34375,0.6458333333333334,-104.73296282516587
102760448,784,28194,3644,,,,,,,,,,,,,,,,
102891520,,,,0.06203453,0.1023775744,0.44611358642578125,12.62934684753418,36.323194766044615,0.014476662501692772,0.3022007346153259,0.000145859328,9.610644072294235,0.2,0.9114258214831352,-0.059746795560931786,5830,210.51041666666666,0.6041666666666666,-109.12268285284746
102891520,785,28231,3644,,,,,,,,,,,,,,,,
103022592,,,,0.06002044,0.10225305600000001,0.4376739501953125,14.204819679260254,37.02621781826019,0.01447590347379446,0.3149406909942627,0.00014566272,9.63380570411682,0.2,0.9018647521734238,-0.057184517524729014,5835,204.32291666666666,0.6875,-99.34022682345028
103022592,786,28266,3644,,,,,,,,,,,,,,,,
103153664,,,,0.053422593,0.1021285376,0.41813507080078127,12.99808406829834,34.71617546081543,0.014462500810623169,0.31676748394966125,0.000145466112,9.572636151313782,0.2,0.9119878932833672,-0.0574721094337292,5840,207.73958333333334,0.625,-106.41462323906855
103153664,787,28301,3644,,,,,,,,,,,,,,,,
103284736,,,,0.056602024,0.1020040192,0.425640869140625,12.935072898864746,36.03967926502228,0.014448228292167187,0.30743861198425293,0.000145269504,9.615613913536071,0.2,0.9192374125123024,-0.05760897644213401,5845,186.46875,0.7395833333333334,-92.52472736226987
103284736,788,28336,3644,,,,,,,,,,,,,,,,
103415808,,,,0.05812154,0.10187950079999998,0.4297393798828125,11.397130012512207,34.48085840940475,0.014439898543059826,0.31898510456085205,0.00014507289599999997,9.686838239431381,0.2,0.915688194334507,-0.05793623008794384,5850,209.94791666666666,0.6145833333333334,-113.67611696916133
103415808,789,28373,3644,,,,,,,,,,,,,,,,
103546880,,,,0.055766243,0.10175498239999999,0.41529388427734376,14.858750343322754,40.997829139232635,0.014437785372138023,0.3067682683467865,0.00014487628799999996,9.599739545583725,0.2,0.9012704938650131,-0.057275359009508975,5855,210.05208333333334,0.65625,-106.85924836270158
103546880,790,28410,3644,,,,,,,,,,,,,,,,
103677952,,,,0.056980222,0.10163046399999999,0.425775146484375,13.708427429199219,38.64369500875473,0.014441604726016521,0.31757158041000366,0.00014467967999999998,9.679761934280396,0.2,0.8987270519137383,-0.057438717305194585,5860,202.86458333333334,0.65625,-102.30806422856695
103677952,791,28445,3644,,,,,,,,,,,,,,,,
103809024,,,,0.055069115,0.1015059456,0.4300323486328125,12.10666561126709,32.16513992547989,0.014436319470405579,0.2973734736442566,0.00014448307199999998,9.598542141914368,0.2,0.9165754243731499,-0.059131962512037714,5865,201.86458333333334,0.6979166666666666,-101.37172739005473
103809024,792,28482,3644,,,,,,,,,,,,,,,,
103940096,,,,0.058805883,0.10138142719999998,0.42808990478515624,11.428916931152344,35.62203141450882,0.01443655788898468,0.30896857380867004,0.00014428646399999997,9.6027101457119,0.2,0.9093184247612953,-0.0579313030699268,5870,198.08333333333334,0.7083333333333334,-95.01560926665611
103940096,793,28519,3644,,,,,,,,,,,,,,,,
104071168,,,,0.052737057,0.10125690879999999,0.42902984619140627,14.548676490783691,38.73845152854919,0.014430704526603222,0.3112700581550598,0.000144089856,9.692878925800324,0.2,0.900945171713829,-0.054857097934291235,5875,194.0,0.6770833333333334,-99.06177815119007
104071168,794,28555,3644,,,,,,,,,,,,,,,,
104202240,,,,0.049283586,0.1011323904,0.41153411865234374,13.181407928466797,39.110749983787535,0.014429713599383831,0.32766538858413696,0.00014389324799999998,9.621103543043137,0.2,0.9090302214026451,-0.05818008430360351,5880,202.72916666666666,0.6458333333333334,-102.41023142607054
104202240,795,28590,3644,,,,,,,,,,,,,,,,
104333312,,,,0.051535826,0.101007872,0.4127166748046875,14.087019920349121,39.75503796339035,0.014422565698623657,0.30624842643737793,0.00014369663999999998,9.598327314853668,0.2,0.9068140313029289,-0.05706441112561152,5885,231.64583333333334,0.5104166666666666,-125.91795989536502
104333312,796,28626,3644,,,,,,,,,,,,,,,,
104464384,,,,0.05555226,0.10088335359999999,0.42903289794921873,13.850726127624512,35.40282131433487,0.014423057436943054,0.3139210343360901,0.000143500032,9.62990739941597,0.2,0.9138839468359947,-0.058098220368265174,5890,202.80208333333334,0.6770833333333334,-104.47181322102476
104464384,797,28663,3644,,,,,,,,,,,,,,,,
104595456,,,,0.054078516,0.1007588352,0.43250274658203125,14.034692764282227,38.77808864116669,0.014417698606848717,0.3228945732116699,0.000143303424,9.614640730619431,0.2,0.9088633432984352,-0.05928966931533068,5895,197.21875,0.6770833333333334,-98.77277068290032
104595456,798,28698,3644,,,,,,,,,,,,,,,,
104726528,,,,0.056874707,0.1006343168,0.41940155029296877,15.13685131072998,38.755335652828215,0.014413630589842796,0.33272871375083923,0.000143106816,9.538946497440339,0.2,0.8982650339603424,-0.05705716127558844,5900,239.41666666666666,0.53125,-120.71311455875542
104726528,799,28734,3644,,,,,,,,,,,,,,,,
104857600,,,,0.059221234,0.1005097984,0.40211944580078124,11.898330688476562,35.37897716760635,0.014400927349925041,0.31492143869400024,0.00014291020799999998,9.630514007806777,0.2,0.9065423086285591,-0.0561676712197368,5905,203.79166666666666,0.6770833333333334,-101.10621209873109
104857600,800,28770,3644,,,,,,,,,,,,,,,,
104988672,,,,0.0578557,0.10038528000000001,0.45056610107421874,12.780585289001465,34.26275087594986,0.014397784136235714,0.3126707077026367,0.0001427136,9.647990149259567,0.2,0.9044656306505203,-0.059794739114295226,5910,197.03125,0.6666666666666666,-105.39250831553933
104988672,801,28807,3644,,,,,,,,,,,,,,,,
105119744,,,,0.055975985,0.1002607616,0.42922821044921877,15.879481315612793,38.2984719991684,0.014392180368304253,0.3194257915019989,0.000142516992,9.612070202827454,0.2,0.9038974493741989,-0.058042200857016724,5915,226.38541666666666,0.59375,-113.14297144540348
105119744,802,28844,3644,,,,,,,,,,,,,,,,
105250816,,,,0.060500912,0.1001362432,0.43191375732421877,12.824928283691406,34.385966944694516,0.01437618862837553,0.32355278730392456,0.000142320384,9.530359548330306,0.2,0.9136791378259659,-0.0594524981934228,5920,212.26041666666666,0.6354166666666666,-110.14576633432567
105250816,803,28880,3644,,,,,,,,,,,,,,,,
105381888,,,,0.058816575,0.10001172480000001,0.44149169921875,14.595044136047363,41.30008126497269,0.014378070831298828,0.32697153091430664,0.000142123776,9.606407481431962,0.2,0.9007081836462021,-0.05934876842657104,5925,206.85416666666666,0.65625,-105.08089477104629
105381888,804,28915,3644,,,,,,,,,,,,,,,,
105512960,,,,0.053446688,0.09988720640000001,0.4474456787109375,13.519842147827148,37.24620348215103,0.0143820121884346,0.3087339699268341,0.000141927168,9.568260622024535,0.2,0.9032857716083527,-0.060484373242070434,5930,205.86458333333334,0.6354166666666666,-105.43288039148617
105512960,805,28950,3644,,,,,,,,,,,,,,,,
105644032,,,,0.05668212,0.099762688,0.4323211669921875,17.399463653564453,43.37300134897232,0.014376744627952576,0.31897252798080444,0.00014173056,9.610516548156738,0.2,0.8829070329666138,-0.0579501767482725,5935,210.0,0.6354166666666666,-105.34227147743509
105644032,806,28984,3644,,,,,,,,,,,,,,,,
105775104,,,,0.056399997,0.09963816959999999,0.4082305908203125,14.733587265014648,39.356710982322696,0.014364086091518402,0.30897998809814453,0.00014153395199999997,9.491876071691513,0.2,0.8930607512593269,-0.05815124562650453,5940,204.22916666666666,0.6875,-94.57717104958078
105775104,807,29020,3644,,,,,,,,,,,,,,,,
105906176,,,,0.05965477,0.09951365119999998,0.42995147705078124,13.548057556152344,37.3838307261467,0.014355581253767014,0.320343554019928,0.00014133734399999999,9.630140179395676,0.2,0.8948895782232285,-0.05969314766407478,5945,192.66666666666666,0.6875,-100.53408149766271
105906176,808,29055,3644,,,,,,,,,,,,,,,,
106037248,,,,0.053637456,0.09938913279999999,0.4309814453125,12.803958892822266,37.03068979978561,0.014347396790981293,0.3108418583869934,0.00014114073599999998,9.636710047721863,0.2,0.9046342074871063,-0.059487600813736205,5950,200.64583333333334,0.6666666666666666,-104.0182608915686
106037248,809,29092,3644,,,,,,,,,,,,,,,,
106168320,,,,0.060567096,0.09926461439999999,0.437237548828125,14.15307903289795,37.623677659034726,0.014331117272377014,0.3133925199508667,0.00014094412799999997,9.593512016534806,0.2,0.895473025739193,-0.06047882657730952,5955,187.70833333333334,0.6770833333333334,-98.34071370581398
106168320,810,29127,3644,,,,,,,,,,,,,,,,
106299392,,,,0.06862863,0.099140096,0.4440765380859375,15.479153633117676,41.07297306060791,0.014328735880553722,0.32149916887283325,0.00014074751999999997,9.562069302797317,0.2,0.8943676501512527,-0.05969679461850319,5960,215.54166666666666,0.6041666666666666,-109.19093291503013
106299392,811,29163,3645,,,,,,,,,,,,,,,,
106430464,,,,0.05857768,0.09901557759999999,0.446435546875,12.927775382995605,36.59108301401138,0.01432129554450512,0.31119945645332336,0.000140550912,9.625554871559142,0.2,0.89753058552742,-0.060147911547392144,5965,219.5,0.6041666666666666,-111.46316838843313
106430464,812,29200,3644,,,,,,,,,,,,,,,,
106561536,,,,0.05054631,0.09889105919999999,0.41274871826171877,13.668516159057617,40.01343402862549,0.01431579701602459,0.3253937363624573,0.00014035430399999998,9.550117003917695,0.2,0.9016166999936104,-0.05773362987965811,5970,202.70833333333334,0.65625,-103.84175653776947
106561536,813,29236,3644,,,,,,,,,,,,,,,,
106692608,,,,0.05134827,0.0987665408,0.39642486572265623,16.84612274169922,45.68300248384476,0.01431198325008154,0.3130407929420471,0.00014015769599999998,9.581948691606522,0.2,0.8916498646140099,-0.05825604120473145,5975,205.84375,0.6458333333333334,-105.20334849701055
106692608,814,29273,3644,,,,,,,,,,,,,,,,
106823680,,,,0.04922435,0.0986420224,0.39796295166015627,14.131792068481445,37.21222025156021,0.014302968978881836,0.307451456785202,0.000139961088,9.499577015638351,0.2,0.9054037928581238,-0.05721240260390914,5980,216.0625,0.59375,-106.51631905300708
106823680,815,29310,3644,,,,,,,,,,,,,,,,
106954752,,,,0.05965654,0.09851750399999999,0.44207000732421875,13.586430549621582,35.36708967685699,0.014314696192741394,0.3387882113456726,0.00013976448,9.560308134555816,0.2,0.9144385978579521,-0.05854288330301642,5985,197.07291666666666,0.6458333333333334,-102.15449478527252
106954752,816,29347,3644,,,,,,,,,,,,,,,,
107085824,,,,0.05146988,0.0983929856,0.4225494384765625,12.670660018920898,36.06830768585205,0.014310471713542938,0.31953883171081543,0.00013956787199999999,9.615813452005387,0.2,0.8999688178300858,-0.056979553619748914,5990,209.07291666666666,0.6875,-97.74014467799604
107085824,817,29382,3644,,,,,,,,,,,,,,,,
107216896,,,,0.052826315,0.0982684672,0.42706298828125,13.637117385864258,36.46837120056152,0.014305664226412773,0.3201315999031067,0.000139371264,9.614847576618194,0.2,0.9017583653330803,-0.05758181515557226,5995,205.08333333333334,0.6666666666666666,-102.35221356500146
107216896,818,29417,3644,,,,,,,,,,,,,,,,
107347968,,,,0.05097068,0.0981439488,0.4112091064453125,14.211024284362793,42.10681788921356,0.014308992773294449,0.32464152574539185,0.000139174656,9.64199526309967,0.2,0.894429549574852,-0.0594232981937239,6000,205.55208333333334,0.5833333333333334,-111.27388281072255
107347968,819,29453,3644,,,,,,,,,,,,,,,,
107479040,,,,0.057832837,0.0980194304,0.4184417724609375,12.472402572631836,34.824756908416745,0.014305474236607552,0.3310404419898987,0.000138978048,9.652136409282685,0.2,0.9124305248260498,-0.06008943489650846,6005,208.58333333333334,0.6145833333333334,-110.700999039281
107479040,820,29489,3644,,,,,,,,,,,,,,,,
107610112,,,,0.050609283,0.097894912,0.4015899658203125,17.73762321472168,42.66956989765167,0.014302833005785942,0.33485299348831177,0.00013878144,9.59071114063263,0.2,0.9053412824869156,-0.05754301764973206,6010,201.57291666666666,0.6770833333333334,-93.56208310036725
107610112,821,29526,3644,,,,,,,,,,,,,,,,
107741184,,,,0.059881486,0.0977703936,0.4347869873046875,14.344395637512207,37.44916437864303,0.014298188500106335,0.3319711685180664,0.000138584832,9.673138231039047,0.2,0.9008028134703636,-0.059500756152556275,6015,212.07291666666666,0.65625,-103.05403349700403
107741184,822,29561,3644,,,,,,,,,,,,,,,,
107872256,,,,0.064169385,0.09764587520000001,0.45234527587890627,12.823991775512695,37.114764881134036,0.01430091168731451,0.3411622941493988,0.000138388224,9.685182225704192,0.2,0.900267094373703,-0.059617807436734435,6020,182.01041666666666,0.7604166666666666,-85.2975729006147
107872256,823,29596,3644,,,,,,,,,,,,,,,,
108003328,,,,0.058980156,0.09752135679999999,0.42830657958984375,13.82590389251709,40.16530958414078,0.014299108646810055,0.33300158381462097,0.00013819161599999997,9.614983463287354,0.2,0.8996264263987541,-0.058580161069403405,6025,209.57291666666666,0.6354166666666666,-101.81739189626092
108003328,824,29633,3644,,,,,,,,,,,,,,,,
108134400,,,,0.053502478,0.09739683839999999,0.42310028076171874,13.961467742919922,36.97938287258148,0.01429213397204876,0.32803019881248474,0.00013799500799999996,9.632929825782776,0.2,0.9122733473777771,-0.058230731810908765,6030,201.17708333333334,0.6458333333333334,-102.16156017271216
108134400,825,29669,3644,,,,,,,,,,,,,,,,
108265472,,,,0.055347607,0.09727231999999998,0.39909515380859373,14.618851661682129,41.22872165441513,0.014293740503489971,0.3214346468448639,0.00013779839999999998,9.630327832698821,0.2,0.8966646194458008,-0.0553739006165415,6035,206.77083333333334,0.6354166666666666,-101.05001212238419
108265472,826,29706,3644,,,,,,,,,,,,,,,,
108396544,,,,0.05822756,0.09714780159999999,0.43204498291015625,13.292875289916992,37.03146678209305,0.014294818043708801,0.3443107008934021,0.00013760179199999998,9.638759410381317,0.2,0.9057552218437195,-0.05858626484987326,6040,221.07291666666666,0.5729166666666666,-116.9858660521996
108396544,827,29742,3644,,,,,,,,,,,,,,,,
108527616,,,,0.056014203,0.09702328319999999,0.41855926513671876,15.5480318069458,40.334566342830655,0.014292675070464611,0.33486777544021606,0.00013740518399999997,9.610768246650697,0.2,0.8999387472867966,-0.057924310912494545,6045,217.67708333333334,0.6041666666666666,-107.40024808221773
108527616,828,29780,3644,,,,,,,,,,,,,,,,
108658688,,,,0.05879786,0.0968987648,0.44063720703125,13.352221488952637,34.82621010541916,0.014289501123130322,0.34510740637779236,0.000137208576,9.630177468061447,0.2,0.9069718718528748,-0.06329148289223667,6050,213.89583333333334,0.65625,-99.81093797903183
108658688,829,29817,3644,,,,,,,,,,,,,,,,
108789760,,,,0.054106724,0.0967742464,0.41970977783203123,11.476893424987793,37.73537118434906,0.01428233738988638,0.32737553119659424,0.000137011968,9.635790812969208,0.2,0.8967432901263237,-0.0598184496484464,6055,211.11458333333334,0.65625,-100.0153048988106
108789760,830,29853,3644,,,,,,,,,,,,,,,,
108920832,,,,0.053672172,0.09664972799999999,0.42094573974609373,15.84229850769043,36.190115976333615,0.01427486538887024,0.337357759475708,0.00013681535999999998,9.652754825353622,0.2,0.8991337344050407,-0.06030425796488999,6060,194.02083333333334,0.71875,-95.3387561689002
108920832,831,29888,3644,,,,,,,,,,,,,,,,
109051904,,,,0.056620292,0.0965252096,0.42466888427734373,15.129672050476074,37.27800456285477,0.014272784814238548,0.32417741417884827,0.00013661875199999998,9.599428528547287,0.2,0.9038023874163628,-0.05811478894320317,6065,218.35416666666666,0.625,-105.60062357646473
109051904,832,29925,3644,,,,,,,,,,,,,,,,
109182976,,,,0.065165155,0.0964006912,0.45924835205078124,15.672698974609375,40.406242752075194,0.01427391730248928,0.32487180829048157,0.000136422144,9.606661224365235,0.2,0.8917085900902748,-0.058015310735208915,6070,221.01041666666666,0.59375,-106.36679531502934
109182976,833,29960,3644,,,,,,,,,,,,,,,,
109314048,,,,0.05925788,0.0962761728,0.4295562744140625,14.457468032836914,36.586287665367124,0.014268198981881142,0.330898255109787,0.000136225536,9.613798904418946,0.2,0.9119596108794212,-0.05961571019870462,6075,208.48958333333334,0.6041666666666666,-108.38941143655234
109314048,834,29996,3644,,,,,,,,,,,,,,,,
109445120,,,,0.049933866,0.0961516544,0.40451507568359374,15.669553756713867,40.32276573181152,0.014267025515437126,0.3312804102897644,0.00013602892799999998,9.697695183753968,0.2,0.9041083380579948,-0.057429438340477645,6080,199.34375,0.7083333333333334,-93.56348791256983
109445120,835,30033,3644,,,,,,,,,,,,,,,,
109576192,,,,0.05605422,0.096027136,0.427947998046875,12.037294387817383,31.901199758052826,0.014259351417422295,0.33061012625694275,0.00013583232,9.59658499956131,0.2,0.9142611101269722,-0.06031550081388559,6085,211.66666666666666,0.6145833333333334,-107.3553137819689
109576192,836,30069,3644,,,,,,,,,,,,,,,,
109707264,,,,0.057532288,0.0959026176,0.42974395751953126,14.45205307006836,32.192691671848294,0.01425188034772873,0.3473033607006073,0.000135635712,9.605019080638886,0.2,0.9139299020171165,-0.05926353534159716,6090,209.6875,0.6666666666666666,-105.08645245620933
109707264,837,30107,3643,,,,,,,,,,,,,,,,
109838336,,,,0.052231714,0.09577809920000001,0.4037750244140625,11.591522216796875,34.75540986061096,0.01425156369805336,0.31847870349884033,0.000135439104,9.56084121465683,0.2,0.9182840511202812,-0.056340420653577895,6095,195.45833333333334,0.65625,-102.54541596210193
109838336,838,30141,3644,,,,,,,,,,,,,,,,
109969408,,,,0.0628641,0.0956535808,0.4405853271484375,14.443119049072266,35.51163803339004,0.014256184920668602,0.3240695595741272,0.000135242496,9.554923039674758,0.2,0.9069395884871483,-0.05877144523255993,6100,207.0,0.6770833333333334,-98.31723619046154
109969408,839,30176,3644,,,,,,,,,,,,,,,,
110100480,,,,0.054382093,0.0955290624,0.410150146484375,11.568894386291504,33.02097635269165,0.014250800013542175,0.31848037242889404,0.000135045888,9.607347846031189,0.2,0.9151470586657524,-0.05807345402427018,6105,228.52083333333334,0.53125,-120.44489087181398
110100480,840,30213,3644,,,,,,,,,,,,,,,,
110231552,,,,0.0591521,0.09540454400000001,0.4245391845703125,13.594700813293457,36.15318558216095,0.014256488531827927,0.3203669786453247,0.00013484928,9.590369927883149,0.2,0.9104363918304443,-0.058997799272765404,6110,186.03125,0.75,-91.21886012257421
110231552,841,30250,3643,,,,,,,,,,,,,,,,
110362624,,,,0.049522337,0.09528002559999998,0.3979248046875,14.887308120727539,39.262808334827426,0.014256319031119347,0.3204635977745056,0.00013465267199999997,9.591083198785782,0.2,0.9047622755169868,-0.05660019638162339,6115,193.8125,0.6875,-97.56158766693174
110362624,842,30284,3644,,,,,,,,,,,,,,,,
110493696,,,,0.055331096,0.09515550719999999,0.42982025146484376,11.265058517456055,30.666763031482695,0.014252657070755959,0.3134133219718933,0.00013445606399999996,9.614806669950486,0.2,0.9181174412369728,-0.0578208717313828,6120,200.53125,0.6770833333333334,-105.22748764723065
110493696,843,30321,3644,,,,,,,,,,,,,,,,
110624768,,,,0.04917288,0.0950309888,0.40097198486328123,12.219700813293457,38.269541478157045,0.014248482882976532,0.32344433665275574,0.00013425945599999998,9.627300584316254,0.2,0.903886578977108,-0.05922678356291726,6125,208.72916666666666,0.6458333333333334,-96.91224535456165
110624768,844,30357,3644,,,,,,,,,,,,,,,,
110755840,,,,0.04908871,0.09490647039999998,0.40301666259765623,12.961009979248047,35.71331822872162,0.014247729443013668,0.3251365125179291,0.00013406284799999998,9.55674951672554,0.2,0.9077929928898811,-0.05633792891458143,6130,187.86458333333334,0.7604166666666666,-94.18043504124269
110755840,845,30392,3644,,,,,,,,,,,,,,,,
110886912,,,,0.0547589,0.09478195199999999,0.41688385009765627,15.481868743896484,36.662895464897154,0.014243545942008495,0.3286278247833252,0.00013386623999999997,9.635460311174393,0.2,0.9140156954526901,-0.058521082252264024,6135,193.375,0.75,-95.90744545720759
110886912,846,30426,3644,,,,,,,,,,,,,,,,
111017984,,,,0.056510344,0.0946574336,0.42104644775390626,12.22245979309082,34.2813818693161,0.014240449294447899,0.3202976584434509,0.000133669632,9.614499813318252,0.2,0.9203922674059868,-0.05736633334599901,6140,193.67708333333334,0.6458333333333334,-103.43056192844404
111017984,847,30462,3644,,,,,,,,,,,,,,,,
111149056,,,,0.053723812,0.0945329152,0.435986328125,12.607972145080566,34.447081410884856,0.014236465096473694,0.3295595943927765,0.00013347302399999999,9.582680654525756,0.2,0.915472187101841,-0.05849678707018029,6145,213.73958333333334,0.6458333333333334,-103.01872248064632
111149056,848,30499,3644,,,,,,,,,,,,,,,,
111280128,,,,0.05095406,0.09440839679999999,0.41747283935546875,12.890899658203125,37.12928603887558,0.014224755577743053,0.3145807683467865,0.00013327641599999998,9.523358225822449,0.2,0.8973666206002235,-0.059291501113330015,6150,232.11458333333334,0.5729166666666666,-114.38222876511661
111280128,849,30534,3644,,,,,,,,,,,,,,,,
111411200,,,,0.055018354,0.09428387839999999,0.4340301513671875,12.56735897064209,35.14752343893051,0.014213214628398418,0.34149882197380066,0.000133079808,9.508064591884613,0.2,0.9149479120969772,-0.05848800912790466,6155,215.6875,0.6041666666666666,-108.81939945937563
111411200,850,30571,3644,,,,,,,,,,,,,,,,
111542272,,,,0.059954815,0.09415936,0.44468231201171876,15.199540138244629,36.327124094963075,0.014220079407095909,0.32695263624191284,0.0001328832,9.529813313484192,0.2,0.9053320288658142,-0.060666159546235575,6160,212.07291666666666,0.625,-107.39848823263792
111542272,851,30607,3644,,,,,,,,,,,,,,,,
111673344,,,,0.048607722,0.0940348416,0.39715728759765623,14.746068000793457,39.56519330739975,0.014215084724128246,0.3262115716934204,0.000132686592,9.590130394697189,0.2,0.8996872901916504,-0.05604838075232692,6165,212.11458333333334,0.6354166666666666,-102.53280779714646
111673344,852,30643,3644,,,,,,,,,,,,,,,,
111804416,,,,0.05795065,0.09391032319999999,0.44734344482421873,11.738428115844727,31.154639256000518,0.014214809983968735,0.31799572706222534,0.00013248998399999998,9.607080590724944,0.2,0.9235857874155045,-0.059900236084649804,6170,220.85416666666666,0.59375,-109.59175850113195
111804416,853,30680,3644,,,,,,,,,,,,,,,,
111935488,,,,0.06029911,0.0937858048,0.434228515625,14.69625186920166,41.21983851194382,0.014215300790965557,0.3139605224132538,0.000132293376,9.54964221715927,0.2,0.8946175798773766,-0.05841194971872028,6175,209.30208333333334,0.6145833333333334,-105.6928279166081
111935488,854,30716,3644,,,,,,,,,,,,,,,,
112066560,,,,0.053685036,0.0936612864,0.4292510986328125,13.48508071899414,38.926873457431796,0.014214257709681988,0.3241547644138336,0.000132096768,9.642467588186264,0.2,0.8964586332440376,-0.06022494487697259,6180,194.66666666666666,0.6666666666666666,-96.14138160409159
112066560,855,30750,3644,,,,,,,,,,,,,,,,
112197632,,,,0.05310762,0.093536768,0.4267333984375,13.857888221740723,37.75150088071823,0.014211419969797134,0.34510475397109985,0.00013190016,9.60579646229744,0.2,0.907868780195713,-0.06037687278876547,6185,195.38541666666666,0.7083333333333334,-93.75241670926796
112197632,856,30787,3644,,,,,,,,,,,,,,,,
112328704,,,,0.050122246,0.09341224960000001,0.3947021484375,16.007997512817383,36.10191851854324,0.014210239052772522,0.32530078291893005,0.000131703552,9.668721246719361,0.2,0.9048781916499138,-0.056425200612284246,6190,188.16666666666666,0.7395833333333334,-92.25573994682317
112328704,857,30823,3644,,,,,,,,,,,,,,,,
112459776,,,,0.054303218,0.0932877312,0.434698486328125,15.310043334960938,37.40699793100357,0.014209735207259655,0.3308398425579071,0.000131506944,9.69212874174118,0.2,0.9084528312087059,-0.05873180310300086,6195,190.20833333333334,0.7083333333333334,-94.51411214988453
112459776,858,30859,3644,,,,,,,,,,,,,,,,
112590848,,,,0.0574369,0.0931632128,0.425439453125,13.278746604919434,39.442003834247586,0.014211513102054596,0.34332311153411865,0.000131310336,9.628121590614318,0.2,0.8975008428096771,-0.06030609520385042,6200,191.82291666666666,0.6875,-96.80662608491605
112590848,859,30896,3644,,,,,,,,,,,,,,,,
112721920,,,,0.05138109,0.09303869439999998,0.42559356689453126,12.596887588500977,35.67953820228577,0.014217309653759003,0.3305240273475647,0.00013111372799999997,9.63973883986473,0.2,0.9045619815587997,-0.05756924047018401,6205,213.375,0.59375,-115.2645766990125
112721920,860,30932,3644,,,,,,,,,,,,,,,,
112852992,,,,0.05084147,0.09291417599999999,0.41258392333984373,12.37814998626709,35.78478407859802,0.014215737581253052,0.3334777057170868,0.00013091712,9.61261910200119,0.2,0.9112470224499702,-0.06047901580459438,6210,196.28125,0.6770833333333334,-98.73405682107466
112852992,861,30970,3643,,,,,,,,,,,,,,,,
112984064,,,,0.05081836,0.09278965759999999,0.4208984375,15.55636215209961,38.01342488527298,0.01421613059937954,0.3460562825202942,0.00013072051199999998,9.554328083992004,0.2,0.8981873914599419,-0.05689555869030301,6215,197.1875,0.6979166666666666,-96.92571709697052
112984064,862,31006,3643,,,,,,,,,,,,,,,,
113115136,,,,0.048051003,0.0926651392,0.39910888671875,14.007453918457031,37.00081484317779,0.014214543625712395,0.33287572860717773,0.00013052390399999998,9.748647874593734,0.2,0.9033407643437386,-0.05537221021586447,6220,190.42708333333334,0.6666666666666666,-98.86341990289061
113115136,863,31041,3644,,,,,,,,,,,,,,,,
113246208,,,,0.05799132,0.09254062079999999,0.42660064697265626,14.162226676940918,35.389380836486815,0.014213594608008862,0.3511370122432709,0.00013032729599999997,9.601526761054993,0.2,0.9018741101026535,-0.057883368272450754,6225,209.73958333333334,0.6875,-96.35670502951511
113246208,864,31078,3643,,,,,,,,,,,,,,,,
113377280,,,,0.052517314,0.09241610239999999,0.404949951171875,12.634440422058105,35.415589201450345,0.014212565496563911,0.33177852630615234,0.000130130688,9.547136622667313,0.2,0.9071267321705818,-0.05912515059462749,6230,211.13541666666666,0.6666666666666666,-101.55828376945192
113377280,865,31114,3643,,,,,,,,,,,,,,,,
113508352,,,,0.05658173,0.092291584,0.43145904541015623,14.89285659790039,37.46984624862671,0.014218350872397423,0.3529278635978699,0.00012993407999999999,9.554724627733231,0.2,0.9050136506557465,-0.05682077183882939,6235,226.02083333333334,0.59375,-112.85579934148133
113508352,866,31151,3643,,,,,,,,,,,,,,,,
113639424,,,,0.05321844,0.0921670656,0.4292266845703125,14.619553565979004,37.29357167482376,0.014220132492482662,0.3410303592681885,0.00012973747199999998,9.594526433944703,0.2,0.9067303836345673,-0.059386581616126935,6240,224.77083333333334,0.6145833333333334,-109.57310575447899
113639424,867,31186,3643,,,,,,,,,,,,,,,,
113770496,,,,0.051972277,0.09204254719999999,0.4220977783203125,13.981346130371094,38.27701630592346,0.014218348078429699,0.34387582540512085,0.000129540864,9.70292462706566,0.2,0.8982936069369316,-0.0586342351132771,6245,187.16666666666666,0.7708333333333334,-89.9513250545805
113770496,868,31221,3643,,,,,,,,,,,,,,,,
113901568,,,,0.054081798,0.0919180288,0.4067352294921875,14.079188346862793,36.1262827038765,0.014219075441360474,0.3428046703338623,0.000129344256,9.589159160852432,0.2,0.9015880972146988,-0.05896681306767278,6250,220.4375,0.625,-106.33168373282105
113901568,869,31257,3643,,,,,,,,,,,,,,,,
114032640,,,,0.050398927,0.0917935104,0.40272979736328124,12.794734001159668,35.04954671859741,0.01421730499714613,0.3481684625148773,0.000129147648,9.629780769348145,0.2,0.9013796374201775,-0.0601226674800273,6255,208.13541666666666,0.6770833333333334,-101.08516438525128
114032640,870,31295,3643,,,,,,,,,,,,,,,,
114163712,,,,0.061017174,0.091668992,0.4131622314453125,17.73061752319336,49.57545251846314,0.014217957854270935,0.3605622947216034,0.00012895103999999998,9.669785791635514,0.2,0.8812956437468529,-0.05681164948910009,6260,199.61458333333334,0.6770833333333334,-99.34281104624142
114163712,871,31330,3643,,,,,,,,,,,,,,,,
114294784,,,,0.054066777,0.0915444736,0.422216796875,14.306548118591309,40.889857816696164,0.014217565767467022,0.33415383100509644,0.000128754432,9.588748115301133,0.2,0.8905087932944298,-0.06004420661483891,6265,214.375,0.6041666666666666,-107.37525521176894
114294784,872,31365,3643,,,,,,,,,,,,,,,,
114425856,,,,0.05142179,0.0914199552,0.419732666015625,17.629833221435547,38.16061483621597,0.014218032360076904,0.35074883699417114,0.000128557824,9.666654199361801,0.2,0.9056454747915268,-0.05883790171938017,6270,198.90625,0.6666666666666666,-102.45047097131675
114425856,873,31400,3644,,,,,,,,,,,,,,,,
114556928,,,,0.060552098,0.0912954368,0.43241424560546876,12.707573890686035,34.14539978504181,0.014216315001249313,0.3292166590690613,0.000128361216,9.629134076833726,0.2,0.9121926724910736,-0.05878044607816264,6275,200.59375,0.6770833333333334,-97.43612021553412
114556928,874,31435,3644,,,,,,,,,,,,,,,,
114688000,,,,0.058885198,0.09117091840000001,0.43072052001953126,14.177595138549805,37.40309374332428,0.01421484723687172,0.34674912691116333,0.000128164608,9.647290456295014,0.2,0.8998524099588394,-0.057415659521939236,6280,187.14583333333334,0.6770833333333334,-97.53526829235778
114688000,875,31470,3644,,,,,,,,,,,,,,,,
114819072,,,,0.054462373,0.0910464,0.42000885009765626,15.631354331970215,38.85435159206391,0.01420976035296917,0.3607674539089203,0.000127968,9.595150125026702,0.2,0.8970524296164513,-0.05844436039042193,6285,217.61458333333334,0.625,-106.71749550221864
114819072,876,31507,3644,,,,,,,,,,,,,,,,
114950144,,,,0.059822105,0.09092188159999999,0.442291259765625,12.020964622497559,32.62406903505325,0.014207251369953156,0.3401208817958832,0.00012777139199999997,9.68909078836441,0.2,0.9160172566771507,-0.062264032565872186,6290,181.17708333333334,0.6979166666666666,-93.71964045500955
114950144,877,31541,3644,,,,,,,,,,,,,,,,
115081216,,,,0.047273103,0.09079736319999998,0.40659027099609374,12.80259895324707,40.46472632884979,0.014208155684173107,0.3389522433280945,0.00012757478399999997,9.659732103347778,0.2,0.8972853347659111,-0.05411223241098924,6295,208.6875,0.65625,-100.15459496932847
115081216,878,31578,3644,,,,,,,,,,,,,,,,
115212288,,,,0.050466537,0.09067284479999999,0.40874786376953126,16.4490966796875,39.42920368909836,0.0142088383436203,0.3551633059978485,0.000127378176,9.714961969852448,0.2,0.8995516374707222,-0.05753501087019686,6300,203.59375,0.6666666666666666,-102.41580907890341
115212288,879,31615,3644,,,,,,,,,,,,,,,,
115343360,,,,0.050901547,0.09054832639999999,0.418353271484375,11.76878547668457,34.4986353635788,0.014208188280463219,0.3449159264564514,0.00012718156799999998,9.573892146348953,0.2,0.9159294292330742,-0.05877996261988301,6305,205.89583333333334,0.6354166666666666,-106.90454789558953
115343360,880,31649,3644,,,,,,,,,,,,,,,,
115474432,,,,0.051819522,0.090423808,0.41826019287109373,14.473363876342773,35.585644328594206,0.014209665358066559,0.34046849608421326,0.00012698495999999997,9.728620946407318,0.2,0.9054718688130379,-0.057776045009086376,6310,226.66666666666666,0.5833333333333334,-107.44193889001652
115474432,881,31686,3644,,,,,,,,,,,,,,,,
115605504,,,,0.05263558,0.09029928959999999,0.417578125,13.252799034118652,35.16815531253815,0.014209608547389507,0.3301585912704468,0.00012678835199999997,9.698449248075486,0.2,0.9093789309263229,-0.059970161539968106,6315,201.5625,0.6666666666666666,-103.73479297389183
115605504,882,31721,3644,,,,,,,,,,,,,,,,
115736576,,,,0.048912726,0.09017477119999999,0.39368133544921874,16.446487426757812,41.377863109111786,0.014207148924469948,0.3475838601589203,0.000126591744,9.627803605794906,0.2,0.8988552689552307,-0.05831507074763067,6320,212.79166666666666,0.6354166666666666,-103.1597873497988
115736576,883,31757,3644,,,,,,,,,,,,,,,,
115867648,,,,0.054742422,0.0900502528,0.43611907958984375,14.217500686645508,37.18068729639053,0.01420845277607441,0.3354126811027527,0.00012639513599999998,9.667684173583984,0.2,0.9095780253410339,-0.060261190455639733,6325,188.23958333333334,0.71875,-93.44109329032618
115867648,884,31795,3644,,,,,,,,,,,,,,,,
115998720,,,,0.04975431,0.0899257344,0.39456939697265625,16.769683837890625,43.993361461162564,0.014209233224391937,0.3475283086299896,0.00012619852799999998,9.643555241823197,0.2,0.897769495844841,-0.05745631779136602,6330,222.02083333333334,0.59375,-113.94733125922009
115998720,885,31831,3644,,,,,,,,,,,,,,,,
116129792,,,,0.064176515,0.089801216,0.43035125732421875,12.960653305053711,39.19085592031479,0.01421286165714264,0.3413662910461426,0.00012600192,9.668336629867554,0.2,0.901415228843689,-0.05977184422663413,6335,191.61458333333334,0.6770833333333334,-98.57340161738905
116129792,886,31866,3644,,,,,,,,,,,,,,,,
116260864,,,,0.047460295,0.0896766976,0.40044403076171875,14.144617080688477,38.10783182382583,0.01421546470373869,0.354916512966156,0.000125805312,9.591147428750991,0.2,0.9037420228123665,-0.05789349520928226,6340,195.65625,0.7083333333333334,-94.06028442960381
116260864,887,31902,3644,,,,,,,,,,,,,,,,
116391936,,,,0.058245786,0.0895521792,0.425555419921875,15.709346771240234,38.05138329267502,0.014221828430891037,0.35576876997947693,0.00012560870399999999,9.62188720703125,0.2,0.9066671580076218,-0.05672834576689638,6345,205.11458333333334,0.6458333333333334,-100.84656995135545
116391936,888,31939,3644,,,,,,,,,,,,,,,,
116523008,,,,0.051745053,0.0894276608,0.41251678466796876,13.264182090759277,37.20636789798736,0.014219964854419231,0.36859533190727234,0.000125412096,9.5928365111351,0.2,0.9106156155467033,-0.057408018299611285,6350,195.98958333333334,0.65625,-98.713987867918
116523008,889,31974,3644,,,,,,,,,,,,,,,,
116654080,,,,0.061352372,0.08930314240000001,0.44269866943359376,15.652972221374512,38.892095792293546,0.014218769967556,0.36047276854515076,0.000125215488,9.621331471204758,0.2,0.8916825950145721,-0.05898191516607767,6355,226.33333333333334,0.5729166666666666,-113.51339528933481
116654080,890,32011,3644,,,,,,,,,,,,,,,,
116785152,,,,0.052066788,0.089178624,0.42196197509765626,14.30551528930664,36.484811544418335,0.01422113087028265,0.3539517819881439,0.00012501888,9.675122636556626,0.2,0.9021274968981743,-0.056964894755219576,6360,214.72916666666666,0.59375,-111.22369232735082
116785152,891,32046,3644,,,,,,,,,,,,,,,,
116916224,,,,0.052451625,0.0890541056,0.421185302734375,11.952166557312012,31.381956565380097,0.01422088872641325,0.35079461336135864,0.000124822272,9.609505498409272,0.2,0.9144390523433685,-0.057461392259574494,6365,212.61458333333334,0.6458333333333334,-104.14901448636228
116916224,892,32083,3644,,,,,,,,,,,,,,,,
117047296,,,,0.055399537,0.08892958720000001,0.4197265625,12.194647789001465,34.51602964401245,0.014218555763363838,0.3491149842739105,0.000124625664,9.634485125541687,0.2,0.9147941470146179,-0.0588865279845777,6370,198.5,0.6458333333333334,-100.16072907330702
117047296,893,32118,3644,,,,,,,,,,,,,,,,
117178368,,,,0.053399056,0.08880506880000001,0.4254302978515625,12.511419296264648,37.65556547641754,0.014217915944755077,0.3702123761177063,0.000124429056,9.611973476409911,0.2,0.9079953953623772,-0.057952723783091645,6375,205.64583333333334,0.6458333333333334,-108.62451900288352
117178368,894,32155,3644,,,,,,,,,,,,,,,,
117309440,,,,0.0483788,0.08868055039999999,0.41090850830078124,12.814740180969238,32.96356861591339,0.01421840488910675,0.3524981141090393,0.00012423244799999997,9.573640310764313,0.2,0.9142964780330658,-0.059486547514097765,6380,212.55208333333334,0.625,-107.8244671592751
117309440,895,32192,3643,,,,,,,,,,,,,,,,
117440512,,,,0.058333416,0.08855603199999999,0.4315673828125,15.272867202758789,36.86423200368881,0.014220046810805798,0.3529545068740845,0.00012403583999999996,9.68432558774948,0.2,0.9015225172042847,-0.05620711069786921,6385,209.45833333333334,0.65625,-100.26434881937534
117440512,896,32229,3643,,,,,,,,,,,,,,,,
117571584,,,,0.051892832,0.08843151359999998,0.42873382568359375,14.16265869140625,38.43607133626938,0.014218362048268318,0.3622945249080658,0.00012383923199999999,9.65152766108513,0.2,0.9026950299739838,-0.057962216495070606,6390,215.61458333333334,0.6354166666666666,-104.8151845440634
117571584,897,32266,3643,,,,,,,,,,,,,,,,
117702656,,,,0.055680197,0.08830699519999999,0.41597137451171873,14.981369018554688,38.75371218919754,0.014218549244105816,0.3603489100933075,0.00012364262399999998,9.616241002082825,0.2,0.9026980027556419,-0.058467626600759104,6395,184.125,0.7083333333333334,-94.58319654110487
117702656,898,32301,3643,,,,,,,,,,,,,,,,
117833728,,,,0.052578986,0.08818247679999999,0.42806549072265626,13.79723834991455,36.11878414154053,0.014217250049114227,0.3562026917934418,0.00012344601599999997,9.763013124465942,0.2,0.8973268046975136,-0.059371665865182874,6400,200.09375,0.65625,-103.23654655762248
117833728,899,32335,3644,,,,,,,,,,,,,,,,
117964800,,,,0.049660407,0.0880579584,0.4027984619140625,16.889631271362305,43.02682044506073,0.014216619543731213,0.3526179790496826,0.000123249408,9.632460182905197,0.2,0.9013506919145584,-0.05647566431725863,6405,200.78125,0.6666666666666666,-96.7739425906771
117964800,900,32372,3643,,,,,,,,,,,,,,,,
118095872,,,,0.056132313,0.08793343999999999,0.4236846923828125,15.914791107177734,38.1320436835289,0.014218232594430447,0.3567706048488617,0.0001230528,9.613049346208573,0.2,0.9080428928136826,-0.05966484772507101,6410,199.25,0.7083333333333334,-97.22448091205018
118095872,901,32409,3643,,,,,,,,,,,,,,,,
118226944,,,,0.05834008,0.08780892159999999,0.43134307861328125,14.500642776489258,38.39006930589676,0.014222577214241028,0.3475677967071533,0.00012285619199999998,9.696489942073821,0.2,0.9005569070577621,-0.05959397584956605,6415,225.69791666666666,0.5729166666666666,-114.97568377911405
118226944,902,32445,3643,,,,,,,,,,,,,,,,
118358016,,,,0.049247097,0.0876844032,0.4144195556640625,14.945252418518066,39.12020206451416,0.014220841228961945,0.3509301543235779,0.00012265958399999998,9.710110425949097,0.2,0.9019658714532852,-0.058422119572060185,6420,208.63541666666666,0.65625,-101.2167594048688
118358016,903,32481,3643,,,,,,,,,,,,,,,,
118489088,,,,0.053879425,0.0875598848,0.39793701171875,12.324357986450195,34.99057943820954,0.01421807985752821,0.336833655834198,0.000122462976,9.715360122919083,0.2,0.9122171923518181,-0.05846787912305444,6425,204.0625,0.6458333333333334,-105.95564375653908
118489088,904,32518,3643,,,,,,,,,,,,,,,,
118620160,,,,0.053411733,0.08743536639999999,0.40426177978515626,15.8651704788208,36.14149602651596,0.01422023307532072,0.35181665420532227,0.000122266368,9.604496669769286,0.2,0.908416859805584,-0.058035238881711845,6430,198.65625,0.6458333333333334,-105.6932588061674
118620160,905,32554,3643,,,,,,,,,,,,,,,,
118751232,,,,0.045451567,0.087310848,0.37551116943359375,15.727082252502441,44.28457720279694,0.01422253530472517,0.3500891625881195,0.00012206976,9.627183175086975,0.2,0.8939866572618484,-0.05473855379532324,6435,225.86458333333334,0.5729166666666666,-116.01008397995656
118751232,906,32590,3643,,,,,,,,,,,,,,,,
118882304,,,,0.05032187,0.0871863296,0.3890472412109375,12.755062103271484,41.25249843597412,0.01421983540058136,0.34268784523010254,0.00012187315199999999,9.640011042356491,0.2,0.9044463261961937,-0.053578146296786144,6440,217.04166666666666,0.625,-108.67345631044289
118882304,907,32626,3643,,,,,,,,,,,,,,,,
119013376,,,,0.046111416,0.0870618112,0.3858062744140625,14.001415252685547,41.32532343864441,0.014219449833035469,0.35087189078330994,0.000121676544,9.603879380226136,0.2,0.90447998046875,-0.05805858422245365,6445,192.3125,0.65625,-95.68589706246176
119013376,908,32662,3643,,,,,,,,,,,,,,,,
119144448,,,,0.056517188,0.0869372928,0.4252593994140625,13.89532470703125,34.28091284036636,0.014215185306966305,0.34424418210983276,0.000121479936,9.632158255577087,0.2,0.9178610742092133,-0.056489611853612585,6450,202.28125,0.65625,-109.40593428791203
119144448,909,32698,3643,,,,,,,,,,,,,,,,
119275520,,,,0.04598971,0.0868127744,0.40437774658203124,12.886265754699707,38.84370033740997,0.014211727306246758,0.3613154888153076,0.000121283328,9.605283534526825,0.2,0.9029513373970985,-0.05605853754095733,6455,209.95833333333334,0.6458333333333334,-105.14121880347398
119275520,910,32734,3643,,,,,,,,,,,,,,,,
119406592,,,,0.054844804,0.086688256,0.415057373046875,16.79254913330078,39.58902411460876,0.014210078865289688,0.36797332763671875,0.00012108672000000001,9.592727452516556,0.2,0.9032176807522774,-0.057307501786272044,6460,212.02083333333334,0.59375,-111.44579695791883
119406592,911,32770,3643,,,,,,,,,,,,,,,,
119537664,,,,0.052844655,0.08656373760000001,0.41793975830078123,14.139552116394043,36.51316508054733,0.014207333326339722,0.3663042485713959,0.000120890112,9.615542364120483,0.2,0.9079256430268288,-0.058006392151582986,6465,215.35416666666666,0.6354166666666666,-109.5161895038003
119537664,912,32806,3643,,,,,,,,,,,,,,,,
119668736,,,,0.05478107,0.08643921919999999,0.42217559814453126,12.105803489685059,38.04838892221451,0.014208383858203888,0.3762529790401459,0.00012069350399999997,9.580149137973786,0.2,0.9044653996825218,-0.05669166885345476,6470,226.21875,0.5729166666666666,-112.47339607005915
119668736,913,32843,3643,,,,,,,,,,,,,,,,
119799808,,,,0.049328722,0.08631470079999999,0.39684600830078126,13.647536277770996,40.320506596565245,0.014207216911017895,0.37978920340538025,0.00012049689599999998,9.5656673848629,0.2,0.9024617224931717,-0.05773428570246324,6475,191.38541666666666,0.7916666666666666,-92.17890444296127
119799808,914,32879,3643,,,,,,,,,,,,,,,,
119930880,,,,0.04482802,0.0861901824,0.3920318603515625,17.098344802856445,43.015374624729155,0.014205077663064003,0.3677614629268646,0.00012030028799999998,9.616350370645524,0.2,0.8876835033297539,-0.055059983092360196,6480,199.32291666666666,0.65625,-96.58317390471306
119930880,915,32916,3643,,,,,,,,,,,,,,,,
120061952,,,,0.058283295,0.08606566399999999,0.40578460693359375,15.70126724243164,41.48213500976563,0.014207055792212486,0.3638575077056885,0.00012010367999999998,9.599394780397414,0.2,0.8912746533751488,-0.05948844066952006,6485,191.53125,0.6979166666666666,-95.89772759915724
120061952,916,32950,3643,,,,,,,,,,,,,,,,
120193024,,,,0.055465873,0.08594114559999999,0.423797607421875,11.478252410888672,33.488625693321225,0.01420174352824688,0.36812683939933777,0.00011990707199999999,9.608535474538803,0.2,0.9071438685059547,-0.058481588852009735,6490,198.45833333333334,0.6875,-99.2735637103403
120193024,917,32987,3643,,,,,,,,,,,,,,,,
120324096,,,,0.05233586,0.0858166272,0.414508056640625,14.631365776062012,38.994421696662904,0.014202806167304516,0.3835608661174774,0.00011971046399999998,9.639475399255753,0.2,0.9080002382397652,-0.0577385688200593,6495,184.21875,0.7604166666666666,-86.4477992091782
120324096,918,33022,3643,,,,,,,,,,,,,,,,
120455168,,,,0.053633727,0.0856921088,0.418817138671875,13.310040473937988,34.38273359537125,0.014205066487193108,0.3719416558742523,0.00011951385599999999,9.646656608581543,0.2,0.9112365394830704,-0.05854901400161907,6500,189.47916666666666,0.6979166666666666,-95.7627958587555
120455168,919,33057,3643,,,,,,,,,,,,,,,,
120586240,,,,0.05652432,0.08556759039999999,0.4348358154296875,13.80698299407959,36.97542034387588,0.014206456951797009,0.3811478018760681,0.00011931724799999998,9.649072790145874,0.2,0.9056351110339165,-0.05893622927833349,6505,205.33333333333334,0.6770833333333334,-103.42373174735333
120586240,920,33093,3643,,,,,,,,,,,,,,,,
120717312,,,,0.04816053,0.085443072,0.40688934326171877,13.429645538330078,36.55091634988785,0.014206158928573132,0.3792470693588257,0.00011912063999999999,9.634589809179307,0.2,0.9009120836853981,-0.057611922081559894,6510,208.27083333333334,0.625,-103.81409263562377
120717312,921,33130,3643,,,,,,,,,,,,,,,,
120848384,,,,0.04803001,0.0853185536,0.4030609130859375,13.90389347076416,35.827702701091766,0.014204087667167187,0.37573084235191345,0.000118924032,9.674417269229888,0.2,0.9066557288169861,-0.05773559906228911,6515,204.64583333333334,0.6770833333333334,-97.78651666354385
120848384,922,33165,3643,,,,,,,,,,,,,,,,
120979456,,,,0.04877972,0.0851940352,0.38599700927734376,14.791417121887207,40.23990046977997,0.01420169323682785,0.39153093099594116,0.00011872742399999999,9.651717323064805,0.2,0.8967411071062088,-0.0555390584631823,6520,197.70833333333334,0.6666666666666666,-99.85122252745047
120979456,923,33200,3643,,,,,,,,,,,,,,,,
121110528,,,,0.04464829,0.0850695168,0.36934051513671873,18.34748649597168,45.64974068403244,0.014200239442288876,0.39442116022109985,0.000118530816,9.62096734046936,0.2,0.8958701342344284,-0.05561457892763429,6525,193.79166666666666,0.6770833333333334,-97.8290406734467
121110528,924,33236,3643,,,,,,,,,,,,,,,,
121241600,,,,0.046646975,0.0849449984,0.40020751953125,15.493595123291016,39.703439712524414,0.014199748635292053,0.3697715699672699,0.00011833420799999999,9.610149401426316,0.2,0.8952030539512634,-0.057222240895498544,6530,196.11458333333334,0.6979166666666666,-97.30752790311762
121241600,925,33272,3643,,,,,,,,,,,,,,,,
121372672,,,,0.05312826,0.08482048,0.3999267578125,12.536623001098633,39.05754024982453,0.014202750287950039,0.3618346154689789,0.0001181376,9.674664390087127,0.2,0.8961388170719147,-0.05743082938279258,6535,206.52083333333334,0.6770833333333334,-100.19574512335937
121372672,926,33308,3643,,,,,,,,,,,,,,,,
121503744,,,,0.048597813,0.08469596160000001,0.40115203857421877,15.787224769592285,43.64056030511856,0.014203300699591637,0.3896413743495941,0.000117940992,9.642959094047546,0.2,0.8920942693948746,-0.05592467412352562,6540,199.78125,0.65625,-99.29221777019347
121503744,927,33343,3643,,,,,,,,,,,,,,,,
121634816,,,,0.054076813,0.0845714432,0.41387939453125,15.764683723449707,42.36968371868134,0.01420098077505827,0.38388729095458984,0.000117744384,9.72121857404709,0.2,0.8882245272397995,-0.0571129328222014,6545,195.15625,0.7395833333333334,-95.20104562682191
121634816,928,33379,3643,,,,,,,,,,,,,,,,
121765888,,,,0.046948455,0.0844469248,0.39226226806640624,12.881370544433594,37.63211040496826,0.014197472482919693,0.37174248695373535,0.00011754777600000001,9.73619242310524,0.2,0.9019669592380524,-0.05487534126586979,6550,202.89583333333334,0.6458333333333334,-98.91155037201827
121765888,929,33416,3643,,,,,,,,,,,,,,,,
121896960,,,,0.056680858,0.08432240639999998,0.43961181640625,12.783102035522461,35.24243906736374,0.014194030314683914,0.3795715272426605,0.00011735116799999997,9.702578067779541,0.2,0.908082090318203,-0.05709712132374989,6555,204.0,0.65625,-101.36622200851906
121896960,930,33452,3643,,,,,,,,,,,,,,,,
122028032,,,,0.06078028,0.08419788799999998,0.43300933837890626,10.616523742675781,34.48608371019363,0.014189710840582848,0.380715012550354,0.00011715455999999998,9.708330631256104,0.2,0.9055163413286209,-0.05771974306626362,6560,194.65625,0.7083333333333334,-91.66075111235915
122028032,931,33486,3644,,,,,,,,,,,,,,,,
122159104,,,,0.05389767,0.08407336959999999,0.42076873779296875,15.030896186828613,37.01943407058716,0.014189451932907104,0.3744778335094452,0.00011695795199999998,9.721765053272247,0.2,0.9003068506717682,-0.05949007579183672,6565,183.40625,0.71875,-90.45450258853043
122159104,932,33522,3644,,,,,,,,,,,,,,,,
122290176,,,,0.04950369,0.0839488512,0.402593994140625,15.307689666748047,38.40822598934174,0.0141897052526474,0.37952709197998047,0.00011676134399999998,9.70780970454216,0.2,0.8979621231555939,-0.056984072015620765,6570,182.26041666666666,0.7604166666666666,-86.39307065109415
122290176,933,33557,3644,,,,,,,,,,,,,,,,
122421248,,,,0.051227245,0.08382433279999998,0.4098541259765625,14.839115142822266,38.12817313671112,0.014187107793986797,0.3950105607509613,0.00011656473599999998,9.61955236196518,0.2,0.9026698470115662,-0.05740826362161897,6575,223.39583333333334,0.5833333333333334,-112.72834557342264
122421248,934,33593,3644,,,,,,,,,,,,,,,,
122552320,,,,0.052996397,0.08369981439999999,0.40823822021484374,13.805818557739258,39.16216014623642,0.014185085892677307,0.3820459842681885,0.00011636812799999998,9.682711803913117,0.2,0.9002082422375679,-0.05810818462341558,6580,209.05208333333334,0.65625,-105.04682025381707
122552320,935,33628,3644,,,,,,,,,,,,,,,,
122683392,,,,0.053947203,0.083575296,0.40880584716796875,12.433341979980469,33.56238683462143,0.014185520820319653,0.3802168369293213,0.00011617151999999998,9.647054624557494,0.2,0.9163689985871315,-0.05727975261979736,6585,207.8125,0.6458333333333334,-108.2786813841094
122683392,936,33665,3644,,,,,,,,,,,,,,,,
122814464,,,,0.04843173,0.0834507776,0.39334564208984374,12.399531364440918,36.187525475025176,0.014183182269334793,0.3716855049133301,0.00011597491199999999,9.715555208921433,0.2,0.8993610590696335,-0.05782183229312068,6590,186.65625,0.75,-93.62009211183539
122814464,937,33701,3644,,,,,,,,,,,,,,,,
122945536,,,,0.049906533,0.08332625919999999,0.41416473388671876,15.747304916381836,42.15462923049927,0.014184730127453804,0.39797747135162354,0.000115778304,9.60192009806633,0.2,0.90575310587883,-0.05820264709618641,6595,197.09375,0.65625,-101.5947454533205
122945536,938,33735,3644,,,,,,,,,,,,,,,,
123076608,,,,0.048607726,0.08320174079999999,0.4135406494140625,16.578083038330078,40.65073001384735,0.014178461395204067,0.3736813962459564,0.00011558169599999999,9.683568626642227,0.2,0.8989867568016052,-0.05595825888740365,6600,209.96875,0.625,-107.48477580614717
123076608,939,33772,3644,,,,,,,,,,,,,,,,
123207680,,,,0.050755516,0.0830772224,0.4009857177734375,18.183080673217773,41.82812787294388,0.014177597127854824,0.3921756446361542,0.000115385088,9.628576636314392,0.2,0.8970175758004189,-0.05758265148324426,6605,216.09375,0.6458333333333334,-107.60022968797512
123207680,940,33807,3644,,,,,,,,,,,,,,,,
123338752,,,,0.05097408,0.082952704,0.4159271240234375,13.261326789855957,36.82307908535004,0.014174750074744225,0.3625454902648926,0.00011518847999999999,9.726549273729324,0.2,0.9105848148465157,-0.05736731656361371,6610,213.57291666666666,0.6145833333333334,-112.92431072405414
123338752,941,33844,3644,,,,,,,,,,,,,,,,
123469824,,,,0.0535826,0.0828281856,0.40748443603515627,11.877851486206055,33.88308100700378,0.014173917472362518,0.37919673323631287,0.000114991872,9.612504774332047,0.2,0.9055048525333405,-0.05752838562621036,6615,223.91666666666666,0.5833333333333334,-110.92063359699944
123469824,942,33879,3644,,,,,,,,,,,,,,,,
123600896,,,,0.04971486,0.0827036672,0.39224395751953123,12.253741264343262,34.57840660810471,0.014176005497574806,0.3963433504104614,0.000114795264,9.655147802829742,0.2,0.9115897789597511,-0.05778522390319267,6620,221.48958333333334,0.6354166666666666,-107.72662258273151
123600896,943,33916,3644,,,,,,,,,,,,,,,,
123731968,,,,0.06355983,0.0825791488,0.43553466796875,14.055144309997559,33.80171428918838,0.014177575707435608,0.37977391481399536,0.000114598656,9.674989372491837,0.2,0.914342612028122,-0.05937685175304068,6625,230.4375,0.6041666666666666,-110.65621273901468
123731968,944,33953,3644,,,,,,,,,,,,,,,,
123863040,,,,0.056304995,0.0824546304,0.42149505615234373,15.474050521850586,36.770279276371,0.01417834684252739,0.3988822400569916,0.000114402048,9.613731837272644,0.2,0.9116998687386513,-0.05830009961791802,6630,218.58333333333334,0.59375,-114.27630957255887
123863040,945,33989,3644,,,,,,,,,,,,,,,,
123994112,,,,0.050079018,0.08233011200000001,0.40917510986328126,14.564508438110352,37.28171911239624,0.014174176380038261,0.3876945674419403,0.00011420544,9.634103864431381,0.2,0.9205014035105705,-0.05932989183929749,6635,199.33333333333334,0.6875,-98.08726540588164
123994112,946,34023,3644,,,,,,,,,,,,,,,,
124125184,,,,0.046954036,0.0822055936,0.41033782958984377,14.7693510055542,43.213385498523714,0.014175428077578545,0.3844221830368042,0.000114008832,9.674185019731521,0.2,0.901141807436943,-0.05826511154300533,6640,210.92708333333334,0.65625,-105.89354827225975
124125184,947,34060,3644,,,,,,,,,,,,,,,,
124256256,,,,0.050765373,0.08208107519999999,0.39035186767578123,15.138392448425293,34.452865266799925,0.014173152856528759,0.40836501121520996,0.00011381222399999997,9.624652671813966,0.2,0.9181047677993774,-0.05657850020215847,6645,215.25,0.625,-106.55416161904252
124256256,948,34096,3644,,,,,,,,,,,,,,,,
124387328,,,,0.055377513,0.08195655679999998,0.425653076171875,13.174105644226074,31.778870928287507,0.014172907918691635,0.4052669405937195,0.00011361561599999998,9.732971328496934,0.2,0.9193836227059364,-0.057347385337925515,6650,199.85416666666666,0.6979166666666666,-96.07640597742584
124387328,949,34131,3644,,,,,,,,,,,,,,,,
124518400,,,,0.04964733,0.08183203839999999,0.40820770263671874,16.517379760742188,38.51890803575516,0.014168771915137768,0.3836360573768616,0.00011341900799999997,9.7980617582798,0.2,0.9092857167124748,-0.05652039745473303,6655,207.5,0.6458333333333334,-101.30701128686648
124518400,950,34165,3644,,,,,,,,,,,,,,,,
124649472,,,,0.04774105,0.08170751999999999,0.40752716064453126,13.640573501586914,37.86743816137314,0.014169539324939251,0.41047796607017517,0.00011322239999999998,9.706338572502137,0.2,0.9100645780563354,-0.058655161591013895,6660,203.66666666666666,0.625,-104.98845708849599
124649472,951,34201,3644,,,,,,,,,,,,,,,,
124780544,,,,0.046160307,0.0815830016,0.3938690185546875,14.438170433044434,41.87620211839676,0.014169596135616302,0.4197261333465576,0.00011302579199999998,9.730748015642167,0.2,0.897143267095089,-0.05425565591722261,6665,204.59375,0.65625,-104.74642804642849
124780544,952,34237,3644,,,,,,,,,,,,,,,,
124911616,,,,0.04948704,0.08145848319999999,0.39737091064453123,13.45098876953125,38.76728655099869,0.014168506488204002,0.42917394638061523,0.00011282918399999998,9.662773936986923,0.2,0.9064175337553024,-0.0578962440660689,6670,199.36458333333334,0.6875,-98.57987489423915
124911616,953,34273,3644,,,,,,,,,,,,,,,,
125042688,,,,0.053699948,0.08133396479999999,0.419488525390625,12.403654098510742,36.13555952310562,0.014172665774822235,0.40487560629844666,0.00011263257599999999,9.725050377845765,0.2,0.9047230407595634,-0.05734919295064174,6675,199.05208333333334,0.65625,-96.74783957425143
125042688,954,34309,3644,,,,,,,,,,,,,,,,
125173760,,,,0.05173006,0.0812094464,0.4015960693359375,15.24476146697998,38.231833004951476,0.014169318601489067,0.4030798077583313,0.00011243596799999998,9.811810505390167,0.2,0.8999401107430458,-0.05585079122683965,6680,190.96875,0.75,-89.48305731596885
125173760,955,34345,3644,,,,,,,,,,,,,,,,
125304832,,,,0.05405762,0.081084928,0.4109130859375,12.18256664276123,33.92596008777618,0.014169661328196526,0.40227675437927246,0.00011223935999999999,9.770580637454987,0.2,0.9082567915320396,-0.05647852901602164,6685,194.80208333333334,0.6770833333333334,-100.67608685235439
125304832,956,34381,3644,,,,,,,,,,,,,,,,
125435904,,,,0.055367216,0.08096040959999999,0.4143646240234375,13.658852577209473,35.44864856004715,0.014171088114380836,0.3978087306022644,0.00011204275199999999,9.689953249692916,0.2,0.9081685990095139,-0.05730334791878704,6690,197.55208333333334,0.6458333333333334,-100.53955437507618
125435904,957,34418,3644,,,,,,,,,,,,,,,,
125566976,,,,0.050398707,0.0808358912,0.399652099609375,13.382389068603516,34.627140843868254,0.014171652495861053,0.4151139259338379,0.000111846144,9.680765473842621,0.2,0.9149096235632896,-0.057529709386290054,6695,172.52083333333334,0.7916666666666666,-82.05468640743972
125566976,958,34455,3644,,,,,,,,,,,,,,,,
125698048,,,,0.050972145,0.0807113728,0.39531707763671875,13.0910005569458,34.84914643764496,0.014168966561555862,0.3985387682914734,0.000111649536,9.677764678001404,0.2,0.9125259667634964,-0.05566338316129986,6700,185.25,0.6770833333333334,-102.30676951370289
125698048,959,34492,3644,,,,,,,,,,,,,,,,
125829120,,,,0.04985331,0.0805868544,0.39968414306640626,15.381173133850098,41.67750051021576,0.014169109985232353,0.42310643196105957,0.000111452928,9.728970283269883,0.2,0.8860632702708244,-0.053900587947282474,6705,195.25,0.7291666666666666,-91.02432266494047
125829120,960,34528,3644,,,,,,,,,,,,,,,,
125960192,,,,0.051273797,0.080462336,0.4060638427734375,13.382967948913574,34.649335372447965,0.014170784503221512,0.4071943759918213,0.00011125632,9.72224315404892,0.2,0.9138889759778976,-0.05670742034271825,6710,196.47916666666666,0.6458333333333334,-102.84801077748598
125960192,961,34565,3644,,,,,,,,,,,,,,,,
126091264,,,,0.047782477,0.0803378176,0.39715576171875,13.470634460449219,42.30244469642639,0.01416881661862135,0.4119405746459961,0.000111059712,9.675183045864106,0.2,0.8953436985611916,-0.052930923711392096,6715,203.90625,0.625,-106.14059251456167
126091264,962,34601,3644,,,,,,,,,,,,,,,,
126222336,,,,0.046397164,0.0802132992,0.4056549072265625,12.088909149169922,33.485239911079404,0.01416514627635479,0.3972002863883972,0.000110863104,9.76998953819275,0.2,0.9088277071714401,-0.05891261274518911,6720,214.63541666666666,0.6145833333333334,-105.15185977576648
126222336,963,34637,3644,,,,,,,,,,,,,,,,
126353408,,,,0.04677115,0.08008878080000001,0.39026336669921874,17.571962356567383,41.37043542861939,0.014167239889502525,0.4139917492866516,0.00011066649600000001,9.67206550836563,0.2,0.9085283502936363,-0.05798434274620377,6725,217.1875,0.5833333333333334,-110.53629530640323
126353408,964,34673,3644,,,,,,,,,,,,,,,,
126484480,,,,0.049303122,0.0799642624,0.4061553955078125,15.417726516723633,41.417674684524535,0.014167731627821922,0.4083743989467621,0.000110469888,9.715699940919876,0.2,0.905754379928112,-0.058116259385133165,6730,198.20833333333334,0.6875,-99.92342975517231
126484480,965,34709,3644,,,,,,,,,,,,,,,,
126615552,,,,0.047065802,0.07983974399999999,0.4067596435546875,13.859403610229492,39.80772486925125,0.014168563298881054,0.4002859592437744,0.00011027327999999997,9.740752428770065,0.2,0.9052264541387558,-0.05672120450035436,6735,191.11458333333334,0.7395833333333334,-93.14207824672185
126615552,966,34744,3644,,,,,,,,,,,,,,,,
126746624,,,,0.04969695,0.07971522559999998,0.4042236328125,14.76020336151123,35.602076494693755,0.014168970286846161,0.40323230624198914,0.00011007667199999998,9.699665468931197,0.2,0.9127030819654465,-0.056099663878558206,6740,205.30208333333334,0.625,-104.11181886107165
126746624,967,34782,3644,,,,,,,,,,,,,,,,
126877696,,,,0.05133024,0.07959070719999999,0.402001953125,15.7080659866333,38.28323619365692,0.014171156100928783,0.41283008456230164,0.00010988006399999997,9.601042163372039,0.2,0.9126434177160263,-0.05723191955476068,6745,196.11458333333334,0.6979166666666666,-97.45728134062954
126877696,968,34817,3644,,,,,,,,,,,,,,,,
127008768,,,,0.043973677,0.07946618879999999,0.39233245849609377,13.768479347229004,39.49924132823944,0.014171096496284008,0.40692776441574097,0.00010968345599999998,9.77651692032814,0.2,0.90215665102005,-0.0559955424949294,6750,195.85416666666666,0.6458333333333334,-102.89266632120462
127008768,969,34852,3644,,,,,,,,,,,,,,,,
127139840,,,,0.055154867,0.0793416704,0.42593536376953123,12.102008819580078,29.74810872077942,0.01416988205164671,0.40623968839645386,0.00010948684799999999,9.67973888516426,0.2,0.9301496297121048,-0.05853369879478123,6755,179.35416666666666,0.7291666666666666,-91.59828333425037
127139840,970,34889,3644,,,,,,,,,,,,,,,,
127270912,,,,0.05974333,0.07921715199999999,0.4300079345703125,13.655583381652832,36.53117489814758,0.01416865922510624,0.40462833642959595,0.00010929023999999998,9.647344994544984,0.2,0.917599156498909,-0.0568447648518486,6760,201.08333333333334,0.6979166666666666,-99.33564049832205
127270912,971,34925,3644,,,,,,,,,,,,,,,,
127401984,,,,0.056226112,0.07909263359999999,0.4112518310546875,15.041656494140625,37.12218177318573,0.014169283211231232,0.4108126163482666,0.00010909363199999999,9.728733313083648,0.2,0.9137396588921547,-0.057477181503782046,6765,175.04166666666666,0.7395833333333334,-84.73046941592095
127401984,972,34962,3643,,,,,,,,,,,,,,,,
127533056,,,,0.04955761,0.0789681152,0.4018585205078125,13.378979682922363,32.788031578063965,0.014167707413434982,0.3942297399044037,0.00010889702399999998,9.774279820919038,0.2,0.9166260212659836,-0.05522596671944484,6770,183.21875,0.7291666666666666,-90.8920778517861
127533056,973,34999,3643,,,,,,,,,,,,,,,,
127664128,,,,0.04597774,0.0788435968,0.388995361328125,15.195375442504883,38.02214901447296,0.014169874601066113,0.4119994044303894,0.00010870041599999999,9.579421830177306,0.2,0.9141405671834946,-0.054056546033825724,6775,207.10416666666666,0.6666666666666666,-100.80215718360863
127664128,974,35035,3643,,,,,,,,,,,,,,,,
127795200,,,,0.047940657,0.0787190784,0.39612274169921874,18.55898094177246,39.57755423784256,0.014168670400977135,0.4143480658531189,0.000108503808,9.603021055459976,0.2,0.9069514498114586,-0.05569113906822167,6780,203.79166666666666,0.6145833333333334,-105.62662738305194
127795200,975,35073,3643,,,,,,,,,,,,,,,,
127926272,,,,0.048332132,0.07859456,0.38951263427734373,14.523881912231445,40.05262166261673,0.014165781438350677,0.40757808089256287,0.00010830719999999999,9.70547929406166,0.2,0.9011893048882484,-0.05842897261027247,6785,183.34375,0.7291666666666666,-91.94131401535788
127926272,976,35107,3643,,,,,,,,,,,,,,,,
128057344,,,,0.046469938,0.0784700416,0.39177093505859373,13.623305320739746,37.26423217058182,0.014166018925607204,0.39365577697753906,0.000108110592,9.628841453790665,0.2,0.9079629257321358,-0.056601609770586946,6790,214.4375,0.6041666666666666,-109.7598510505132
128057344,977,35144,3643,,,,,,,,,,,,,,,,
128188416,,,,0.051796556,0.0783455232,0.40457916259765625,13.06408405303955,35.189210987091066,0.014165213331580162,0.39824074506759644,0.000107913984,9.75219287276268,0.2,0.9120943918824196,-0.05864219955110457,6795,197.40625,0.6875,-101.55379499618175
128188416,978,35179,3643,,,,,,,,,,,,,,,,
128319488,,,,0.04964423,0.07822100480000001,0.38348541259765623,12.47159194946289,39.963607776165006,0.01416555792093277,0.4174381196498871,0.000107717376,9.667972952127457,0.2,0.9081205502152443,-0.0563174922062899,6800,188.15625,0.6979166666666666,-92.0925206925376
128319488,979,35213,3643,,,,,,,,,,,,,,,,
128450560,,,,0.047418833,0.0780964864,0.40431365966796873,18.673091888427734,39.81845757961273,0.014165272936224937,0.42118972539901733,0.00010752076800000001,9.657718300819397,0.2,0.9061758741736412,-0.056733494295622224,6805,219.34375,0.5833333333333334,-111.47909603176517
128450560,980,35249,3644,,,,,,,,,,,,,,,,
128581632,,,,0.04554583,0.077971968,0.3855743408203125,15.412035942077637,39.91463170051575,0.014163326472043991,0.43600982427597046,0.00010732416,9.681549787521362,0.2,0.903687097132206,-0.05529540090501541,6810,193.25,0.7083333333333334,-95.3625518280034
128581632,981,35285,3644,,,,,,,,,,,,,,,,
128712704,,,,0.05036937,0.07784744960000001,0.4092742919921875,17.08509063720703,41.10914396047592,0.01416254322975874,0.42461979389190674,0.00010712755200000001,9.719962924718857,0.2,0.8977253586053848,-0.05779093059827574,6815,199.83333333333334,0.6458333333333334,-102.18624682744235
128712704,982,35320,3644,,,,,,,,,,,,,,,,
128843776,,,,0.049615577,0.07772293120000001,0.40765228271484377,12.125530242919922,34.89944331645965,0.014160889200866222,0.39532777667045593,0.000106930944,9.722595006227493,0.2,0.9122631922364235,-0.057678449264494704,6820,227.33333333333334,0.5625,-112.94406160143133
128843776,983,35357,3644,,,,,,,,,,,,,,,,
128974848,,,,0.049895033,0.07759841279999999,0.4172882080078125,16.68836784362793,39.81265778541565,0.014159537851810455,0.41975197196006775,0.00010673433599999997,9.760392141342162,0.2,0.9092227220535278,-0.0556457589234924,6825,200.72916666666666,0.7083333333333334,-93.1549242276243
128974848,984,35392,3644,,,,,,,,,,,,,,,,
129105920,,,,0.04615892,0.07747389439999999,0.38201141357421875,14.708806991577148,40.67635235786438,0.014157414436340332,0.4260319173336029,0.00010653772799999998,9.729014921188355,0.2,0.909499280154705,-0.05651631997025106,6830,212.25,0.6041666666666666,-108.4493195727644
129105920,985,35428,3644,,,,,,,,,,,,,,,,
129236992,,,,0.046057545,0.07734937599999998,0.38926544189453127,13.570655822753906,39.052027988433835,0.014156853780150414,0.4013669192790985,0.00010634111999999999,9.742714911699295,0.2,0.9000728279352188,-0.056232351483777164,6835,223.13541666666666,0.6041666666666666,-109.46666648017538
129236992,986,35464,3644,,,,,,,,,,,,,,,,
129368064,,,,0.048519053,0.07722485759999999,0.40038299560546875,14.415983200073242,35.42196835279465,0.014156043529510498,0.414706826210022,0.00010614451199999998,9.668181508779526,0.2,0.9147478267550468,-0.05754580397333484,6840,221.125,0.6041666666666666,-111.03496879939887
129368064,987,35500,3644,,,,,,,,,,,,,,,,
129499136,,,,0.049241558,0.07710033919999999,0.39239654541015623,12.451117515563965,37.90512074232102,0.01415223814547062,0.410700261592865,0.00010594790399999999,9.694895362854004,0.2,0.9039955958724022,-0.05610457326838514,6845,198.57291666666666,0.6770833333333334,-96.2273829390673
129499136,988,35537,3644,,,,,,,,,,,,,,,,
129630208,,,,0.050584394,0.0769758208,0.4125244140625,11.073875427246094,31.80522366762161,0.014149678871035576,0.39533352851867676,0.00010575129599999998,9.755928778648377,0.2,0.9189624860882759,-0.05938434197742026,6850,203.28125,0.71875,-95.4955727698643
129630208,989,35573,3644,,,,,,,,,,,,,,,,
129761280,,,,0.05974558,0.07685130239999999,0.41641693115234374,13.322860717773438,38.57637768983841,0.014150495640933514,0.4379956126213074,0.00010555468799999999,9.637485045194627,0.2,0.9079442769289017,-0.056146901988540776,6855,211.90625,0.5833333333333334,-110.52934042070127
129761280,990,35608,3644,,,,,,,,,,,,,,,,
129892352,,,,0.047071543,0.07672678399999999,0.4180328369140625,11.372023582458496,32.81579405069351,0.014149978756904602,0.42782437801361084,0.00010535808,9.723456650972366,0.2,0.9108934700489044,-0.05436725644103717,6860,214.82291666666666,0.6458333333333334,-103.37160791502542
129892352,991,35645,3644,,,,,,,,,,,,,,,,
130023424,,,,0.044129882,0.0766022656,0.40351104736328125,14.10689640045166,37.93884155750275,0.01414967980235815,0.4223257899284363,0.00010516147199999999,9.745456296205521,0.2,0.9106351733207703,-0.05736326508922503,6865,196.55208333333334,0.6354166666666666,-100.49945536958148
130023424,992,35681,3643,,,,,,,,,,,,,,,,
130154496,,,,0.05584168,0.0764777472,0.38759307861328124,13.99099063873291,33.66784639358521,0.014149665832519531,0.4199480414390564,0.000104964864,9.760757303237915,0.2,0.9221438094973564,-0.054276253117132,6870,242.39583333333334,0.4895833333333333,-123.43836236461182
130154496,993,35718,3643,,,,,,,,,,,,,,,,
130285568,,,,0.049540356,0.07635322879999999,0.39354248046875,12.160540580749512,35.75294051170349,0.01414642482995987,0.4220406413078308,0.00010476825599999999,9.71257895231247,0.2,0.9096096530556679,-0.05762256627349416,6875,197.55208333333334,0.6770833333333334,-98.33689707806148
130285568,994,35755,3643,,,,,,,,,,,,,,,,
130416640,,,,0.046235763,0.0762287104,0.38179779052734375,12.527518272399902,37.384814012050626,0.014145895838737488,0.4305139482021332,0.000104571648,9.694404309988021,0.2,0.9137754440307617,-0.055450848347391,6880,179.85416666666666,0.71875,-90.46205627776608
130416640,995,35789,3644,,,,,,,,,,,,,,,,
130547712,,,,0.04758919,0.076104192,0.3967437744140625,18.985689163208008,37.88069939613342,0.014144639484584332,0.42109519243240356,0.00010437503999999999,9.72733006477356,0.2,0.9081716388463974,-0.057546281462418844,6885,192.59375,0.71875,-95.69220351043042
130547712,996,35825,3644,,,,,,,,,,,,,,,,
130678784,,,,0.048797555,0.0759796736,0.41197357177734373,14.98779296875,40.202932071685794,0.014146527275443077,0.4405348300933838,0.000104178432,9.66316161751747,0.2,0.9084617793560028,-0.058396469977742525,6890,215.67708333333334,0.6145833333333334,-111.69605667112121
130678784,997,35861,3644,,,,,,,,,,,,,,,,
130809856,,,,0.04705195,0.0758551552,0.372796630859375,16.43355941772461,39.83789644241333,0.014142274856567383,0.4156215190887451,0.00010398182400000001,9.74163379073143,0.2,0.9108620882034302,-0.05500104130915133,6895,187.69791666666666,0.7291666666666666,-92.56777507385021
130809856,998,35896,3644,,,,,,,,,,,,,,,,
130940928,,,,0.04933328,0.0757306368,0.408685302734375,15.526281356811523,39.44208036661148,0.014142019674181938,0.41513344645500183,0.000103785216,9.714015191793441,0.2,0.8991257399320602,-0.059182729231542906,6900,211.92708333333334,0.6458333333333334,-105.93929441913944
130940928,999,35932,3644,,,,,,,,,,,,,,,,
131072000,,,,0.046233263,0.0756061184,0.3928619384765625,16.10660171508789,37.83286780118942,0.014140758663415909,0.44961321353912354,0.00010358860800000001,9.757895308732987,0.2,0.905498705804348,-0.05863536871183896,6905,205.03125,0.6770833333333334,-100.12325638325972
131072000,1000,35969,3643,,,,,,,,,,,,,,,,
131203072,,,,0.04519336,0.07548159999999998,0.3971160888671875,15.133169174194336,38.55924249887467,0.014140956103801727,0.42140981554985046,0.00010339199999999998,9.635651838779449,0.2,0.9052666425704956,-0.056192400556756186,6910,203.83333333333334,0.65625,-101.43571911264921
131203072,1001,36006,3643,,,,,,,,,,,,,,,,
131334144,,,,0.040782347,0.07535708159999999,0.37429351806640626,15.932514190673828,43.19091079235077,0.014139070175588131,0.4345347285270691,0.00010319539199999998,9.706124436855315,0.2,0.8923869207501411,-0.054961368444492106,6915,202.26041666666666,0.6354166666666666,-106.57497884444653
131334144,1002,36042,3643,,,,,,,,,,,,,,,,
131465216,,,,0.055792004,0.07523256319999999,0.4173187255859375,12.260462760925293,32.662870132923125,0.0141330286860466,0.4399483799934387,0.00010299878399999998,9.772668862342835,0.2,0.9121922701597214,-0.061443495156709105,6920,222.05208333333334,0.59375,-111.71612061510218
131465216,1003,36078,3643,,,,,,,,,,,,,,,,
131596288,,,,0.044331558,0.0751080448,0.38446197509765623,15.23296070098877,36.323347616195676,0.014128982089459896,0.43658480048179626,0.00010280217599999998,9.734507209062576,0.2,0.9158782586455345,-0.05504939147067489,6925,202.63541666666666,0.6770833333333334,-98.86750408464873
131596288,1004,36114,3643,,,,,,,,,,,,,,,,
131727360,,,,0.05015844,0.07498352639999999,0.40199432373046873,12.25226879119873,34.637370598316195,0.014126500114798546,0.4201814532279968,0.00010260556799999998,9.720234918594361,0.2,0.9199239164590836,-0.05719933318323456,6930,203.58333333333334,0.65625,-102.36485462030907
131727360,1005,36150,3643,,,,,,,,,,,,,,,,
131858432,,,,0.047039635,0.07485900799999999,0.4003753662109375,15.826216697692871,33.786660599708554,0.014131806790828705,0.42885836958885193,0.00010240895999999999,9.723113828897477,0.2,0.9144580438733101,-0.05546708757901797,6935,222.29166666666666,0.6041666666666666,-113.07626328293527
131858432,1006,36186,3643,,,,,,,,,,,,,,,,
131989504,,,,0.054612197,0.0747344896,0.41739044189453123,11.887003898620605,33.944618701934814,0.014135235920548439,0.42466267943382263,0.00010221235199999999,9.838798469305038,0.2,0.9178872779011726,-0.056090114419930615,6940,201.35416666666666,0.6875,-96.6509150499108
131989504,1007,36221,3643,,,,,,,,,,,,,,,,
132120576,,,,0.048206132,0.0746099712,0.38999176025390625,14.946465492248535,36.54641261100769,0.014130603522062302,0.41876864433288574,0.00010201574399999999,9.736060708761215,0.2,0.9162812605500221,-0.05484443165914854,6945,222.73958333333334,0.6145833333333334,-109.40540718889493
132120576,1008,36256,3644,,,,,,,,,,,,,,,,
132251648,,,,0.04684748,0.07448545279999999,0.38662109375,13.679551124572754,37.499361181259154,0.01412852294743061,0.4102272391319275,0.000101819136,9.757014632225037,0.2,0.9009508937597275,-0.05506666825749562,6950,194.20833333333334,0.7083333333333334,-92.29784628539699
132251648,1009,36291,3644,,,,,,,,,,,,,,,,
132382720,,,,0.044063494,0.0743609344,0.39186248779296873,11.553176879882812,32.38669644594192,0.014123047702014446,0.44832056760787964,0.00010162252799999999,9.700284546613693,0.2,0.9196551069617271,-0.05742410229286179,6955,197.19791666666666,0.7083333333333334,-97.67555955128181
132382720,1010,36327,3644,,,,,,,,,,,,,,,,
132513792,,,,0.04813399,0.074236416,0.40478973388671874,14.344779014587402,37.160424816608426,0.014120206236839294,0.43130284547805786,0.00010142592,9.674216777086258,0.2,0.908310055732727,-0.056607223764876834,6960,203.5625,0.6666666666666666,-96.32478544545744
132513792,1011,36363,3644,,,,,,,,,,,,,,,,
132644864,,,,0.052319214,0.0741118976,0.4116485595703125,12.79278564453125,34.829773139953616,0.014124436303973198,0.4280645251274109,0.00010122931199999999,9.724834358692169,0.2,0.9083486199378967,-0.05698298955685459,6965,213.61458333333334,0.6666666666666666,-104.34592724061083
132644864,1012,36399,3644,,,,,,,,,,,,,,,,
132775936,,,,0.046230573,0.0739873792,0.3827178955078125,12.509757995605469,38.3397240281105,0.01411987841129303,0.41814810037612915,0.000101032704,9.758509814739227,0.2,0.9002592638134956,-0.054114754927286415,6970,201.78125,0.6770833333333334,-101.29736265168026
132775936,1013,36435,3644,,,,,,,,,,,,,,,,
132907008,,,,0.044428125,0.0738628608,0.394915771484375,13.736597061157227,38.38877074718475,0.014117037877440453,0.43757006525993347,0.000100836096,9.764864844083785,0.2,0.9059620201587677,-0.05840184132830473,6975,184.03125,0.7916666666666666,-87.0294400853959
132907008,1014,36471,3644,,,,,,,,,,,,,,,,
133038080,,,,0.04558977,0.0737383424,0.37575531005859375,13.233963012695312,36.15224837064743,0.014115328900516033,0.4087632894515991,0.000100639488,9.802931529283523,0.2,0.9102831408381462,-0.05577856690506451,6980,209.52083333333334,0.65625,-107.4633610016806
133038080,1015,36507,3644,,,,,,,,,,,,,,,,
133169152,,,,0.042330377,0.07361382400000001,0.3652008056640625,16.017105102539062,39.95873625278473,0.014112180098891258,0.4257811903953552,0.00010044288,9.681697732210159,0.2,0.9003895595669746,-0.054533172503579405,6985,199.5625,0.7291666666666666,-94.52837451377809
133169152,1016,36543,3644,,,,,,,,,,,,,,,,
133300224,,,,0.048147194,0.0734893056,0.395013427734375,16.04960823059082,34.42935255765915,0.014109864830970764,0.4244961142539978,0.000100246272,9.77536563873291,0.2,0.915442131459713,-0.05527288411103655,6990,210.96875,0.6666666666666666,-102.18957127977149
133300224,1017,36578,3644,,,,,,,,,,,,,,,,
133431296,,,,0.051148362,0.0733647872,0.39998626708984375,14.398516654968262,35.698954141139986,0.014112054370343685,0.41468939185142517,0.00010004966400000001,9.684700632095337,0.2,0.9092928320169449,-0.05428852668264881,6995,188.11458333333334,0.6875,-101.30896962622222
133431296,1018,36614,3644,,,,,,,,,,,,,,,,
133562368,,,,0.047293235,0.07324026879999998,0.3916839599609375,13.832491874694824,36.99571350812912,0.014112107455730438,0.4248367249965668,9.985305599999997e-05,9.691117507219314,0.2,0.9120437428355217,-0.05664733293233439,7000,206.78125,0.6458333333333334,-106.90382289992635
133562368,1019,36650,3644,,,,,,,,,,,,,,,,
133693440,,,,0.04551567,0.07311575039999998,0.401824951171875,14.528502464294434,34.73402624130249,0.014107901602983475,0.3961232602596283,9.965644799999998e-05,9.669371062517166,0.2,0.9192352890968323,-0.055701289800344965,7005,179.58333333333334,0.71875,-94.64965141339341
133693440,1020,36684,3644,,,,,,,,,,,,,,,,
133824512,,,,0.055109788,0.07299123199999999,0.41453399658203127,12.412562370300293,32.96636360883713,0.014110749587416649,0.41899073123931885,9.945983999999998e-05,9.740153896808625,0.2,0.9110818207263947,-0.05784088937216438,7010,198.0625,0.6770833333333334,-98.70869173620433
133824512,1021,36720,3644,,,,,,,,,,,,,,,,
133955584,,,,0.05107955,0.0728667136,0.39380035400390623,17.166133880615234,39.47052791118622,0.014111186377704144,0.4170142114162445,9.926323199999998e-05,9.709581476449966,0.2,0.9010835662484169,-0.0534928080815007,7015,200.83333333333334,0.6875,-99.46571219730754
133955584,1022,36757,3644,,,,,,,,,,,,,,,,
134086656,,,,0.041631415,0.07274219519999998,0.3673919677734375,15.767256736755371,39.24787760972977,0.014112738892436028,0.4339234232902527,9.906662399999999e-05,9.70096772313118,0.2,0.9080674201250076,-0.053819314805150495,7020,210.59375,0.65625,-100.06100171645562
134086656,1023,36793,3644,,,,,,,,,,,,,,,,
134217728,,,,0.04835551,0.07261767679999999,0.40258026123046875,15.234716415405273,35.90184769630432,0.014108115807175636,0.4251222014427185,9.887001599999998e-05,9.715893191099166,0.2,0.911830723285675,-0.05726227591803763,7025,195.05208333333334,0.6875,-97.40984294822623
134217728,1024,36828,3644,,,,,,,,,,,,,,,,
134348800,,,,0.04818388,0.0724931584,0.39779815673828123,14.531818389892578,33.417608332633975,0.014101456850767136,0.4181005358695984,9.867340799999999e-05,9.80801789164543,0.2,0.9158917516469955,-0.05709439923230093,7030,195.90625,0.71875,-94.01471342675636
134348800,1025,36863,3644,,,,,,,,,,,,,,,,
134479872,,,,0.048454776,0.07236864,0.38050384521484376,13.691320419311523,39.924236309528354,0.014095967635512352,0.42691919207572937,9.847679999999999e-05,9.633378469944,0.2,0.910575732588768,-0.05488832262490177,7035,207.5,0.625,-104.51079162728361
134479872,1026,36901,3644,,,,,,,,,,,,,,,,
134610944,,,,0.052675106,0.0722441216,0.40917510986328126,13.842028617858887,34.847851634025574,0.014098416082561016,0.43006500601768494,9.828019199999999e-05,9.645610225200652,0.2,0.9192351177334785,-0.057483621257415504,7040,185.5625,0.6979166666666666,-91.10896610396878
134610944,1027,36937,3644,,,,,,,,,,,,,,,,
134742016,,,,0.04038978,0.07211960320000001,0.36514892578125,12.754051208496094,37.66252955198288,0.01409421768039465,0.43549466133117676,9.808358399999999e-05,9.594208723306656,0.2,0.9055330380797386,-0.05421745405474212,7045,205.96875,0.65625,-105.8100481322545
134742016,1028,36973,3644,,,,,,,,,,,,,,,,
134873088,,,,0.043600652,0.0719950848,0.38546295166015626,13.9368896484375,36.10970587730408,0.014094769954681396,0.44579577445983887,9.7886976e-05,9.589406538009644,0.2,0.9126166924834251,-0.05713938741682796,7050,208.51041666666666,0.6145833333333334,-104.07812010967281
134873088,1029,37009,3644,,,,,,,,,,,,,,,,
135004160,,,,0.047821503,0.0718705664,0.4045135498046875,17.84461784362793,43.05170608758927,0.014089575968682766,0.43545469641685486,9.7690368e-05,9.710968482494355,0.2,0.8959728702902794,-0.057709648815216494,7055,214.44791666666666,0.6354166666666666,-104.95063977843405
135004160,1030,37046,3644,,,,,,,,,,,,,,,,
135135232,,,,0.046525307,0.071746048,0.37866058349609377,18.158658981323242,41.33481243848801,0.014089430682361126,0.43597790598869324,9.749376e-05,9.669980663061143,0.2,0.8983277156949043,-0.05513874210882932,7060,213.89583333333334,0.5729166666666666,-113.53539377649315
135135232,1031,37082,3644,,,,,,,,,,,,,,,,
135266304,,,,0.051445305,0.07162152960000001,0.4051605224609375,16.33660125732422,36.09379194974899,0.01409263163805008,0.44117531180381775,9.7297152e-05,9.678708052635193,0.2,0.9150878414511681,-0.056896780859096906,7065,224.02083333333334,0.6041666666666666,-107.83911086826602
135266304,1032,37119,3644,,,,,,,,,,,,,,,,
135397376,,,,0.0482501,0.0714970112,0.4050811767578125,13.494694709777832,37.001569104194644,0.014086577109992504,0.439441055059433,9.7100544e-05,9.730577379465103,0.2,0.9162076413631439,-0.05795521021791501,7070,199.21875,0.6979166666666666,-93.06318364202274
135397376,1033,37154,3644,,,,,,,,,,,,,,,,
135528448,,,,0.04951655,0.0713724928,0.398046875,13.658008575439453,34.426355195045474,0.014087064191699028,0.4445516765117645,9.6903936e-05,9.64884724020958,0.2,0.9161893054842949,-0.05591086454223841,7075,202.35416666666666,0.6666666666666666,-100.95075084991002
135528448,1034,37190,3644,,,,,,,,,,,,,,,,
135659520,,,,0.047233135,0.07124797440000001,0.40623779296875,12.385289192199707,33.82257785797119,0.014084058813750744,0.45243000984191895,9.670732800000001e-05,9.663625758886337,0.2,0.9172650426626205,-0.05937472914665705,7080,197.0625,0.7395833333333334,-91.64737024544017
135659520,1035,37226,3644,,,,,,,,,,,,,,,,
135790592,,,,0.04445374,0.07112345600000002,0.38260345458984374,12.507993698120117,36.27573004961014,0.01408200990408659,0.44370126724243164,9.651072e-05,9.662405210733414,0.2,0.908846378326416,-0.056751694955164564,7085,189.28125,0.7395833333333334,-91.03448394610564
135790592,1036,37259,3644,,,,,,,,,,,,,,,,
135921664,,,,0.04747174,0.07099893759999999,0.38603363037109373,14.175361633300781,40.107886898517606,0.014076344668865204,0.46102866530418396,9.631411199999997e-05,9.681944328546525,0.2,0.9086633697152138,-0.056102357141207905,7090,197.95833333333334,0.7083333333333334,-96.54905660841719
135921664,1037,37295,3644,,,,,,,,,,,,,,,,
136052736,,,,0.052380107,0.0708744192,0.40338134765625,12.450005531311035,33.37082028388977,0.014073148369789124,0.4469841420650482,9.611750399999998e-05,9.742861157655716,0.2,0.9160051941871643,-0.056996098582749254,7095,166.42708333333334,0.7916666666666666,-82.6401028719042
136052736,1038,37331,3644,,,,,,,,,,,,,,,,
136183808,,,,0.05105041,0.07074990079999999,0.41242828369140627,15.196662902832031,36.76657749414444,0.014072130434215069,0.4522193372249603,9.592089599999997e-05,9.71498750448227,0.2,0.9112381041049957,-0.05600195067818277,7100,208.34375,0.6770833333333334,-100.77248940321108
136183808,1039,37366,3644,,,,,,,,,,,,,,,,
136314880,,,,0.044358056,0.07062538239999999,0.37542877197265623,13.649022102355957,36.28712449073792,0.01407506875693798,0.45781058073043823,9.572428799999998e-05,9.622052985429765,0.2,0.9101590663194656,-0.05437299884215463,7105,235.44791666666666,0.5520833333333334,-119.29761892783368
136314880,1040,37401,3644,,,,,,,,,,,,,,,,
136445952,,,,0.049252555,0.070500864,0.39673004150390623,12.10352611541748,33.242000544071196,0.014067381620407104,0.4371672570705414,9.552767999999999e-05,9.612076234817504,0.2,0.9237812012434006,-0.056441122983233075,7110,201.59375,0.6875,-97.44809029399055
136445952,1041,37438,3644,,,,,,,,,,,,,,,,
136577024,,,,0.0463151,0.0703763456,0.3763946533203125,14.807909965515137,34.38772939443588,0.014065651223063469,0.43050360679626465,9.533107199999998e-05,9.699810230731964,0.2,0.9188133925199509,-0.053199178242357446,7115,210.29166666666666,0.59375,-110.621598452848
136577024,1042,37473,3644,,,,,,,,,,,,,,,,
136708096,,,,0.04190824,0.07025182719999999,0.38188323974609373,14.722819328308105,35.593443715572356,0.014067723415791988,0.45025381445884705,9.513446399999999e-05,9.719546729326249,0.2,0.9127465039491653,-0.0558033702953253,7120,193.25,0.7083333333333334,-91.86572589817901
136708096,1043,37509,3644,,,,,,,,,,,,,,,,
136839168,,,,0.044569753,0.0701273088,0.379150390625,15.139047622680664,35.018841075897214,0.014066264033317566,0.4475935399532318,9.493785599999998e-05,9.690178418159485,0.2,0.9206321388483047,-0.05711065385985421,7125,187.85416666666666,0.7604166666666666,-88.46808013148372
136839168,1044,37544,3644,,,,,,,,,,,,,,,,
136970240,,,,0.04443548,0.0700027904,0.3770172119140625,14.788246154785156,41.43213709592819,0.01407069992274046,0.458312451839447,9.474124799999999e-05,9.661989510059357,0.2,0.9012668654322624,-0.05603523813188076,7130,212.32291666666666,0.625,-101.06915864025844
136970240,1045,37580,3644,,,,,,,,,,,,,,,,
137101312,,,,0.049579836,0.069878272,0.38895721435546876,13.399925231933594,35.983450043201444,0.014068787917494774,0.48585045337677,9.454464e-05,9.691427987813949,0.2,0.9100939109921455,-0.057717842332203874,7135,203.86458333333334,0.6770833333333334,-102.47246573930863
137101312,1046,37616,3644,,,,,,,,,,,,,,,,
137232384,,,,0.048693907,0.0697537536,0.38051910400390626,14.662623405456543,39.34530124664307,0.014069641940295696,0.4543461203575134,9.434803199999999e-05,9.69416955113411,0.2,0.9070210754871368,-0.05333792502642609,7140,223.58333333333334,0.6354166666666666,-104.9141627074386
137232384,1047,37652,3644,,,,,,,,,,,,,,,,
137363456,,,,0.048989717,0.0696292352,0.3962615966796875,12.495722770690918,33.19824469089508,0.014066407456994057,0.45511674880981445,9.4151424e-05,9.769424575567246,0.2,0.9171848967671394,-0.056618132161383984,7145,216.54166666666666,0.6458333333333334,-101.6070892519624
137363456,1048,37688,3644,,,,,,,,,,,,,,,,
137494528,,,,0.045659896,0.0695047168,0.37252655029296877,15.325202941894531,38.01747324466705,0.014066062867641449,0.45983392000198364,9.3954816e-05,9.712150067090988,0.2,0.9064459428191185,-0.05691739358007908,7150,204.33333333333334,0.65625,-102.41556823397377
137494528,1049,37724,3644,,,,,,,,,,,,,,,,
137625600,,,,0.042050824,0.06938019840000001,0.39131622314453124,14.563857078552246,36.98836563825607,0.014063037931919098,0.4630156457424164,9.3758208e-05,9.67673800587654,0.2,0.9123846367001534,-0.053397805901477115,7155,215.1875,0.65625,-102.34334966121168
137625600,1050,37760,3644,,,,,,,,,,,,,,,,
137756672,,,,0.04827419,0.06925568,0.3819854736328125,14.255635261535645,38.3776096701622,0.014060309156775475,0.44581183791160583,9.356160000000001e-05,9.70456475019455,0.2,0.9051018431782722,-0.05527906296774745,7160,206.16666666666666,0.6666666666666666,-99.53711332523784
137756672,1051,37796,3644,,,,,,,,,,,,,,,,
137887744,,,,0.0500962,0.0691311616,0.4054229736328125,14.604717254638672,35.37427099943161,0.014059854671359062,0.4624199867248535,9.3364992e-05,9.836457878351212,0.2,0.9131099060177803,-0.0550497612595791,7165,173.97916666666666,0.75,-88.31470679628269
137887744,1052,37831,3644,,,,,,,,,,,,,,,,
138018816,,,,0.040226262,0.06900664320000001,0.3522796630859375,14.897173881530762,35.582275557518,0.014055458828806877,0.43766483664512634,9.316838400000001e-05,9.72780836224556,0.2,0.9148072600364685,-0.051939415407832715,7170,200.59375,0.6875,-97.38623388209703
138018816,1053,37867,3644,,,,,,,,,,,,,,,,
138149888,,,,0.04505085,0.06888212479999999,0.38592071533203126,12.677739143371582,34.20377388000488,0.014053216204047203,0.4597131609916687,9.297177599999998e-05,9.617132848501205,0.2,0.9187018126249313,-0.05339875181234675,7175,186.01041666666666,0.6979166666666666,-95.97910003302172
138149888,1054,37903,3644,,,,,,,,,,,,,,,,
138280960,,,,0.04506307,0.06875760639999999,0.376995849609375,14.245490074157715,40.911377120018,0.014055739156901836,0.4560868740081787,9.277516799999997e-05,9.711897760629654,0.2,0.9059163928031921,-0.05338280470314203,7180,203.11458333333334,0.65625,-101.29175606357315
138280960,1055,37938,3644,,,,,,,,,,,,,,,,
138412032,,,,0.044136077,0.068633088,0.3950347900390625,13.725937843322754,32.34187582731247,0.014051444828510284,0.43654781579971313,9.257855999999998e-05,9.81994434595108,0.2,0.9196504056453705,-0.05562229275383288,7185,198.61458333333334,0.7083333333333334,-89.9608357457348
138412032,1056,37973,3645,,,,,,,,,,,,,,,,
138543104,,,,0.047091648,0.06850856959999999,0.379766845703125,12.661788940429688,31.641230010986327,0.014047029428184032,0.44680285453796387,9.238195199999999e-05,9.720181107521057,0.2,0.918825700879097,-0.05314360870106612,7190,219.6875,0.625,-104.01909830785446
138543104,1057,38008,3645,,,,,,,,,,,,,,,,
138674176,,,,0.047690652,0.06838405119999999,0.3939849853515625,14.621183395385742,35.668779695034026,0.01404479704797268,0.4405995309352875,9.218534399999998e-05,9.661416828632355,0.2,0.9155403450131416,-0.055397948817699216,7195,199.69791666666666,0.6458333333333334,-100.23014605465214
138674176,1058,38043,3645,,,,,,,,,,,,,,,,
138805248,,,,0.04867865,0.0682595328,0.399005126953125,13.714920043945312,33.18877321481705,0.014036905020475388,0.44476181268692017,9.198873599999999e-05,9.72265841960907,0.2,0.9099860861897469,-0.05601576342596672,7200,189.39583333333334,0.7291666666666666,-88.77547915165322
138805248,1059,38078,3645,,,,,,,,,,,,,,,,
138936320,,,,0.045706928,0.0681350144,0.38021087646484375,16.933116912841797,42.81633098125458,0.014034226536750793,0.46741026639938354,9.179212799999998e-05,9.74655431509018,0.2,0.8964588195085526,-0.05591884184395894,7205,191.10416666666666,0.71875,-94.73899527833571
138936320,1060,38115,3645,,,,,,,,,,,,,,,,
139067392,,,,0.044588886,0.068010496,0.35241851806640623,13.554216384887695,42.13249877691269,0.01403103582561016,0.4619137942790985,9.159551999999999e-05,9.662422519922256,0.2,0.8997725546360016,-0.052997272007633,7210,186.05208333333334,0.75,-90.5080925506273
139067392,1061,38152,3645,,,,,,,,,,,,,,,,
139198464,,,,0.04659502,0.0678859776,0.38652191162109373,13.616936683654785,35.84197736978531,0.01402491144835949,0.4585408568382263,9.1398912e-05,9.683647924661637,0.2,0.9124458357691765,-0.05521975575829856,7215,195.80208333333334,0.7604166666666666,-92.07812884538417
139198464,1062,38187,3645,,,,,,,,,,,,,,,,
139329536,,,,0.043082327,0.0677614592,0.37506103515625,14.168671607971191,34.39123514890671,0.014024369418621063,0.47971653938293457,9.120230399999999e-05,9.642332375049591,0.2,0.9156545847654343,-0.056303208842291494,7220,208.89583333333334,0.625,-105.32236195848914
139329536,1063,38224,3645,,,,,,,,,,,,,,,,
139460608,,,,0.044663895,0.0676369408,0.37337646484375,15.179652214050293,40.67854973077774,0.014019319787621498,0.45774269104003906,9.1005696e-05,9.698758453130722,0.2,0.9023669362068176,-0.050603978170693155,7225,202.1875,0.6458333333333334,-100.3600102141274
139460608,1064,38259,3645,,,,,,,,,,,,,,,,
139591680,,,,0.045542058,0.06751242240000001,0.37683868408203125,12.468798637390137,36.37155121564865,0.014017915353178978,0.4320288896560669,9.080908799999999e-05,9.707670485973358,0.2,0.9078716263175011,-0.05276213322940748,7230,203.5,0.6875,-97.16376579721185
139591680,1065,38296,3644,,,,,,,,,,,,,,,,
139722752,,,,0.037153408,0.067387904,0.337457275390625,14.210956573486328,39.58400139808655,0.014016114175319672,0.46410638093948364,9.061248e-05,9.727204155921935,0.2,0.9091215133666992,-0.050510666356422006,7235,195.85416666666666,0.6875,-92.54466220900736
139722752,1066,38332,3645,,,,,,,,,,,,,,,,
139853824,,,,0.03670387,0.0672633856,0.353399658203125,14.40060043334961,37.58050130605697,0.014012504369020462,0.4435509145259857,9.0415872e-05,9.7528868496418,0.2,0.906226359307766,-0.05312526037596399,7240,176.96875,0.7708333333333334,-86.50845878959517
139853824,1067,38368,3645,,,,,,,,,,,,,,,,
139984896,,,,0.04312887,0.06713886720000001,0.38368377685546873,15.072057723999023,43.27496634721756,0.014009261503815651,0.46699678897857666,9.0219264e-05,9.687128800153733,0.2,0.89443239569664,-0.05318648915563244,7245,199.01041666666666,0.6875,-96.40165938412126
139984896,1068,38403,3645,,,,,,,,,,,,,,,,
140115968,,,,0.045306295,0.06701434880000001,0.38964385986328126,13.682205200195312,33.24688718318939,0.014009474776685238,0.4600455164909363,9.002265600000001e-05,9.720992636680602,0.2,0.9169117659330368,-0.058786762278759855,7250,218.38541666666666,0.625,-105.53205372642583
140115968,1069,38438,3645,,,,,,,,,,,,,,,,
140247040,,,,0.04181442,0.0668898304,0.369500732421875,13.211409568786621,37.73227063417435,0.014006699435412884,0.46933841705322266,8.9826048e-05,9.692167234420776,0.2,0.9092914685606956,-0.05462812308978755,7255,186.39583333333334,0.7083333333333334,-97.32161739630277
140247040,1070,38473,3645,,,,,,,,,,,,,,,,
140378112,,,,0.050802458,0.06676531200000001,0.39750213623046876,16.753990173339844,41.269203782081604,0.014006562530994415,0.4793469309806824,8.962944000000001e-05,9.665016448497772,0.2,0.9022813215851784,-0.05725741729256697,7260,214.625,0.6458333333333334,-103.86256587666618
140378112,1071,38510,3645,,,,,,,,,,,,,,,,
140509184,,,,0.04156278,0.06664079359999998,0.37143096923828123,11.884184837341309,34.00676255226135,0.013999693095684052,0.47947070002555847,8.943283199999998e-05,9.700667095184325,0.2,0.9151809439063072,-0.055911139791714956,7265,194.875,0.7083333333333334,-97.07885992689596
140509184,1072,38545,3645,,,,,,,,,,,,,,,,
140640256,,,,0.046565384,0.06651627519999999,0.3921722412109375,13.36425495147705,35.482608342170714,0.013994649052619934,0.4683562219142914,8.923622399999998e-05,9.844707041978836,0.2,0.9116247072815895,-0.05687530130962841,7270,236.125,0.59375,-111.20805327861058
140640256,1073,38581,3645,,,,,,,,,,,,,,,,
140771328,,,,0.045066513,0.06639175679999999,0.3767578125,13.946623802185059,39.023925638198854,0.013994066044688225,0.47451072931289673,8.903961599999998e-05,9.702877962589264,0.2,0.9090022966265678,-0.053972690302180125,7275,193.14583333333334,0.7083333333333334,-96.76460160859465
140771328,1074,38617,3645,,,,,,,,,,,,,,,,
140902400,,,,0.043152586,0.0662672384,0.384307861328125,15.403543472290039,36.05676419734955,0.013989781960844994,0.4771089553833008,8.884300799999998e-05,9.606399965286254,0.2,0.9075299426913261,-0.055208153443527405,7280,212.69791666666666,0.65625,-100.35404702835196
140902400,1075,38654,3645,,,,,,,,,,,,,,,,
141033472,,,,0.042132296,0.06614271999999999,0.372589111328125,14.993592262268066,41.39224931001663,0.013984549790620804,0.4864872395992279,8.864639999999998e-05,9.756800615787506,0.2,0.8993766382336617,-0.054687070776708424,7285,216.26041666666666,0.6354166666666666,-105.05069760730696
141033472,1076,38690,3645,,,,,,,,,,,,,,,,
141164544,,,,0.045175567,0.06601820159999999,0.39139251708984374,12.08464241027832,34.413184785842894,0.013983199372887611,0.47202274203300476,8.844979199999999e-05,9.787830084562302,0.2,0.9120039269328117,-0.05517725924000842,7290,193.70833333333334,0.6770833333333334,-98.32670775956247
141164544,1077,38727,3645,,,,,,,,,,,,,,,,
141295616,,,,0.047512446,0.0658936832,0.38346099853515625,13.861525535583496,34.13903768062592,0.013984723016619682,0.47237932682037354,8.8253184e-05,9.760720205307006,0.2,0.918029896914959,-0.05284031596238492,7295,219.35416666666666,0.59375,-106.83768780885835
141295616,1078,38763,3645,,,,,,,,,,,,,,,,
141426688,,,,0.046438392,0.0657691648,0.3910064697265625,12.044211387634277,32.85694159269333,0.013983383774757385,0.4569826126098633,8.805657599999999e-05,9.770424866676331,0.2,0.9197738543152809,-0.05629052263102494,7300,182.0625,0.7708333333333334,-82.82030720370335
141426688,1079,38798,3645,,,,,,,,,,,,,,,,
141557760,,,,0.04711488,0.06564464639999999,0.39527130126953125,11.524651527404785,31.59086879491806,0.013981225900352001,0.4828009605407715,8.7859968e-05,9.728330665826798,0.2,0.9207569062709808,-0.05489569630299229,7305,202.57291666666666,0.6875,-104.79758211806974
141557760,1080,38835,3645,,,,,,,,,,,,,,,,
141688832,,,,0.04805021,0.065520128,0.38996734619140627,12.010632514953613,31.500978147983552,0.013979963958263397,0.49369877576828003,8.766335999999999e-05,9.79425663948059,0.2,0.9247863441705704,-0.055200523835083004,7310,202.03125,0.6979166666666666,-98.87036222417719
141688832,1081,38870,3645,,,,,,,,,,,,,,,,
141819904,,,,0.047512595,0.0653956096,0.3919647216796875,14.59001636505127,33.39118931293488,0.013979274779558182,0.4923599660396576,8.7466752e-05,9.757380527257919,0.2,0.9186631813645363,-0.056474406251800245,7315,209.79166666666666,0.6979166666666666,-96.94118044648219
141819904,1082,38907,3645,,,,,,,,,,,,,,,,
141950976,,,,0.04175252,0.0652710912,0.3648040771484375,14.672945022583008,35.88094072341919,0.013978850096464157,0.46684563159942627,8.7270144e-05,9.786238247156144,0.2,0.9169786646962166,-0.05316103896475397,7320,189.82291666666666,0.7083333333333334,-94.67576220289853
141950976,1083,38942,3645,,,,,,,,,,,,,,,,
142082048,,,,0.043015897,0.0651465728,0.3742950439453125,11.848064422607422,33.51586216688156,0.013976636342704296,0.47228583693504333,8.7073536e-05,9.813089555501938,0.2,0.9195609986782074,-0.05482823640340939,7325,217.04166666666666,0.625,-106.44061973388138
142082048,1084,38977,3645,,,,,,,,,,,,,,,,
142213120,,,,0.044582285,0.0650220544,0.37073211669921874,13.085192680358887,34.564951872825624,0.013974237255752087,0.4502347707748413,8.6876928e-05,9.791465413570403,0.2,0.9125334843993187,-0.053940160799538714,7330,224.83333333333334,0.5729166666666666,-116.18956958747246
142213120,1085,39012,3645,,,,,,,,,,,,,,,,
142344192,,,,0.044477817,0.064897536,0.3866668701171875,14.82297420501709,36.8640771150589,0.013972243294119835,0.47898292541503906,8.668032e-05,9.833894437551498,0.2,0.9084330424666405,-0.05546986693370855,7335,204.58333333333334,0.625,-107.00256696486834
142344192,1086,39050,3645,,,,,,,,,,,,,,,,
142475264,,,,0.04528689,0.06477301760000001,0.3991363525390625,13.959503173828125,30.124107432365417,0.013968255370855331,0.4878668785095215,8.6483712e-05,9.748707401752473,0.2,0.9242226779460907,-0.05601245764410123,7340,225.65625,0.6041666666666666,-109.4871661042395
142475264,1087,39085,3645,,,,,,,,,,,,,,,,
142606336,,,,0.044088498,0.06464849920000001,0.38047027587890625,14.839639663696289,37.41646049022675,0.013967407867312431,0.48610496520996094,8.6287104e-05,9.827706795930862,0.2,0.9149879068136215,-0.055259540170663965,7345,187.4375,0.75,-90.60328432799393
142606336,1088,39120,3645,,,,,,,,,,,,,,,,
142737408,,,,0.046010517,0.0645239808,0.39234619140625,13.372509002685547,35.223390352725986,0.01396647747606039,0.48410695791244507,8.609049600000001e-05,9.808474600315094,0.2,0.9106523916125298,-0.05639680037711514,7350,200.65625,0.625,-104.17974125090798
142737408,1089,39156,3645,,,,,,,,,,,,,,,,
142868480,,,,0.0467439,0.0643994624,0.3739654541015625,13.09244441986084,34.92174414396286,0.013962100259959698,0.5078696012496948,8.589388799999997e-05,9.792815083265305,0.2,0.9149482771754265,-0.0557351253926754,7355,199.53125,0.6770833333333334,-100.52515532332659
142868480,1090,39192,3645,,,,,,,,,,,,,,,,
142999552,,,,0.039228685,0.06427494399999999,0.35023193359375,14.230605125427246,36.835302484035495,0.013961086049675941,0.4685462713241577,8.569727999999998e-05,9.821317321062088,0.2,0.9118473753333092,-0.05370340608351398,7360,186.66666666666666,0.6979166666666666,-98.43426159810694
142999552,1091,39228,3645,,,,,,,,,,,,,,,,
143130624,,,,0.05253066,0.06415042559999999,0.369921875,15.548624992370605,37.21591784954071,0.013958273455500603,0.4762471616268158,8.550067199999998e-05,9.797431737184525,0.2,0.9042840972542763,-0.05445862741034944,7365,194.77083333333334,0.6666666666666666,-102.50643428332857
143130624,1092,39264,3645,,,,,,,,,,,,,,,,
143261696,,,,0.043485925,0.0640259072,0.367291259765625,16.265289306640625,41.17377932071686,0.013960234820842743,0.474813312292099,8.530406399999998e-05,9.778089213371278,0.2,0.8979569524526596,-0.05510013076127507,7370,227.88541666666666,0.6354166666666666,-103.76448924730887
143261696,1093,39301,3645,,,,,,,,,,,,,,,,
143392768,,,,0.039598294,0.0639013888,0.35339202880859377,14.619084358215332,37.76748877763748,0.013958144001662731,0.49496468901634216,8.510745599999999e-05,9.727170777320861,0.2,0.9081560745835304,-0.052420954778790475,7375,216.14583333333334,0.65625,-101.59151603631915
143392768,1094,39337,3645,,,,,,,,,,,,,,,,
143523840,,,,0.040181376,0.06377687039999999,0.3525390625,12.73200798034668,35.86101036071777,0.013955938629806042,0.5134684443473816,8.491084799999998e-05,9.79748638868332,0.2,0.914217010140419,-0.05409021343511995,7380,210.02083333333334,0.6354166666666666,-114.89516650582603
143523840,1095,39374,3645,,,,,,,,,,,,,,,,
143654912,,,,0.0452402,0.063652352,0.3790924072265625,15.303389549255371,36.402281963825224,0.013951949775218964,0.5088604688644409,8.471423999999999e-05,9.735039764642716,0.2,0.9161167666316032,-0.05501505199354142,7385,235.65625,0.5520833333333334,-113.37387124397121
143654912,1096,39409,3645,,,,,,,,,,,,,,,,
143785984,,,,0.04212458,0.0635278336,0.3679473876953125,12.806229591369629,32.21822065114975,0.013950834050774574,0.4820958077907562,8.451763199999999e-05,9.756725233793258,0.2,0.9225328341126442,-0.05471535708347801,7390,205.89583333333334,0.6875,-101.4674759247804
143785984,1097,39445,3645,,,,,,,,,,,,,,,,
143917056,,,,0.041062154,0.0634033152,0.35680694580078126,12.383252143859863,33.104531538486484,0.013947775587439537,0.49977439641952515,8.4321024e-05,9.756336706876755,0.2,0.9153362214565277,-0.053253214343567376,7395,190.92708333333334,0.71875,-89.8507759542929
143917056,1098,39480,3645,,,,,,,,,,,,,,,,
144048128,,,,0.054531157,0.0632787968,0.38106689453125,14.382909774780273,35.690417277812955,0.01394584309309721,0.5080074667930603,8.4124416e-05,9.846425884962082,0.2,0.9135020077228546,-0.05381317301653325,7400,204.11458333333334,0.6979166666666666,-97.16600587864775
144048128,1099,39514,3645,,,,,,,,,,,,,,,,
144179200,,,,0.046419818,0.0631542784,0.3844818115234375,15.44906234741211,36.42267419099808,0.01394576858729124,0.49875861406326294,8.3927808e-05,9.733023178577422,0.2,0.914627194404602,-0.0544500662246719,7405,225.88541666666666,0.6145833333333334,-109.68778518983997
144179200,1100,39552,3645,,,,,,,,,,,,,,,,
144310272,,,,0.044464145,0.06302976,0.389044189453125,11.376585960388184,30.102129006385802,0.013942284509539604,0.5375732183456421,8.37312e-05,9.714063149690627,0.2,0.9283821806311607,-0.05785484904336045,7410,193.375,0.6979166666666666,-93.78960288460551
144310272,1101,39587,3645,,,,,,,,,,,,,,,,
144441344,,,,0.039054293,0.06290524160000001,0.36374969482421876,14.431904792785645,35.94306945800781,0.013942217454314232,0.5233017206192017,8.3534592e-05,9.724714374542236,0.2,0.9138304963707924,-0.05273855310224462,7415,209.08333333333334,0.65625,-100.82399405308446
144441344,1102,39622,3645,,,,,,,,,,,,,,,,
144572416,,,,0.050624333,0.0627807232,0.3924102783203125,9.326265335083008,30.39425399303436,0.013942482881247997,0.5038101673126221,8.3337984e-05,9.832770681381225,0.2,0.9228885024785995,-0.05546015250729397,7420,205.01041666666666,0.6145833333333334,-102.42213286378099
144572416,1103,39658,3645,,,,,,,,,,,,,,,,
144703488,,,,0.042375505,0.0626562048,0.37477569580078124,14.88498592376709,34.14432572126388,0.01394315343350172,0.506797730922699,8.3141376e-05,9.753759849071503,0.2,0.92200817912817,-0.054501929707475937,7425,206.67708333333334,0.6875,-95.96667001676535
144703488,1104,39695,3645,,,,,,,,,,,,,,,,
144834560,,,,0.043305654,0.06253168640000001,0.375726318359375,15.164767265319824,35.06375385522843,0.013944938778877258,0.5200144648551941,8.2944768e-05,9.702383387088776,0.2,0.9163667932152748,-0.05282520032924367,7430,194.84375,0.6875,-99.16819522214449
144834560,1105,39731,3645,,,,,,,,,,,,,,,,
144965632,,,,0.040319003,0.06240716800000001,0.36842498779296873,15.008232116699219,38.86610565185547,0.013944382779300213,0.530815064907074,8.274816000000001e-05,9.858618289232254,0.2,0.9076039493083954,-0.05653774545498891,7435,224.1875,0.59375,-110.24026254599197
144965632,1106,39766,3645,,,,,,,,,,,,,,,,
145096704,,,,0.04169535,0.06228264959999999,0.35687408447265623,13.657907485961914,36.06607209444046,0.013943728059530258,0.5219039916992188,8.255155199999998e-05,9.80511732697487,0.2,0.9093705788254738,-0.05257566229556687,7440,211.44791666666666,0.6145833333333334,-105.29426464613455
145096704,1107,39803,3645,,,,,,,,,,,,,,,,
145227776,,,,0.04379268,0.062158131199999994,0.36369781494140624,14.166451454162598,36.43353799581528,0.013942531310021877,0.5354058146476746,8.235494399999997e-05,9.823239916563034,0.2,0.9038761332631111,-0.05404784219281282,7445,198.58333333333334,0.6770833333333334,-99.91275816496393
145227776,1108,39840,3645,,,,,,,,,,,,,,,,
145358848,,,,0.040690735,0.06203361279999999,0.36941986083984374,13.899041175842285,37.04319461584091,0.01393837295472622,0.5081853866577148,8.215833599999998e-05,9.854492872953415,0.2,0.902159720659256,-0.05241409781447146,7450,214.32291666666666,0.625,-105.82816430307527
145358848,1109,39876,3645,,,,,,,,,,,,,,,,
145489920,,,,0.042797863,0.061909094399999996,0.38287811279296874,13.189126968383789,31.869471859931945,0.013937398791313171,0.5214465856552124,8.196172799999999e-05,9.798302108049393,0.2,0.9180859699845314,-0.05540082516381517,7455,205.38541666666666,0.6666666666666666,-101.62937479443447
145489920,1110,39911,3645,,,,,,,,,,,,,,,,
145620992,,,,0.047742218,0.061784575999999994,0.3909393310546875,10.232714653015137,30.99072781801224,0.013933584094047546,0.5394498109817505,8.176511999999998e-05,9.768041878938675,0.2,0.9238152652978897,-0.05524825128086377,7460,184.80208333333334,0.6979166666666666,-93.04628293829136
145620992,1111,39947,3645,,,,,,,,,,,,,,,,
145752064,,,,0.046945263,0.0616600576,0.38211669921875,12.210396766662598,32.77315129041672,0.013935863971710205,0.5161725282669067,8.156851199999999e-05,9.783514821529389,0.2,0.9222417324781418,-0.05442659506225027,7465,200.5,0.6770833333333334,-97.64094072286325
145752064,1112,39983,3645,,,,,,,,,,,,,,,,
145883136,,,,0.043054555,0.061535539199999996,0.36932525634765623,12.276844024658203,31.497845017910002,0.01393676083534956,0.53936368227005,8.137190399999998e-05,9.698546659946441,0.2,0.9232666492462158,-0.05343666470143944,7470,226.03125,0.59375,-110.7874944204055
145883136,1113,40021,3645,,,,,,,,,,,,,,,,
146014208,,,,0.05169361,0.0614110208,0.389666748046875,12.384669303894043,33.19304068088532,0.013937441632151604,0.5153140425682068,8.117529599999999e-05,9.794685906171798,0.2,0.9068669676780701,-0.05249924929521512,7475,209.98958333333334,0.6354166666666666,-105.6276669309487
146014208,1114,40055,3645,,,,,,,,,,,,,,,,
146145280,,,,0.04198256,0.061286502400000005,0.3635772705078125,15.410508155822754,34.86155697107315,0.013936338946223259,0.5235390663146973,8.0978688e-05,9.842028534412384,0.2,0.9107393249869347,-0.05361328484650585,7480,176.85416666666666,0.7395833333333334,-90.5464426635014
146145280,1115,40090,3645,,,,,,,,,,,,,,,,
146276352,,,,0.041843787,0.061161984,0.37371826171875,11.709831237792969,33.72880735397339,0.01393436174839735,0.5258311033248901,8.078207999999999e-05,9.78023362159729,0.2,0.9056676253676414,-0.05427748470683582,7485,191.83333333333334,0.6875,-96.80661088658591
146276352,1116,40126,3645,,,,,,,,,,,,,,,,
146407424,,,,0.041625664,0.06103746560000001,0.3718231201171875,14.070223808288574,31.25650328397751,0.013925811275839806,0.532528281211853,8.0585472e-05,9.812283647060394,0.2,0.926865316927433,-0.05476411483250558,7490,214.28125,0.6041666666666666,-111.37457438243898
146407424,1117,40161,3645,,,,,,,,,,,,,,,,
146538496,,,,0.046824228,0.060912947200000005,0.38905792236328124,11.851663589477539,32.05132791996002,0.013918745331466198,0.5278794765472412,8.0388864e-05,9.795742356777192,0.2,0.9168089926242828,-0.054034228314412756,7495,204.26041666666666,0.6458333333333334,-106.6677218444383
146538496,1118,40197,3645,,,,,,,,,,,,,,,,
146669568,,,,0.041062936,0.06078842880000001,0.350482177734375,14.837631225585938,35.68640977144241,0.013919188641011715,0.5196497440338135,8.0192256e-05,9.75754217505455,0.2,0.9151490107178688,-0.05354733552812831,7500,191.17708333333334,0.7083333333333334,-92.53187649153976
146669568,1119,40233,3645,,,,,,,,,,,,,,,,
146800640,,,,0.043878093,0.06066391040000001,0.37920684814453126,13.661041259765625,32.40657649040222,0.013920865952968597,0.5324184894561768,7.9995648e-05,9.778389924764634,0.2,0.9216131493449211,-0.05447548565789475,7505,184.13541666666666,0.7604166666666666,-90.12145552144561
146800640,1120,40268,3645,,,,,,,,,,,,,,,,
146931712,,,,0.03901743,0.06053939200000001,0.35873870849609374,12.825796127319336,32.5901984333992,0.013919530436396599,0.5431231260299683,7.979904e-05,9.784622555971145,0.2,0.922476552426815,-0.05332319545268547,7510,208.21875,0.6354166666666666,-103.49651550962555
146931712,1121,40304,3645,,,,,,,,,,,,,,,,
147062784,,,,0.04036911,0.06041487360000001,0.35910797119140625,11.79813289642334,33.51587591171265,0.013917706906795502,0.5308051109313965,7.960243200000001e-05,9.790227097272872,0.2,0.9136719405651093,-0.05269500095455441,7515,199.67708333333334,0.65625,-97.15291711363267
147062784,1122,40340,3645,,,,,,,,,,,,,,,,
147193856,,,,0.038050696,0.06029035520000001,0.34749755859375,14.257356643676758,34.71094753742218,0.013915888965129852,0.5303843021392822,7.9405824e-05,9.815383785963059,0.2,0.910978652536869,-0.055630118568660694,7520,191.1875,0.7291666666666666,-88.38966099940062
147193856,1123,40378,3645,,,,,,,,,,,,,,,,
147324928,,,,0.03677954,0.06016583680000001,0.347283935546875,14.482144355773926,35.99812359809876,0.013915996067225933,0.5360236763954163,7.920921600000001e-05,9.765361326932908,0.2,0.9106837585568428,-0.052296076084894595,7525,195.48958333333334,0.6875,-98.4491553314737
147324928,1124,40413,3645,,,,,,,,,,,,,,,,
147456000,,,,0.04332249,0.060041318399999995,0.37601776123046876,10.69100284576416,29.228132319450378,0.013912424445152283,0.5497162342071533,7.901260799999998e-05,9.777045899629593,0.2,0.9240257367491722,-0.05669884606759297,7530,217.10416666666666,0.5833333333333334,-111.01783468249248
147456000,1125,40450,3645,,,,,,,,,,,,,,,,
147587072,,,,0.043513305,0.05991679999999999,0.38103790283203126,12.167728424072266,31.7983016371727,0.01391343679279089,0.5691799521446228,7.881599999999999e-05,9.747752624750138,0.2,0.9214509874582291,-0.054555392838665284,7535,191.6875,0.71875,-95.82020168408341
147587072,1126,40485,3645,,,,,,,,,,,,,,,,
147718144,,,,0.04551807,0.0597922816,0.38077545166015625,14.645551681518555,34.0502653837204,0.013915802352130413,0.5773588418960571,7.861939199999998e-05,9.808369445800782,0.2,0.9168667867779732,-0.05494289340567775,7540,192.97916666666666,0.7083333333333334,-89.87492641303221
147718144,1127,40521,3645,,,,,,,,,,,,,,,,
147849216,,,,0.041436292,0.059667763199999994,0.35883331298828125,13.859920501708984,35.990039718151095,0.013916587457060814,0.5100376605987549,7.842278399999999e-05,9.784787499904633,0.2,0.9082247465848923,-0.05252092435257509,7545,220.30208333333334,0.6145833333333334,-105.25110025811345
147849216,1128,40557,3645,,,,,,,,,,,,,,,,
147980288,,,,0.045493174,0.0595432448,0.37450408935546875,12.677103996276855,33.220563888549805,0.01391356810927391,0.5260753631591797,7.822617599999998e-05,9.736137974262238,0.2,0.9158411845564842,-0.053796668665017935,7550,214.58333333333334,0.65625,-101.38795852590596
147980288,1129,40593,3645,,,,,,,,,,,,,,,,
148111360,,,,0.043723833,0.059418726399999997,0.3675628662109375,13.48837947845459,33.95657125711441,0.013910887762904167,0.5181729793548584,7.802956799999999e-05,9.812904304265976,0.2,0.917395643889904,-0.05184965961816488,7555,208.33333333333334,0.65625,-104.25672511923811
148111360,1130,40629,3645,,,,,,,,,,,,,,,,
148242432,,,,0.040647857,0.059294208,0.35659637451171877,14.105101585388184,37.370558047294615,0.013909004628658295,0.517534613609314,7.783295999999998e-05,9.825264316797256,0.2,0.911494567990303,-0.052884410152910274,7560,205.125,0.65625,-99.1639695547703
148242432,1131,40664,3645,,,,,,,,,,,,,,,,
148373504,,,,0.05576807,0.0591696896,0.41508331298828127,11.85694408416748,30.677806234359743,0.013909908011555672,0.5235979557037354,7.763635199999999e-05,9.821062636375427,0.2,0.9227964654564857,-0.05527477862488013,7565,189.05208333333334,0.7395833333333334,-90.10824425080614
148373504,1132,40699,3645,,,,,,,,,,,,,,,,
148504576,,,,0.035396338,0.0590451712,0.35073699951171877,15.053342819213867,36.760292541980746,0.01391157042235136,0.5288412570953369,7.7439744e-05,9.789136272668838,0.2,0.9065343141555786,-0.052134339761687444,7570,193.20833333333334,0.6770833333333334,-98.6811872899754
148504576,1133,40737,3645,,,,,,,,,,,,,,,,
148635648,,,,0.046461593,0.0589206528,0.3713043212890625,12.992368698120117,36.34113956689835,0.013909175992012024,0.5426506400108337,7.724313599999999e-05,9.781674110889435,0.2,0.9157690182328224,-0.05541066280129599,7575,203.08333333333334,0.625,-104.70205319905881
148635648,1134,40772,3645,,,,,,,,,,,,,,,,
148766720,,,,0.042209264,0.058796134400000005,0.37152252197265623,15.128862380981445,35.505847656726836,0.013911440037190914,0.5289211273193359,7.7046528e-05,9.79302226305008,0.2,0.9156419783830643,-0.05365516943274997,7580,208.34375,0.6458333333333334,-100.39808460742738
148766720,1135,40807,3645,,,,,,,,,,,,,,,,
148897792,,,,0.04477244,0.058671616,0.36631622314453127,13.538881301879883,33.84675471782684,0.013908712193369865,0.5396385192871094,7.684991999999999e-05,9.813529032468796,0.2,0.9153747335076332,-0.05327340596122667,7585,208.03125,0.65625,-102.95696627239242
148897792,1136,40844,3645,,,,,,,,,,,,,,,,
149028864,,,,0.044233155,0.05854709760000001,0.3728302001953125,12.13278865814209,32.206533062458035,0.013903332874178886,0.529148519039154,7.6653312e-05,9.834311759471893,0.2,0.9251648783683777,-0.05542726654821308,7590,210.02083333333334,0.6770833333333334,-100.24095850401447
149028864,1137,40879,3645,,,,,,,,,,,,,,,,
149159936,,,,0.035371944,0.058422579200000005,0.3489593505859375,14.429183959960938,36.04881671667099,0.013902540318667889,0.5360640287399292,7.645670400000001e-05,9.750362366437912,0.2,0.9213589504361153,-0.052388607276952825,7595,197.46875,0.7395833333333334,-91.6357851587788
149159936,1138,40917,3645,,,,,,,,,,,,,,,,
149291008,,,,0.03502232,0.05829806080000001,0.3399444580078125,14.40579605102539,38.181803822517395,0.013901052996516228,0.5415810942649841,7.6260096e-05,9.767282456159592,0.2,0.9132685735821724,-0.05252322596206795,7600,204.46875,0.6875,-100.18730165152431
149291008,1139,40952,3645,,,,,,,,,,,,,,,,
149422080,,,,0.037638642,0.05817354240000001,0.35077362060546874,12.427188873291016,37.869357872009275,0.013899034820497036,0.5042295455932617,7.606348800000001e-05,9.82584165930748,0.2,0.9090370386838913,-0.051695436265436004,7605,196.67708333333334,0.6979166666666666,-95.71993158985174
149422080,1140,40989,3645,,,,,,,,,,,,,,,,
149553152,,,,0.039604068,0.05804902400000001,0.35880889892578127,17.368566513061523,33.47146965265274,0.013899646699428558,0.5307685732841492,7.586688e-05,9.774420422315597,0.2,0.9150575399398804,-0.05255463448120281,7610,212.75,0.625,-107.31702601331455
149553152,1141,41026,3645,,,,,,,,,,,,,,,,
149684224,,,,0.039149895,0.057924505600000016,0.35229034423828126,10.835508346557617,32.654770731925964,0.013899190351366997,0.5307682752609253,7.567027200000001e-05,9.828750872612,0.2,0.9194096624851227,-0.05346760377578903,7615,191.44791666666666,0.6875,-96.23231640242518
149684224,1142,41061,3645,,,,,,,,,,,,,,,,
149815296,,,,0.047442038,0.05779998719999999,0.392755126953125,11.781549453735352,31.256675171852113,0.013899545185267925,0.5562707781791687,7.547366399999998e-05,9.822040951251983,0.2,0.9234780371189117,-0.05586742273735581,7620,216.13541666666666,0.6354166666666666,-104.7428746656493
149815296,1143,41097,3645,,,,,,,,,,,,,,,,
149946368,,,,0.037096445,0.0576754688,0.35972442626953127,15.291448593139648,38.5541495680809,0.01389996986836195,0.5707914233207703,7.527705599999998e-05,9.848586916923523,0.2,0.9160790219902992,-0.05299404695397243,7625,200.73958333333334,0.6770833333333334,-95.65620893584814
149946368,1144,41134,3645,,,,,,,,,,,,,,,,
150077440,,,,0.041989196,0.057550950399999995,0.37502593994140626,12.056819915771484,33.54114031791687,0.013896315358579159,0.5561540126800537,7.508044799999998e-05,9.809828859567642,0.2,0.9238800406455994,-0.05520245151856216,7630,192.02083333333334,0.6979166666666666,-91.1787214349434
150077440,1145,41171,3645,,,,,,,,,,,,,,,,
150208512,,,,0.03653341,0.057426432,0.35139923095703124,19.69492530822754,40.158246111869815,0.013893216848373413,0.5570773482322693,7.488383999999999e-05,9.782895928621292,0.2,0.9058191925287247,-0.05192080647684634,7635,212.17708333333334,0.6354166666666666,-102.2574110080274
150208512,1146,41207,3645,,,,,,,,,,,,,,,,
150339584,,,,0.03950885,0.0573019136,0.36138916015625,14.503170013427734,37.22519043684006,0.013893685303628445,0.5282477736473083,7.468723199999998e-05,9.793521523475647,0.2,0.9118658527731895,-0.05451771773514338,7640,200.07291666666666,0.6770833333333334,-102.262646359112
150339584,1147,41243,3645,,,,,,,,,,,,,,,,
150470656,,,,0.043433767,0.0571773952,0.37416839599609375,14.460911750793457,34.28221188783645,0.013891499489545822,0.5703095197677612,7.449062399999999e-05,9.901695972681045,0.2,0.9207296669483185,-0.055182344894274135,7645,203.0625,0.6770833333333334,-99.79204459474175
150470656,1148,41278,3645,,,,,,,,,,,,,,,,
150601728,,,,0.04120734,0.0570528768,0.3617523193359375,14.311689376831055,34.486146080493924,0.013889655470848083,0.5789327025413513,7.4294016e-05,9.832935160398483,0.2,0.9146338030695915,-0.05359576139162527,7650,188.26041666666666,0.75,-92.57825854753668
150601728,1149,41312,3645,,,,,,,,,,,,,,,,
150732800,,,,0.038990155,0.056928358400000004,0.35315704345703125,15.418554306030273,37.503940153121945,0.013888904824852943,0.564466655254364,7.409740799999999e-05,9.832293063402176,0.2,0.910802885890007,-0.05215422201436013,7655,198.55208333333334,0.71875,-92.90831929694707
150732800,1150,41348,3645,,,,,,,,,,,,,,,,
150863872,,,,0.040932395,0.05680384,0.376983642578125,12.698638916015625,31.875461292266845,0.013889363035559654,0.561869740486145,7.39008e-05,9.778967332839965,0.2,0.9226323440670967,-0.05413600365573075,7660,204.83333333333334,0.6770833333333334,-100.69760456530535
150863872,1151,41384,3645,,,,,,,,,,,,,,,,
150994944,,,,0.051360276,0.056679321600000006,0.38087005615234376,11.60584831237793,32.622321569919585,0.013887271285057068,0.5577893257141113,7.370419199999999e-05,9.887808704376221,0.2,0.9230994582176208,-0.052861424922593866,7665,222.79166666666666,0.6041666666666666,-107.58642736553766
150994944,1152,41421,3645,,,,,,,,,,,,,,,,
151126016,,,,0.040992893,0.0565548032,0.36414947509765627,14.18549919128418,32.94625762701035,0.013885649852454662,0.5566490888595581,7.3507584e-05,9.832596880197524,0.2,0.9186621233820915,-0.05411823724280111,7670,187.07291666666666,0.7395833333333334,-90.11010068849924
151126016,1153,41455,3645,,,,,,,,,,,,,,,,
151257088,,,,0.041531865,0.05643028480000001,0.382879638671875,15.141378402709961,36.44927283525467,0.013885606080293655,0.5912977457046509,7.3310976e-05,9.817343705892563,0.2,0.914038822054863,-0.05651401813956909,7675,210.96875,0.6875,-99.65997238416044
151257088,1154,41490,3645,,,,,,,,,,,,,,,,
151388160,,,,0.045159902,0.056305766400000005,0.3676544189453125,13.51353645324707,34.22805321216583,0.01388368010520935,0.5756120681762695,7.3114368e-05,9.875019478797913,0.2,0.918274812400341,-0.05422572081151884,7680,219.35416666666666,0.5833333333333334,-113.50531871839075
151388160,1155,41528,3645,,,,,,,,,,,,,,,,
151519232,,,,0.040512815,0.05618124800000001,0.35947113037109374,15.13541030883789,37.57239927053452,0.013882186263799667,0.5634233355522156,7.291776e-05,9.900520378351212,0.2,0.9163587614893913,-0.05329947334539611,7685,198.375,0.6354166666666666,-104.6670116632336
151519232,1156,41564,3645,,,,,,,,,,,,,,,,
151650304,,,,0.038405284,0.05605672960000001,0.36256561279296873,12.827062606811523,35.51072981357574,0.013881049118936062,0.5359898209571838,7.2721152e-05,9.921229088306427,0.2,0.9070448204874992,-0.05065209835956921,7690,198.6875,0.7395833333333334,-95.5017163817807
151650304,1157,41600,3645,,,,,,,,,,,,,,,,
151781376,,,,0.04319881,0.05593221120000001,0.3840789794921875,12.76089859008789,35.33761644363403,0.013882583007216454,0.5732347965240479,7.252454400000001e-05,9.902383530139923,0.2,0.9150996282696724,-0.05500505386153236,7695,195.55208333333334,0.6979166666666666,-99.63836886868455
151781376,1158,41635,3645,,,,,,,,,,,,,,,,
151912448,,,,0.038262118,0.05580769280000001,0.358905029296875,11.523843765258789,30.43632345199585,0.013879865407943726,0.5560304522514343,7.232793600000001e-05,9.898762691020966,0.2,0.9213820397853851,-0.053870568652928344,7700,207.05208333333334,0.6354166666666666,-104.90299875293515
151912448,1159,41670,3645,,,,,,,,,,,,,,,,
152043520,,,,0.03879916,0.05568317439999999,0.35264434814453127,13.059377670288086,32.69944162368775,0.01387997716665268,0.5726103782653809,7.213132799999998e-05,9.828097289800644,0.2,0.9195866584777832,-0.0524230105249444,7705,215.55208333333334,0.6666666666666666,-100.84371646130278
152043520,1160,41707,3645,,,,,,,,,,,,,,,,
152174592,,,,0.039554164,0.05555865599999999,0.34907684326171873,13.522725105285645,33.9972384095192,0.013878358528017998,0.5564359426498413,7.193471999999998e-05,9.864880394935607,0.2,0.9184909611940384,-0.0523208621511003,7710,215.55208333333334,0.6458333333333334,-102.69811358915126
152174592,1161,41743,3645,,,,,,,,,,,,,,,,
152305664,,,,0.043963794,0.055434137599999996,0.361163330078125,12.772884368896484,38.34529452323913,0.013876898214221,0.5755211114883423,7.173811199999998e-05,9.860652261972428,0.2,0.9133388102054596,-0.052522474149009214,7715,192.96875,0.6979166666666666,-94.78506968949436
152305664,1162,41778,3645,,,,,,,,,,,,,,,,
152436736,,,,0.039704584,0.05530961919999999,0.35653228759765626,15.371095657348633,38.5501522064209,0.013877077959477901,0.5764474868774414,7.154150399999998e-05,9.832230615615845,0.2,0.9091845452785492,-0.054846862508566116,7720,199.90625,0.6979166666666666,-91.13791730479078
152436736,1163,41815,3645,,,,,,,,,,,,,,,,
152567808,,,,0.041415855,0.0551851008,0.3611968994140625,13.46501636505127,33.45179840326309,0.013874712400138378,0.5736284255981445,7.134489599999998e-05,9.923480927944183,0.2,0.9174463748931885,-0.055056378230801784,7725,225.08333333333334,0.65625,-103.84650121735088
152567808,1164,41851,3645,,,,,,,,,,,,,,,,
152698880,,,,0.037924215,0.055060582399999995,0.35740966796875,13.046871185302734,35.79329360723496,0.01387554407119751,0.5994000434875488,7.114828799999999e-05,9.844474565982818,0.2,0.9166922122240067,-0.05037392775411718,7730,188.08333333333334,0.6979166666666666,-90.83657734969567
152698880,1165,41888,3645,,,,,,,,,,,,,,,,
152829952,,,,0.0368995,0.054936064,0.3530853271484375,17.386322021484375,41.860259127616885,0.013876000419259071,0.6061064600944519,7.095167999999999e-05,9.871927511692046,0.2,0.9094804301857948,-0.05412903461838141,7735,199.60416666666666,0.6979166666666666,-97.76566856268077
152829952,1166,41924,3645,,,,,,,,,,,,,,,,
152961024,,,,0.037283257,0.0548115456,0.3479644775390625,16.470937728881836,35.61576782464981,0.013875184580683708,0.5893458724021912,7.075507199999999e-05,9.90348327755928,0.2,0.9176214188337326,-0.05126633993058931,7740,219.98958333333334,0.6354166666666666,-110.04521393907818
152961024,1167,41960,3645,,,,,,,,,,,,,,,,
153092096,,,,0.03569421,0.0546870272,0.3372314453125,13.16589641571045,36.211719477176665,0.013872961513698101,0.5645080804824829,7.055846399999999e-05,9.919123977422714,0.2,0.911204881966114,-0.0535477023862768,7745,197.55208333333334,0.6666666666666666,-101.48755185176343
153092096,1168,41995,3645,,,,,,,,,,,,,,,,
153223168,,,,0.0435671,0.0545625088,0.37420196533203126,12.035030364990234,32.55585968494415,0.013873028568923473,0.5784873366355896,7.0361856e-05,9.902098172903061,0.2,0.9136824086308479,-0.05418412053404609,7750,208.46875,0.6666666666666666,-100.15317992758946
153223168,1169,42032,3645,,,,,,,,,,,,,,,,
153354240,,,,0.04037828,0.054437990400000004,0.3648712158203125,13.387860298156738,31.3635622382164,0.013870738446712494,0.5855618119239807,7.0165248e-05,9.91498372554779,0.2,0.9236679971218109,-0.05363812786526978,7755,210.01041666666666,0.6458333333333334,-104.70170075544003
153354240,1170,42068,3645,,,,,,,,,,,,,,,,
153485312,,,,0.043092158,0.05431347200000001,0.35623931884765625,14.46764850616455,36.39824380874634,0.013870502822101116,0.5631656646728516,6.996864e-05,9.928573620319366,0.2,0.9120393842458725,-0.05287187016074313,7760,186.79166666666666,0.6979166666666666,-94.71403153637279
153485312,1171,42105,3645,,,,,,,,,,,,,,,,
153616384,,,,0.042495843,0.054188953600000006,0.3680084228515625,15.436098098754883,36.96701403856277,0.013871568255126476,0.5891892313957214,6.9772032e-05,9.949372708797455,0.2,0.9138675704598427,-0.05468098666169681,7765,193.92708333333334,0.6666666666666666,-97.41927065727491
153616384,1172,42140,3645,,,,,,,,,,,,,,,,
153747456,,,,0.039411694,0.05406443520000001,0.357562255859375,15.944229125976562,35.82508535385132,0.013872268609702587,0.5726419687271118,6.9575424e-05,9.824667859077454,0.2,0.9166669473052025,-0.0512874179679784,7770,210.19791666666666,0.6875,-97.64619222242318
153747456,1173,42176,3645,,,,,,,,,,,,,,,,
153878528,,,,0.041825913,0.05393991680000001,0.358135986328125,11.861531257629395,31.89603031873703,0.013871784321963787,0.581917405128479,6.9378816e-05,9.933658427000045,0.2,0.9304231032729149,-0.0525176346389344,7775,211.83333333333334,0.6354166666666666,-104.37910124919911
153878528,1174,42211,3645,,,,,,,,,,,,,,,,
154009600,,,,0.040229198,0.05381539840000001,0.36596832275390623,14.261281967163086,35.68038263320923,0.013871664181351662,0.5781357288360596,6.918220800000001e-05,9.953358888626099,0.2,0.9204559698700905,-0.05162137250881642,7780,192.11458333333334,0.6770833333333334,-98.50869954584688
154009600,1175,42248,3645,,,,,,,,,,,,,,,,
154140672,,,,0.041120056,0.05369088000000001,0.3676971435546875,14.159809112548828,32.9919752240181,0.013870999217033386,0.5952250361442566,6.89856e-05,9.927969706058501,0.2,0.9220949932932854,-0.05345300305634737,7785,197.57291666666666,0.6875,-92.51633008402212
154140672,1176,42285,3645,,,,,,,,,,,,,,,,
154271744,,,,0.041423313,0.053566361600000015,0.35516357421875,13.440439224243164,34.099288415908816,0.01387038268148899,0.5861895084381104,6.878899200000001e-05,9.921968424320221,0.2,0.9153679013252258,-0.052714592742267995,7790,210.13541666666666,0.6458333333333334,-103.24072243079102
154271744,1177,42320,3645,,,,,,,,,,,,,,,,
154402816,,,,0.04635741,0.05344184319999999,0.3829437255859375,9.860960006713867,24.726733326911926,0.013868688605725765,0.5888687968254089,6.859238399999998e-05,9.853813058137893,0.2,0.9410012662410736,-0.05550120382686145,7795,193.16666666666666,0.71875,-90.68754991870976
154402816,1178,42355,3645,,,,,,,,,,,,,,,,
154533888,,,,0.03483987,0.053317324799999996,0.33081817626953125,14.911792755126953,36.59211874008179,0.013867897912859917,0.5952911376953125,6.839577599999997e-05,9.854640108346938,0.2,0.9201354384422302,-0.04915463942452334,7800,214.55208333333334,0.6145833333333334,-106.46605260537802
154533888,1179,42391,3645,,,,,,,,,,,,,,,,
154664960,,,,0.040809363,0.053192806399999994,0.3722900390625,11.237194061279297,31.310079479217528,0.013865950517356396,0.6202318668365479,6.819916799999998e-05,9.812458086013795,0.2,0.9273805841803551,-0.054897692303347866,7805,203.16666666666666,0.6666666666666666,-99.37661678890628
154664960,1180,42428,3645,,,,,,,,,,,,,,,,
154796032,,,,0.036214292,0.053068288,0.3370147705078125,15.748955726623535,37.14618844985962,0.013865839689970016,0.5926018357276917,6.800255999999999e-05,9.931282204389571,0.2,0.9205290079116821,-0.05032010833383538,7810,207.28125,0.65625,-99.38764323257628
154796032,1181,42464,3645,,,,,,,,,,,,,,,,
154927104,,,,0.03926655,0.052943769599999996,0.336663818359375,19.007308959960938,32.68005484342575,0.013863096944987774,0.634006917476654,6.780595199999998e-05,9.84426776766777,0.2,0.9224162176251411,-0.051454870734596626,7815,187.17708333333334,0.7083333333333334,-92.59394497122342
154927104,1182,42500,3645,,,,,,,,,,,,,,,,
155058176,,,,0.03836101,0.0528192512,0.3629058837890625,12.926535606384277,38.56003640890121,0.01386095117777586,0.598910391330719,6.760934399999999e-05,9.897818166017533,0.2,0.9137639105319977,-0.05415713087131735,7820,191.83333333333334,0.7083333333333334,-93.96974232026317
155058176,1183,42535,3645,,,,,,,,,,,,,,,,
155189248,,,,0.040345177,0.0526947328,0.3532623291015625,10.890661239624023,31.97750812768936,0.013859642669558525,0.599147617816925,6.741273599999998e-05,9.926141077280045,0.2,0.9207461029291153,-0.051909457237343304,7825,168.90625,0.7916666666666666,-81.49967645489535
155189248,1184,42570,3645,,,,,,,,,,,,,,,,
155320320,,,,0.04502108,0.0525702144,0.37292938232421874,12.276083946228027,29.371027493476866,0.013860179111361504,0.6174268126487732,6.721612799999999e-05,9.939172315597535,0.2,0.9200341105461121,-0.0551213571394328,7830,203.01041666666666,0.65625,-101.72602541761051
155320320,1185,42606,3645,,,,,,,,,,,,,,,,
155451392,,,,0.0368238,0.052445696,0.33354949951171875,14.663985252380371,32.61615389585495,0.013859061524271965,0.6067065000534058,6.701952e-05,9.985369175672531,0.2,0.918103389441967,-0.049443981841614006,7835,205.15625,0.6354166666666666,-102.12888493077325
155451392,1186,42642,3645,,,,,,,,,,,,,,,,
155582464,,,,0.03799347,0.052321177600000005,0.350177001953125,14.798362731933594,32.394114553928375,0.0138603076338768,0.6130677461624146,6.682291199999999e-05,9.908602046966553,0.2,0.9234204962849617,-0.05439517040795181,7840,198.11458333333334,0.6770833333333334,-99.73200136040994
155582464,1187,42677,3645,,,,,,,,,,,,,,,,
155713536,,,,0.04166525,0.0521966592,0.36226959228515626,14.137869834899902,32.63449462652206,0.013858194462954998,0.627251148223877,6.6626304e-05,9.915407204627991,0.2,0.9192223772406578,-0.05376502548751887,7845,201.38541666666666,0.6666666666666666,-96.02549517561037
155713536,1188,42712,3645,,,,,,,,,,,,,,,,
155844608,,,,0.040892392,0.05207214080000001,0.3538299560546875,12.343853950500488,34.05585767030716,0.013856535777449608,0.5917690992355347,6.6429696e-05,9.861086559295654,0.2,0.9146843701601028,-0.054069126288231927,7850,211.33333333333334,0.6770833333333334,-102.0130565883599
155844608,1189,42749,3645,,,,,,,,,,,,,,,,
155975680,,,,0.040907692,0.051947622400000004,0.35892791748046876,10.440437316894531,32.10692234039307,0.013854792341589928,0.5825045704841614,6.6233088e-05,9.960002118349076,0.2,0.9178323969244957,-0.05328532673302107,7855,197.17708333333334,0.6666666666666666,-95.17103133490558
155975680,1190,42786,3645,,,,,,,,,,,,,,,,
156106752,,,,0.0408471,0.05182310400000001,0.35732879638671877,14.041194915771484,36.9629671216011,0.013854029588401318,0.5926045775413513,6.603648000000001e-05,9.961509668827057,0.2,0.9161115810275078,-0.05002128253981937,7860,210.85416666666666,0.6979166666666666,-97.61301063685727
156106752,1191,42821,3645,,,,,,,,,,,,,,,,
156237824,,,,0.034329847,0.051698585600000006,0.32927703857421875,15.549623489379883,33.541059815883635,0.013852031901478767,0.6069033145904541,6.5839872e-05,9.876793247461318,0.2,0.9193942546844482,-0.05016166333662113,7865,167.72916666666666,0.7604166666666666,-84.55159581213188
156237824,1192,42858,3645,,,,,,,,,,,,,,,,
156368896,,,,0.035037443,0.05157406720000001,0.3235321044921875,14.058547973632812,35.157617032527924,0.013850364834070206,0.6002573370933533,6.564326400000001e-05,9.890154486894607,0.2,0.9135899022221565,-0.05024409955731244,7870,194.32291666666666,0.6979166666666666,-92.26112889280675
156368896,1193,42893,3645,,,,,,,,,,,,,,,,
156499968,,,,0.039311253,0.05144954880000001,0.35025177001953123,11.849608421325684,32.27346214056015,0.01384703814983368,0.5977998971939087,6.5446656e-05,9.937527239322662,0.2,0.9156844913959503,-0.05154768049833365,7875,196.34375,0.75,-88.18595890379923
156499968,1194,42930,3645,,,,,,,,,,,,,,,,
156631040,,,,0.039674185,0.05132503040000001,0.35395050048828125,12.209237098693848,29.582560002803802,0.013845009729266167,0.5997596979141235,6.525004800000001e-05,9.935008001327514,0.2,0.924326628446579,-0.05364623648347333,7880,228.375,0.5833333333333334,-113.21019220716532
156631040,1195,42965,3645,,,,,,,,,,,,,,,,
156762112,,,,0.040341504,0.05120051199999999,0.35425567626953125,11.820419311523438,32.23773685693741,0.013841388747096062,0.6116073727607727,6.505343999999998e-05,9.912774568796157,0.2,0.9148497506976128,-0.054842412822472396,7885,176.90625,0.75,-83.10452328770566
156762112,1196,43000,3645,,,,,,,,,,,,,,,,
156893184,,,,0.045108162,0.051075993599999994,0.3672088623046875,11.050004005432129,28.382576417922973,0.013837315142154694,0.6030036211013794,6.485683199999999e-05,9.990283846855164,0.2,0.9236821457743645,-0.05470053920289501,7890,208.75,0.6979166666666666,-91.6449434060586
156893184,1197,43035,3645,,,,,,,,,,,,,,,,
157024256,,,,0.034938004,0.05095147519999999,0.3460784912109375,10.788910865783691,32.07002102136612,0.013837951235473156,0.5940166711807251,6.466022399999998e-05,9.910569667816162,0.2,0.915829174220562,-0.05302352677535964,7895,202.02083333333334,0.6666666666666666,-101.64974054747745
157024256,1198,43071,3645,,,,,,,,,,,,,,,,
157155328,,,,0.039560042,0.050826956799999996,0.34019012451171876,12.572373390197754,33.44557000398636,0.013838395476341248,0.6009557247161865,6.446361599999999e-05,9.865278166532516,0.2,0.9179743528366089,-0.05235099748824723,7900,200.88541666666666,0.65625,-101.64254858397688
157155328,1199,43105,3645,,,,,,,,,,,,,,,,
157286400,,,,0.03779623,0.0507024384,0.36491546630859373,16.35630989074707,35.53391053676605,0.013838974758982658,0.5883490443229675,6.426700799999998e-05,9.890873157978058,0.2,0.9163207337260246,-0.05358321028470527,7905,189.97916666666666,0.7291666666666666,-88.8812618403274
157286400,1200,43141,3645,,,,,,,,,,,,,,,,
157417472,,,,0.037424587,0.05057792,0.34437408447265627,13.421534538269043,37.000547635555264,0.013837365433573723,0.6023898720741272,6.407039999999999e-05,9.84782662987709,0.2,0.9116667732596397,-0.04948062656621914,7910,211.05208333333334,0.5833333333333334,-112.94995107080861
157417472,1201,43176,3645,,,,,,,,,,,,,,,,
157548544,,,,0.034973063,0.0504534016,0.3427337646484375,13.904684066772461,37.50765296220779,0.013835692778229713,0.6357837915420532,6.3873792e-05,9.932367086410522,0.2,0.9173615649342537,-0.053738710480683946,7915,192.09375,0.71875,-90.39978640913
157548544,1202,43211,3645,,,,,,,,,,,,,,,,
157679616,,,,0.03368795,0.0503288832,0.33238067626953127,13.490720748901367,35.10751658678055,0.013831022195518017,0.614182710647583,6.367718399999999e-05,9.861851078271865,0.2,0.9182587340474129,-0.05066904907289427,7920,229.96875,0.6145833333333334,-106.71591197225696
157679616,1203,43247,3645,,,,,,,,,,,,,,,,
157810688,,,,0.03796465,0.050204364800000005,0.342767333984375,15.551411628723145,36.780148565769196,0.013829009607434273,0.6197026968002319,6.3480576e-05,9.922824478149414,0.2,0.9128284752368927,-0.05373319589416496,7925,203.96875,0.6458333333333334,-102.71350442068554
157810688,1204,43283,3645,,,,,,,,,,,,,,,,
157941760,,,,0.03953448,0.0500798464,0.355670166015625,16.745967864990234,35.33302344083786,0.013826154172420502,0.611649751663208,6.328396799999999e-05,9.897058892250062,0.2,0.9163029193878174,-0.052643782121595,7930,201.21875,0.6875,-101.05980170324501
157941760,1205,43320,3645,,,,,,,,,,,,,,,,
158072832,,,,0.039493635,0.04995532800000001,0.3479339599609375,16.514604568481445,36.969623637199405,0.013827304355800152,0.6165114641189575,6.308736e-05,9.870411115884782,0.2,0.9107875227928162,-0.053050927535514346,7935,207.84375,0.625,-102.009737112293
158072832,1206,43356,3645,,,,,,,,,,,,,,,,
158203904,,,,0.039675094,0.049830809600000005,0.349676513671875,15.518027305603027,35.4409499168396,0.013826219365000725,0.6106547713279724,6.2890752e-05,9.886375653743745,0.2,0.9175157994031906,-0.05255298987613059,7940,200.26041666666666,0.6666666666666666,-98.06745811322469
158203904,1207,43391,3645,,,,,,,,,,,,,,,,
158334976,,,,0.03703872,0.04970629120000001,0.3510498046875,14.629887580871582,33.24846935272217,0.01382121630012989,0.6023868322372437,6.2694144e-05,9.867451214790345,0.2,0.928253248333931,-0.05318729531209101,7945,205.59375,0.65625,-99.93710326758992
158334976,1208,43427,3645,,,,,,,,,,,,,,,,
158466048,,,,0.033448853,0.04958177280000001,0.31878662109375,12.081422805786133,32.165440392494205,0.013817241415381432,0.5832414031028748,6.249753600000001e-05,9.894297569990158,0.2,0.9237141609191895,-0.05154212990019005,7950,210.125,0.6458333333333334,-100.14360280190651
158466048,1209,43464,3645,,,,,,,,,,,,,,,,
158597120,,,,0.039353073,0.04945725440000001,0.3400177001953125,12.07738208770752,36.695689952373506,0.013815240934491158,0.6200838088989258,6.2300928e-05,9.846502375602721,0.2,0.9141511917114258,-0.04996913495997433,7955,191.01041666666666,0.7291666666666666,-94.33468612374297
158597120,1210,43500,3645,,,,,,,,,,,,,,,,
158728192,,,,0.039386984,0.04933273600000001,0.3536895751953125,14.45398998260498,35.60183136463165,0.013815261423587799,0.57828688621521,6.210432000000001e-05,9.899887305498122,0.2,0.9167502000927925,-0.05121824505040422,7960,219.72916666666666,0.59375,-108.0726935578366
158728192,1211,43536,3645,,,,,,,,,,,,,,,,
158859264,,,,0.037199415,0.049208217600000013,0.3613189697265625,15.579863548278809,37.83024525642395,0.013810144737362862,0.598743200302124,6.1907712e-05,9.881018966436386,0.2,0.9121269583702087,-0.05247386746195844,7965,206.875,0.65625,-103.02466645936744
158859264,1212,43572,3645,,,,,,,,,,,,,,,,
158990336,,,,0.038766995,0.04908369920000001,0.3528594970703125,13.21658992767334,32.88779782056808,0.01380840502679348,0.5924876928329468,6.171110400000001e-05,9.968825906515121,0.2,0.9219970032572746,-0.05442517270857934,7970,202.23958333333334,0.6458333333333334,-97.73561366893193
158990336,1213,43608,3645,,,,,,,,,,,,,,,,
159121408,,,,0.038173836,0.048959180799999995,0.338739013671875,13.3594331741333,34.408151185512544,0.013805367052555084,0.615576982498169,6.151449599999998e-05,9.851050275564194,0.2,0.9239006191492081,-0.05373693812289275,7975,200.4375,0.7395833333333334,-90.87531856189639
159121408,1214,43644,3645,,,,,,,,,,,,,,,,
159252480,,,,0.038504016,0.04883466239999999,0.3496002197265625,14.373796463012695,32.574511122703555,0.013802997767925262,0.633223831653595,6.131788799999998e-05,9.865234714746475,0.2,0.9262383431196213,-0.05193927853542846,7980,207.26041666666666,0.6770833333333334,-96.94320606734372
159252480,1215,43681,3645,,,,,,,,,,,,,,,,
159383552,,,,0.03933932,0.048710144,0.3406707763671875,11.554193496704102,30.311517107486726,0.013801722787320614,0.6272767782211304,6.112127999999998e-05,9.92322804927826,0.2,0.9286767169833183,-0.05243520527874353,7985,187.98958333333334,0.6979166666666666,-90.54197174423139
159383552,1216,43717,3645,,,,,,,,,,,,,,,,
159514624,,,,0.037742063,0.048585625599999994,0.344317626953125,11.724773406982422,37.3432281255722,0.013798220083117485,0.619320809841156,6.0924671999999986e-05,9.854364091157914,0.2,0.9093825668096542,-0.05123197606371832,7990,177.66666666666666,0.75,-88.91656243281886
159514624,1217,43752,3645,,,,,,,,,,,,,,,,
159645696,,,,0.034854755,0.0484611072,0.329669189453125,13.368863105773926,33.16558183431626,0.013796009123325348,0.6100161075592041,6.072806399999999e-05,9.820361238718032,0.2,0.9209901317954063,-0.05049597616307437,7995,223.05208333333334,0.5729166666666666,-110.27002888232334
159645696,1218,43788,3645,,,,,,,,,,,,,,,,
159776768,,,,0.035180382,0.0483365888,0.3282470703125,15.47705364227295,36.7621050953865,0.0137927932664752,0.628822922706604,6.053145599999999e-05,9.93823179602623,0.2,0.9174461960792542,-0.05052081470785197,8000,197.04166666666666,0.6770833333333334,-98.02888187435566
159776768,1219,43824,3645,,,,,,,,,,,,,,,,
159907840,,,,0.03866631,0.0482120704,0.34879302978515625,14.473100662231445,37.28895471096039,0.013787716627120972,0.640441358089447,6.033484799999999e-05,9.9237611413002,0.2,0.9117294475436211,-0.05102304109022952,8005,204.57291666666666,0.6875,-100.52858576785627
159907840,1220,43861,3645,,,,,,,,,,,,,,,,
160038912,,,,0.037981246,0.048087552,0.34044189453125,11.126471519470215,30.907787728309632,0.013786835595965385,0.644225001335144,6.0138239999999996e-05,9.872476726770401,0.2,0.9237237498164177,-0.05200316883565392,8010,197.08333333333334,0.7083333333333334,-91.18136411109445
160038912,1221,43896,3645,,,,,,,,,,,,,,,,
160169984,,,,0.039648637,0.0479630336,0.33972930908203125,12.437740325927734,33.255697178840634,0.013783699832856655,0.625629723072052,5.9941631999999996e-05,9.891874474287032,0.2,0.9277328178286552,-0.04894558846426662,8015,205.21875,0.65625,-103.79680524662126
160169984,1222,43931,3645,,,,,,,,,,,,,,,,
160301056,,,,0.038998224,0.0478385152,0.36033782958984373,13.850354194641113,30.502088415622712,0.01378253661096096,0.6492593288421631,5.9745024e-05,9.932850044965743,0.2,0.9214822426438332,-0.05135533845750615,8020,191.69791666666666,0.7291666666666666,-91.37694529240157
160301056,1223,43966,3645,,,,,,,,,,,,,,,,
160432128,,,,0.033518538,0.047713996800000005,0.31839447021484374,10.607842445373535,31.81805979013443,0.01377933006733656,0.5919289588928223,5.9548416e-05,9.923077595233917,0.2,0.9155189618468285,-0.04801196681510191,8025,203.78125,0.6666666666666666,-102.96253816428259
160432128,1224,44002,3645,,,,,,,,,,,,,,,,
160563200,,,,0.037606176,0.0475894784,0.34342193603515625,12.976282119750977,35.516338396072385,0.01377916894853115,0.6365232467651367,5.9351808e-05,9.850427150726318,0.2,0.9187696203589439,-0.05210704634955619,8030,200.9375,0.65625,-100.27133524832368
160563200,1225,44037,3646,,,,,,,,,,,,,,,,
160694272,,,,0.037344187,0.04746496000000001,0.338995361328125,17.08059310913086,41.913880944252014,0.013779683969914913,0.6583540439605713,5.9155200000000006e-05,9.782885891199111,0.2,0.9047329053282738,-0.05110544642084278,8035,191.46875,0.7083333333333334,-95.19613017426411
160694272,1226,44071,3646,,,,,,,,,,,,,,,,
160825344,,,,0.040548842,0.04734044160000001,0.34554595947265626,12.689976692199707,32.368672120571134,0.013779315166175365,0.6109985113143921,5.8958592000000006e-05,9.914934980869294,0.2,0.9222306683659554,-0.051764901814749464,8040,196.83333333333334,0.65625,-102.89383203864963
160825344,1227,44107,3646,,,,,,,,,,,,,,,,
160956416,,,,0.03938402,0.04721592320000001,0.3510986328125,16.655363082885742,40.0797331571579,0.013780057430267334,0.6718026995658875,5.876198400000001e-05,9.831363534927368,0.2,0.9057635739445686,-0.05217840018085553,8045,189.35416666666666,0.7395833333333334,-87.21192606865652
160956416,1228,44142,3646,,,,,,,,,,,,,,,,
161087488,,,,0.033685587,0.047091404800000014,0.3316375732421875,14.395552635192871,33.47541723251343,0.013778157532215118,0.6194599866867065,5.856537600000001e-05,9.979790729284286,0.2,0.9206400215625763,-0.0507046184851788,8050,191.57291666666666,0.71875,-94.93119903719344
161087488,1229,44178,3646,,,,,,,,,,,,,,,,
161218560,,,,0.038201533,0.04696688640000001,0.355828857421875,14.731428146362305,34.08741819858551,0.013776740990579128,0.6689339876174927,5.836876800000001e-05,9.896754002571106,0.2,0.9166795089840889,-0.05126379167195409,8055,196.5,0.6666666666666666,-99.07503702582993
161218560,1230,44213,3646,,,,,,,,,,,,,,,,
161349632,,,,0.039229013,0.046842367999999995,0.3561370849609375,12.112152099609375,28.557683432102202,0.013773404061794281,0.628966212272644,5.817215999999998e-05,9.85332019329071,0.2,0.9294190406799316,-0.05361096434935462,8060,204.375,0.6979166666666666,-97.59353511403447
161349632,1231,44247,3646,,,,,,,,,,,,,,,,
161480704,,,,0.03325916,0.04671784959999999,0.31722259521484375,12.908059120178223,35.791710102558135,0.013773797079920769,0.6386172771453857,5.797555199999998e-05,9.830042469501496,0.2,0.9213734865188599,-0.04826045326772146,8065,196.14583333333334,0.7083333333333334,-92.65913740723882
161480704,1232,44285,3646,,,,,,,,,,,,,,,,
161611776,,,,0.039450064,0.0465933312,0.36245269775390626,13.618032455444336,31.583985149860382,0.01376940868794918,0.6693539023399353,5.7778943999999983e-05,9.890864205360412,0.2,0.9274005442857742,-0.05423106685921084,8070,176.125,0.8020833333333334,-83.00876859222616
161611776,1233,44320,3646,,,,,,,,,,,,,,,,
161742848,,,,0.03835804,0.046468812799999995,0.34996337890625,15.481884002685547,33.827391910552976,0.013767916709184647,0.6730213165283203,5.7582335999999984e-05,9.947931325435638,0.2,0.918573684990406,-0.0520460935367737,8075,197.67708333333334,0.75,-89.60043084372239
161742848,1234,44354,3646,,,,,,,,,,,,,,,,
161873920,,,,0.035420336,0.0463442944,0.332623291015625,13.182085990905762,33.645935523509976,0.013765866868197918,0.6633439660072327,5.7385727999999985e-05,9.816647565364837,0.2,0.9167671352624893,-0.051167953253025186,8080,208.91666666666666,0.6666666666666666,-102.62609466788263
161873920,1235,44390,3646,,,,,,,,,,,,,,,,
162004992,,,,0.035685867,0.046219776,0.33580474853515624,11.636521339416504,32.13699750900268,0.013761844485998154,0.6637281179428101,5.7189119999999985e-05,9.84750754237175,0.2,0.9292327165603638,-0.05120373417594237,8085,205.35416666666666,0.6770833333333334,-98.37871276903938
162004992,1236,44427,3646,,,,,,,,,,,,,,,,
162136064,,,,0.036974207,0.0460952576,0.34012908935546876,13.69713020324707,35.72236065864563,0.013762014918029308,0.6485442519187927,5.699251199999999e-05,9.908648437261581,0.2,0.9140693321824074,-0.04947296500467928,8090,224.30208333333334,0.6145833333333334,-106.58078727001502
162136064,1237,44465,3646,,,,,,,,,,,,,,,,
162267136,,,,0.037042063,0.0459707392,0.3367889404296875,15.374954223632812,39.86984428167343,0.013761920854449272,0.664301872253418,5.6795903999999994e-05,9.848808473348617,0.2,0.9075495824217796,-0.05328869376098737,8095,206.11458333333334,0.6666666666666666,-102.71358808262808
162267136,1238,44499,3646,,,,,,,,,,,,,,,,
162398208,,,,0.040015597,0.045846220800000004,0.35220184326171877,12.934636116027832,31.78051974773407,0.013761097565293312,0.6490334272384644,5.6599295999999994e-05,9.880968165397643,0.2,0.9226050227880478,-0.05048083355795825,8100,213.80208333333334,0.6666666666666666,-100.96308291207193
162398208,1239,44536,3646,,,,,,,,,,,,,,,,
162529280,,,,0.036752902,0.0457217024,0.3210418701171875,17.284923553466797,35.04812225103378,0.013759656809270382,0.6492987871170044,5.6402687999999995e-05,9.918281257152557,0.2,0.9185861647129059,-0.04904690388066228,8105,202.9375,0.65625,-104.17474271817127
162529280,1240,44572,3646,,,,,,,,,,,,,,,,
162660352,,,,0.034879506,0.045597184000000006,0.3392547607421875,11.350485801696777,36.13267877101898,0.01376141607761383,0.6378182768821716,5.6206079999999996e-05,9.876180517673493,0.2,0.9117868766188622,-0.05151688481855672,8110,201.97916666666666,0.6979166666666666,-96.52179399128066
162660352,1241,44609,3646,,,,,,,,,,,,,,,,
162791424,,,,0.03451337,0.0454726656,0.35271453857421875,13.294464111328125,35.21056261062622,0.013760877773165703,0.6696150302886963,5.6009471999999996e-05,9.916403824090958,0.2,0.9163567200303078,-0.05247106149035972,8115,184.375,0.7604166666666666,-90.00474797771824
162791424,1242,44644,3646,,,,,,,,,,,,,,,,
162922496,,,,0.03441203,0.04534814720000001,0.327752685546875,14.502761840820312,34.73543210029602,0.013759280554950237,0.658246636390686,5.5812864000000004e-05,9.924080383777618,0.2,0.9214126169681549,-0.05017813169179135,8120,190.59375,0.7291666666666666,-96.26251722309524
162922496,1243,44679,3646,,,,,,,,,,,,,,,,
163053568,,,,0.034148216,0.045223628800000006,0.3299652099609375,15.43006420135498,36.95493757724762,0.013756094500422478,0.6764523983001709,5.5616256000000004e-05,10.000758194923401,0.2,0.9158909395337105,-0.049688491999404505,8125,198.36458333333334,0.71875,-93.43399825904926
163053568,1244,44715,3646,,,,,,,,,,,,,,,,
163184640,,,,0.03489604,0.04509911040000001,0.33840789794921877,13.994335174560547,36.37493522167206,0.013753551058471203,0.6646761298179626,5.5419648000000005e-05,9.884561324119568,0.2,0.9115611538290977,-0.050194719710270876,8130,182.39583333333334,0.7604166666666666,-84.78006367610242
163184640,1245,44752,3646,,,,,,,,,,,,,,,,
163315712,,,,0.036632583,0.04497459200000001,0.33604278564453127,14.329988479614258,34.19873833656311,0.01375364325940609,0.6618002653121948,5.5223040000000006e-05,9.917528277635574,0.2,0.9182779043912888,-0.049270356580382216,8135,193.0625,0.7083333333333334,-94.43714855139699
163315712,1246,44786,3646,,,,,,,,,,,,,,,,
163446784,,,,0.033396818,0.04485007360000001,0.31741790771484374,18.667194366455078,39.48001854419708,0.013752373866736889,0.6567109823226929,5.5026432000000007e-05,9.906584858894348,0.2,0.9081694036722183,-0.047805365052772684,8140,205.77083333333334,0.6666666666666666,-99.8619949436575
163446784,1247,44823,3646,,,,,,,,,,,,,,,,
163577856,,,,0.03549829,0.04472555520000001,0.33368682861328125,13.830804824829102,28.52779531478882,0.013749800622463226,0.6660616397857666,5.4829824000000014e-05,9.846299773454666,0.2,0.9336272701621056,-0.051738849500543437,8145,211.375,0.6666666666666666,-99.33404888091286
163577856,1248,44859,3646,,,,,,,,,,,,,,,,
163708928,,,,0.035239168,0.044601036799999993,0.33377838134765625,13.579853057861328,33.840932238101956,0.013745426200330257,0.6493956446647644,5.463321599999998e-05,9.903608441352844,0.2,0.9246533662080765,-0.0511779061431298,8150,207.92708333333334,0.6458333333333334,-98.329478079005
163708928,1249,44896,3646,,,,,,,,,,,,,,,,
163840000,,,,0.03490044,0.04447651839999999,0.32466278076171873,12.35137939453125,31.854213619232176,0.01374361664056778,0.6500449180603027,5.443660799999998e-05,9.903558844327927,0.2,0.9206595495343208,-0.0508779700321611,8155,208.9375,0.6770833333333334,-104.67725949373164
163840000,1250,44932,3646,,,,,,,,,,,,,,,,
163971072,,,,0.037032977,0.044351999999999996,0.33053131103515626,13.268638610839844,30.89726017713547,0.013739566318690777,0.6609559059143066,5.423999999999998e-05,9.818840157985687,0.2,0.9358719661831856,-0.050722993875388055,8160,185.125,0.6979166666666666,-98.1170040803251
163971072,1251,44967,3646,,,,,,,,,,,,,,,,
164102144,,,,0.03339067,0.04422748159999999,0.32442779541015626,13.523868560791016,31.730239939689636,0.013734472915530205,0.6750437617301941,5.404339199999998e-05,9.905747610330582,0.2,0.9280331954360008,-0.048938290926162156,8165,215.35416666666666,0.65625,-102.07619611552035
164102144,1252,45001,3646,,,,,,,,,,,,,,,,
164233216,,,,0.037590683,0.0441029632,0.3413543701171875,10.136961936950684,27.306056129932404,0.013733163475990295,0.6475732922554016,5.384678399999999e-05,9.852867329120636,0.2,0.9437433890998363,-0.051234657839813735,8170,206.02083333333334,0.65625,-101.4750940840994
164233216,1253,45038,3646,,,,,,,,,,,,,,,,
164364288,,,,0.031484596,0.043978444799999995,0.31157989501953126,13.268226623535156,34.009838092327115,0.013733568601310253,0.6806322932243347,5.365017599999999e-05,9.867051941156387,0.2,0.9233347550034523,-0.04558689164405223,8175,228.10416666666666,0.625,-108.95089860001997
164364288,1254,45074,3646,,,,,,,,,,,,,,,,
164495360,,,,0.03136913,0.0438539264,0.31937408447265625,15.725175857543945,35.932470524311064,0.013729868456721306,0.6793925166130066,5.345356799999999e-05,9.97463299036026,0.2,0.9157102331519127,-0.04778293799899984,8180,189.36458333333334,0.7083333333333334,-95.58219816423475
164495360,1255,45109,3646,,,,,,,,,,,,,,,,
164626432,,,,0.037783645,0.043729408,0.34126434326171873,14.647337913513184,32.414130818843844,0.013731509447097778,0.6834926605224609,5.325695999999999e-05,9.854520845413209,0.2,0.9224312901496887,-0.05145060091163032,8185,199.5625,0.6875,-97.81754254158913
164626432,1256,45146,3646,,,,,,,,,,,,,,,,
164757504,,,,0.03867226,0.0436048896,0.34735260009765623,12.409770011901855,31.219441497325896,0.013728800229728222,0.6749577522277832,5.306035199999999e-05,9.957382363080978,0.2,0.9264667183160782,-0.053455242287600416,8190,203.94791666666666,0.6770833333333334,-97.24070463915933
164757504,1257,45181,3646,,,,,,,,,,,,,,,,
164888576,,,,0.034472182,0.043480371200000006,0.33121795654296876,12.524659156799316,31.11376519203186,0.01372615061700344,0.6986761093139648,5.2863743999999994e-05,9.891990488767624,0.2,0.9230051040649414,-0.05067000578856096,8195,202.42708333333334,0.65625,-96.75609379232056
164888576,1258,45218,3646,,,,,,,,,,,,,,,,
165019648,,,,0.03745472,0.043355852800000004,0.33733367919921875,11.937519073486328,33.32497447729111,0.013724198564887047,0.7248072624206543,5.2667136e-05,9.88024731874466,0.2,0.9162491858005524,-0.05113373187778052,8200,207.70833333333334,0.65625,-98.86640005456411
165019648,1259,45253,3646,,,,,,,,,,,,,,,,
165150720,,,,0.038680375,0.04323133440000001,0.33184967041015623,12.287031173706055,31.75463339090347,0.013722176663577557,0.698104977607727,5.2470528e-05,9.868156099319458,0.2,0.9223764762282372,-0.05217061819275841,8205,206.67708333333334,0.6354166666666666,-102.88899712754296
165150720,1260,45290,3646,,,,,,,,,,,,,,,,
165281792,,,,0.031695433,0.043106816000000006,0.3108734130859375,15.85616397857666,37.057757472991945,0.01371918898075819,0.6704654693603516,5.227392e-05,9.904291623830796,0.2,0.9093259945511818,-0.04891620735870674,8210,197.71875,0.71875,-95.61056284351395
165281792,1261,45327,3646,,,,,,,,,,,,,,,,
165412864,,,,0.03394922,0.04298229760000001,0.32345123291015626,15.413444519042969,35.41592091321945,0.013716962188482285,0.6936680674552917,5.2077312e-05,9.848038148880004,0.2,0.9149718880653381,-0.04944785362895345,8215,198.83333333333334,0.65625,-103.67702297772517
165412864,1262,45361,3646,,,,,,,,,,,,,,,,
165543936,,,,0.042777993,0.04285777920000001,0.33781585693359373,13.33271312713623,33.96783924102783,0.013716151937842369,0.7007514834403992,5.1880704000000004e-05,9.841891002655029,0.2,0.9140550121665001,-0.05150037967396202,8220,190.27083333333334,0.7395833333333334,-90.95919043342944
165543936,1263,45397,3646,,,,,,,,,,,,,,,,
165675008,,,,0.03947601,0.04273326080000001,0.35288543701171876,13.100676536560059,32.27019592523575,0.01371465902775526,0.7099549770355225,5.168409600000001e-05,9.903733998537064,0.2,0.9182370156049728,-0.0508324036229169,8225,213.30208333333334,0.6354166666666666,-105.90449459683354
165675008,1264,45435,3646,,,,,,,,,,,,,,,,
165806080,,,,0.034880508,0.04260874240000001,0.33083648681640626,14.235661506652832,35.25129311084747,0.013711090199649334,0.6857733726501465,5.148748800000001e-05,9.826530641317367,0.2,0.914488397538662,-0.04977396104950458,8230,210.29166666666666,0.6666666666666666,-104.35709227251424
165806080,1265,45471,3646,,,,,,,,,,,,,,,,
165937152,,,,0.038437188,0.042484224000000015,0.3357330322265625,8.975098609924316,27.517927324771883,0.013707749545574188,0.6810638904571533,5.129088000000001e-05,9.862196892499924,0.2,0.9318561628460884,-0.049538419384043665,8235,220.91666666666666,0.6875,-101.50412110434002
165937152,1266,45508,3646,,,,,,,,,,,,,,,,
166068224,,,,0.03189911,0.04235970559999999,0.30912322998046876,14.498368263244629,32.45589708089828,0.01370528619736433,0.6686562895774841,5.109427199999998e-05,9.817007821798324,0.2,0.9263675138354301,-0.0476638230640674,8240,188.77083333333334,0.71875,-93.14036586264471
166068224,1267,45543,3646,,,,,,,,,,,,,,,,
166199296,,,,0.03386852,0.042235187199999996,0.313641357421875,12.81474494934082,33.07712329626084,0.013702072203159332,0.6987881660461426,5.089766399999998e-05,9.90137500166893,0.2,0.9256824404001236,-0.04930636548087932,8245,210.1875,0.6458333333333334,-105.40450269522263
166199296,1268,45578,3646,,,,,,,,,,,,,,,,
166330368,,,,0.03292931,0.042110668799999994,0.3163055419921875,9.920790672302246,30.46886318922043,0.013701781630516052,0.7319568991661072,5.070105599999999e-05,9.88424180150032,0.2,0.9276667386293411,-0.05184002222958952,8250,189.41666666666666,0.7291666666666666,-90.91508917957054
166330368,1269,45615,3646,,,,,,,,,,,,,,,,
166461440,,,,0.034971718,0.0419861504,0.3371856689453125,12.171539306640625,34.310517930984496,0.013698466122150421,0.6810793876647949,5.050444799999999e-05,9.883770942687988,0.2,0.924474410712719,-0.050650547724217176,8255,184.85416666666666,0.7291666666666666,-90.56011001138086
166461440,1270,45650,3646,,,,,,,,,,,,,,,,
166592512,,,,0.03605797,0.041861631999999996,0.33458404541015624,12.80271053314209,37.53870562314987,0.013696422800421715,0.6822069883346558,5.030783999999999e-05,9.95192792415619,0.2,0.9123960807919502,-0.049772634309192654,8260,185.66666666666666,0.7604166666666666,-90.04425105288146
166592512,1271,45685,3646,,,,,,,,,,,,,,,,
166723584,,,,0.034794085,0.0417371136,0.3217193603515625,12.855982780456543,29.844374179840088,0.013695582747459412,0.6817764639854431,5.011123199999999e-05,9.886903196573257,0.2,0.9273281842470169,-0.04779206526000053,8265,206.71875,0.6770833333333334,-98.78631046796306
166723584,1272,45722,3646,,,,,,,,,,,,,,,,
166854656,,,,0.03593723,0.0416125952,0.333709716796875,13.251483917236328,34.34698014259338,0.013695664703845978,0.709858775138855,4.991462399999999e-05,9.886661338806153,0.2,0.9196921363472939,-0.05207691780378809,8270,197.94791666666666,0.7291666666666666,-90.2759424716166
166854656,1273,45757,3646,,,,,,,,,,,,,,,,
166985728,,,,0.033778302,0.0414880768,0.3123870849609375,12.755497932434082,31.435847902297972,0.0136948823928833,0.7049099802970886,4.971801599999999e-05,9.832204431295395,0.2,0.9263044595718384,-0.04976839603623375,8275,182.28125,0.71875,-91.63727060958333
166985728,1274,45791,3646,,,,,,,,,,,,,,,,
167116800,,,,0.03306825,0.0413635584,0.31416778564453124,14.424991607666016,34.44578284025192,0.013697470538318157,0.7073721289634705,4.9521408e-05,9.901250785589218,0.2,0.9185821786522865,-0.04970022763009183,8280,207.75,0.6770833333333334,-96.84030892845756
167116800,1275,45827,3646,,,,,,,,,,,,,,,,
167247872,,,,0.031090768,0.041239040000000005,0.29168701171875,13.039042472839355,34.07086237668991,0.013695809058845043,0.7200373411178589,4.93248e-05,9.94035700559616,0.2,0.918874517083168,-0.048643530122353694,8285,219.72916666666666,0.6354166666666666,-100.50164772428239
167247872,1276,45863,3646,,,,,,,,,,,,,,,,
167378944,,,,0.032995604,0.0411145216,0.31917266845703124,13.594619750976562,34.392390835285184,0.013694538734853268,0.6982855796813965,4.9128192e-05,9.998505127429961,0.2,0.921244703233242,-0.048596574569819494,8290,176.91666666666666,0.7708333333333334,-86.20132898689117
167378944,1277,45898,3646,,,,,,,,,,,,,,,,
167510016,,,,0.035094038,0.04099000320000001,0.3253204345703125,12.472390174865723,33.963099730014804,0.013694074004888535,0.7329318523406982,4.8931584e-05,9.894289165735245,0.2,0.9220347180962563,-0.05089162504009437,8295,221.88541666666666,0.6145833333333334,-107.01589169485793
167510016,1278,45934,3646,,,,,,,,,,,,,,,,
167641088,,,,0.03537231,0.040865484800000004,0.3317718505859375,13.776838302612305,34.09337589740753,0.013694423250854015,0.6999446749687195,4.8734976e-05,9.97415401339531,0.2,0.9104295894503593,-0.049153282557381314,8300,202.38541666666666,0.6875,-97.93660707164979
167641088,1279,45969,3646,,,,,,,,,,,,,,,,
167772160,,,,0.03381551,0.04074096640000001,0.32730865478515625,16.811391830444336,36.972088027000424,0.013694542460143566,0.6882662773132324,4.853836800000001e-05,9.96730814576149,0.2,0.9136584624648094,-0.051819767054985276,8305,213.51041666666666,0.625,-108.07297321138863
167772160,1280,46004,3646,,,,,,,,,,,,,,,,
167903232,,,,0.034264117,0.040616448000000006,0.31384124755859377,14.801065444946289,34.1944186091423,0.013691178523004055,0.7134968638420105,4.834176000000001e-05,9.877197164297105,0.2,0.924540214240551,-0.04818444888514932,8310,213.0625,0.6458333333333334,-102.08623525608822
167903232,1281,46040,3646,,,,,,,,,,,,,,,,
168034304,,,,0.035114765,0.04049192960000001,0.32262115478515624,13.446281433105469,32.18363708257675,0.01368916779756546,0.7221660614013672,4.814515200000001e-05,9.987884694337845,0.2,0.9278286695480347,-0.05052777411765419,8315,202.98958333333334,0.6875,-97.3238595392876
168034304,1282,46075,3646,,,,,,,,,,,,,,,,
168165376,,,,0.034775153,0.04036741120000001,0.340673828125,15.366782188415527,41.45273193120956,0.013688227161765099,0.7037743330001831,4.794854400000001e-05,9.916340428590775,0.2,0.9120228886604309,-0.051337761295144446,8320,199.1875,0.6770833333333334,-97.25825911662264
168165376,1283,46112,3646,,,,,,,,,,,,,,,,
168296448,,,,0.03307147,0.04024289279999999,0.32098846435546874,10.415657043457031,30.772121214866637,0.013685199432075024,0.737767219543457,4.775193599999998e-05,9.924322712421418,0.2,0.9254396483302116,-0.049568264047411506,8325,190.84375,0.78125,-86.61866212617922
168296448,1284,46147,3646,,,,,,,,,,,,,,,,
168427520,,,,0.033285353,0.04011837439999999,0.32867889404296874,16.65725326538086,35.192179071903226,0.01368180476129055,0.7322244644165039,4.755532799999998e-05,9.89949803352356,0.2,0.9161125868558884,-0.05031164804531727,8330,199.98958333333334,0.6979166666666666,-95.60709620563902
168427520,1285,46183,3646,,,,,,,,,,,,,,,,
168558592,,,,0.03462328,0.039993855999999994,0.31839752197265625,14.55665111541748,36.05528087615967,0.013680378906428814,0.7456950545310974,4.7358719999999986e-05,9.889047467708588,0.2,0.9178762286901474,-0.049788511754013595,8335,216.39583333333334,0.625,-103.61650821561439
168558592,1286,46221,3646,,,,,,,,,,,,,,,,
168689664,,,,0.035023846,0.03986933759999999,0.3421875,12.099635124206543,28.83102991580963,0.013678880408406258,0.7196474075317383,4.7162111999999986e-05,10.071510457992554,0.2,0.9296046867966652,-0.05198974090453703,8340,211.92708333333334,0.625,-101.3481636234656
168689664,1287,46256,3646,,,,,,,,,,,,,,,,
168820736,,,,0.03641973,0.039744819199999996,0.337286376953125,12.971518516540527,33.50471640825272,0.013677872717380524,0.73246169090271,4.696550399999999e-05,9.965976601839065,0.2,0.9231271222233772,-0.05133513600885635,8345,209.10416666666666,0.6875,-95.74181408982888
168820736,1288,46293,3646,,,,,,,,,,,,,,,,
168951808,,,,0.035497848,0.039620300799999994,0.339208984375,13.181092262268066,29.272672533988953,0.013677491806447506,0.7404577732086182,4.676889599999999e-05,9.967054545879364,0.2,0.9330691695213318,-0.0513711297797272,8350,176.71875,0.7708333333333334,-82.29282665873951
168951808,1289,46328,3646,,,,,,,,,,,,,,,,
169082880,,,,0.02976105,0.0394957824,0.30455780029296875,19.79212760925293,38.75621756315231,0.013678386807441711,0.718526303768158,4.657228799999999e-05,9.924174171686172,0.2,0.924002930521965,-0.04606024435634026,8355,195.42708333333334,0.7083333333333334,-91.10712677740428
169082880,1290,46364,3646,,,,,,,,,,,,,,,,
169213952,,,,0.031311333,0.039371263999999996,0.31044769287109375,12.681525230407715,31.16662745475769,0.01367835234850645,0.7326254844665527,4.6375679999999996e-05,10.033157229423523,0.2,0.9274537712335587,-0.04901607750216499,8360,206.14583333333334,0.7083333333333334,-95.89066364111436
169213952,1291,46400,3646,,,,,,,,,,,,,,,,
169345024,,,,0.03350574,0.0392467456,0.32789459228515627,11.848962783813477,29.302683806419374,0.013675615191459656,0.7294197082519531,4.6179071999999996e-05,10.049444401264191,0.2,0.9295701086521149,-0.05107204878295306,8365,187.51041666666666,0.78125,-88.04180488328007
169345024,1292,46436,3646,,,,,,,,,,,,,,,,
169476096,,,,0.030531038,0.0391222272,0.31837005615234376,12.64456558227539,33.146223628520964,0.013676315546035767,0.7232249975204468,4.5982464e-05,10.043577700853348,0.2,0.9282418340444565,-0.04840534791583195,8370,205.79166666666666,0.6770833333333334,-98.01846176052395
169476096,1293,46473,3646,,,,,,,,,,,,,,,,
169607168,,,,0.032307092,0.0389977088,0.31192626953125,15.833130836486816,38.22903552055359,0.013675856404006481,0.7579681873321533,4.5785856e-05,9.965607047080994,0.2,0.9197737276554108,-0.04930757283582352,8375,184.86458333333334,0.7291666666666666,-88.94153081536952
169607168,1294,46507,3646,,,,,,,,,,,,,,,,
169738240,,,,0.03420295,0.0388731904,0.30286407470703125,17.598960876464844,36.705340564250946,0.013674608431756496,0.7625355124473572,4.5589248e-05,9.928477823734283,0.2,0.9216770231723785,-0.04744236866536085,8380,193.5,0.7291666666666666,-91.29946784100105
169738240,1295,46543,3646,,,,,,,,,,,,,,,,
169869312,,,,0.031471185,0.038748672000000005,0.3115966796875,11.952810287475586,29.345536470413208,0.013674786314368248,0.7484756708145142,4.539264e-05,9.954350793361664,0.2,0.9356801137328148,-0.048704719488159756,8385,199.54166666666666,0.6979166666666666,-97.84578627162637
169869312,1296,46581,3646,,,,,,,,,,,,,,,,
170000384,,,,0.034880165,0.0386241536,0.3190155029296875,14.531883239746094,33.094299507141116,0.013671031221747398,0.7383655309677124,4.5196032000000007e-05,9.900725936889648,0.2,0.927950344979763,-0.050122654598089865,8390,211.07291666666666,0.6458333333333334,-107.65092532196464
170000384,1297,46617,3646,,,,,,,,,,,,,,,,
170131456,,,,0.03191033,0.03849963520000001,0.32153167724609377,14.350857734680176,32.68829237222671,0.013670720160007477,0.7411974668502808,4.499942400000001e-05,9.992675703763961,0.2,0.9285520538687706,-0.04783163411048008,8395,209.39583333333334,0.65625,-98.81529426785157
170131456,1298,46652,3646,,,,,,,,,,,,,,,,
170262528,,,,0.03369365,0.03837511680000001,0.33524169921875,17.417116165161133,36.05841928720474,0.013667820021510124,0.7459995150566101,4.480281600000001e-05,9.975908017158508,0.2,0.9192638322710991,-0.04898173629771918,8400,204.03125,0.7291666666666666,-93.58321751292367
170262528,1299,46689,3646,,,,,,,,,,,,,,,,
170393600,,,,0.03294947,0.03825059840000001,0.31770172119140627,13.367630958557129,31.503102231025697,0.013667909428477287,0.7185394167900085,4.460620800000001e-05,9.925699949264526,0.2,0.9299343153834343,-0.05028115453897044,8405,187.61458333333334,0.75,-85.67069744507138
170393600,1300,46725,3646,,,,,,,,,,,,,,,,
170524672,,,,0.030955568,0.038126080000000014,0.31581268310546873,15.436951637268066,39.55170439481735,0.013665599748492241,0.7277169227600098,4.440960000000001e-05,9.966704255342483,0.2,0.9120760038495064,-0.04692297968431376,8410,210.6875,0.6770833333333334,-102.55310998967651
170524672,1301,46762,3646,,,,,,,,,,,,,,,,
170655744,,,,0.035847455,0.03800156159999999,0.33201751708984373,10.856298446655273,28.438695096969603,0.013663016259670258,0.7411317825317383,4.421299199999998e-05,9.97854323387146,0.2,0.9327989742159843,-0.0491104017753969,8415,196.76041666666666,0.7083333333333334,-94.96082850137886
170655744,1302,46796,3646,,,,,,,,,,,,,,,,
170786816,,,,0.02863561,0.037877043199999995,0.295916748046875,13.84034538269043,32.18817707300186,0.013659118674695492,0.7321006655693054,4.4016383999999984e-05,9.963987404108048,0.2,0.9204616099596024,-0.046844001195859165,8420,187.71875,0.7395833333333334,-88.14658207007902
170786816,1303,46833,3646,,,,,,,,,,,,,,,,
170917888,,,,0.035850428,0.03775252479999999,0.3455963134765625,14.773816108703613,30.37721483707428,0.0136591587215662,0.7584521174430847,4.3819775999999984e-05,9.976525604724884,0.2,0.9264343082904816,-0.050888639385811986,8425,209.03125,0.7083333333333334,-95.34523868378987
170917888,1304,46870,3646,,,,,,,,,,,,,,,,
171048960,,,,0.031396136,0.0376280064,0.30644989013671875,13.420705795288086,34.12583850622177,0.013657679781317711,0.7786692380905151,4.3623167999999985e-05,9.930715090036392,0.2,0.9223140180110931,-0.046824004594236614,8430,184.09375,0.71875,-85.75373545838572
171048960,1305,46907,3646,,,,,,,,,,,,,,,,
171180032,,,,0.032793224,0.037503487999999995,0.3112579345703125,12.52196979522705,30.620139932632448,0.013656146824359894,0.7412087917327881,4.3426559999999986e-05,9.922656458616256,0.2,0.9319352954626083,-0.04760653817502316,8435,192.32291666666666,0.71875,-88.39408738591725
171180032,1306,46940,3646,,,,,,,,,,,,,,,,
171311104,,,,0.0339271,0.0373789696,0.32304534912109373,14.229887962341309,28.641109585762024,0.013655245304107666,0.7531877756118774,4.322995199999999e-05,9.976646095514297,0.2,0.9324211180210114,-0.04876623373420443,8440,180.375,0.7604166666666666,-87.06253009731198
171311104,1307,46975,3646,,,,,,,,,,,,,,,,
171442176,,,,0.03188718,0.0372544512,0.3070404052734375,11.653645515441895,31.627402865886687,0.013653317466378212,0.760332465171814,4.3033343999999994e-05,9.944069999456406,0.2,0.9288781881332397,-0.047496837066137235,8445,196.07291666666666,0.6875,-92.5894415032135
171442176,1308,47011,3646,,,,,,,,,,,,,,,,
171573248,,,,0.027653404,0.0371299328,0.2794586181640625,17.457056045532227,37.87949929237366,0.01365187019109726,0.7435304522514343,4.2836735999999994e-05,9.908671373128891,0.2,0.9103617444634438,-0.04653684531149338,8450,205.36458333333334,0.6770833333333334,-99.26139340626696
171573248,1309,47045,3646,,,,,,,,,,,,,,,,
171704320,,,,0.027911734,0.0370054144,0.29343719482421876,16.24947738647461,32.69744325876236,0.013651582412421703,0.7580922842025757,4.2640127999999995e-05,9.920817291736602,0.2,0.9235859364271164,-0.04804289019666612,8455,191.20833333333334,0.7395833333333334,-91.05898293922739
171704320,1310,47080,3647,,,,,,,,,,,,,,,,
171835392,,,,0.033137217,0.036880896,0.31301116943359375,10.92116928100586,26.81810156106949,0.013649913482367992,0.7229498624801636,4.2443519999999996e-05,9.960420405864715,0.2,0.9337623789906502,-0.049230026360601184,8460,206.63541666666666,0.6770833333333334,-95.2566907548387
171835392,1311,47117,3646,,,,,,,,,,,,,,,,
171966464,,,,0.030748596,0.0367563776,0.29726409912109375,15.199816703796387,35.74608676433563,0.01365059893578291,0.743071436882019,4.2246911999999996e-05,9.892776191234589,0.2,0.919826827943325,-0.04593334867386147,8465,187.69791666666666,0.7083333333333334,-92.68166681883115
171966464,1312,47153,3646,,,,,,,,,,,,,,,,
172097536,,,,0.029927142,0.036631859200000005,0.302716064453125,13.36390209197998,33.049309492111206,0.013648471795022488,0.7405270338058472,4.2050304000000004e-05,9.938220137357712,0.2,0.9205600321292877,-0.04795002010796452,8470,198.92708333333334,0.6770833333333334,-96.85017231399338
172097536,1313,47188,3647,,,,,,,,,,,,,,,,
172228608,,,,0.028738983,0.0365073408,0.2878570556640625,17.226531982421875,35.50416609048843,0.013647904619574547,0.7567448616027832,4.1853696000000005e-05,9.889772242307663,0.2,0.9193359836935997,-0.044562583323568106,8475,202.76041666666666,0.6979166666666666,-97.61644145404732
172228608,1314,47224,3647,,,,,,,,,,,,,,,,
172359680,,,,0.033537395,0.03638282240000001,0.32372894287109377,14.083661079406738,33.49601501226425,0.013646460138261318,0.7966589331626892,4.1657088000000005e-05,9.987189090251922,0.2,0.9278251007199287,-0.04890209523437079,8480,204.04166666666666,0.65625,-96.30863332460854
172359680,1315,47259,3647,,,,,,,,,,,,,,,,
172490752,,,,0.030360011,0.036258304000000005,0.29904937744140625,12.983872413635254,33.754307949543,0.013644678518176079,0.7572221755981445,4.1460480000000006e-05,9.967410004138946,0.2,0.9231975898146629,-0.04834468845801894,8485,201.71875,0.6666666666666666,-100.21624396394695
172490752,1316,47295,3647,,,,,,,,,,,,,,,,
172621824,,,,0.034145955,0.03613378560000001,0.31632843017578127,12.12772274017334,28.55756369829178,0.013643225654959679,0.7722815275192261,4.1263872000000007e-05,9.939938974380492,0.2,0.9338632225990295,-0.04819374419603264,8490,191.09375,0.7604166666666666,-85.77576019742257
172621824,1317,47330,3647,,,,,,,,,,,,,,,,
172752896,,,,0.0336735,0.03600926720000001,0.31131134033203123,14.743151664733887,34.99774004220963,0.013642443343997002,0.7974189519882202,4.1067264000000014e-05,9.974053663015365,0.2,0.92027697712183,-0.04964103697857354,8495,205.33333333333334,0.65625,-101.05780405661513
172752896,1318,47365,3647,,,,,,,,,,,,,,,,
172883968,,,,0.030375004,0.03588474880000001,0.3041046142578125,12.600201606750488,31.67734967470169,0.013640902936458588,0.7487653493881226,4.0870656000000015e-05,9.982637786865235,0.2,0.9231379628181458,-0.04668873085756786,8500,198.09375,0.6770833333333334,-93.96593401601491
172883968,1319,47402,3647,,,,,,,,,,,,,,,,
173015040,,,,0.031249635,0.03576023039999999,0.30473175048828127,12.193056106567383,31.48062400817871,0.013639329001307487,0.7966789603233337,4.067404799999998e-05,9.96672694683075,0.2,0.930152453482151,-0.048931016924325374,8505,199.07291666666666,0.6875,-95.47899395298698
173015040,1320,47437,3647,,,,,,,,,,,,,,,,
173146112,,,,0.031044124,0.03563571199999999,0.29092254638671877,11.383390426635742,27.565661120414735,0.013635225594043732,0.7849213480949402,4.047743999999998e-05,9.93138274550438,0.2,0.9271889701485634,-0.04772335389861837,8510,212.23958333333334,0.6666666666666666,-95.95745729075368
173146112,1321,47472,3647,,,,,,,,,,,,,,,,
173277184,,,,0.0305099,0.03551119359999999,0.30093231201171877,11.505294799804688,29.666461420059203,0.013633763417601585,0.8271112442016602,4.028083199999998e-05,9.925495582818986,0.2,0.928000420331955,-0.04827619136340218,8515,218.04166666666666,0.6354166666666666,-103.69116376385728
173277184,1322,47507,3647,,,,,,,,,,,,,,,,
173408256,,,,0.034117095,0.035386675199999995,0.312213134765625,12.041728973388672,31.861253869533538,0.013630579225718975,0.7978701591491699,4.008422399999999e-05,9.956715852022171,0.2,0.9257549941539764,-0.04834375586360693,8520,211.41666666666666,0.6666666666666666,-101.96158812053636
173408256,1323,47543,3647,,,,,,,,,,,,,,,,
173539328,,,,0.029318087,0.03526215679999999,0.3003570556640625,14.363798141479492,32.080005860328676,0.01362941786646843,0.7818381190299988,3.988761599999999e-05,10.029849767684937,0.2,0.9227596968412399,-0.0449163371056784,8525,208.41666666666666,0.7291666666666666,-97.96884113062326
173539328,1324,47578,3647,,,,,,,,,,,,,,,,
173670400,,,,0.031515494,0.0351376384,0.29359130859375,12.155621528625488,27.09163225889206,0.01362554356455803,0.7816784381866455,3.969100799999999e-05,9.957471197843551,0.2,0.9324825257062912,-0.04869923489168286,8530,212.82291666666666,0.65625,-105.533685753145
173670400,1325,47614,3647,,,,,,,,,,,,,,,,
173801472,,,,0.030078055,0.035013119999999995,0.297808837890625,8.725480079650879,26.97773641347885,0.013622998259961605,0.7679645419120789,3.949439999999999e-05,10.000096499919891,0.2,0.9360770583152771,-0.04676109113206621,8535,204.375,0.6770833333333334,-92.17435863261056
173801472,1326,47652,3647,,,,,,,,,,,,,,,,
173932544,,,,0.032497004,0.0348886016,0.3159698486328125,13.987735748291016,32.30995903015137,0.013620990328490734,0.7854278087615967,3.929779199999999e-05,9.873931926488876,0.2,0.9232713282108307,-0.04797426095465198,8540,216.20833333333334,0.6458333333333334,-102.70418268076291
173932544,1327,47687,3647,,,,,,,,,,,,,,,,
174063616,,,,0.030613184,0.034764083200000004,0.30337982177734374,16.81735610961914,30.96243600845337,0.013618800789117813,0.8022339344024658,3.9101183999999994e-05,9.914282947778702,0.2,0.928622879087925,-0.04622905263240682,8545,206.6875,0.65625,-100.49814860481906
174063616,1328,47723,3647,,,,,,,,,,,,,,,,
174194688,,,,0.031131543,0.0346395648,0.30795135498046877,11.096468925476074,30.31537272930145,0.013618510216474533,0.8286921977996826,3.8904576e-05,9.98491216301918,0.2,0.928272619843483,-0.046810156277206263,8550,194.70833333333334,0.6770833333333334,-95.04816647830661
174194688,1329,47759,3647,,,,,,,,,,,,,,,,
174325760,,,,0.029756239,0.034515046400000006,0.28940582275390625,14.308192253112793,34.92803192138672,0.01361683290451765,0.7930600643157959,3.8707968e-05,10.01397710442543,0.2,0.9194799140095711,-0.04579594965762226,8555,211.95833333333334,0.65625,-101.51406277203927
174325760,1330,47796,3647,,,,,,,,,,,,,,,,
174456832,,,,0.029897612,0.034390528000000004,0.31205291748046876,11.842192649841309,33.116816985607144,0.013615906238555908,0.8333163261413574,3.851136e-05,9.975548869371414,0.2,0.9139227345585823,-0.04801146334939403,8560,203.83333333333334,0.71875,-92.67820962019003
174456832,1331,47831,3647,,,,,,,,,,,,,,,,
174587904,,,,0.03326269,0.03426600960000001,0.3232574462890625,13.813018798828125,32.810910606384276,0.013615327887237072,0.8599214553833008,3.8314752e-05,9.94220648407936,0.2,0.9194279983639717,-0.051516735072073064,8565,202.35416666666666,0.6770833333333334,-98.08312858514041
174587904,1332,47866,3647,,,,,,,,,,,,,,,,
174718976,,,,0.02814712,0.034141491200000006,0.2805145263671875,13.692477226257324,33.49261687994003,0.01361333392560482,0.8219485282897949,3.8118144000000004e-05,9.921864074468612,0.2,0.9218261018395424,-0.04655547574511729,8570,187.84375,0.7291666666666666,-89.35405685736536
174718976,1333,47901,3647,,,,,,,,,,,,,,,,
174850048,,,,0.031455614,0.03401697280000001,0.30149078369140625,14.415324211120605,36.50042408704758,0.013610458932816982,0.7720330953598022,3.7921536000000005e-05,9.98313536643982,0.2,0.9169229343533516,-0.048477449405618246,8575,189.20833333333334,0.7708333333333334,-84.53550285481968
174850048,1334,47937,3647,,,,,,,,,,,,,,,,
174981120,,,,0.030752515,0.03389245440000001,0.3103424072265625,12.008260726928711,33.087936067581175,0.01360863447189331,0.8326740264892578,3.772492800000001e-05,9.913144075870514,0.2,0.9200404360890388,-0.047774576902156696,8580,188.73958333333334,0.71875,-91.37897468970175
174981120,1335,47972,3647,,,,,,,,,,,,,,,,
175112192,,,,0.029822964,0.03376793600000001,0.297186279296875,13.76375675201416,36.35413879156113,0.013605279847979546,0.8439607620239258,3.752832000000001e-05,9.914328223466873,0.2,0.9205354750156403,-0.04727220310596749,8585,203.79166666666666,0.6458333333333334,-98.44748389956187
175112192,1336,48008,3647,,,,,,,,,,,,,,,,
175243264,,,,0.029792234,0.03364341759999999,0.29633331298828125,11.936052322387695,29.49772354364395,0.01360571663826704,0.813145101070404,3.733171199999998e-05,9.905481284856796,0.2,0.9330702722072601,-0.04763867145520635,8590,202.82291666666666,0.6979166666666666,-98.47822731594898
175243264,1337,48044,3647,,,,,,,,,,,,,,,,
175374336,,,,0.030556612,0.033518899199999994,0.3108367919921875,13.38983154296875,35.21091227531433,0.013604353182017803,0.8037897944450378,3.713510399999998e-05,9.912197369337083,0.2,0.9181529358029366,-0.04849857769731898,8595,214.65625,0.6354166666666666,-102.67469673345066
175374336,1338,48080,3647,,,,,,,,,,,,,,,,
175505408,,,,0.025747024,0.03339438079999999,0.272467041015625,14.816341400146484,33.51060165166855,0.013603094033896923,0.8104051351547241,3.693849599999998e-05,9.945401853322982,0.2,0.922856979072094,-0.04486891312262742,8600,221.48958333333334,0.6145833333333334,-106.20833038768501
175505408,1339,48117,3647,,,,,,,,,,,,,,,,
175636480,,,,0.028963912,0.033269862399999996,0.2873809814453125,15.431060791015625,37.69269666671753,0.01360184233635664,0.868325412273407,3.674188799999999e-05,9.812447482347489,0.2,0.9169328585267067,-0.04603279617949738,8605,212.21875,0.625,-104.96084205976102
175636480,1340,48153,3647,,,,,,,,,,,,,,,,
175767552,,,,0.028288357,0.03314534399999999,0.2911224365234375,15.477956771850586,40.19601578712464,0.01359787117689848,0.818901538848877,3.654527999999999e-05,9.9951007604599,0.2,0.9094054251909256,-0.04625806197000202,8610,202.34375,0.7083333333333334,-92.96061397675345
175767552,1341,48189,3647,,,,,,,,,,,,,,,,
175898624,,,,0.033238836,0.0330208256,0.3118988037109375,11.918336868286133,31.51720122098923,0.01359596848487854,0.8138806819915771,3.634867199999999e-05,9.991996479034423,0.2,0.9216266348958015,-0.05060644000186585,8615,209.77083333333334,0.6875,-99.28504806910625
175898624,1342,48226,3647,,,,,,,,,,,,,,,,
176029696,,,,0.031861596,0.032896307199999995,0.3038787841796875,13.951354026794434,33.9660140991211,0.013596825301647186,0.7987918257713318,3.615206399999999e-05,9.959056997299195,0.2,0.92615807056427,-0.049698683910537514,8620,187.59375,0.7395833333333334,-87.05695746807247
176029696,1343,48260,3647,,,,,,,,,,,,,,,,
176160768,,,,0.029201783,0.0327717888,0.29311676025390626,12.518525123596191,30.880402851104737,0.013595419935882092,0.8167909383773804,3.595545599999999e-05,9.974440222978592,0.2,0.924014151096344,-0.04718491817184258,8625,200.9375,0.6875,-91.91102705375575
176160768,1344,48297,3647,,,,,,,,,,,,,,,,
176291840,,,,0.02803888,0.0326472704,0.28814239501953126,12.690821647644043,31.664306819438934,0.01359493937343359,0.8520409464836121,3.5758848e-05,9.89256739616394,0.2,0.9299492761492729,-0.04648453993577277,8630,207.08333333333334,0.7083333333333334,-93.0143361330629
176291840,1345,48333,3647,,,,,,,,,,,,,,,,
176422912,,,,0.0314293,0.032522752,0.3037384033203125,11.41564655303955,29.795365965366365,0.013594985008239746,0.8070629835128784,3.556224e-05,10.018118131160737,0.2,0.9286713898181915,-0.04758115946970065,8635,198.30208333333334,0.6979166666666666,-93.40200816573281
176422912,1346,48369,3647,,,,,,,,,,,,,,,,
176553984,,,,0.027760686,0.0323982336,0.286651611328125,14.574284553527832,36.829963731765744,0.013593627139925957,0.8473946452140808,3.5365632e-05,10.035808789730073,0.2,0.9132827818393707,-0.04654045363131445,8640,197.08333333333334,0.6979166666666666,-93.44003212757904
176553984,1347,48405,3647,,,,,,,,,,,,,,,,
176685056,,,,0.029070603,0.032273715200000004,0.290863037109375,12.849867820739746,31.46668803691864,0.013590965420007706,0.8616778254508972,3.5169024e-05,9.911636710166931,0.2,0.925533227622509,-0.04807169027626514,8645,213.60416666666666,0.6458333333333334,-105.8089475425167
176685056,1348,48443,3647,,,,,,,,,,,,,,,,
176816128,,,,0.027134573,0.0321491968,0.2835906982421875,15.10885238647461,34.22331920862198,0.013590008020401001,0.8618380427360535,3.4972416e-05,9.992968094348907,0.2,0.9185245782136917,-0.04697869631636422,8650,212.46875,0.625,-103.61204139190436
176816128,1349,48479,3647,,,,,,,,,,,,,,,,
176947200,,,,0.027194392,0.032024678400000006,0.2822265625,12.837274551391602,31.11678491830826,0.013589265756309032,0.8305448889732361,3.4775808e-05,9.93686522245407,0.2,0.9274715408682823,-0.04450401125068311,8655,191.625,0.6979166666666666,-92.29520618242084
176947200,1350,48513,3647,,,,,,,,,,,,,,,,
177078272,,,,0.02499982,0.031900160000000004,0.26061248779296875,14.391472816467285,34.74486110210419,0.013586489483714104,0.8483516573905945,3.457920000000001e-05,9.9926533639431,0.2,0.9183841571211815,-0.04269833700091112,8660,212.13541666666666,0.6770833333333334,-95.42509118380092
177078272,1351,48549,3647,,,,,,,,,,,,,,,,
177209344,,,,0.026956897,0.03177564160000001,0.28780364990234375,16.18824577331543,34.90848559141159,0.013584649190306664,0.8848271369934082,3.438259200000001e-05,9.931153482198715,0.2,0.9207097664475441,-0.04675147405068856,8665,184.58333333333334,0.7395833333333334,-87.95273630750557
177209344,1352,48584,3647,,,,,,,,,,,,,,,,
177340416,,,,0.026867457,0.031651123200000006,0.27046661376953124,12.59168815612793,33.71534974575043,0.01358224730938673,0.8828785419464111,3.418598400000001e-05,9.967908281087876,0.2,0.9265589714050293,-0.04623693783360068,8670,216.44791666666666,0.6458333333333334,-104.21286968481166
177340416,1353,48620,3647,,,,,,,,,,,,,,,,
177471488,,,,0.030010257,0.03152660480000001,0.2862579345703125,13.537518501281738,32.82747963666916,0.013581199571490288,0.8894541263580322,3.398937600000001e-05,9.899920624494552,0.2,0.9270755052566528,-0.04632860694837291,8675,213.59375,0.625,-103.70527595834442
177471488,1354,48656,3647,,,,,,,,,,,,,,,,
177602560,,,,0.028778765,0.03140208639999999,0.29283599853515624,13.83979320526123,32.01361448764801,0.013577966950833797,0.8348402976989746,3.379276799999998e-05,9.955751776695251,0.2,0.9265346676111221,-0.046692854524007996,8680,208.29166666666666,0.6979166666666666,-93.29185159774391
177602560,1355,48691,3647,,,,,,,,,,,,,,,,
177733632,,,,0.031163465,0.03127756799999999,0.29507904052734374,11.499506950378418,28.544229876995086,0.013579095713794231,0.8957147598266602,3.3596159999999986e-05,10.07086580991745,0.2,0.9333068504929543,-0.04836558936513029,8685,214.875,0.625,-104.56428306477432
177733632,1356,48728,3647,,,,,,,,,,,,,,,,
177864704,,,,0.028796881,0.031153049599999996,0.273321533203125,14.565786361694336,32.012148070335385,0.013577996753156185,0.870592474937439,3.3399551999999986e-05,9.903438758850097,0.2,0.9295103922486305,-0.0445677095965948,8690,210.9375,0.6770833333333334,-103.03013877677142
177864704,1357,48764,3647,,,,,,,,,,,,,,,,
177995776,,,,0.030509137,0.031028531199999994,0.29142303466796876,13.295879364013672,29.33791027069092,0.013575687073171139,0.8744725584983826,3.320294399999999e-05,9.967636066675187,0.2,0.9342820271849632,-0.04813510728854453,8695,196.66666666666666,0.6979166666666666,-94.34340151460329
177995776,1358,48800,3647,,,,,,,,,,,,,,,,
178126848,,,,0.026185013,0.0309040128,0.27357635498046873,15.399900436401367,35.09789438247681,0.013575325720012188,0.8870525360107422,3.300633599999999e-05,9.918041437864304,0.2,0.9230338335037231,-0.04427626163669629,8700,190.15625,0.7083333333333334,-92.2500156877228
178126848,1359,48835,3647,,,,,,,,,,,,,,,,
178257920,,,,0.028578283,0.030779494399999996,0.28029327392578124,14.051884651184082,32.93187148571015,0.013573285192251205,0.8847460746765137,3.280972799999999e-05,9.935085916519165,0.2,0.9296601936221123,-0.04542546001612209,8705,206.64583333333334,0.6770833333333334,-103.62158418209337
178257920,1360,48872,3647,,,,,,,,,,,,,,,,
178388992,,,,0.031072497,0.030654976,0.2979400634765625,10.680150032043457,28.126125633716583,0.013570047914981842,0.883289098739624,3.2613119999999996e-05,9.955664455890656,0.2,0.9281928166747093,-0.047538367472589015,8710,196.16666666666666,0.7083333333333334,-93.31206322746569
178388992,1361,48907,3647,,,,,,,,,,,,,,,,
178520064,,,,0.025551928,0.030530457599999998,0.26908111572265625,12.626856803894043,31.55309479236603,0.013568952679634094,0.8534182906150818,3.2416511999999997e-05,9.912657415866851,0.2,0.9301915019750595,-0.045953831267252096,8715,191.41666666666666,0.75,-91.54999089155092
178520064,1362,48942,3647,,,,,,,,,,,,,,,,
178651136,,,,0.030828469,0.030405939200000003,0.30279998779296874,12.037005424499512,27.041819667816164,0.013569976203143597,0.8555611371994019,3.2219904e-05,9.949521821737289,0.2,0.9387907013297081,-0.04856755072396481,8720,208.10416666666666,0.6770833333333334,-95.85604063900429
178651136,1363,48979,3647,,,,,,,,,,,,,,,,
178782208,,,,0.02855285,0.0302814208,0.29665679931640626,15.608620643615723,35.66250504255295,0.013571105897426605,0.903303325176239,3.2023296e-05,10.075861871242523,0.2,0.9212753027677536,-0.04598136107088067,8725,207.375,0.6875,-99.29936944128464
178782208,1364,49015,3647,,,,,,,,,,,,,,,,
178913280,,,,0.024663672,0.030156902400000005,0.246917724609375,11.548778533935547,31.65520989894867,0.013570882380008698,0.8601982593536377,3.1826688e-05,10.031119877099991,0.2,0.9281933382153511,-0.043075790363946,8730,195.9375,0.6875,-93.8599605155626
178913280,1365,49051,3647,,,,,,,,,,,,,,,,
179044352,,,,0.026976647,0.030032384000000002,0.27878875732421876,10.594971656799316,30.22144070863724,0.01356838271021843,0.849747896194458,3.163008e-05,10.088910382986068,0.2,0.9277243837714195,-0.046011858349083924,8735,204.91666666666666,0.6875,-91.02045338902013
179044352,1366,49086,3647,,,,,,,,,,,,,,,,
179175424,,,,0.026805615,0.029907865600000007,0.26447601318359376,13.500112533569336,31.77924641370773,0.01356845535337925,0.8553950786590576,3.143347200000001e-05,9.948719507455825,0.2,0.9326738193631172,-0.044949666455795526,8740,195.20833333333334,0.6979166666666666,-95.03460971879713
179175424,1367,49122,3647,,,,,,,,,,,,,,,,
179306496,,,,0.023949608,0.029783347200000004,0.2662933349609375,12.854410171508789,35.58553069829941,0.013568944297730923,0.946933925151825,3.123686400000001e-05,9.841631889343262,0.2,0.9201567694544792,-0.043544643819041086,8745,199.42708333333334,0.6770833333333334,-98.84554709540623
179306496,1368,49157,3647,,,,,,,,,,,,,,,,
179437568,,,,0.025034018,0.02965882880000001,0.2698089599609375,13.36963939666748,32.18998050689697,0.013567782938480377,0.8559252619743347,3.104025600000001e-05,10.025791960954667,0.2,0.9244496524333954,-0.04312488616560586,8750,187.11458333333334,0.6979166666666666,-92.56884872072567
179437568,1369,49193,3647,,,,,,,,,,,,,,,,
179568640,,,,0.027704887,0.029534310400000006,0.271990966796875,12.13280963897705,29.94907103776932,0.013567691668868065,0.8813075423240662,3.084364800000001e-05,9.928161436319352,0.2,0.930689737200737,-0.04419151197944302,8755,195.17708333333334,0.6979166666666666,-90.36711216092631
179568640,1370,49229,3647,,,,,,,,,,,,,,,,
179699712,,,,0.027569827,0.02940979200000001,0.27735443115234376,16.612558364868164,34.959464371204376,0.013565637171268463,0.8879461288452148,3.064704000000001e-05,9.923965406417846,0.2,0.9241701662540436,-0.043845198099734264,8760,210.85416666666666,0.6458333333333334,-100.29540286144963
179699712,1371,49263,3647,,,,,,,,,,,,,,,,
179830784,,,,0.027506363,0.02928527360000001,0.278912353515625,12.920918464660645,31.241495656967164,0.013565361499786377,0.9250385165214539,3.0450432000000013e-05,10.008060741424561,0.2,0.9264060407876968,-0.04660628339042887,8765,186.10416666666666,0.71875,-90.66392773574053
179830784,1372,49300,3647,,,,,,,,,,,,,,,,
179961856,,,,0.0251382,0.029160755199999992,0.2699798583984375,15.02267837524414,32.751796913146975,0.013563393615186214,0.8910984992980957,3.0253823999999984e-05,9.970013201236725,0.2,0.928828090429306,-0.044100833855918606,8770,207.25,0.6666666666666666,-99.9356723806872
179961856,1373,49336,3647,,,,,,,,,,,,,,,,
180092928,,,,0.026794985,0.02903623679999999,0.26613922119140626,14.29328727722168,33.18941384553909,0.013563534244894981,0.9440996050834656,3.0057215999999984e-05,9.968061029911041,0.2,0.9244933426380157,-0.04324539952358464,8775,202.96875,0.7083333333333334,-95.87745705245669
180092928,1374,49372,3647,,,,,,,,,,,,,,,,
180224000,,,,0.025998078,0.028911718399999994,0.2707427978515625,14.869099617004395,38.24874130487442,0.01356297917664051,0.9220091104507446,2.9860607999999985e-05,9.999522024393082,0.2,0.9194507077336311,-0.044511516540660524,8780,184.32291666666666,0.75,-87.00911313225531
180224000,1375,49407,3647,,,,,,,,,,,,,,,,
180355072,,,,0.026175043,0.028787199999999992,0.26339874267578123,12.492087364196777,32.44918818473816,0.013561999425292015,0.9098490476608276,2.966399999999999e-05,10.030480074882508,0.2,0.9281115457415581,-0.04352636197581887,8785,181.88541666666666,0.7916666666666666,-78.69939645177865
180355072,1376,49442,3647,,,,,,,,,,,,,,,,
180486144,,,,0.027381605,0.028662681599999996,0.27823028564453123,10.97282886505127,31.86722249984741,0.013560007326304913,0.9273933172225952,2.946739199999999e-05,10.008922553062439,0.2,0.9269093498587608,-0.04462171015911735,8790,198.9375,0.65625,-100.56929389590421
180486144,1377,49477,3647,,,,,,,,,,,,,,,,
180617216,,,,0.02445124,0.028538163199999994,0.27328948974609374,11.569594383239746,32.231644821166995,0.013559140264987946,0.9296295046806335,2.927078399999999e-05,10.035470986366272,0.2,0.9243789687752724,-0.045831554521282666,8795,179.14583333333334,0.7395833333333334,-85.68165857989622
180617216,1378,49513,3647,,,,,,,,,,,,,,,,
180748288,,,,0.024963439,0.0284136448,0.25453033447265627,17.32421875,34.06527675390244,0.013557917438447475,0.9403377771377563,2.9074175999999994e-05,9.993628859519958,0.2,0.9240287318825722,-0.044611338738468474,8800,192.13541666666666,0.6979166666666666,-92.71888835681352
180748288,1379,49550,3647,,,,,,,,,,,,,,,,
180879360,,,,0.0248193,0.028289126399999996,0.2529937744140625,13.566780090332031,31.03478385210037,0.013556338846683502,0.9084466695785522,2.8877567999999995e-05,9.980772298574447,0.2,0.9294080063700676,-0.044639844991615975,8805,183.6875,0.75,-85.12627469061007
180879360,1380,49585,3647,,,,,,,,,,,,,,,,
181010432,,,,0.02743388,0.028164608,0.26663665771484374,12.44460391998291,34.17811458110809,0.013555120676755905,0.9013543128967285,2.8680959999999996e-05,10.008139121532441,0.2,0.9189056530594826,-0.04370848842518171,8810,194.84375,0.75,-90.68133868451105
181010432,1381,49620,3647,,,,,,,,,,,,,,,,
181141504,,,,0.026606739,0.0280400896,0.2691070556640625,11.789706230163574,31.34781085252762,0.01355298887938261,0.9515999555587769,2.8484352e-05,10.016322118043899,0.2,0.9256472587585449,-0.04576073484786321,8815,193.94791666666666,0.6666666666666666,-98.74395240149511
181141504,1382,49657,3647,,,,,,,,,,,,,,,,
181272576,,,,0.02476056,0.027915571200000003,0.259136962890625,10.16832447052002,29.897618114948273,0.013551369309425354,0.9079737663269043,2.8287744e-05,9.962286627292633,0.2,0.93032456189394,-0.044638584257336335,8820,212.73958333333334,0.6354166666666666,-99.72344317527893
181272576,1383,49693,3647,,,,,,,,,,,,,,,,
181403648,,,,0.022300065,0.0277910528,0.23368988037109376,17.138263702392578,37.12838088274002,0.013550376519560814,0.9068405032157898,2.8091136000000005e-05,9.994830203056335,0.2,0.9123102501034737,-0.040089392464142296,8825,213.17708333333334,0.6458333333333334,-98.19770051555436
181403648,1384,49730,3647,,,,,,,,,,,,,,,,
181534720,,,,0.024764765,0.027666534400000005,0.27188568115234374,14.97594928741455,34.61571593284607,0.013548482209444046,0.9114742279052734,2.7894528000000005e-05,10.035250061750412,0.2,0.9218700006604195,-0.04296852469269652,8830,180.09375,0.71875,-89.48559001609003
181534720,1385,49766,3647,,,,,,,,,,,,,,,,
181665792,,,,0.027400162,0.02754201600000001,0.2745635986328125,14.97982406616211,37.786736249923706,0.013547787442803383,0.9309848546981812,2.7697920000000006e-05,9.876627391576767,0.2,0.9197193756699562,-0.04313950216746889,8835,189.71875,0.6979166666666666,-98.4708928330885
181665792,1386,49801,3647,,,,,,,,,,,,,,,,
181796864,,,,0.027876988,0.027417497600000007,0.281268310546875,11.35885238647461,29.113157296180724,0.013546956703066826,0.9343880414962769,2.750131200000001e-05,10.033867621421814,0.2,0.9305745512247086,-0.046160156173573344,8840,184.77083333333334,0.7291666666666666,-92.6026836013629
181796864,1387,49837,3647,,,,,,,,,,,,,,,,
181927936,,,,0.026096497,0.02729297920000001,0.26531982421875,11.215608596801758,26.79645072221756,0.013546174392104149,0.9147374033927917,2.730470400000001e-05,9.946870040893554,0.2,0.9390171617269516,-0.044478903528943195,8845,186.67708333333334,0.7291666666666666,-91.2347534666802
181927936,1388,49873,3647,,,,,,,,,,,,,,,,
182059008,,,,0.026081279,0.02716846080000001,0.26880950927734376,13.35629940032959,31.22758891582489,0.013543052598834038,0.91937655210495,2.710809600000001e-05,9.97776351571083,0.2,0.9318888112902641,-0.043965066035161725,8850,188.15625,0.7083333333333334,-92.63048463771486
182059008,1389,49909,3647,,,,,,,,,,,,,,,,
182190080,,,,0.02443157,0.027043942399999993,0.27145538330078123,12.397245407104492,30.357557594776154,0.013541517779231071,0.9844635725021362,2.691148799999998e-05,10.024175614118576,0.2,0.9288495853543282,-0.0458577033074107,8855,201.28125,0.6875,-96.61320919630242
182190080,1390,49946,3647,,,,,,,,,,,,,,,,
182321152,,,,0.027206233,0.02691942399999999,0.2690155029296875,13.394107818603516,34.68734052181244,0.013541063293814659,0.9698913097381592,2.6714879999999982e-05,9.955810219049454,0.2,0.9241444170475006,-0.04420475686201826,8860,209.21875,0.6875,-99.56834269210174
182321152,1391,49981,3647,,,,,,,,,,,,,,,,
182452224,,,,0.024579424,0.026794905599999995,0.257330322265625,13.153817176818848,30.47699730396271,0.013540111482143402,0.9762779474258423,2.6518271999999986e-05,10.011776161193847,0.2,0.9350408539175987,-0.04433776560035767,8865,186.80208333333334,0.7083333333333334,-91.22934224024841
182452224,1392,50017,3647,,,,,,,,,,,,,,,,
182583296,,,,0.025762986,0.026670387199999993,0.26637115478515627,15.845829963684082,34.87938145399094,0.013538271188735962,0.9664313793182373,2.6321663999999987e-05,10.01694917678833,0.2,0.9259257689118385,-0.04390953499969328,8870,199.05208333333334,0.75,-90.53970488433377
182583296,1393,50054,3647,,,,,,,,,,,,,,,,
182714368,,,,0.025100354,0.026545868799999997,0.25741424560546877,14.039541244506836,32.037349343299866,0.013539547100663185,0.9808969497680664,2.6125055999999988e-05,9.948227459192276,0.2,0.9230263456702232,-0.044415955898875835,8875,201.08333333333334,0.6770833333333334,-95.37999277427501
182714368,1394,50090,3647,,,,,,,,,,,,,,,,
182845440,,,,0.024615087,0.026421350399999995,0.26703948974609376,14.30489444732666,33.89962956905365,0.01353936642408371,0.9997509717941284,2.5928447999999992e-05,10.026222789287567,0.2,0.929371677339077,-0.04553020856692456,8880,185.58333333333334,0.75,-85.55280170066304
182845440,1395,50125,3647,,,,,,,,,,,,,,,,
182976512,,,,0.024785535,0.026296832,0.2510101318359375,15.222530364990234,32.79620950222015,0.013537459075450897,0.9694747924804688,2.5731839999999992e-05,10.049568599462509,0.2,0.9284450188279152,-0.043597880908055234,8885,204.05208333333334,0.6666666666666666,-98.74916160640105
182976512,1396,50161,3647,,,,,,,,,,,,,,,,
183107584,,,,0.026015949,0.026172313599999997,0.2689239501953125,12.519614219665527,30.14604893922806,0.013535840436816216,1.0015745162963867,2.5535231999999993e-05,10.027874797582626,0.2,0.9291124418377876,-0.04546688252739841,8890,197.86458333333334,0.6875,-98.37264784213164
183107584,1397,50197,3647,,,,,,,,,,,,,,,,
183238656,,,,0.026011147,0.0260477952,0.26893768310546873,15.332038879394531,35.680542492866515,0.013533862307667732,0.9868418574333191,2.5338623999999997e-05,10.059913003444672,0.2,0.9197235330939293,-0.042377045794273725,8895,194.40625,0.7291666666666666,-95.71920070132803
183238656,1398,50232,3647,,,,,,,,,,,,,,,,
183369728,,,,0.025015468,0.0259232768,0.26239471435546874,12.321341514587402,33.16009976863861,0.013533681631088257,0.9625069499015808,2.5142015999999998e-05,9.99412899017334,0.2,0.9280194118618965,-0.04408632579434198,8900,196.38541666666666,0.6666666666666666,-93.79421164893112
183369728,1399,50268,3647,,,,,,,,,,,,,,,,
183500800,,,,0.026960902,0.025798758400000003,0.27680816650390627,17.581212997436523,38.284952747821805,0.013533001765608788,0.9930828809738159,2.4945408e-05,9.948271203041077,0.2,0.9181309565901756,-0.04546269047423266,8905,183.3125,0.75,-85.63021063857862
183500800,1400,50304,3647,,,,,,,,,,,,,,,,
183631872,,,,0.024858639,0.02567424,0.2563812255859375,14.473468780517578,34.44056761264801,0.013533143326640129,0.9976071119308472,2.4748800000000003e-05,9.969439452886581,0.2,0.9241875782608986,-0.044552102888701484,8910,231.17708333333334,0.5625,-111.5904015817113
183631872,1401,50342,3647,,,,,,,,,,,,,,,,
183762944,,,,0.026049439,0.025549721600000005,0.26745147705078126,11.540761947631836,30.512451303005218,0.013530596159398556,1.02886962890625,2.4552192000000003e-05,9.910399878025055,0.2,0.9329438433051109,-0.04479323761770502,8915,193.92708333333334,0.7291666666666666,-89.98158891549497
183762944,1402,50376,3647,,,,,,,,,,,,,,,,
183894016,,,,0.02437389,0.025425203200000003,0.250146484375,15.500626564025879,32.90456998348236,0.013528387062251568,0.9832417964935303,2.4355584000000007e-05,10.031669020652771,0.2,0.923328161239624,-0.04490972876083106,8920,192.01041666666666,0.7291666666666666,-92.18849088545983
183894016,1403,50411,3647,,,,,,,,,,,,,,,,
184025088,,,,0.024992682,0.025300684800000008,0.25671844482421874,11.754240036010742,31.210949742794035,0.013527898117899895,0.9717289805412292,2.4158976000000008e-05,10.018928825855255,0.2,0.9307515919208527,-0.04413686671905452,8925,207.35416666666666,0.7083333333333334,-97.81523023132593
184025088,1404,50448,3647,,,,,,,,,,,,,,,,
184156160,,,,0.024019822,0.02517616640000001,0.2523040771484375,14.785057067871094,33.17055996656418,0.013528125360608101,1.0365395545959473,2.396236800000001e-05,9.966323673725128,0.2,0.9220611527562141,-0.04449697895324789,8930,199.23958333333334,0.7291666666666666,-93.10447009116773
184156160,1405,50484,3647,,,,,,,,,,,,,,,,
184287232,,,,0.02579346,0.02505164800000001,0.2713134765625,15.093579292297363,33.5653616309166,0.013525440357625484,1.0138821601867676,2.3765760000000013e-05,10.062306880950928,0.2,0.9280106648802757,-0.04690399781393353,8935,192.90625,0.7291666666666666,-94.00332648404235
184287232,1406,50519,3647,,,,,,,,,,,,,,,,
184418304,,,,0.022809008,0.02492712960000001,0.23892669677734374,12.505170822143555,32.84269517660141,0.01352456770837307,1.0413265228271484,2.3569152000000014e-05,9.99049807190895,0.2,0.9237154424190521,-0.04080861116817687,8940,188.01041666666666,0.7291666666666666,-95.91745248409819
184418304,1407,50555,3647,,,,,,,,,,,,,,,,
184549376,,,,0.023923237,0.02480261119999999,0.24848785400390624,14.827564239501953,31.900206387043,0.013523570261895657,1.0201162099838257,2.337254399999998e-05,9.96713889837265,0.2,0.9326787814497948,-0.04187167264753953,8945,201.67708333333334,0.6875,-96.22133377450575
184549376,1408,50593,3647,,,,,,,,,,,,,,,,
184680448,,,,0.022554245,0.024678092799999992,0.23481292724609376,13.886969566345215,30.228329169750214,0.013521743938326836,1.0035123825073242,2.3175935999999984e-05,10.008805054426194,0.2,0.9350577220320702,-0.04154692023585085,8950,186.42708333333334,0.7083333333333334,-91.6200849797359
184680448,1409,50629,3647,,,,,,,,,,,,,,,,
184811520,,,,0.025007034,0.024553574399999993,0.261553955078125,13.547684669494629,33.716531085968015,0.013521003536880016,1.0154268741607666,2.2979327999999985e-05,10.055371779203416,0.2,0.9205891638994217,-0.044349859101930636,8955,199.25,0.7291666666666666,-91.98817446991643
184811520,1410,50665,3647,,,,,,,,,,,,,,,,
184942592,,,,0.025788335,0.024429055999999994,0.263134765625,13.296669960021973,30.28045908212662,0.013519185595214367,1.0185168981552124,2.278271999999999e-05,10.0370143532753,0.2,0.932467870414257,-0.04608854041434825,8960,217.75,0.6458333333333334,-100.98548745160348
184942592,1411,50702,3647,,,,,,,,,,,,,,,,
185073664,,,,0.025075328,0.024304537599999995,0.256591796875,12.421374320983887,30.9868537068367,0.013518921099603176,1.0329126119613647,2.258611199999999e-05,10.064045989513398,0.2,0.9297474697232246,-0.04364639065170195,8965,205.625,0.6875,-98.51428072767624
185073664,1412,50738,3647,,,,,,,,,,,,,,,,
185204736,,,,0.02371797,0.024180019199999996,0.2454254150390625,14.20301628112793,31.122395396232605,0.013517087325453758,0.9898471236228943,2.238950399999999e-05,10.003252148628235,0.2,0.9289414808154106,-0.04290309712232556,8970,191.71875,0.7083333333333334,-93.45423083947166
185204736,1413,50773,3647,,,,,,,,,,,,,,,,
185335808,,,,0.024478432,0.024055500799999997,0.2578460693359375,14.339438438415527,33.67668857574463,0.013515099883079529,1.0754306316375732,2.2192895999999995e-05,9.965309637784959,0.2,0.9226963073015213,-0.04193656481656945,8975,220.8125,0.625,-106.97723723358801
185335808,1414,50810,3647,,,,,,,,,,,,,,,,
185466880,,,,0.025096767,0.0239309824,0.26712493896484374,9.063543319702148,27.904417431354524,0.013513585552573204,0.9818414449691772,2.1996287999999995e-05,9.966545516252518,0.2,0.9384226985275745,-0.04402601078036241,8980,192.88541666666666,0.75,-90.24208206384758
185466880,1415,50845,3647,,,,,,,,,,,,,,,,
185597952,,,,0.024756312,0.023806464,0.24548492431640626,12.810140609741211,30.481851649284362,0.013511843979358673,1.029813528060913,2.1799679999999996e-05,9.998775738477708,0.2,0.9338507652282715,-0.04202890573069453,8985,223.01041666666666,0.59375,-109.15299724460938
185597952,1416,50881,3647,,,,,,,,,,,,,,,,
185729024,,,,0.024847057,0.0236819456,0.26463623046875,12.90089225769043,32.046061885356906,0.013509820215404034,1.0648123025894165,2.1603072e-05,9.964431744813918,0.2,0.9295318871736526,-0.04346853594906861,8990,188.52083333333334,0.7291666666666666,-93.6033325746428
185729024,1417,50917,3647,,,,,,,,,,,,,,,,
185860096,,,,0.026861927,0.0235574272,0.27829437255859374,11.676714897155762,26.626562619209288,0.013507328927516937,1.0489354133605957,2.1406464e-05,10.042459255456924,0.2,0.9408348612487316,-0.04713279657298699,8995,193.0625,0.6979166666666666,-91.62386588134223
185860096,1418,50954,3647,,,,,,,,,,,,,,,,
185991168,,,,0.023201622,0.023432908800000003,0.24694366455078126,9.542614936828613,26.94880439043045,0.013506075367331505,1.0178680419921875,2.1209856e-05,10.072606080770493,0.2,0.9380960054695606,-0.04546451717615128,9000,190.0625,0.7291666666666666,-91.10678343396393
185991168,1419,50988,3647,,,,,,,,,,,,,,,,
186122240,,,,0.024220929,0.023308390400000004,0.246771240234375,15.03097152709961,32.378049325942996,0.013504847884178162,1.029606819152832,2.1013248000000005e-05,10.044250267744065,0.2,0.9286005645990372,-0.04296456557349302,9005,191.70833333333334,0.7291666666666666,-91.07821058537718
186122240,1420,51024,3647,,,,,,,,,,,,,,,,
186253312,,,,0.022386812,0.023183872000000008,0.2319183349609375,14.264294624328613,32.04274070262909,0.013502567075192928,1.0535987615585327,2.0816640000000006e-05,9.979545992612838,0.2,0.927149586379528,-0.040981763410673014,9010,183.53125,0.7604166666666666,-85.16884177513649
186253312,1421,51059,3647,,,,,,,,,,,,,,,,
186384384,,,,0.02114795,0.023059353600000006,0.223291015625,14.07279109954834,31.4665359377861,0.013500703498721123,1.0447840690612793,2.062003200000001e-05,10.070749062299729,0.2,0.9248070865869522,-0.04009008270513732,9015,186.98958333333334,0.71875,-92.86637214789549
186384384,1422,51094,3647,,,,,,,,,,,,,,,,
186515456,,,,0.022635844,0.02293483520000001,0.2485748291015625,11.849058151245117,32.45286815166473,0.013500805012881756,1.0820155143737793,2.042342400000001e-05,9.96034695506096,0.2,0.9233371987938881,-0.04269420306518441,9020,203.96875,0.71875,-96.60174862310423
186515456,1423,51132,3647,,,,,,,,,,,,,,,,
186646528,,,,0.021315664,0.022810316800000008,0.2275390625,11.296331405639648,31.147265601158143,0.013498893938958645,1.064126968383789,2.022681600000001e-05,10.011934131383896,0.2,0.9306833744049072,-0.04186910353018902,9025,192.59375,0.6875,-94.40653606598624
186646528,1424,51169,3647,,,,,,,,,,,,,,,,
186777600,,,,0.021854512,0.022685798400000012,0.2307891845703125,17.056285858154297,37.85107880830765,0.013497496955096722,1.0463193655014038,2.0030208000000016e-05,9.96438525915146,0.2,0.9244275689125061,-0.0403119935275754,9030,196.09375,0.71875,-91.85775827893703
186777600,1425,51205,3647,,,,,,,,,,,,,,,,
186908672,,,,0.02354546,0.02256127999999999,0.24361572265625,11.118108749389648,27.714043939113616,0.013494608923792839,1.0873749256134033,1.9833599999999982e-05,10.030703490972519,0.2,0.9374394044280052,-0.043802505687926895,9035,200.72916666666666,0.6875,-92.74112247413994
186908672,1426,51239,3647,,,,,,,,,,,,,,,,
187039744,,,,0.02135783,0.022436761599999994,0.24345855712890624,14.727448463439941,34.43390951156616,0.01349339634180069,1.1032145023345947,1.9636991999999986e-05,9.99721314907074,0.2,0.9273092970252037,-0.04156279269227525,9040,189.01041666666666,0.7395833333333334,-89.75988193294161
187039744,1427,51275,3647,,,,,,,,,,,,,,,,
187170816,,,,0.023831613,0.02231224319999999,0.23887786865234376,16.93991470336914,35.29421744346619,0.013490567915141582,1.1118061542510986,1.9440383999999987e-05,10.015874880552293,0.2,0.9278621301054955,-0.041147810756228864,9045,202.38541666666666,0.6770833333333334,-103.45172171725261
187170816,1428,51310,3647,,,,,,,,,,,,,,,,
187301888,,,,0.023884295,0.022187724799999996,0.24172210693359375,13.346711158752441,31.348820996284484,0.0134886484593153,1.1250133514404297,1.9243775999999988e-05,9.953821897506714,0.2,0.9328805655241013,-0.042728316143620756,9050,195.77083333333334,0.7083333333333334,-97.63730735977641
187301888,1429,51345,3647,,,,,,,,,,,,,,,,
187432960,,,,0.020766135,0.022063206399999993,0.2183929443359375,13.369440078735352,37.48904345035553,0.013487092219293118,1.0522431135177612,1.9047167999999992e-05,10.011248552799225,0.2,0.9262595251202583,-0.03945335117095965,9055,203.11458333333334,0.6666666666666666,-99.43792675291496
187432960,1430,51382,3647,,,,,,,,,,,,,,,,
187564032,,,,0.025075164,0.021938687999999998,0.2455810546875,13.823691368103027,31.655904161930085,0.013486049138009548,1.0979650020599365,1.8850559999999993e-05,10.011696171760558,0.2,0.9265139698982239,-0.04380657012225129,9060,209.27083333333334,0.6666666666666666,-98.97658792811558
187564032,1431,51417,3647,,,,,,,,,,,,,,,,
187695104,,,,0.024737451,0.021814169599999995,0.26060333251953127,12.45339584350586,29.36409846544266,0.013485788367688656,1.111006259918213,1.8653951999999993e-05,9.9832768201828,0.2,0.9361608251929283,-0.04327431442652596,9065,230.05208333333334,0.6145833333333334,-109.84825766565278
187695104,1432,51453,3647,,,,,,,,,,,,,,,,
187826176,,,,0.023622071,0.0216896512,0.233453369140625,13.764687538146973,29.068148052692415,0.013484057039022446,1.0351345539093018,1.8457343999999997e-05,10.013665932416917,0.2,0.9357799515128136,-0.04300768097746186,9070,201.875,0.6770833333333334,-96.42274872537415
187826176,1433,51489,3647,,,,,,,,,,,,,,,,
187957248,,,,0.027324501,0.021565132799999998,0.267138671875,12.374423027038574,31.303550732135772,0.013484150171279907,1.0616891384124756,1.8260735999999998e-05,10.027391630411149,0.2,0.9328030794858932,-0.043229885249456854,9075,193.28125,0.7395833333333334,-87.14672555593097
187957248,1434,51524,3647,,,,,,,,,,,,,,,,
188088320,,,,0.021726187,0.021440614400000002,0.2236480712890625,11.81356143951416,32.451717257499695,0.013483336195349693,1.148553729057312,1.8064128e-05,10.028569889068603,0.2,0.9320392087101936,-0.038534210856596474,9080,188.77083333333334,0.7604166666666666,-88.58876980037523
188088320,1435,51559,3647,,,,,,,,,,,,,,,,
188219392,,,,0.02432016,0.021316096000000003,0.240069580078125,12.502418518066406,29.230222272872926,0.013481630943715572,1.1125471591949463,1.7867520000000003e-05,10.058215153217315,0.2,0.9337245300412178,-0.04143355834676186,9085,206.375,0.6770833333333334,-96.10150665869683
188219392,1436,51594,3648,,,,,,,,,,,,,,,,
188350464,,,,0.022580812,0.021191577600000004,0.23978424072265625,9.31299114227295,24.061074924468993,0.01348091196268797,1.1178336143493652,1.7670912000000003e-05,9.99356123805046,0.2,0.9488252215087414,-0.04185979545291048,9090,214.59375,0.6666666666666666,-102.81432696426982
188350464,1437,51630,3648,,,,,,,,,,,,,,,,
188481536,,,,0.021651313,0.021067059200000005,0.23531341552734375,13.149944305419922,34.438230061531065,0.01348026841878891,1.1123360395431519,1.7474304000000004e-05,10.060388249158859,0.2,0.9179210141301155,-0.04024115382926539,9095,193.23958333333334,0.71875,-90.42995179583222
188481536,1438,51665,3648,,,,,,,,,,,,,,,,
188612608,,,,0.020974675,0.020942540800000006,0.22160186767578124,13.714850425720215,37.86102278232575,0.013478679582476616,1.114961862564087,1.7277696000000008e-05,9.940911066532134,0.2,0.9200403243303299,-0.03905028659501113,9100,201.59375,0.65625,-102.34840643353074
188612608,1439,51699,3648,,,,,,,,,,,,,,,,
188743680,,,,0.021697206,0.020818022400000007,0.22826995849609374,15.711886405944824,34.36221959590912,0.013476574793457985,1.1000745296478271,1.708108800000001e-05,10.04735449552536,0.2,0.9265588149428368,-0.041166040318785235,9105,193.5625,0.6875,-92.99200846306523
188743680,1440,51735,3648,,,,,,,,,,,,,,,,
188874752,,,,0.022980336,0.02069350400000001,0.24470977783203124,11.242898941040039,27.35122194290161,0.013474478386342525,1.095613956451416,1.6884480000000013e-05,10.044128739833832,0.2,0.9383066818118095,-0.041766406428359916,9110,191.76041666666666,0.6875,-96.20797644216013
188874752,1441,51770,3648,,,,,,,,,,,,,,,,
189005824,,,,0.0208961,0.02056898560000001,0.2154144287109375,15.348271369934082,31.19848699569702,0.013472294434905052,1.1815497875213623,1.6687872000000014e-05,9.989120024442673,0.2,0.934279128909111,-0.03760392987751402,9115,207.8125,0.6979166666666666,-94.12375316211887
189005824,1442,51806,3648,,,,,,,,,,,,,,,,
189136896,,,,0.019984465,0.02044446720000001,0.21452178955078124,10.921035766601562,31.798481833934783,0.013470999896526337,1.0950959920883179,1.6491264000000014e-05,10.012764197587966,0.2,0.9296785593032837,-0.03963306356454268,9120,204.85416666666666,0.65625,-105.26941971655732
189136896,1443,51843,3648,,,,,,,,,,,,,,,,
189267968,,,,0.021454567,0.02031994879999999,0.22973480224609374,12.779715538024902,31.660584914684296,0.013471058569848537,1.1571738719940186,1.6294655999999984e-05,10.045393657684325,0.2,0.931230753660202,-0.040682762731739784,9125,188.38541666666666,0.7395833333333334,-89.31047417462776
189267968,1444,51877,3648,,,,,,,,,,,,,,,,
189399040,,,,0.020897109,0.020195430399999992,0.2230926513671875,13.845419883728027,29.799442684650423,0.013469342142343521,1.1189793348312378,1.6098047999999985e-05,10.010268187522888,0.2,0.9356830418109894,-0.03956589964509476,9130,184.55208333333334,0.7291666666666666,-87.68051179908423
189399040,1445,51914,3648,,,,,,,,,,,,,,,,
189530112,,,,0.021476936,0.020070911999999993,0.2286834716796875,15.024240493774414,33.1051584482193,0.013468999415636063,1.1385765075683594,1.590143999999999e-05,9.948402696847916,0.2,0.9303744211792946,-0.04091608310700394,9135,189.61458333333334,0.7083333333333334,-89.60005757282197
189530112,1446,51950,3648,,,,,,,,,,,,,,,,
189661184,,,,0.021272598,0.019946393599999994,0.2259552001953125,13.868677139282227,36.433833384513854,0.013468421995639801,1.142017126083374,1.570483199999999e-05,10.073302441835404,0.2,0.9249847829341888,-0.04082584141578991,9140,187.82291666666666,0.75,-86.02740130039608
189661184,1447,51984,3648,,,,,,,,,,,,,,,,
189792256,,,,0.020782571,0.019821875199999995,0.213275146484375,11.435956954956055,31.533048951625823,0.013467542827129364,1.132561206817627,1.550822399999999e-05,10.104402178525925,0.2,0.93291025608778,-0.038764448354777416,9145,197.5,0.7291666666666666,-95.1053404458854
189792256,1448,52019,3648,,,,,,,,,,,,,,,,
189923328,,,,0.019950321,0.019697356799999996,0.2156463623046875,12.537643432617188,30.74178911447525,0.013466989621520042,1.154968500137329,1.5311615999999995e-05,10.073513555526734,0.2,0.9353924244642258,-0.0391931028541876,9150,189.35416666666666,0.7604166666666666,-83.18788301404993
189923328,1449,52054,3648,,,,,,,,,,,,,,,,
190054400,,,,0.023012046,0.0195728384,0.2430084228515625,11.147093772888184,26.76660934686661,0.013464650139212608,1.1461005210876465,1.5115007999999995e-05,10.086404019594193,0.2,0.9434200823307037,-0.04383875235216692,9155,192.42708333333334,0.7291666666666666,-91.83064684216264
190054400,1450,52090,3648,,,,,,,,,,,,,,,,
190185472,,,,0.019751158,0.019448319999999998,0.21312408447265624,15.809992790222168,32.91974184513092,0.013463317416608334,1.1995822191238403,1.4918399999999998e-05,10.046053993701936,0.2,0.9287586808204651,-0.03796403562155319,9160,198.59375,0.65625,-98.5144507661292
190185472,1451,52125,3648,,,,,,,,,,,,,,,,
190316544,,,,0.020316608,0.019323801600000003,0.219000244140625,12.853950500488281,33.65240470170975,0.013462703675031662,1.1830871105194092,1.4721791999999998e-05,10.006831592321396,0.2,0.9296806305646896,-0.04061799869232345,9165,190.9375,0.7291666666666666,-91.29546719513242
190316544,1452,52160,3648,,,,,,,,,,,,,,,,
190447616,,,,0.020222068,0.0191992832,0.21094970703125,17.307981491088867,35.63479253053665,0.013461701571941376,1.1194566488265991,1.4525184e-05,10.011445409059524,0.2,0.925112284719944,-0.03959602813993115,9170,193.09375,0.7291666666666666,-88.32719984856705
190447616,1453,52195,3648,,,,,,,,,,,,,,,,
190578688,,,,0.02027485,0.019074764800000005,0.21235504150390624,13.542974472045898,29.678269279003143,0.013460042886435986,1.1429433822631836,1.4328576000000003e-05,9.987173461914063,0.2,0.9370568916201591,-0.03985511538485298,9175,219.30208333333334,0.625,-104.4346460103859
190578688,1454,52232,3648,,,,,,,,,,,,,,,,
190709760,,,,0.02069772,0.018950246400000002,0.2133392333984375,12.497261047363281,31.506011712551118,0.013459300622344017,1.1527132987976074,1.4131968000000005e-05,10.047398763895036,0.2,0.9371953755617142,-0.03966182900476269,9180,204.375,0.6770833333333334,-93.69221681860319
190709760,1455,52269,3648,,,,,,,,,,,,,,,,
190840832,,,,0.019631777,0.018825728000000007,0.21704254150390626,14.712211608886719,32.74901156425476,0.013458875939249992,1.2055230140686035,1.3935360000000006e-05,9.952185040712356,0.2,0.9337181076407433,-0.038672182244772556,9185,196.13541666666666,0.6979166666666666,-100.63673512650267
190840832,1456,52303,3648,,,,,,,,,,,,,,,,
190971904,,,,0.020844989,0.018701209600000004,0.21944732666015626,11.882746696472168,28.915392136573793,0.013457703404128551,1.1663563251495361,1.3738752000000008e-05,10.031340306997299,0.2,0.9377281814813614,-0.040202920831507075,9190,197.82291666666666,0.6666666666666666,-94.78510132407739
190971904,1457,52339,3648,,,,,,,,,,,,,,,,
191102976,,,,0.018600477,0.01857669120000001,0.19847412109375,14.260528564453125,32.98711621761322,0.01345708966255188,1.1650543212890625,1.3542144000000011e-05,10.062808269262314,0.2,0.926875002682209,-0.03718721829209244,9195,184.17708333333334,0.7395833333333334,-86.01151540634407
191102976,1458,52375,3648,,,,,,,,,,,,,,,,
191234048,,,,0.020343818,0.018452172800000007,0.20856170654296874,15.240096092224121,35.76876708269119,0.013457137160003185,1.1989319324493408,1.3345536000000012e-05,10.102950382232667,0.2,0.920753963291645,-0.03878993584366981,9200,191.82291666666666,0.7395833333333334,-90.0249532561265
191234048,1459,52410,3648,,,,,,,,,,,,,,,,
191365120,,,,0.018638022,0.01832765440000001,0.2013641357421875,17.537994384765625,35.9546622633934,0.013456049375236034,1.1553783416748047,1.3148928000000014e-05,10.021511781215668,0.2,0.9182766526937485,-0.03917552199127385,9205,201.5625,0.6770833333333334,-94.93526399904367
191365120,1460,52446,3648,,,,,,,,,,,,,,,,
191496192,,,,0.019315373,0.018203135999999988,0.21418914794921876,14.685090065002441,33.53350270986557,0.013454938307404518,1.1551481485366821,1.2952319999999982e-05,9.938694590330124,0.2,0.9345179721713066,-0.040105777222197506,9210,193.9375,0.71875,-91.96334469678816
191496192,1461,52483,3648,,,,,,,,,,,,,,,,
191627264,,,,0.017762467,0.018078617599999992,0.18200836181640626,15.745022773742676,34.154605054855345,0.01345408521592617,1.194705843925476,1.2755711999999985e-05,10.061561530828476,0.2,0.9262412264943123,-0.035564934396825267,9215,193.11458333333334,0.7291666666666666,-91.42156249381782
191627264,1462,52518,3648,,,,,,,,,,,,,,,,
191758336,,,,0.01842491,0.01795409919999999,0.20751495361328126,13.779851913452148,31.771777546405794,0.013452674262225628,1.1753580570220947,1.2559103999999987e-05,10.038463962078094,0.2,0.9332907199859619,-0.0385128845795407,9220,184.08333333333334,0.7708333333333334,-88.45559775269173
191758336,1463,52553,3648,,,,,,,,,,,,,,,,
191889408,,,,0.018058289,0.017829580799999994,0.20077667236328126,14.461488723754883,34.43171472549439,0.0134524405002594,1.1363024711608887,1.2362495999999988e-05,10.011291044950486,0.2,0.929195262491703,-0.0368681677384302,9225,200.40625,0.65625,-99.67152552932777
191889408,1464,52588,3648,,,,,,,,,,,,,,,,
192020480,,,,0.01924733,0.017705062399999996,0.1944976806640625,16.090131759643555,35.95992661714554,0.013451440259814262,1.26082444190979,1.216588799999999e-05,10.077834349870681,0.2,0.9279272556304932,-0.036505570670124145,9230,193.95833333333334,0.71875,-93.05118787143628
192020480,1465,52625,3648,,,,,,,,,,,,,,,,
192151552,,,,0.017438516,0.017580543999999997,0.1977020263671875,12.485922813415527,31.481238150596617,0.013450908474624157,1.1703252792358398,1.1969279999999993e-05,10.04840921163559,0.2,0.9353399202227592,-0.036654615633597135,9235,210.19791666666666,0.71875,-98.45648462519023
192151552,1466,52663,3648,,,,,,,,,,,,,,,,
192282624,,,,0.01676603,0.017456025599999998,0.181982421875,17.34881591796875,35.213741624355315,0.013450149446725845,1.1686842441558838,1.1772671999999995e-05,10.063518631458283,0.2,0.9221433773636818,-0.03645434000354726,9240,209.60416666666666,0.6770833333333334,-97.92759964416923
192282624,1467,52699,3648,,,,,,,,,,,,,,,,
192413696,,,,0.018771809,0.0173315072,0.2048309326171875,11.575042724609375,29.824702513217925,0.013449147343635559,1.1735156774520874,1.1576063999999996e-05,10.03885914683342,0.2,0.9355434104800224,-0.03596591074456228,9245,191.23958333333334,0.7083333333333334,-87.80881051615582
192413696,1468,52736,3648,,,,,,,,,,,,,,,,
192544768,,,,0.01764066,0.0172069888,0.18797149658203124,16.775468826293945,38.21489622592926,0.013448810204863548,1.226865291595459,1.1379455999999998e-05,10.053938508033752,0.2,0.9183336496353149,-0.03485842509326176,9250,193.08333333333334,0.7291666666666666,-92.3630080422618
192544768,1469,52771,3648,,,,,,,,,,,,,,,,
192675840,,,,0.01917554,0.0170824704,0.2070831298828125,13.393583297729492,34.15096741914749,0.013447779230773449,1.2149975299835205,1.1182848e-05,10.047239977121354,0.2,0.9291542395949364,-0.037394663119630425,9255,201.44791666666666,0.6666666666666666,-94.70354562181315
192675840,1470,52806,3648,,,,,,,,,,,,,,,,
192806912,,,,0.018002171,0.016957952000000002,0.190924072265625,10.399955749511719,27.25931570529938,0.013446497730910778,1.2445435523986816,1.0986240000000001e-05,10.06259486079216,0.2,0.9438639469444752,-0.036613672813109586,9260,193.22916666666666,0.7083333333333334,-95.5058695566479
192806912,1471,52841,3648,,,,,,,,,,,,,,,,
192937984,,,,0.018661167,0.016833433600000003,0.2129364013671875,15.574592590332031,32.451113605499266,0.013446137309074402,1.2136664390563965,1.0789632000000003e-05,10.08002028465271,0.2,0.9319784939289093,-0.03821765471220715,9265,226.38541666666666,0.5729166666666666,-112.73450243459507
192937984,1472,52878,3648,,,,,,,,,,,,,,,,
193069056,,,,0.016625589,0.016708915200000004,0.1831451416015625,16.29049301147461,32.212984120845796,0.01344483345746994,1.155731439590454,1.0593024000000006e-05,9.987265235185623,0.2,0.934970460832119,-0.03688745613617357,9270,176.13541666666666,0.7604166666666666,-88.11732408613996
193069056,1473,52912,3648,,,,,,,,,,,,,,,,
193200128,,,,0.015972536,0.016584396800000005,0.16726837158203126,15.371541976928711,31.8626606464386,0.013445168733596802,1.179201602935791,1.0396416000000008e-05,10.0487846493721,0.2,0.9335950389504433,-0.034606978308875117,9275,193.01041666666666,0.7395833333333334,-90.33833348470482
193200128,1474,52947,3648,,,,,,,,,,,,,,,,
193331200,,,,0.018303342,0.016459878400000006,0.19883270263671876,15.163121223449707,32.42062411308289,0.013444512151181698,1.2295644283294678,1.0199808000000009e-05,10.06830787062645,0.2,0.9339293166995049,-0.03664288248983212,9280,202.375,0.6875,-97.78904155213456
193331200,1475,52981,3649,,,,,,,,,,,,,,,,
193462272,,,,0.017221462,0.016335360000000007,0.18001556396484375,14.323687553405762,36.95499856472016,0.013444296084344387,1.2210538387298584,1.0003200000000011e-05,10.094188940525054,0.2,0.9273467808961868,-0.03582387396454578,9285,201.39583333333334,0.71875,-94.25724432515604
193462272,1476,53018,3648,,,,,,,,,,,,,,,,
193593344,,,,0.019162586,0.016210841600000008,0.21015625,12.577707290649414,32.01171754598617,0.013442585244774818,1.241089105606079,9.806592000000014e-06,9.97421972155571,0.2,0.9333750903606415,-0.03808631004649214,9290,198.95833333333334,0.6979166666666666,-91.15278019513231
193593344,1477,53056,3648,,,,,,,,,,,,,,,,
193724416,,,,0.015933817,0.01608632320000001,0.17618560791015625,13.291380882263184,34.768984615802765,0.01344151608645916,1.2303073406219482,9.609984000000014e-06,9.986884552240372,0.2,0.9311489909887314,-0.03456494078563992,9295,211.97916666666666,0.6458333333333334,-108.17497715841051
193724416,1478,53091,3648,,,,,,,,,,,,,,,,
193855488,,,,0.015771098,0.01596180479999999,0.16653594970703126,12.83699893951416,32.724926149845125,0.013440225273370743,1.2065017223358154,9.413375999999983e-06,10.061692309379577,0.2,0.9367773905396461,-0.033202411234378816,9300,209.5625,0.65625,-96.75006463496926
193855488,1479,53128,3648,,,,,,,,,,,,,,,,
193986560,,,,0.015791547,0.01583728639999999,0.1710662841796875,14.039872169494629,35.91775271892548,0.01343933492898941,1.289720892906189,9.216767999999985e-06,10.038567072153091,0.2,0.9280358552932739,-0.033898139459779486,9305,203.71875,0.6979166666666666,-92.64604970745576
193986560,1480,53164,3648,,,,,,,,,,,,,,,,
194117632,,,,0.016553048,0.01571276799999999,0.16688079833984376,13.37093734741211,32.078738152980804,0.013438372872769833,1.2408918142318726,9.020159999999988e-06,10.050134831666947,0.2,0.9344270974397659,-0.03289786224777345,9310,221.875,0.5833333333333334,-106.26316924025939
194117632,1481,53202,3648,,,,,,,,,,,,,,,,
194248704,,,,0.01629576,0.015588249599999994,0.1822235107421875,11.697978973388672,29.349510765075685,0.013437261804938316,1.242288589477539,8.82355199999999e-06,9.940312778949737,0.2,0.9383131042122841,-0.0347451165158418,9315,212.53125,0.6458333333333334,-101.79149904464145
194248704,1482,53237,3648,,,,,,,,,,,,,,,,
194379776,,,,0.01475287,0.015463731199999995,0.168792724609375,18.74501609802246,36.59318099021912,0.013436144217848778,1.2717491388320923,8.62694399999999e-06,10.02191428542137,0.2,0.9290046766400337,-0.032951341915759255,9320,178.19791666666666,0.8125,-79.6050298916905
194379776,1483,53274,3648,,,,,,,,,,,,,,,,
194510848,,,,0.015322819,0.015339212799999996,0.16422882080078124,18.179166793823242,34.55848164558411,0.013435478322207928,1.2410699129104614,8.430335999999993e-06,10.063240790367127,0.2,0.9303940907120705,-0.033082501581520776,9325,197.38541666666666,0.6666666666666666,-98.78665197885077
194510848,1484,53311,3648,,,,,,,,,,,,,,,,
194641920,,,,0.017539889,0.015214694399999997,0.18584136962890624,16.2167911529541,31.10047564506531,0.013434506952762604,1.2743054628372192,8.233727999999995e-06,10.02231343984604,0.2,0.937321126461029,-0.03504195119312499,9330,208.10416666666666,0.6666666666666666,-101.89523432344835
194641920,1485,53347,3648,,,,,,,,,,,,,,,,
194772992,,,,0.015368033,0.015090175999999999,0.16688079833984376,19.512022018432617,40.89841616153717,0.01343445386737585,1.3037307262420654,8.037119999999998e-06,10.117247712612151,0.2,0.9184850975871086,-0.03423787133724545,9335,194.22916666666666,0.71875,-90.49354643997783
194772992,1486,53382,3648,,,,,,,,,,,,,,,,
194904064,,,,0.015348133,0.0149656576,0.1659454345703125,17.24870491027832,37.35791749954224,0.013434328138828278,1.2628419399261475,7.840511999999998e-06,10.065483301877975,0.2,0.9258130043745041,-0.032851010031299664,9340,202.53125,0.6666666666666666,-97.33906510526879
194904064,1487,53418,3648,,,,,,,,,,,,,,,,
195035136,,,,0.01580049,0.014841139200000002,0.16817169189453124,10.248442649841309,26.623337543010713,0.013434013351798058,1.2642855644226074,7.643904e-06,10.046404933929443,0.2,0.9432659111917019,-0.03386274296790361,9345,197.60416666666666,0.71875,-93.89256678581116
195035136,1488,53453,3648,,,,,,,,,,,,,,,,
195166208,,,,0.016507372,0.014716620800000003,0.18180389404296876,11.528048515319824,26.954637897014617,0.013432435691356659,1.294844627380371,7.447296000000002e-06,10.13420329093933,0.2,0.943182360380888,-0.03480305082484847,9350,194.32291666666666,0.7083333333333334,-91.0439968646799
195166208,1489,53490,3648,,,,,,,,,,,,,,,,
195297280,,,,0.015262185,0.014592102400000004,0.16815643310546874,11.305388450622559,28.958896708488464,0.013431431725621223,1.298934817314148,7.250688000000005e-06,10.099959182739259,0.2,0.9382534213364124,-0.034609896919573654,9355,175.92708333333334,0.75,-88.19421867938094
195297280,1490,53525,3648,,,,,,,,,,,,,,,,
195428352,,,,0.014641808,0.014467584000000006,0.16265106201171875,14.173954963684082,29.125365793704987,0.013430781662464142,1.364866018295288,7.054080000000006e-06,10.0377121925354,0.2,0.9407400153577328,-0.032892270956654104,9360,187.91666666666666,0.7395833333333334,-86.32279566232326
195428352,1491,53560,3648,,,,,,,,,,,,,,,,
195559424,,,,0.015032386,0.014343065600000007,0.16122283935546874,12.558588981628418,33.76774221658707,0.013430139981210232,1.3049144744873047,6.8574720000000085e-06,10.105437964200974,0.2,0.931316539645195,-0.03350645488244482,9365,181.67708333333334,0.7604166666666666,-82.76388135679939
195559424,1492,53596,3648,,,,,,,,,,,,,,,,
195690496,,,,0.01292855,0.014218547200000008,0.1368438720703125,13.897979736328125,32.08108305931091,0.013429715298116207,1.2847625017166138,6.66086400000001e-06,10.062160748243333,0.2,0.9384729191660881,-0.03139477771474049,9370,186.91666666666666,0.71875,-90.33074144373548
195690496,1493,53632,3648,,,,,,,,,,,,,,,,
195821568,,,,0.013661544,0.014094028800000009,0.14801177978515626,12.41286849975586,30.359169268608092,0.013429900631308556,1.31608247756958,6.4642560000000124e-06,10.021110707521439,0.2,0.933312751352787,-0.03130318984185578,9375,202.72916666666666,0.6875,-95.4987802868547
195821568,1494,53669,3648,,,,,,,,,,,,,,,,
195952640,,,,0.013509511,0.01396951040000001,0.14214630126953126,17.30228042602539,37.57499344348908,0.013429496437311172,1.3098677396774292,6.267648000000014e-06,10.050208389759064,0.2,0.9250881150364876,-0.02939081190706929,9380,181.55208333333334,0.78125,-85.68761028349093
195952640,1495,53705,3648,,,,,,,,,,,,,,,,
196083712,,,,0.01563989,0.01384499200000001,0.1545379638671875,14.89620304107666,33.72012391090393,0.013429265469312668,1.3020107746124268,6.0710400000000155e-06,10.03677938580513,0.2,0.9339937418699265,-0.03272757470112993,9385,184.38541666666666,0.75,-88.55218487997593
196083712,1496,53740,3648,,,,,,,,,,,,,,,,
196214784,,,,0.013665877,0.013720473599999991,0.1466094970703125,16.680418014526367,35.62892981767654,0.013429120182991028,1.3065587282180786,5.874431999999985e-06,10.057119178771973,0.2,0.928258553147316,-0.030014572039362974,9390,175.38541666666666,0.7708333333333334,-83.35436114642506
196214784,1497,53775,3648,,,,,,,,,,,,,,,,
196345856,,,,0.013067091,0.013595955199999992,0.14052734375,18.139270782470703,35.07288029193878,0.013428549282252789,1.3381723165512085,5.677823999999986e-06,9.997310769557952,0.2,0.9292714968323708,-0.028794635509257205,9395,213.14583333333334,0.6354166666666666,-103.40588972990031
196345856,1498,53810,3648,,,,,,,,,,,,,,,,
196476928,,,,0.0115676345,0.013471436799999993,0.12900390625,13.124604225158691,33.48029173612595,0.013428118079900742,1.3201543092727661,5.481215999999988e-06,10.103463137149811,0.2,0.9279488027095795,-0.027868437980941962,9400,182.08333333333334,0.7395833333333334,-87.22070120461542
196476928,1499,53846,3648,,,,,,,,,,,,,,,,
196608000,,,,0.012314318,0.013346918399999994,0.12256927490234375,17.620288848876953,35.9813328742981,0.013427786529064178,1.3070099353790283,5.28460799999999e-06,10.001263242959975,0.2,0.9312737807631493,-0.02808030766173033,9405,190.22916666666666,0.7083333333333334,-91.51445059671293
196608000,1500,53881,3648,,,,,,,,,,,,,,,,
196739072,,,,0.013065607,0.013222399999999995,0.1318359375,13.352447509765625,32.737006878852846,0.013427404686808586,1.3779462575912476,5.087999999999992e-06,10.038307410478591,0.2,0.932466059923172,-0.028994515210797545,9410,199.64583333333334,0.7083333333333334,-97.06967801316223
196739072,1501,53917,3648,,,,,,,,,,,,,,,,
196870144,,,,0.0147365155,0.013097881599999996,0.15514068603515624,11.994914054870605,29.93971210718155,0.013426746241748333,1.3038747310638428,4.891391999999994e-06,10.056228160858154,0.2,0.939470823854208,-0.03007836051401682,9415,210.52083333333334,0.6458333333333334,-100.94258562407202
196870144,1502,53952,3648,,,,,,,,,,,,,,,,
197001216,,,,0.011830287,0.012973363199999997,0.12216033935546874,14.846756935119629,34.88296093940735,0.013426299206912518,1.3131998777389526,4.694783999999996e-06,9.986808484792709,0.2,0.9301973283290863,-0.028533258040260988,9420,199.04166666666666,0.71875,-91.6257820950595
197001216,1503,53988,3648,,,,,,,,,,,,,,,,
197132288,,,,0.011040657,0.012848844799999998,0.10756378173828125,14.749092102050781,32.63412389755249,0.013426057994365692,1.3554372787475586,4.498175999999998e-06,10.058925449848175,0.2,0.9346167147159576,-0.02632596473704325,9425,199.01041666666666,0.6979166666666666,-96.08967462210846
197132288,1504,54024,3648,,,,,,,,,,,,,,,,
197263360,,,,0.011616488,0.0127243264,0.1202301025390625,14.358765602111816,34.03858757019043,0.013425532728433609,1.2977077960968018,4.3015679999999996e-06,10.044400227069854,0.2,0.9331540986895561,-0.02660346168486285,9430,184.96875,0.7708333333333334,-85.20042834803536
197263360,1505,54059,3649,,,,,,,,,,,,,,,,
197394432,,,,0.012679069,0.012599808,0.13253631591796874,16.177675247192383,33.181007993221286,0.013424846343696117,1.3143253326416016,4.104960000000002e-06,10.087296867370606,0.2,0.9327605068683624,-0.027441524805908557,9435,191.80208333333334,0.71875,-90.92298945716743
197394432,1506,54096,3648,,,,,,,,,,,,,,,,
197525504,,,,0.011165846,0.012475289600000002,0.11584625244140626,18.744171142578125,35.287507474422455,0.013425148092210293,1.3412483930587769,3.9083520000000035e-06,10.052329313755035,0.2,0.9351368546485901,-0.026756255810323638,9440,197.77083333333334,0.7291666666666666,-95.26577082399483
197525504,1507,54131,3648,,,,,,,,,,,,,,,,
197656576,,,,0.010353364,0.012350771200000004,0.0991119384765625,17.062828063964844,33.445885801315306,0.013424886390566826,1.3321837186813354,3.7117440000000054e-06,10.007910752296448,0.2,0.9367001131176949,-0.025384659721748904,9445,192.89583333333334,0.71875,-85.46698791416212
197656576,1508,54168,3648,,,,,,,,,,,,,,,,
197787648,,,,0.011066025,0.012226252800000005,0.114404296875,14.959919929504395,36.00729146003723,0.0134243443608284,1.3170312643051147,3.5151360000000074e-06,10.039149010181427,0.2,0.928973451256752,-0.02553890906565357,9450,193.21875,0.7395833333333334,-86.11992193741555
197787648,1509,54205,3648,,,,,,,,,,,,,,,,
197918720,,,,0.011356531,0.012101734400000006,0.12595062255859374,15.565861701965332,33.535258162021634,0.013424182310700417,1.296759009361267,3.3185280000000093e-06,10.093303072452546,0.2,0.9324494451284409,-0.027005426547839308,9455,191.0,0.7291666666666666,-88.70345912642476
197918720,1510,54241,3648,,,,,,,,,,,,,,,,
198049792,,,,0.008901056,0.011977216000000008,0.0912811279296875,16.0509090423584,34.156437730789186,0.013424208387732506,1.3104708194732666,3.1219200000000113e-06,10.118162161111831,0.2,0.932011254131794,-0.023826395702781156,9460,200.20833333333334,0.7395833333333334,-96.0970937340133
198049792,1511,54277,3648,,,,,,,,,,,,,,,,
198180864,,,,0.00951842,0.011852697600000009,0.08276214599609374,13.342255592346191,34.61053905487061,0.013424277305603027,1.3193764686584473,2.925312000000013e-06,10.046207356452943,0.2,0.9289767146110535,-0.022452968602010515,9465,191.30208333333334,0.7291666666666666,-89.05206920750015
198180864,1512,54312,3648,,,,,,,,,,,,,,,,
198311936,,,,0.009801338,0.01172817920000001,0.09355926513671875,17.285001754760742,34.532531547546384,0.013424234464764595,1.3397777080535889,2.7287040000000147e-06,10.05563896894455,0.2,0.9342724606394768,-0.024771390172827524,9470,170.42708333333334,0.8125,-76.18966578105322
198311936,1513,54346,3649,,,,,,,,,,,,,,,,
198443008,,,,0.0091791125,0.01160366079999999,0.08861083984375,17.952226638793945,35.483890008926394,0.01342436857521534,1.3441375494003296,2.5320959999999837e-06,10.079817932844161,0.2,0.9333803132176399,-0.024373251461656763,9475,188.09375,0.71875,-92.25145051191048
198443008,1514,54383,3648,,,,,,,,,,,,,,,,
198574080,,,,0.00958352,0.011479142399999991,0.09549407958984375,17.068138122558594,35.32840573787689,0.013424232602119446,1.3827800750732422,2.335487999999985e-06,10.103838098049163,0.2,0.9317584186792374,-0.022688267365447247,9480,193.8125,0.7395833333333334,-86.96159833881421
198574080,1515,54419,3648,,,,,,,,,,,,,,,,
198705152,,,,0.008351173,0.011354623999999992,0.0790802001953125,16.906269073486328,34.432320702075955,0.013424190692603588,1.405618667602539,2.138879999999987e-06,9.991039061546326,0.2,0.9318058490753174,-0.020112342661013825,9485,211.61458333333334,0.6875,-95.10778444519413
198705152,1516,54453,3649,,,,,,,,,,,,,,,,
198836224,,,,0.0075758696,0.011230105599999993,0.06224822998046875,20.27731704711914,39.34355320930481,0.013424034230411053,1.3218879699707031,1.942271999999989e-06,10.087947791814804,0.2,0.9268717840313911,-0.018476192632806487,9490,206.13541666666666,0.65625,-97.0277232368597
198836224,1517,54491,3648,,,,,,,,,,,,,,,,
198967296,,,,0.007534816,0.011105587199999994,0.06435089111328125,15.570818901062012,34.51870990991593,0.013423780910670757,1.3747103214263916,1.745663999999991e-06,10.049841749668122,0.2,0.9323212206363678,-0.02036369095731061,9495,188.82291666666666,0.7395833333333334,-90.68914528969538
198967296,1518,54526,3648,,,,,,,,,,,,,,,,
199098368,,,,0.00787814,0.010981068799999995,0.074224853515625,14.968897819519043,38.00843324661255,0.013423696160316467,1.4061963558197021,1.549055999999993e-06,10.004064631462096,0.2,0.9263490810990334,-0.018741026513453107,9500,200.4375,0.6875,-92.97014068272681
199098368,1519,54563,3648,,,,,,,,,,,,,,,,
199229440,,,,0.008225982,0.010856550399999998,0.07409210205078125,12.309043884277344,32.12038813829422,0.013423552736639977,1.4253413677215576,1.352447999999995e-06,10.07713914513588,0.2,0.9400825835764408,-0.01881699201185256,9505,193.11458333333334,0.7395833333333334,-87.63572238567906
199229440,1520,54598,3648,,,,,,,,,,,,,,,,
199360512,,,,0.0060429075,0.010732031999999999,0.04808807373046875,19.640701293945312,43.04031199216843,0.013423341326415539,1.3977068662643433,1.1558399999999967e-06,10.025951117277145,0.2,0.9210067689418793,-0.01714376072268351,9510,193.78125,0.75,-89.57882734469275
199360512,1521,54634,3648,,,,,,,,,,,,,,,,
199491584,,,,0.006309771,0.0106075136,0.05507965087890625,16.505083084106445,37.43164321184158,0.013423226773738861,1.404028296470642,9.592319999999986e-07,10.050021040439606,0.2,0.9321284592151642,-0.014387502132012741,9515,181.32291666666666,0.78125,-83.69451875965702
199491584,1522,54669,3649,,,,,,,,,,,,,,,,
199622656,,,,0.0062978193,0.010482995200000001,0.05273895263671875,17.102373123168945,35.566179525852206,0.013423293828964233,1.3380826711654663,7.626240000000006e-07,10.075208520889282,0.2,0.9324259012937546,-0.014482400919951033,9520,196.0625,0.6979166666666666,-95.58929796396035
199622656,1523,54707,3648,,,,,,,,,,,,,,,,
199753728,,,,0.0046768617,0.010358476800000002,0.029632568359375,16.144901275634766,35.19432485103607,0.013423304073512554,1.3932921886444092,5.660160000000025e-07,10.043221724033355,0.2,0.9366070181131363,-0.010294709948357194,9525,195.23958333333334,0.7395833333333334,-90.14219004769518
199753728,1524,54742,3648,,,,,,,,,,,,,,,,
199884800,,,,0.0038788503,0.010233958400000003,0.01935272216796875,17.170995712280273,35.37106711864472,0.013423284515738487,1.4027128219604492,3.6940800000000436e-07,9.978988707065582,0.2,0.9394937381148338,-0.009036169778119075,9530,180.91666666666666,0.7916666666666666,-88.33153824411552
199884800,1525,54777,3649,,,,,,,,,,,,,,,,
200015872,,,,0.0027094167,0.010109440000000004,0.00658111572265625,17.14148712158203,36.72616560459137,0.013423293828964233,1.3613098859786987,1.7280000000000626e-07,10.036769223213195,0.2,0.9378702566027641,-0.005145638874819269,9535,198.46875,0.7083333333333334,-91.06884888456555
200015872,1526,54813,3649,,,,,,,,,,,,,,,,
