time/iterations,time/total_timesteps,time/fps,time/time_elapsed,train/explained_variance,train/clip_fraction,train/clip_range,train/learning_rate,train/std,train/loss,train/entropy_loss,train/kl_loss_with_bc_model,train/n_updates,train/approx_kl,train/kl_coef,train/policy_gradient_loss,train/value_loss,eval/mean_reward,eval/mean_ep_length,eval/success_rate
1,131072,4701,27,,,,,,,,,,,,,,,,
2,262144,4949,52,-0.0043152570724487305,0.00193328857421875,0.2,0.000299213568,0.006296823732554913,141.23207092285156,6.606597903370857,0.0007361660245805979,5,0.0015897868,0.19950192640000003,-0.0019221339105570223,313.54312353134156,,,
3,393216,4684,83,0.20249003171920776,0.0005859375,0.2,0.000298427136,0.006239080335944891,104.85623931884766,6.616152369976044,0.0021687541157007217,10,0.0010709633,0.19900385280000002,-0.0013353569767787122,232.52530822753906,,,
4,524288,4562,114,0.3627821207046509,0.00043182373046875,0.2,0.00029764070399999995,0.006166260689496994,82.9806900024414,6.722081881761551,0.004821137525141239,15,0.0010401683,0.1985057792,-0.001965347407531226,167.70835094451905,,,
5,655360,4484,146,0.4475542902946472,0.0004486083984375,0.2,0.000296854272,0.006100913044065237,80.4105453491211,6.795160087943077,0.007706883363425732,20,0.0008453478,0.1980077056,-0.0019279904539871496,157.4980523109436,,,
6,786432,4560,172,0.520329475402832,0.00039520263671875,0.2,0.00029606783999999996,0.006037180311977863,60.00092315673828,6.836100208759308,0.011722145602107048,25,0.0008677108,0.19750963200000002,-0.0024628252111142503,157.38800435066224,,,
7,917504,4534,202,0.5876134932041168,1.52587890625e-05,0.2,0.000295281408,0.006019587628543377,54.65382766723633,6.8155252546072,0.012826472520828247,30,0.00018552854,0.1970115584,-0.0003149662043142598,123.72531628608704,,,
8,1048576,4492,233,0.6153796315193176,0.0008514404296875,0.2,0.00029449497599999997,0.005989972501993179,56.30379867553711,6.825673031806946,0.016318529844284058,35,0.0006183366,0.1965134848,-0.001896776082139695,120.85914673805237,,,
9,1179648,4467,264,0.6772449314594269,1.52587890625e-06,0.2,0.00029370854399999994,0.005961071699857712,47.71066665649414,6.893362557888031,0.01892404817044735,40,0.00027598283,0.19601541120000002,-0.0009715152846183628,105.27917199134826,,,
10,1310720,4487,292,0.6841819286346436,7.62939453125e-06,0.2,0.00029292211199999997,0.005955218803137541,50.80741882324219,6.884704524278641,0.021433768793940544,45,0.00024801632,0.1955173376,-0.0005628352053463459,105.26229066848755,,,
11,1441792,4498,320,0.6998389065265656,1.983642578125e-05,0.2,0.00029213568,0.005942498799413443,47.66421127319336,6.921347710490227,0.023885278031229973,50,0.00021704144,0.19501926400000003,-0.000566262337815715,97.02923359870911,,,
12,1572864,4477,351,0.7334118783473969,4.57763671875e-06,0.2,0.000291349248,0.005912126507610083,42.11384201049805,6.968172815442085,0.027011996135115623,55,0.00025645946,0.19452119040000002,-0.0012394912067975384,96.89833798408509,,,
13,1703936,4451,382,0.7452050745487213,1.220703125e-05,0.2,0.00029056281599999995,0.005917880684137344,36.27656936645508,6.984103366732597,0.02955728769302368,60,0.00022518485,0.1940231168,-0.0007626592076121596,88.14847025871276,,,
14,1835008,4440,413,0.7730761766433716,0.0,0.2,0.000289776384,0.005904564168304205,33.078033447265625,6.935409232974052,0.031976886093616486,65,0.0001611028,0.1935250432,-0.0002744121095020091,82.63623533248901,,,
15,1966080,4431,443,0.7516547739505768,4.57763671875e-06,0.2,0.00028898995199999996,0.005894508212804794,39.429656982421875,7.016649743914604,0.035436566919088364,70,0.00018254145,0.19302696960000001,-0.0007698394929320784,84.95760045051574,,,
16,2097152,4424,473,0.7763405442237854,9.1552734375e-06,0.2,0.00028820352,0.005870170891284943,38.260128021240234,6.987238901853561,0.03967772424221039,75,0.00025347044,0.19252889600000003,-0.0010002408696891507,85.27203717231751,,,
17,2228224,4410,505,0.8019429296255112,2.899169921875e-05,0.2,0.00028741708799999996,0.005864234175533056,39.1241455078125,7.045101740956307,0.0431881919503212,80,0.00018798756,0.1920308224,-0.0005284421124088113,85.22729320526123,,,
18,2359296,4402,535,0.8167144507169724,0.0,0.2,0.000286630656,0.005856098607182503,37.00279235839844,7.0442042499780655,0.04538457840681076,85,0.00014782227,0.1915327488,-0.0005817546130856499,79.52944488525391,,,
19,2490368,4410,564,0.8316394984722137,1.52587890625e-06,0.2,0.00028584422399999997,0.005841133184731007,37.15233612060547,7.051461347937584,0.05029582977294922,90,0.00018850861,0.1910346752,-0.0007134886116546113,80.27737021446228,,,
20,2621440,4415,593,0.8303286731243134,3.0517578125e-06,0.2,0.000285057792,0.005837517790496349,41.33451461791992,7.121852830052376,0.05364036187529564,95,0.00012589287,0.19053660160000002,-0.0004725931226857938,79.50052826404571,,,
21,2752512,4407,624,0.8314739316701889,3.0517578125e-06,0.2,0.00028427136,0.005827325861901045,35.66975402832031,7.085910266637802,0.056830160319805145,100,0.00016739607,0.190038528,-0.00047681898286100477,78.22604422569275,,,
22,2883584,4399,655,0.8228300362825394,0.0,0.2,0.00028348492799999995,0.005825030617415905,33.66005325317383,7.0867410629987715,0.05937696620821953,105,0.00019242294,0.1895404544,-0.0006098006306274328,77.96083414554596,,,
23,3014656,4403,684,0.8368532657623291,6.103515625e-06,0.2,0.000282698496,0.0058102658949792385,30.41807746887207,7.09599050283432,0.06594471633434296,110,0.00026263323,0.18904238080000002,-0.0011112467505881795,76.78171195983887,,,
24,3145728,4408,713,0.830266073346138,1.678466796875e-05,0.2,0.00028191206399999995,0.005797971040010452,42.312255859375,7.071314871311188,0.07135961949825287,115,0.00016821893,0.1885443072,-0.0005082621624751482,84.45259370803834,,,
25,3276800,4408,743,0.8356730788946152,2.288818359375e-05,0.2,0.000281125632,0.005803542211651802,37.8046760559082,7.134408435225486,0.07575492560863495,120,0.00016303462,0.18804623360000003,-0.0006092582319979556,81.81304812431335,,,
26,3407872,4403,773,0.8286273032426834,7.62939453125e-06,0.2,0.00028033919999999996,0.005801022984087467,37.55787658691406,7.159364148974419,0.07337521016597748,125,0.00019387736,0.18754816,-0.0007972791558131575,83.14057431221008,,,
27,3538944,4403,803,0.8295346200466156,0.0,0.2,0.000279552768,0.005792818032205105,40.76111602783203,7.100729435682297,0.0836770161986351,130,0.00016263424,0.1870500864,-0.0005348187856725417,86.73406867980957,,,
28,3670016,4406,832,0.8399968147277832,0.0,0.2,0.00027876633599999997,0.005783225409686565,36.306640625,7.087718340754509,0.08876275271177292,135,0.00018783115,0.1865520128,-0.0006599137057492043,79.43323154449463,,,
29,3801088,4397,864,0.8332583159208298,1.068115234375e-05,0.2,0.000277979904,0.005770009011030197,37.69755935668945,7.19205995798111,0.09410308301448822,140,0.00032833198,0.18605393920000002,-0.0011027733868104405,82.74274501800537,,,
30,3932160,4387,896,0.8302461802959442,0.0,0.2,0.00027719347199999997,0.00575995072722435,40.10517883300781,7.122247189283371,0.10230227559804916,145,0.00015452341,0.18555586560000004,-0.0004911266281851567,81.50285265445709,,,
31,4063232,4382,927,0.8335288017988205,0.0,0.2,0.00027640703999999995,0.005756264086812735,36.70999526977539,7.164953899383545,0.10104626417160034,150,9.673223e-05,0.185057792,-0.0002729778283537598,76.21631889343261,,,
32,4194304,4382,957,0.8364747315645218,0.0,0.2,0.000275620608,0.005756749771535397,41.91714096069336,7.1802515298128124,0.10998549312353134,155,0.00013318057,0.18455971840000002,-0.0003212495350453537,79.49257164001465,,,
33,4325376,4384,986,0.8477691859006882,0.0,0.2,0.000274834176,0.00576284434646368,32.757789611816406,7.207701703906059,0.11235906928777695,160,0.00010082162,0.1840616448,-0.00015118567534955218,75.66297082901,,,
34,4456448,4387,1015,0.8426927924156189,0.0,0.2,0.000274047744,0.005766862537711859,33.09135818481445,7.212325346469879,0.1116257756948471,165,7.801424e-05,0.1835635712,-8.827084966469556e-05,74.79801974296569,,,
35,4587520,4385,1045,0.8475148975849152,0.0,0.2,0.00027326131199999996,0.005766729824244976,30.73059844970703,7.169840723276138,0.11993665993213654,170,0.00012596653,0.18306549760000002,-0.00031347302938229405,74.85623292922973,,,
36,4718592,4381,1076,0.8506764471530914,3.0517578125e-06,0.2,0.00027247488,0.005758681800216436,33.11919403076172,7.217659941315651,0.11944188922643661,175,0.00015972948,0.182567424,-0.0003892413689754903,75.89627437591552,,,
37,4849664,4383,1106,0.854746550321579,0.0,0.2,0.00027168844799999996,0.005752356257289648,35.11357879638672,7.174291884899139,0.1295461654663086,180,0.00014762979,0.18206935040000002,-0.00043386921897763385,78.35911870002747,,,
38,4980736,4385,1135,0.8502665311098099,1.52587890625e-06,0.2,0.000270902016,0.005756850354373455,34.18347930908203,7.245340090990067,0.1304444968700409,185,0.00011685848,0.18157127680000001,-0.00046657243219669906,77.65712714195251,,,
39,5111808,4387,1165,0.8624214231967926,1.983642578125e-05,0.2,0.00027011558399999997,0.005761570297181606,33.07698059082031,7.1481986969709395,0.13723069429397583,190,0.00015898515,0.1810732032,-0.0001501458515122067,73.31330511569976,,,
40,5242880,4384,1195,0.849636048078537,1.983642578125e-05,0.2,0.00026932915199999994,0.005769168026745319,31.008569717407227,7.241895914077759,0.13509416580200195,195,0.0001560103,0.1805751296,-0.00026348871033405886,75.5404186964035,,,
41,5373952,4383,1225,0.8458302170038223,4.119873046875e-05,0.2,0.00026854272,0.00577797694131732,31.957107543945312,7.22465347647667,0.14070293307304382,200,0.00012887965,0.180077056,-0.0004036182064737659,74.0935967206955,,,
42,5505024,4386,1255,0.8583173453807831,3.0517578125e-05,0.2,0.000267756288,0.005765791051089764,32.550025939941406,7.24042387008667,0.14866964519023895,205,0.00031224228,0.1795789824,-0.0010461887977726292,70.36817479133606,,,
43,5636096,4388,1284,0.8632317334413528,6.103515625e-06,0.2,0.000266969856,0.005760889500379562,29.025615692138672,7.173318552970886,0.1599978804588318,210,0.0002564907,0.1790809088,-0.0009935744674294256,68.95230357646942,,,
44,5767168,4387,1314,0.8451604694128036,1.52587890625e-06,0.2,0.00026618342399999995,0.005758520215749741,29.803197860717773,7.267489647865295,0.15957507491111755,215,0.00014114176,0.1785828352,-0.0004434139249497093,73.12180836200714,,,
45,5898240,4385,1345,0.8475452363491058,0.0,0.2,0.000265396992,0.005739656277000904,31.815841674804688,7.3071439355611805,0.16521325707435608,220,0.00022194265,0.1780847616,-0.0008012762591533829,71.70155301094056,,,
46,6029312,4385,1374,0.8426115363836288,4.57763671875e-06,0.2,0.00026461055999999996,0.005742048379033804,36.83732604980469,7.294590690732003,0.17251640558242798,225,0.00014390025,0.17758668800000002,-0.00032766836848168167,76.12923679351806,,,
47,6160384,4387,1403,0.8467103391885757,0.0,0.2,0.000263824128,0.0057565136812627316,28.016372680664062,7.295491075515747,0.16989076137542725,230,0.00020678125,0.1770886144,-0.0005403351766290143,72.03822190761566,,,
48,6291456,4388,1433,0.8548357337713242,0.0,0.2,0.00026303769599999997,0.005757528822869062,32.421722412109375,7.260107529163361,0.1740632951259613,235,8.926431e-05,0.1765905408,-1.3664334255736322e-05,75.86481401920318,,,
49,6422528,4386,1464,0.8537652343511581,0.0,0.2,0.000262251264,0.005753848236054182,32.91120910644531,7.283744859695434,0.18388745188713074,240,0.00013452029,0.17609246720000002,-0.0006287999560299796,74.14791805744171,,,
50,6553600,4385,1494,0.8410020619630814,0.0,0.2,0.00026146483199999997,0.005752544850111008,37.7591438293457,7.255674549937249,0.1889391988515854,245,0.00014819445,0.1755943936,-0.0005101633971207776,82.05839734077453,,,
51,6684672,4386,1524,0.8543441593647003,1.52587890625e-06,0.2,0.0002606784,0.0057492805644869804,31.827545166015625,7.3150669753551485,0.2020937204360962,250,0.0001245916,0.17509632000000003,-0.0005331215208570939,70.36355783939362,,,
52,6815744,4385,1553,0.8450522124767303,0.0,0.2,0.000259891968,0.0057498081587255,30.549837112426758,7.2467076748609545,0.20122849941253662,255,7.869826e-05,0.1745982464,-0.00011323124053888022,74.40471692085266,,,
53,6946816,4386,1583,0.8658861219882965,0.0,0.2,0.00025910553599999995,0.00575298024341464,32.41749954223633,7.317482736706734,0.21064536273479462,260,8.210026e-05,0.1741001728,-0.00014361843059305102,70.43829762935638,,,
54,7077888,4387,1613,0.8428678810596466,0.0,0.2,0.000258319104,0.005752935539931059,31.18709945678711,7.289387342333794,0.206507608294487,265,0.00011992389,0.1736020992,-0.0004122602185816504,72.80700900554658,,,
55,7208960,4386,1643,0.8496280610561371,0.0,0.2,0.00025753267199999996,0.005763225257396698,35.09476852416992,7.297330579161644,0.2121366709470749,270,9.287876e-05,0.17310402560000002,-0.00018574926943983882,78.15642473697662,,,
56,7340032,4385,1673,0.8380390852689743,0.0,0.2,0.00025674624,0.00577136455103755,34.7946662902832,7.329110786318779,0.21499669551849365,275,0.0001364788,0.172605952,-0.00048062249916256403,70.81009538173676,,,
57,7471104,4384,1704,0.8447711318731308,0.0,0.2,0.00025595980799999996,0.005786396563053131,30.99358367919922,7.277131345868111,0.22335396707057953,280,0.00012349754,0.1721078784,0.00012060187400493305,71.75813121795655,,,
58,7602176,4383,1734,0.8483691811561584,0.0,0.2,0.000255173376,0.005781685467809439,31.84123420715332,7.323765498399735,0.2189931571483612,285,7.757898e-05,0.17160980480000002,3.370172998984344e-05,74.38583970069885,,,
59,7733248,4381,1765,0.8417347520589828,0.0,0.2,0.00025438694399999997,0.0057704574428498745,31.363628387451172,7.316197380423546,0.2139618843793869,290,8.743022e-05,0.1711117312,-0.0004424499289598316,75.58589477539063,,,
60,7864320,4377,1796,0.8470351248979568,0.0,0.2,0.000253600512,0.005774540361016989,35.292144775390625,7.368490466475487,0.22523710131645203,295,9.1519265e-05,0.17061365760000002,2.1288124116836116e-06,73.05757281780242,,,
61,7995392,4375,1827,0.8820328861474991,1.068115234375e-05,0.2,0.00025281408,0.0057761287316679955,29.554561614990234,7.3364223569631575,0.22404780983924866,300,0.00013250319,0.17011558400000001,-0.00011744353614631108,65.10923779010773,,,
62,8126464,4374,1857,0.8574889153242111,0.0,0.2,0.00025202764799999995,0.005775272846221924,33.5157356262207,7.282419550418854,0.23860207200050354,305,0.000114686656,0.1696175104,7.916407193988561e-05,74.57913241386413,,,
63,8257536,4374,1887,0.8511229306459427,0.0,0.2,0.000251241216,0.0057741980999708176,33.13294982910156,7.32226779460907,0.24249759316444397,310,0.00010386655,0.16911943680000002,-0.0003094345905992668,73.80305759906769,,,
64,8388608,4372,1918,0.8520250767469406,0.0,0.2,0.000250454784,0.005770386662334204,34.907657623291016,7.281074044108391,0.2448955625295639,315,0.0001545174,0.1686213632,-0.00041102093891822735,78.56615078449249,,,
65,8519680,4372,1948,0.8550282418727875,0.0,0.2,0.000249668352,0.005764249712228775,30.342037200927734,7.296787652373314,0.2614213526248932,320,0.00015285611,0.16812328960000003,-0.0007073116408719216,68.5663637638092,,,
66,8650752,4373,1978,0.8555739223957062,0.0,0.2,0.00024888191999999996,0.005763668566942215,26.243825912475586,7.357764586806297,0.2638087868690491,325,0.00014611386,0.167625216,-0.000500461709452793,67.14264132976533,,,
67,8781824,4373,2008,0.8508719503879547,0.0,0.2,0.000248095488,0.005770336836576462,32.465518951416016,7.318211036920547,0.27257949113845825,330,8.799447e-05,0.1671271424,-7.421863992931321e-05,73.24901475906373,,,
68,8912896,4373,2037,0.8510000258684158,1.678466796875e-05,0.2,0.00024730905599999997,0.005788726266473532,31.079364776611328,7.313967895507813,0.2736397385597229,335,0.00015852315,0.1666290688,-0.00037443381479533854,72.23263552188874,,,
69,9043968,4372,2068,0.8507261574268341,0.0,0.2,0.000246522624,0.005793134681880474,34.20958709716797,7.3077416837215425,0.27135607600212097,340,0.00014013925,0.16613099520000002,-0.0003909215098246932,71.59787592887878,,,
70,9175040,4372,2098,0.8529457151889801,0.0,0.2,0.00024573619199999997,0.005805361084640026,28.718233108520508,7.360229545831681,0.27900230884552,345,9.2623006e-05,0.1656329216,-0.00026918388393823987,68.75985972881317,,,
71,9306112,4373,2127,0.8454990833997726,0.0,0.2,0.00024494975999999995,0.005813998635858297,30.861949920654297,7.35071564912796,0.2692049741744995,350,7.411913e-05,0.165134848,0.00013600387756014244,72.47857518196106,,,
72,9437184,4373,2157,0.83507439494133,0.0,0.2,0.000244163328,0.00580933503806591,31.148292541503906,7.374295976758003,0.2871876358985901,355,0.00012039593,0.16463677440000002,-0.0003387862700037658,69.12418327331542,,,
73,9568256,4372,2188,0.8592808097600937,0.0,0.2,0.00024337689599999998,0.005814181175082922,30.66796875,7.401189815998078,0.2885819673538208,360,6.7526926e-05,0.1641387008,-0.000206265487940982,71.54303495883941,,,
74,9699328,4371,2218,0.8536036461591721,3.0517578125e-06,0.2,0.00024259046399999998,0.005828292109072208,34.92155456542969,7.253771966695785,0.30405178666114807,365,9.94762e-05,0.16364062720000003,0.00020739740575663744,70.41050581932068,,,
75,9830400,4372,2248,0.8452071100473404,0.0,0.2,0.00024180403199999996,0.005854031071066856,34.35790252685547,7.235306659340859,0.31068381667137146,370,0.00017616696,0.16314255360000002,-0.00020188483176752925,67.93323740959167,,,
76,9961472,4371,2278,0.8560889959335327,0.0,0.2,0.0002410176,0.005870174616575241,30.620203018188477,7.264172556996345,0.3151552379131317,375,9.523466e-05,0.16264448,-7.119724978110753e-06,66.30626821517944,,,
77,10092544,4372,2308,0.8625604659318924,0.0,0.2,0.000240231168,0.005870406981557608,30.49651336669922,7.326105374097824,0.30200883746147156,380,0.00017679096,0.16214640640000003,-0.0005408296325185802,69.4907475233078,,,
78,10223616,4372,2338,0.8544877469539642,0.0,0.2,0.00023944473599999997,0.005884632468223572,32.080665588378906,7.277967005968094,0.3132997751235962,385,0.00010835003,0.1616483328,-0.00022260486948653125,71.70264129638672,,,
79,10354688,4373,2367,0.8509663790464401,1.373291015625e-05,0.2,0.00023865830399999997,0.005899912677705288,30.085790634155273,7.236956360936165,0.30548977851867676,390,8.178828e-05,0.1611502592,5.69787880522199e-06,68.164768242836,,,
80,10485760,4372,2398,0.8442939221858978,0.0,0.2,0.00023787187199999997,0.005898298230022192,33.10466766357422,7.303759598731995,0.31120502948760986,395,8.182313e-05,0.1606521856,-0.0003347797606693348,75.67424952983856,,,
81,10616832,4372,2428,0.8603822588920593,0.0,0.2,0.00023708543999999997,0.005903786979615688,33.16952133178711,7.370515269041062,0.3007463216781616,400,6.828834e-05,0.16015411200000002,0.00017533411210024497,71.94765913486481,,,
82,10747904,4373,2457,0.8537566661834717,7.62939453125e-06,0.2,0.00023629900799999998,0.005916388239711523,30.668460845947266,7.24783938229084,0.3314938247203827,405,8.812286e-05,0.1596560384,3.173657169099897e-05,69.4013726234436,,,
83,10878976,4374,2487,0.8591413348913193,0.0,0.2,0.000235512576,0.005914706736803055,30.235950469970703,7.2749670296907425,0.32643598318099976,410,9.435338e-05,0.15915796480000002,-0.0003209503433026839,70.27530345916747,,,
84,11010048,4373,2517,0.8624841123819351,0.0,0.2,0.00023472614399999998,0.005925354547798634,30.79136848449707,7.321554633975029,0.3212057650089264,415,6.0185608e-05,0.15865989120000001,-1.1945055302930995e-05,66.50917489528656,,,
85,11141120,4372,2547,0.838492289185524,0.0,0.2,0.00023393971199999999,0.005930934101343155,38.84940719604492,7.242952513694763,0.3377017676830292,420,0.000109091154,0.1581618176,-0.0005367843881685985,81.40268812179565,,,
86,11272192,4373,2577,0.8580165207386017,8.85009765625e-05,0.2,0.00023315328,0.005954624619334936,27.856081008911133,7.263990405201912,0.32415103912353516,425,0.00027724396,0.15766374400000002,-0.00021235057502053679,67.14678628444672,,,
87,11403264,4373,2607,0.8575611710548401,0.0,0.2,0.00023236684799999996,0.005974858533591032,30.418045043945312,7.25306581556797,0.3327176570892334,430,8.62002e-05,0.1571656704,-3.3954325772356243e-06,71.52712936401367,,,
88,11534336,4374,2636,0.8538549840450287,1.52587890625e-06,0.2,0.00023158041599999997,0.005985379219055176,30.430866241455078,7.227057021856308,0.3619112968444824,435,7.7999954e-05,0.1566675968,-0.00019752675434574484,74.81091361045837,,,
89,11665408,4372,2667,0.86224365234375,0.0,0.2,0.00023079398399999997,0.006010250188410282,28.526254653930664,7.190404942631721,0.3273102641105652,440,0.00014543763,0.15616952320000002,-0.00018341146787861362,67.37284142971039,,,
90,11796480,4372,2697,0.8600956946611404,0.0,0.2,0.00023000755199999997,0.006021913141012192,33.12187194824219,7.21145831644535,0.3397255837917328,445,8.012868e-05,0.1556714496,-1.1320951307425275e-05,75.807080245018,,,
91,11927552,4373,2727,0.8574486076831818,0.0,0.2,0.00022922112,0.006029818207025528,27.53696060180664,7.22705385684967,0.33568987250328064,450,6.720806e-05,0.15517337600000003,0.00011955625886912457,69.75118374824524,,,
92,12058624,4372,2757,0.8703392148017883,0.0,0.2,0.000228434688,0.006045772694051266,26.770671844482422,7.29472736120224,0.33611175417900085,455,7.53201e-05,0.15467530240000002,0.00014429128132178448,69.7045393228531,,,
93,12189696,4372,2787,0.8633331954479218,1.373291015625e-05,0.2,0.00022764825599999998,0.006056462414562702,31.249431610107422,7.21091593503952,0.3560994565486908,460,0.00012014068,0.1541772288,-0.0002008703875617357,69.60331058502197,,,
94,12320768,4372,2817,0.8512273728847504,0.0,0.2,0.00022686182399999998,0.006055044010281563,31.741374969482422,7.235639554262161,0.35652559995651245,465,0.000105068815,0.1536791552,-0.0005551620786718558,74.03193290233612,,,
95,12451840,4371,2848,0.8608727902173996,1.52587890625e-06,0.2,0.00022607539199999999,0.006067672278732061,29.531909942626953,7.19251378774643,0.35604286193847656,470,8.010346e-05,0.15318108160000002,-0.0001482593681430444,65.61354148387909,,,
96,12582912,4372,2877,0.8548302948474884,0.0,0.2,0.00022528895999999996,0.006068537011742592,30.9536075592041,7.226260903477669,0.3677458167076111,475,9.2092436e-05,0.152683008,-0.00042507958132773636,70.91943702697753,,,
97,12713984,4371,2908,0.8553734123706818,0.00011138916015625,0.2,0.00022450252799999996,0.00608756672590971,29.101123809814453,7.202773442864418,0.3674573600292206,480,0.00022994258,0.1521849344,-0.00032869258720893415,66.89261641502381,,,
98,12845056,4372,2937,0.847111776471138,0.0,0.2,0.00022371609599999997,0.006093551404774189,30.484359741210938,7.203815692663193,0.3961491584777832,485,7.406211e-05,0.15168686080000002,-0.00020411912955751177,72.25118470191956,,,
99,12976128,4371,2968,0.8458576649427414,0.0,0.2,0.000222929664,0.006099568214267492,32.47311019897461,7.138197919726371,0.36636537313461304,490,7.6006625e-05,0.1511887872,-0.00018882770455093124,75.26812465190888,,,
100,13107200,4371,2997,0.8582942336797714,0.0,0.2,0.000222143232,0.006106680259108543,28.68722915649414,7.233241945505142,0.37460097670555115,495,0.00017466386,0.15069071360000003,-0.0006490788953669834,71.04351968765259,,,
101,13238272,4371,3028,0.8506566882133484,0.0,0.2,0.0002213568,0.006113633047789335,33.78014373779297,7.205195805430412,0.3930233120918274,500,8.563855e-05,0.15019264000000002,-0.0003345312627061503,73.90849030017853,,,
102,13369344,4371,3058,0.8510421812534332,0.0,0.2,0.00022057036799999998,0.006133099552243948,32.3847770690918,7.234443047642708,0.40267467498779297,505,8.273128e-05,0.1496945664,8.29137694381643e-05,68.35031151771545,,,
103,13500416,4370,3088,0.8513359725475311,0.0,0.2,0.00021978393599999998,0.0061280797235667706,30.112886428833008,7.185503154993057,0.40329188108444214,510,0.00011634617,0.14919649280000002,-0.0002459146890032571,66.97388069629669,,,
104,13631488,4370,3118,0.854741781949997,0.0,0.2,0.00021899750399999996,0.006125417537987232,30.183229446411133,7.239096906781197,0.40964144468307495,515,6.218936e-05,0.1486984192,-5.153123929630965e-05,68.71637454032899,,,
105,13762560,4370,3148,0.8588389009237289,0.0,0.2,0.00021821107199999996,0.006128785666078329,30.660118103027344,7.28481895327568,0.4079839587211609,520,5.4263677e-05,0.1482003456,-9.762157060322352e-05,68.54312620162963,,,
106,13893632,4370,3178,0.8521057367324829,0.0,0.2,0.00021742463999999996,0.006141713820397854,37.17207336425781,7.2374232649803165,0.43194326758384705,525,7.1814284e-05,0.147702272,0.0001419594540493563,73.7811450958252,,,
107,14024704,4370,3208,0.8716196268796921,0.0,0.2,0.000216638208,0.006152884569019079,31.4588680267334,7.219510683417321,0.41152483224868774,530,7.48303e-05,0.1472041984,-0.0002070930349873379,66.60598640441894,,,
108,14155776,4370,3238,0.8698598742485046,3.0517578125e-06,0.2,0.000215851776,0.006170948036015034,24.99464988708496,7.1453880846500395,0.44335752725601196,535,0.00012451014,0.1467061248,-0.00035129886819049714,67.08591639995575,,,
109,14286848,4371,3268,0.8581886291503906,0.0,0.2,0.000215065344,0.00618366152048111,29.672800064086914,7.203449273109436,0.42950066924095154,540,7.9607045e-05,0.14620805120000002,0.0001783665138646029,68.92853512763978,,,
110,14417920,4371,3298,0.8637344986200333,0.0,0.2,0.000214278912,0.006192061118781567,30.387853622436523,7.198180538415909,0.42001885175704956,545,5.697887e-05,0.1457099776,1.847746389103122e-05,71.10028083324433,,,
111,14548992,4370,3328,0.8612355291843414,0.0,0.2,0.00021349247999999997,0.006200172007083893,27.598739624023438,7.170202738046646,0.42470782995224,550,5.866652e-05,0.145211904,-9.9207139282953e-05,67.3513473033905,,,
112,14680064,4371,3358,0.8666644841432571,0.0,0.2,0.00021270604799999998,0.006214401684701443,25.987581253051758,7.17327564060688,0.40224379301071167,555,8.3576655e-05,0.14471383040000002,-0.00017034109587257262,63.28465304374695,,,
113,14811136,4370,3388,0.8711482435464859,2.13623046875e-05,0.2,0.00021191961599999995,0.006237976253032684,30.848613739013672,7.084500685334206,0.4537738263607025,560,0.0002103762,0.14421575679999998,-0.00023976135780685582,68.02182350158691,,,
114,14942208,4370,3418,0.862385630607605,0.0,0.2,0.00021113318399999996,0.006247367709875107,28.979820251464844,7.086173185706139,0.46242842078208923,565,7.939889e-05,0.1437176832,-0.0001280430686165346,70.15271010398865,,,
115,15073280,4370,3449,0.8444439619779587,0.0,0.2,0.00021034675199999999,0.006250505801290274,34.330108642578125,7.170294985175133,0.4332433342933655,570,5.4534197e-05,0.1432196096,-0.00019747016776818782,76.10515782833099,,,
116,15204352,4370,3479,0.8698586374521255,0.0,0.2,0.00020956032,0.006256471388041973,31.123825073242188,7.1009352713823315,0.4642643332481384,575,6.8908645e-05,0.142721536,-0.00027448567961982915,68.36453804969787,,,
117,15335424,4370,3508,0.8638032823801041,0.0,0.2,0.000208773888,0.006273425184190273,31.845611572265625,7.147744598984718,0.444974422454834,580,6.863902e-05,0.14222346240000003,-0.00012440570935723372,70.4516978263855,,,
118,15466496,4370,3539,0.8763008415699005,0.0,0.2,0.000207987456,0.006295544560998678,36.4219970703125,7.155343466997147,0.4439176023006439,585,8.209553e-05,0.14172538880000002,-0.0001884783647255972,68.3127685546875,,,
119,15597568,4369,3569,0.8721010684967041,0.0,0.2,0.000207201024,0.006294840481132269,32.38090896606445,7.173803591728211,0.425575852394104,590,9.526634e-05,0.14122731520000004,-0.0003449064683081815,68.46264991760253,,,
120,15728640,4368,3600,0.8636251986026764,0.0,0.2,0.00020641459199999997,0.0063070934265851974,29.06481170654297,7.1618706494569775,0.45582932233810425,595,6.813755e-05,0.1407292416,-0.00024228400070569478,71.95403945446014,,,
121,15859712,4367,3630,0.8759335950016975,0.0,0.2,0.00020562815999999997,0.006317934021353722,29.998363494873047,7.163553604483605,0.46057820320129395,600,5.4665266e-05,0.14023116800000002,9.28981760807801e-05,65.15048179626464,,,
122,15990784,4367,3661,0.8656885772943497,0.0,0.2,0.00020484172799999995,0.006325425114482641,36.09478759765625,7.130378216505051,0.4499357342720032,605,4.0754672e-05,0.1397330944,8.841476665111259e-06,70.6706312417984,,,
123,16121856,4366,3692,0.8697945475578308,0.0,0.2,0.00020405529599999998,0.006330444477498531,31.473989486694336,7.116839793324471,0.4966372847557068,610,4.789803e-05,0.1392350208,5.23724957020022e-05,66.39725427627563,,,
124,16252928,4366,3722,0.875646248459816,3.0517578125e-06,0.2,0.00020326886399999998,0.006359776481986046,30.916484832763672,7.118032687902451,0.4706272482872009,615,0.00012612565,0.13873694720000002,-0.0001316152513027191,67.56570434570312,,,
125,16384000,4366,3752,0.8672591000795364,0.0,0.2,0.00020248243199999999,0.006369016133248806,30.1866512298584,7.18387853205204,0.4640086591243744,620,7.1858834e-05,0.1382388736,-0.0001943618626683019,74.59779908657075,,,
126,16515072,4366,3782,0.861804410815239,0.0,0.2,0.000201696,0.006384414620697498,28.055322647094727,7.1105366289615635,0.49676546454429626,625,9.7230964e-05,0.13774080000000002,-6.703674080199562e-05,68.00501930713654,,,
127,16646144,4366,3812,0.8545825928449631,0.0,0.2,0.000200909568,0.0063975839875638485,33.34836196899414,7.12044395506382,0.4638369679450989,630,7.96229e-05,0.13724272640000001,-0.0004811024460650515,75.85388159751892,,,
128,16777216,4366,3842,0.8801885172724724,0.0,0.2,0.000200123136,0.0064096651040017605,26.942459106445312,7.109399184584618,0.4825405478477478,635,5.2165225e-05,0.13674465280000003,-8.372531192435417e-05,62.9299245595932,,,
129,16908288,4366,3872,0.8616242855787277,3.0517578125e-06,0.2,0.00019933670399999997,0.006432210560888052,31.139257431030273,7.075342974066734,0.48947280645370483,640,9.072099e-05,0.1362465792,-0.00016217993033933452,68.76938242912293,,,
130,17039360,4366,3902,0.8703766316175461,0.0,0.2,0.000198550272,0.0064465682953596115,25.954376220703125,7.085418960452079,0.4818144738674164,645,5.2711664e-05,0.1357485056,-0.00015200318302959203,69.7332961320877,,,
131,17170432,4366,3932,0.8844206780195236,0.0,0.2,0.00019776383999999997,0.006465389858931303,30.576251983642578,7.052226626873017,0.5080206394195557,650,9.005876e-05,0.135250432,-0.00021985082785249687,65.0469162940979,,,
132,17301504,4365,3962,0.8701755553483963,0.0,0.2,0.00019697740799999998,0.006474593188613653,30.24610137939453,7.072444438934326,0.5409889817237854,655,5.2967553e-05,0.1347523584,-8.622454843134619e-05,70.81717133522034,,,
133,17432576,4366,3992,0.8693609982728958,0.0,0.2,0.00019619097599999998,0.006477717310190201,28.593177795410156,7.120653694868087,0.49435895681381226,660,5.5343182e-05,0.1342542848,-3.3099292340921235e-05,65.18321540355683,,,
134,17563648,4366,4022,0.8604415655136108,0.0,0.2,0.00019540454399999998,0.006495032459497452,33.937522888183594,7.082195207476616,0.5001934766769409,665,5.2729818e-05,0.1337562112,6.27528723271098e-05,75.33511221408844,,,
135,17694720,4366,4052,0.8758382499217987,0.0,0.2,0.00019461811199999999,0.006499789655208588,32.52360534667969,7.113231179118157,0.5196830630302429,670,6.673801e-05,0.13325813760000002,-0.0002866445567633491,66.83969576358795,,,
136,17825792,4366,4082,0.8595617264509201,0.0,0.2,0.00019383168,0.006506618112325668,29.496789932250977,7.09884560406208,0.4985927939414978,675,4.448251e-05,0.132760064,-0.0002758901726338081,72.53958075046539,,,
137,17956864,4366,4112,0.863405779004097,0.0,0.2,0.00019304524800000002,0.0065171560272574425,31.039592742919922,7.0584676414728165,0.5215210914611816,680,5.5933062e-05,0.13226199040000003,2.9061319946777075e-05,68.32055423259735,,,
138,18087936,4366,4142,0.8620938509702682,0.0,0.2,0.000192258816,0.006520499475300312,28.604358673095703,7.124157038331032,0.5190513730049133,685,6.347179e-05,0.1317639168,-3.724932139448356e-05,69.60744292736054,,,
139,18219008,4366,4172,0.8429041802883148,0.0,0.2,0.000191472384,0.006536364555358887,36.25185775756836,7.094456285238266,0.5222690105438232,690,5.8544916e-05,0.1312658432,0.00014040834721527063,71.612420296669,,,
140,18350080,4366,4202,0.8653358966112137,0.0,0.2,0.00019068595199999997,0.0065542361699044704,30.913022994995117,7.091465803980827,0.4706747531890869,695,6.2352476e-05,0.1307677696,0.0001435396472516004,69.18405659198761,,,
141,18481152,4366,4232,0.8495736867189407,0.0,0.2,0.00018989951999999997,0.0065688928589224815,31.118911743164062,7.028542691469193,0.5532357692718506,700,0.00013944527,0.130269696,-0.00032016379263950513,72.82413918972016,,,
142,18612224,4366,4262,0.863863617181778,0.0,0.2,0.00018911308799999998,0.0065752356313169,34.52993392944336,7.093956011533737,0.540932297706604,705,7.9365665e-05,0.1297716224,-0.00037168828785070216,71.48402862548828,,,
143,18743296,4366,4292,0.8675286322832108,0.0,0.2,0.00018832665599999998,0.0065866257064044476,27.842601776123047,7.029147663712502,0.536198616027832,710,4.7325204e-05,0.1292735488,5.98524566157721e-05,65.70743594169616,,,
144,18874368,4366,4322,0.8606324642896652,4.57763671875e-06,0.2,0.00018754022399999998,0.006597593426704407,31.759550094604492,7.07383918762207,0.5099053382873535,715,7.248674e-05,0.12877547520000002,7.456056337105111e-05,70.57439877986909,,,
145,19005440,4366,4352,0.8558854460716248,0.0,0.2,0.000186753792,0.006622370332479477,34.440040588378906,7.03221018910408,0.5213741660118103,720,0.00011253454,0.1282774016,6.390422640834004e-06,75.95464384555817,,,
146,19136512,4366,4382,0.8580404669046402,0.0,0.2,0.00018596736,0.006618249695748091,33.088836669921875,7.0092867821455,0.5148200988769531,725,4.8037447e-05,0.127779328,-5.5245240946533156e-05,73.44711666107177,,,
147,19267584,4366,4412,0.8703492134809494,3.0517578125e-06,0.2,0.000185180928,0.0066408514976501465,29.848587036132812,7.0434900462627414,0.5436669588088989,730,6.842899e-05,0.12728125440000002,-0.0001547039362776559,66.165656042099,,,
148,19398656,4366,4442,0.8684310913085938,0.0,0.2,0.000184394496,0.006665750406682491,29.444414138793945,7.005474007129669,0.5316590070724487,735,8.946587e-05,0.1267831808,-9.217014085152186e-05,67.74727067947387,,,
149,19529728,4366,4472,0.865362673997879,0.0,0.2,0.00018360806399999997,0.006662069819867611,31.139253616333008,7.026993477344513,0.5280642509460449,740,4.5302713e-05,0.1262851072,1.1471981997601688e-05,68.35268199443817,,,
150,19660800,4366,4502,0.8643685579299927,0.0,0.2,0.00018282163199999997,0.006676953285932541,31.248937606811523,6.976100346446037,0.5358421802520752,745,5.678901e-05,0.1257870336,-0.00023928371156216598,71.41683790683746,,,
151,19791872,4366,4532,0.8707263171672821,0.0,0.2,0.00018203519999999997,0.006690246053040028,34.24378967285156,6.98868111371994,0.5422347784042358,750,5.682328e-05,0.12528896,0.00010068186020362191,73.20469326972962,,,
152,19922944,4366,4562,0.8638221174478531,0.0,0.2,0.00018124876799999998,0.006708148401230574,29.08203887939453,6.9959947019815445,0.5256485342979431,755,5.782218e-05,0.1247908864,-5.562200130952988e-05,69.7212337732315,,,
153,20054016,4366,4592,0.8606091886758804,0.0,0.2,0.000180462336,0.006723515689373016,33.90548324584961,6.983344557881355,0.5500547885894775,760,4.1243504e-05,0.1242928128,6.313403573585675e-05,71.7513664007187,,,
154,20185088,4366,4622,0.8690494894981384,7.62939453125e-06,0.2,0.000179675904,0.006716081406921148,28.18455696105957,6.954989755153656,0.5566035509109497,765,0.00018178261,0.1237947392,-0.0006489651470474201,63.567426919937134,,,
155,20316160,4366,4652,0.863422617316246,0.0,0.2,0.00017888947199999999,0.006719663739204407,33.192726135253906,7.015085458755493,0.5585280656814575,770,3.311498e-05,0.1232966656,5.443812915473245e-06,71.03705072402954,,,
156,20447232,4366,4683,0.8655115813016891,0.0,0.2,0.00017810304,0.006729231681674719,30.814414978027344,6.967846938967705,0.5649904012680054,775,5.717444e-05,0.122798592,8.006502066564281e-05,67.77374114990235,,,
157,20578304,4366,4712,0.861939400434494,0.0,0.2,0.00017731660799999996,0.006738956086337566,29.00255012512207,7.024117219448089,0.5491814613342285,780,3.77168e-05,0.12230051839999997,3.3828712548711334e-05,69.65300612449646,,,
158,20709376,4366,4742,0.8549917042255402,0.0,0.2,0.00017653017599999997,0.006737329065799713,36.4442253112793,6.955837601423264,0.5331772565841675,785,5.284443e-05,0.12180244479999998,-0.0002729894004005473,76.96422913074494,,,
159,20840448,4366,4773,0.8725959956645966,0.0,0.2,0.00017574374399999997,0.006737544666975737,28.260976791381836,6.986013102531433,0.5579476356506348,790,4.7529087e-05,0.1213043712,-0.0002706433726416435,65.2478704214096,,,
160,20971520,4366,4803,0.8615047633647919,0.0,0.2,0.00017495731199999997,0.006748385727405548,32.7569465637207,6.94961069226265,0.5572038888931274,795,7.1844304e-05,0.1208062976,4.0310142139787786e-05,65.10065417289734,,,
161,21102592,4366,4833,0.8624102175235748,0.0,0.2,0.00017417088,0.006757728755474091,31.02472496032715,6.970326912403107,0.5608860850334167,800,3.4170036e-05,0.120308224,-8.23288588435389e-05,69.9513958454132,,,
162,21233664,4365,4863,0.8589827865362167,0.0,0.2,0.000173384448,0.006770081352442503,30.874187469482422,6.95126049220562,0.5927535891532898,805,8.524087e-05,0.11981015040000001,-0.0001922150819154922,68.8941133260727,,,
163,21364736,4366,4893,0.8610614389181137,0.0,0.2,0.000172598016,0.006787111982703209,32.76203155517578,6.964508751034737,0.5593745112419128,810,4.716198e-05,0.11931207680000001,-1.2676938786171376e-05,70.32428154945373,,,
164,21495808,4366,4923,0.8624773323535919,0.0,0.2,0.00017181158399999998,0.006791083142161369,27.91468620300293,6.968810197710991,0.554600715637207,815,4.072421e-05,0.11881400319999999,5.8641982832341455e-05,68.23243510723114,,,
165,21626880,4366,4953,0.8586474061012268,0.0,0.2,0.00017102515199999999,0.00679963082075119,36.093631744384766,7.001678442955017,0.5759599804878235,820,0.00011875279,0.1183159296,-0.0005379387002903968,75.3354992389679,,,
166,21757952,4365,4983,0.8495887517929077,0.0,0.2,0.00017023871999999996,0.006804370786994696,35.87153625488281,6.933687689900398,0.6087633967399597,825,4.0046434e-05,0.11781785599999998,-0.0001475369237596169,70.28856830596924,,,
167,21889024,4366,5013,0.8653540164232254,0.0,0.2,0.00016945228799999996,0.006821373011916876,28.09463119506836,6.918067327141761,0.5897806882858276,830,0.00012567097,0.11731978239999999,-0.0005020770178816747,69.19655859470367,,,
168,22020096,4365,5043,0.865884929895401,3.0517578125e-06,0.2,0.00016866585599999997,0.006831371691077948,32.29475021362305,6.987464258074761,0.612065315246582,835,0.0002551712,0.1168217088,-0.0008268871752079576,72.02806146144867,,,
169,22151168,4365,5074,0.866780549287796,0.0,0.2,0.000167879424,0.00685042655095458,34.374263763427734,6.9498479753732685,0.5857483744621277,840,7.896312e-05,0.1163236352,-0.00023329278483288362,72.5161408662796,,,
170,22282240,4365,5103,0.8804148361086845,0.0,0.2,0.000167092992,0.006847237702459097,28.43230438232422,7.0064849078655245,0.6235820055007935,845,6.448728e-05,0.1158255616,-0.0003568377520423383,65.67064852714539,,,
171,22413312,4365,5134,0.8675893843173981,0.0,0.2,0.00016630656,0.0068393065594136715,34.89586639404297,6.9939191192388535,0.5717877149581909,850,4.492673e-05,0.115327488,-0.0003052592757740058,70.84242360591888,,,
172,22544384,4365,5163,0.8694091886281967,0.0,0.2,0.000165520128,0.006837901659309864,33.30205154418945,6.965547627210617,0.6136167049407959,855,6.0252754e-05,0.11482941440000001,-0.0003684281506139087,73.859121799469,,,
173,22675456,4365,5194,0.8888089582324028,0.0,0.2,0.00016473369599999998,0.0068703023716807365,28.52073097229004,6.945986291766166,0.6078503131866455,860,9.5152616e-05,0.1143313408,-9.113282940234057e-05,66.13180437088013,,,
174,22806528,4365,5224,0.8702168017625809,0.0,0.2,0.00016394726399999998,0.006878222338855267,31.923948287963867,6.940815529227256,0.6241424083709717,865,5.0564813e-05,0.1138332672,2.5769440617295915e-05,68.72868220806122,,,
175,22937600,4365,5254,0.8686711490154266,0.0,0.2,0.00016316083199999996,0.006876838859170675,31.531705856323242,6.946077284216881,0.5890682339668274,870,3.306671e-05,0.11333519359999998,-5.9181892720516774e-05,68.87797157764435,,,
176,23068672,4365,5284,0.8574096858501434,0.0,0.2,0.00016237439999999996,0.006884617265313864,33.8973388671875,6.945261719822883,0.6103403568267822,875,4.483956e-05,0.11283711999999999,-0.00017565157577337231,76.20698399543762,,,
177,23199744,4365,5314,0.8655320554971695,0.0,0.2,0.000161587968,0.006890137679874897,28.450870513916016,6.923411726951599,0.6250684261322021,880,4.6860045e-05,0.11233904639999999,-0.00024891472421586516,66.3772245168686,,,
178,23330816,4365,5344,0.8596732169389725,0.0,0.2,0.000160801536,0.0069070546887815,31.562414169311523,6.974620968103409,0.6089228987693787,885,5.098306e-05,0.1118409728,1.292702290811576e-05,68.84225640296935,,,
179,23461888,4364,5375,0.8736925423145294,0.0,0.2,0.000160015104,0.0069199493154883385,29.999263763427734,6.9565895169973375,0.6764416694641113,890,6.812358e-05,0.1113428992,-0.0002763873308140319,67.54989593029022,,,
180,23592960,4364,5405,0.8722346127033234,0.0,0.2,0.000159228672,0.0069199963472783566,27.887731552124023,6.969182759523392,0.6021450757980347,895,3.1838514e-05,0.1108448256,-0.00014981261410866863,66.62592794895173,,,
181,23724032,4364,5435,0.8830335214734077,0.0,0.2,0.00015844224,0.0069379983469843864,32.07549285888672,6.952873677015305,0.6512473821640015,900,6.2884064e-05,0.110346752,-0.0002349227088416228,63.85159192085266,,,
182,23855104,4364,5465,0.869024470448494,0.0,0.2,0.00015765580799999998,0.006949637085199356,32.46843338012695,7.005591878294945,0.6349596977233887,905,4.13432e-05,0.1098486784,-0.00014237475843401626,68.10432827472687,,,
183,23986176,4364,5495,0.8644058108329773,0.0,0.2,0.00015686937599999998,0.006964486092329025,31.138954162597656,6.955015707015991,0.6510663032531738,910,4.3950546e-05,0.1093506048,-9.465121111134067e-05,68.47622985839844,,,
184,24117248,4364,5525,0.8741383999586105,0.0,0.2,0.00015608294399999996,0.0069829728454351425,30.60590934753418,6.906995630264282,0.6813253164291382,915,4.773409e-05,0.10885253119999998,7.626654478372074e-05,65.58408308029175,,,
185,24248320,4364,5555,0.870823085308075,0.0,0.2,0.00015529651199999999,0.006994662340730429,24.752344131469727,6.9242830991745,0.6268286108970642,920,3.6760677e-05,0.10835445759999998,-0.00010734184616012499,67.73741474151612,,,
186,24379392,4364,5585,0.8698444664478302,0.0,0.2,0.00015451008,0.007008859887719154,31.51460075378418,6.921790450811386,0.6401363611221313,925,3.0667532e-05,0.10785638399999999,0.0001181262639875058,70.73260743618012,,,
187,24510464,4364,5615,0.8690125346183777,0.0,0.2,0.000153723648,0.007024690508842468,31.03473663330078,6.883881783485412,0.6821857690811157,930,8.921151e-05,0.1073583104,-0.0001903613236208912,66.93563022613526,,,
188,24641536,4365,5645,0.8541828691959381,0.0,0.2,0.000152937216,0.007033911533653736,30.5692195892334,6.946367460489273,0.6223360300064087,935,3.5195877e-05,0.10686023680000001,-6.778617898817174e-05,72.64805421829223,,,
189,24772608,4364,5675,0.8692659884691238,0.0,0.2,0.000152150784,0.007044633384793997,29.269716262817383,6.940007811784744,0.655591607093811,940,0.000130851,0.10636216320000001,-0.00042088676054845563,66.18957285881042,,,
190,24903680,4364,5706,0.8688539415597916,0.0,0.2,0.000151364352,0.007051907014101744,29.572233200073242,6.9176965177059175,0.7066260576248169,945,3.404435e-05,0.10586408960000002,2.6270421221852304e-05,64.10010545253753,,,
191,25034752,4364,5736,0.8608623892068863,0.0,0.2,0.00015057791999999997,0.007061108481138945,31.384809494018555,6.915674015879631,0.6512435674667358,950,2.9352737e-05,0.10536601599999999,-0.00010200729775533546,68.55683588981628,,,
192,25165824,4364,5766,0.8542723059654236,0.0,0.2,0.000149791488,0.007082569412887096,31.145103454589844,6.942849656939506,0.6962417364120483,955,6.538689e-05,0.1048679424,-9.576868105796166e-05,73.5568427324295,,,
193,25296896,4364,5795,0.8693339079618454,0.0,0.2,0.000149005056,0.007097274996340275,33.70565414428711,6.9673709034919735,0.6858970522880554,960,8.341094e-05,0.1043698688,-0.0002917158810305409,68.45748243331909,,,
194,25427968,4364,5826,0.8507802337408066,0.0,0.2,0.00014821862399999998,0.007111148443073034,31.003063201904297,6.837650963664055,0.6789073944091797,965,4.8900678e-05,0.10387179519999999,-0.00017922123879543506,72.10166831016541,,,
195,25559040,4364,5856,0.8761007636785507,0.0,0.2,0.00014743219199999999,0.007129692938178778,29.176279067993164,6.836205422878265,0.6903942823410034,970,4.011548e-05,0.1033737216,2.658229204826057e-05,65.36803822517395,,,
196,25690112,4364,5886,0.8777876421809196,0.0,0.2,0.00014664576,0.007140572182834148,27.68864631652832,6.893256577849388,0.6939908266067505,975,4.244724e-05,0.102875648,-4.6097629092400896e-05,65.76536250114441,,,
197,25821184,4364,5916,0.8718875646591187,0.0,0.2,0.000145859328,0.007138905581086874,35.245033264160156,6.906148535013199,0.6836830973625183,980,2.8873197e-05,0.1023775744,-7.074592685967218e-05,71.84951739311218,,,
198,25952256,4364,5946,0.8789603859186172,0.0,0.2,0.00014507289599999997,0.007149885408580303,28.490732192993164,6.876938608288765,0.7023555636405945,985,3.9426173e-05,0.10187950079999998,1.3210110773798079e-05,67.58005616664886,,,
199,26083328,4364,5976,0.8762042000889778,0.0,0.2,0.00014428646399999997,0.007154473103582859,26.952423095703125,6.942428070306778,0.6887661814689636,990,3.2405333e-05,0.10138142719999998,-0.0001501129510870669,67.52144634723663,,,
200,26214400,4364,6006,0.8817616179585457,0.0,0.2,0.000143500032,0.007171583361923695,28.984031677246094,6.916940662264824,0.7006987929344177,995,4.163858e-05,0.10088335359999999,-1.0421345723443665e-05,61.91931800842285,,,
201,26345472,4364,6036,0.8776245340704918,0.0,0.2,0.0001427136,0.007182988803833723,28.215717315673828,6.899534225463867,0.6920075416564941,1000,2.6835069e-05,0.10038528000000001,2.3282055917661636e-05,65.11802279949188,,,
202,26476544,4364,6066,0.8722437918186188,0.0,0.2,0.000141927168,0.007200758904218674,32.642189025878906,6.865916174650192,0.732047975063324,1005,2.8973656e-05,0.09988720640000001,1.9672813868965024e-05,68.92606852054595,,,
203,26607616,4364,6096,0.8716928064823151,0.0,0.2,0.00014114073599999998,0.007215213030576706,32.52548599243164,6.820467901229859,0.699779212474823,1010,4.1383748e-05,0.09938913279999999,-0.00018621139824972487,69.54271817207336,,,
204,26738688,4364,6126,0.8725523054599762,0.0,0.2,0.00014035430399999998,0.0072207204066216946,27.632062911987305,6.889209628105164,0.6700448393821716,1015,3.0344729e-05,0.09889105919999999,-0.0001904049266158836,68.82528965473175,,,
205,26869760,4364,6156,0.8671125024557114,0.0,0.2,0.00013956787199999999,0.007228689268231392,33.86127471923828,6.829539480805397,0.7252941131591797,1020,3.5453806e-05,0.0983929856,-7.225011722766794e-05,73.41948337554932,,,
206,27000832,4364,6186,0.8897322863340378,0.0,0.2,0.00013878144,0.007229221519082785,24.627378463745117,6.804121962189674,0.680694580078125,1025,8.419003e-05,0.097894912,-0.00014005486300447956,61.80797626972198,,,
207,27131904,4364,6217,0.8794381991028786,0.0,0.2,0.00013799500799999996,0.007229171693325043,26.63082504272461,6.901840376853943,0.7035709619522095,1030,2.1391008e-05,0.09739683839999999,-9.518608312646393e-05,66.99701917171478,,,
208,27262976,4363,6248,0.8758675381541252,0.0,0.2,0.000137208576,0.00722105149179697,27.043140411376953,6.865178513526916,0.7210494875907898,1035,4.8528942e-05,0.0968987648,-0.0003475395154964644,66.06212055683136,,,
209,27394048,4363,6277,0.8719639778137207,0.0,0.2,0.000136422144,0.007218554615974426,29.29700469970703,6.832714715600014,0.7389719486236572,1040,3.1928437e-05,0.0964006912,-0.00015182645329332446,68.5011046886444,,,
210,27525120,4364,6307,0.8666246980428696,0.0,0.2,0.000135635712,0.007217028643935919,30.959514617919922,6.8256601095199585,0.7734594345092773,1045,6.6563945e-05,0.0959026176,-0.00014043073133507278,70.06917445659637,,,
211,27656192,4363,6337,0.8614386469125748,0.0,0.2,0.00013484928,0.00722305616363883,28.980953216552734,6.865771180391311,0.7192500829696655,1050,7.284625e-05,0.09540454400000001,-0.0004565346222079825,73.3268699169159,,,
212,27787264,4363,6368,0.8715133965015411,0.0,0.2,0.00013406284799999998,0.0072441562078893185,28.080402374267578,6.864292243123055,0.7547540068626404,1055,4.68905e-05,0.09490647039999998,4.5645003410754725e-05,66.52771821022034,,,
213,27918336,4363,6398,0.8771636039018631,0.0,0.2,0.00013327641599999998,0.0072519611567258835,29.896310806274414,6.796741333603859,0.7071679830551147,1060,3.1582138e-05,0.09440839679999999,7.019967342785094e-05,69.00227630138397,,,
214,28049408,4363,6427,0.8740100860595703,0.0,0.2,0.00013248998399999998,0.0072623733431100845,27.688186645507812,6.844985893368721,0.7115316390991211,1065,6.9336966e-05,0.09391032319999999,-0.0003952599050535355,67.96035113334656,,,
215,28180480,4363,6458,0.8711224049329758,0.0,0.2,0.000131703552,0.0072733936831355095,31.942689895629883,6.822059518098831,0.7285091876983643,1070,3.3943452e-05,0.09341224960000001,-4.2432802729308605e-05,69.44609925746917,,,
216,28311552,4362,6489,0.8894159942865372,0.0,0.2,0.00013091712,0.007279123179614544,29.94169044494629,6.89028659760952,0.7291247248649597,1075,2.9591014e-05,0.09291417599999999,7.199313731689471e-05,67.85156161785126,,,
217,28442624,4362,6519,0.878114864230156,0.0,0.2,0.000130130688,0.0072956932708621025,31.43814468383789,6.867356809973717,0.722740650177002,1080,3.5911464e-05,0.09241610239999999,-9.349731844849884e-05,67.78799395561218,,,
218,28573696,4363,6548,0.8777567744255066,0.0,0.2,0.000129344256,0.007304701488465071,32.383968353271484,6.854671233892441,0.7658030390739441,1085,8.41002e-05,0.0919180288,-0.00027916127946809867,70.08382449150085,,,
219,28704768,4362,6579,0.8755632564425468,7.62939453125e-06,0.2,0.000128557824,0.007333795540034771,30.941240310668945,6.874840015172959,0.7218836545944214,1090,0.00011693254,0.0914199552,-0.0003710710589075461,70.75926055908204,,,
220,28835840,4362,6609,0.8686401396989822,0.0,0.2,0.00012777139199999997,0.007344480138272047,32.5157585144043,6.843252208828926,0.7366542220115662,1095,1.8995e-05,0.09092188159999999,-2.926191609731177e-05,75.58373329639434,,,
221,28966912,4362,6640,0.8704275637865067,0.0,0.2,0.00012698495999999997,0.007351777981966734,31.6212100982666,6.7592309474945065,0.7895714044570923,1100,2.3154118e-05,0.090423808,-4.464336961973459e-06,70.64402935504913,,,
222,29097984,4363,6669,0.8851395100355148,0.0,0.2,0.00012619852799999998,0.007345494814217091,32.60991287231445,6.789891853928566,0.792362630367279,1105,5.1816634e-05,0.0899257344,-0.00029313367558643223,66.82534210681915,,,
223,29229056,4362,6699,0.864908292889595,0.0,0.2,0.000125412096,0.007356963586062193,31.24001121520996,6.833275577425956,0.8180680274963379,1110,3.1402436e-05,0.0894276608,-0.00022073783111409284,71.98393189907074,,,
224,29360128,4362,6730,0.8671422302722931,0.0,0.2,0.000124625664,0.007364181336015463,28.84925651550293,6.8145648628473285,0.7732693552970886,1115,2.365657e-05,0.08892958720000001,3.8940102240303534e-05,69.11616818904876,,,
225,29491200,4362,6760,0.8676721453666687,0.0,0.2,0.00012383923199999999,0.007372211664915085,28.49838638305664,6.805643895268441,0.7806081175804138,1120,3.1097585e-05,0.08843151359999998,-1.3460578338708729e-05,68.0619292497635,,,
226,29622272,4362,6790,0.8691625893115997,0.0,0.2,0.0001230528,0.007392707280814648,31.488330841064453,6.819515842199325,0.7648353576660156,1125,4.6231296e-05,0.08793343999999999,-3.3954282844206316e-05,68.24150784015656,,,
227,29753344,4362,6819,0.8603814989328384,0.0,0.2,0.000122266368,0.0074113113805651665,32.396026611328125,6.842881378531456,0.7582864761352539,1130,0.00013467685,0.08743536639999999,-0.0005344982717360835,75.48102695941925,,,
228,29884416,4362,6850,0.8728224635124207,0.0,0.2,0.000121479936,0.00741706695407629,29.950904846191406,6.839873513579368,0.769029974937439,1135,2.031259e-05,0.0869372928,-5.3715846297563986e-05,70.47539310455322,,,
229,30015488,4362,6880,0.8579124361276627,0.0,0.2,0.00012069350399999997,0.007431286387145519,35.27857208251953,6.863721105456352,0.7467470169067383,1140,2.2156064e-05,0.08643921919999999,5.825116168125533e-05,70.78648154735565,,,
230,30146560,4362,6911,0.8774537295103073,0.0,0.2,0.00011990707199999999,0.007427409291267395,27.49169158935547,6.79840832054615,0.803905189037323,1145,2.601026e-05,0.08594114559999999,-0.0002059363127045799,62.77351861000061,,,
231,30277632,4361,6941,0.8683010786771774,0.0,0.2,0.00011912063999999999,0.007426779717206955,28.14487075805664,6.831669348478317,0.7892403602600098,1150,2.2010738e-05,0.085443072,-8.932298151194118e-05,66.71043155193328,,,
232,30408704,4361,6971,0.8735953271389008,0.0,0.2,0.00011833420799999999,0.0074173822067677975,30.79806900024414,6.820341804623604,0.8080267906188965,1155,5.3365653e-05,0.0849449984,-0.0003725097489223117,68.28838214874267,,,
233,30539776,4361,7001,0.867310494184494,0.0,0.2,0.00011754777600000001,0.007439912296831608,31.078140258789062,6.865704676508903,0.7833971977233887,1160,6.3193984e-05,0.0844469248,-9.829461814661044e-05,66.41264865398406,,,
234,30670848,4362,7030,0.8460589945316315,0.0,0.2,0.00011676134399999998,0.0074487715028226376,36.45179748535156,6.815815788507462,0.8194236755371094,1165,3.6946767e-05,0.0839488512,-0.00018426586320856585,79.74337129592895,,,
235,30801920,4361,7061,0.8485565334558487,0.0,0.2,0.00011597491199999999,0.007438976317644119,30.9980411529541,6.857185909152031,0.7612298727035522,1170,0.00014117348,0.0834507776,-0.0007781134365359322,78.64686586856843,,,
236,30932992,4361,7092,0.8518499135971069,0.0,0.2,0.00011518847999999999,0.007454938255250454,30.10848045349121,6.804303535819054,0.7890172004699707,1175,7.498863e-05,0.082952704,-0.0003176643636834342,71.87836027145386,,,
237,31064064,4361,7122,0.8608334809541702,0.0,0.2,0.000114402048,0.007459952495992184,30.951034545898438,6.813881695270538,0.8236216306686401,1180,3.2854343e-05,0.0824546304,-5.5095640709623696e-05,70.56560549736022,,,
238,31195136,4361,7152,0.8639549016952515,0.0,0.2,0.00011361561599999998,0.007445547729730606,29.202545166015625,6.846356701850891,0.8052144050598145,1185,3.2370743e-05,0.08195655679999998,-0.0002721736185776535,68.60798804759979,,,
239,31326208,4361,7182,0.8743615597486496,0.0,0.2,0.00011282918399999998,0.007454422768205404,31.158103942871094,6.768850085139275,0.8590548038482666,1190,2.3358703e-05,0.08145848319999999,-3.278868753113784e-05,65.91335656642914,,,
240,31457280,4360,7214,0.8518239706754684,1.52587890625e-06,0.2,0.00011204275199999999,0.007452774792909622,30.22833251953125,6.868210104107857,0.865602970123291,1195,0.00011567281,0.08096040959999999,-0.0004246141128533054,70.24286897182465,,,
241,31588352,4360,7244,0.8613228052854538,0.0,0.2,0.00011125632,0.007456137798726559,33.0395622253418,6.825679391622543,0.8434988856315613,1200,1.9617546e-05,0.080462336,-7.293046874110587e-05,72.92822411060334,,,
242,31719424,4359,7275,0.8696499913930893,0.0,0.2,0.000110469888,0.007459504064172506,30.025779724121094,6.828829553723335,0.790282130241394,1205,3.90077e-05,0.0799642624,-9.39429533900693e-05,67.88012795448303,,,
243,31850496,4359,7305,0.8740727454423904,0.0,0.2,0.00010968345599999998,0.007481741718947887,24.657785415649414,6.788056746125221,0.9017828702926636,1210,5.4659675e-05,0.07946618879999999,-0.0002818386914441362,63.06713750362396,,,
244,31981568,4359,7336,0.8713540732860565,0.0,0.2,0.00010889702399999998,0.007490548305213451,29.634265899658203,6.8629886448383335,0.8021830916404724,1215,0.0001102349,0.0789681152,-0.0005678460642229765,66.65411691665649,,,
245,32112640,4358,7367,0.8754222840070724,0.0,0.2,0.000108110592,0.007499647792428732,30.504697799682617,6.797779569029808,0.819226861000061,1220,1.9070483e-05,0.0784700416,-3.4871743991971016e-05,66.2684803724289,,,
246,32243712,4358,7397,0.8715084791183472,0.0,0.2,0.00010732416,0.007506479974836111,29.21062660217285,6.8099324107170105,0.8811888098716736,1225,3.7702157e-05,0.077971968,-0.00028688634192803876,66.37815372943878,,,
247,32374784,4359,7426,0.8771057426929474,0.0,0.2,0.00010653772799999998,0.007514470722526312,28.497163772583008,6.843391650915146,0.8423711657524109,1230,3.7972724e-05,0.07747389439999999,-0.00012064604670740664,61.83327233791351,,,
248,32505856,4359,7456,0.8659410625696182,0.0,0.2,0.00010575129599999998,0.007516362704336643,34.13215255737305,6.802692952752113,0.8305692076683044,1235,2.0657486e-05,0.0769758208,-9.372110471304041e-05,71.97878687381744,,,
249,32636928,4358,7488,0.8572534918785095,0.0,0.2,0.000104964864,0.007520947605371475,32.271968841552734,6.890094822645187,0.8444856405258179,1240,4.085177e-05,0.0764777472,-0.00028523939872684425,71.12882981300353,,,
250,32768000,4358,7518,0.8788043633103371,0.0,0.2,0.000104178432,0.0075301481410861015,28.65126609802246,6.838767126202583,0.8787084817886353,1245,1.8899578e-05,0.0759796736,-6.274297847994604e-05,68.66462948322297,,,
251,32899072,4358,7547,0.8756232038140297,0.0,0.2,0.00010339199999999998,0.0075294701382517815,29.900850296020508,6.810447034239769,0.8578268885612488,1250,2.7296835e-05,0.07548159999999998,9.737521177157759e-05,65.37857329845428,,,
252,33030144,4358,7577,0.8704819679260254,0.0,0.2,0.00010260556799999998,0.007536548189818859,30.429733276367188,6.846019044518471,0.8964024782180786,1255,2.3962304e-05,0.07498352639999999,-0.00010948869603453205,69.58934779167176,,,
253,33161216,4358,7608,0.8699838817119598,0.0,0.2,0.000101819136,0.007542646490037441,28.41832733154297,6.798539146780968,0.8873292803764343,1260,1.7981863e-05,0.07448545279999999,-1.3761549780610948e-06,67.625457072258,,,
254,33292288,4358,7638,0.8797663748264313,0.0,0.2,0.000101032704,0.00754763837903738,29.59508514404297,6.852691131830215,0.8748849630355835,1265,1.8663473e-05,0.0739873792,-4.902057917206548e-05,64.79883613586426,,,
255,33423360,4358,7668,0.8617070019245148,0.0,0.2,0.000100246272,0.007553813513368368,33.900978088378906,6.855009517073631,0.8942648768424988,1270,1.4492243e-05,0.0734893056,3.823297010967508e-05,72.15563578605652,,,
256,33554432,4358,7697,0.8737682551145554,0.0,0.2,9.945983999999998e-05,0.007559189107269049,32.07107925415039,6.872486424446106,0.8988485336303711,1275,2.4682045e-05,0.07299123199999999,-9.479042128077709e-05,68.78680031299591,,,
257,33685504,4358,7728,0.8902027457952499,0.0,0.2,9.867340799999999e-05,0.007561113685369492,26.5073299407959,6.815441581606865,0.9476858377456665,1280,2.1837186e-05,0.0724931584,-8.399758007726632e-05,63.67533361911774,,,
258,33816576,4358,7758,0.880442276597023,0.0,0.2,9.7886976e-05,0.007563200779259205,26.70115089416504,6.827065482735634,0.9006438255310059,1285,1.6308688e-05,0.0719950848,-1.1110879859188571e-05,65.53117740154266,,,
259,33947648,4358,7788,0.8777674213051796,0.0,0.2,9.7100544e-05,0.007565694861114025,32.18008041381836,6.849824628233909,0.9258975982666016,1290,3.4567714e-05,0.0714970112,-0.00012267815764062108,67.67345023155212,,,
260,34078720,4358,7818,0.88634043186903,0.0,0.2,9.631411199999997e-05,0.007572848349809647,29.540908813476562,6.825045853853226,0.8878740668296814,1295,2.0376763e-05,0.07099893759999999,-8.907134179025888e-05,67.11227424144745,,,
261,34209792,4358,7848,0.8857605382800102,0.0,0.2,9.552767999999999e-05,0.007557356730103493,27.0791072845459,6.84043607711792,0.8877782821655273,1300,3.666758e-05,0.070500864,-0.0002597186699858867,60.87285287380219,,,
262,34340864,4358,7878,0.8673004359006882,0.0,0.2,9.474124799999999e-05,0.007563530933111906,32.00972366333008,6.834525975584984,0.9112286567687988,1305,3.2464908e-05,0.0700027904,-4.1001458885148165e-05,72.41794421672822,,,
263,34471936,4358,7908,0.8795718923211098,0.0,0.2,9.3954816e-05,0.007560263387858868,30.04765510559082,6.858730611205101,0.9614800810813904,1310,2.5556741e-05,0.0695047168,-0.0002743120574450586,67.20096724033355,,,
264,34603008,4359,7938,0.8658447414636612,0.0,0.2,9.316838400000001e-05,0.007564700674265623,31.07427215576172,6.8186267703771595,0.9208351969718933,1315,2.9899194e-05,0.06900664320000001,-0.00010621261753840372,70.02049314975739,,,
265,34734080,4359,7968,0.8798876330256462,0.0,0.2,9.238195199999999e-05,0.0075719840824604034,29.7872371673584,6.845998096466064,0.9385756254196167,1320,1.651846e-05,0.06850856959999999,-4.972896131221205e-05,68.20329954624177,,,
266,34865152,4358,7998,0.8740853667259216,0.0,0.2,9.159551999999999e-05,0.007574038580060005,31.615571975708008,6.827005478739738,0.965770423412323,1325,1.556327e-05,0.068010496,-2.044065622612834e-05,68.09482979774475,,,
267,34996224,4358,8028,0.8670278638601303,0.0,0.2,9.080908799999999e-05,0.007579403929412365,29.00229835510254,6.822141745686531,0.970371663570404,1330,2.4854176e-05,0.06751242240000001,1.8688750424189492e-05,69.16746456623078,,,
268,35127296,4358,8058,0.85537488758564,0.0,0.2,9.002265600000001e-05,0.0075921956449747086,33.17195510864258,6.837632745504379,0.9266791343688965,1335,2.5945654e-05,0.06701434880000001,6.8018081947229804e-06,73.65987684726716,,,
269,35258368,4358,8088,0.8820896744728088,0.0,0.2,8.923622399999998e-05,0.0075951069593429565,31.303258895874023,6.827957570552826,0.9146875143051147,1340,1.5139449e-05,0.06651627519999999,-3.701128298416734e-05,65.43730790615082,,,
270,35389440,4358,8118,0.8708812296390533,0.0,0.2,8.844979199999999e-05,0.007598800119012594,32.32884979248047,6.8308725476264955,0.9487676024436951,1345,2.5867215e-05,0.06601820159999999,-0.00014269344464992172,68.60209686756134,,,
271,35520512,4358,8148,0.8715375810861588,0.0,0.2,8.766335999999999e-05,0.007610958069562912,30.179824829101562,6.787829580903053,0.9224555492401123,1350,2.0820265e-05,0.065520128,2.8068427491234614e-05,66.45665395259857,,,
272,35651584,4359,8178,0.8773877918720245,0.0,0.2,8.6876928e-05,0.007612966001033783,30.96759796142578,6.818257904052734,0.9592070579528809,1355,2.8606184e-05,0.0650220544,-0.0002051863215456251,72.14575026035308,,,
273,35782656,4358,8209,0.873692974448204,0.0,0.2,8.609049600000001e-05,0.007623904850333929,27.39130210876465,6.800517004728317,0.9881190657615662,1360,3.750067e-05,0.0645239808,-0.00021830519835930318,62.989465308189395,,,
274,35913728,4359,8238,0.8742082267999649,0.0,0.2,8.530406399999998e-05,0.007625760044902563,30.632408142089844,6.818295431137085,0.9564768075942993,1365,3.3093398e-05,0.0640259072,-0.00031695159050286746,68.61744096279145,,,
275,36044800,4359,8268,0.8797649368643761,0.0,0.2,8.451763199999999e-05,0.0076330481097102165,28.85668182373047,6.8678945899009705,1.0006868839263916,1370,2.7233096e-05,0.0635278336,-0.00010975033728755079,67.40862777233124,,,
276,36175872,4359,8298,0.8772990331053734,0.0,0.2,8.37312e-05,0.007637820206582546,34.4330940246582,6.791155359148979,0.9857136607170105,1375,3.5559024e-05,0.06302976,-0.0003189505710906815,74.15752968788146,,,
277,36306944,4359,8328,0.862751916050911,0.0,0.2,8.2944768e-05,0.0076331449672579765,29.644519805908203,6.817301300168038,0.9803189635276794,1380,2.402913e-05,0.06253168640000001,-0.00014854130131425336,72.36920561790467,,,
278,36438016,4359,8358,0.8785148784518242,0.0,0.2,8.215833599999998e-05,0.007641147822141647,30.944183349609375,6.798652878403663,1.0533249378204346,1385,2.4268269e-05,0.06203361279999999,-4.1897306073224175e-05,66.04441411495209,,,
279,36569088,4359,8388,0.8766904696822166,0.0,0.2,8.137190399999998e-05,0.007651621010154486,28.67772674560547,6.810817074775696,1.048912763595581,1390,2.1616648e-05,0.061535539199999996,-4.2090714123332874e-05,67.28238162994384,,,
280,36700160,4359,8418,0.8723093420267105,0.0,0.2,8.0585472e-05,0.007652619853615761,26.38437271118164,6.8486662894487385,0.9922077059745789,1395,3.402566e-05,0.06103746560000001,-0.00024756119601079265,66.71567244529724,,,
281,36831232,4359,8448,0.8635288625955582,0.0,0.2,7.979904e-05,0.0076592727564275265,30.925537109375,6.872084766626358,1.0163490772247314,1400,2.0547723e-05,0.06053939200000001,-8.833568244881462e-05,69.5320362329483,,,
282,36962304,4359,8479,0.8775475472211838,0.0,0.2,7.901260799999998e-05,0.007653312757611275,27.21344566345215,6.841351974010467,0.9935593605041504,1405,1.7216738e-05,0.060041318399999995,-5.745513044530526e-06,66.35735726356506,,,
283,37093376,4359,8508,0.8674111664295197,0.0,0.2,7.822617599999998e-05,0.007659010589122772,32.32726287841797,6.864907875657082,0.9800002574920654,1410,3.0594347e-05,0.0595432448,-0.00020010968146380037,73.01714692115783,,,
284,37224448,4359,8539,0.8696960657835007,0.0,0.2,7.7439744e-05,0.007661727722734213,28.717823028564453,6.782200154662132,1.0062870979309082,1415,6.937243e-05,0.0590451712,-0.0004491565778153017,67.02862884998322,,,
285,37355520,4359,8568,0.8741390854120255,0.0,0.2,7.6653312e-05,0.007663363590836525,25.90728759765625,6.828843912482261,1.0304255485534668,1420,2.0404896e-05,0.05854709760000001,-0.00016522250771231484,66.36412642002105,,,
286,37486592,4359,8598,0.8614286482334137,0.0,0.2,7.586688e-05,0.00767015665769577,31.89324951171875,6.886573588848114,0.9771065711975098,1425,1.764062e-05,0.05804902400000001,3.845930041279644e-05,69.31689288616181,,,
287,37617664,4359,8628,0.8709998428821564,0.0,0.2,7.508044799999998e-05,0.007671320345252752,33.5265007019043,6.792599666118622,1.0287117958068848,1430,1.7029979e-05,0.057550950399999995,-1.4898461085977032e-05,73.51316981315613,,,
288,37748736,4359,8659,0.8686844110488892,0.0,0.2,7.4294016e-05,0.0076708621345460415,30.456933975219727,6.827899876236915,1.0062459707260132,1435,1.5657868e-05,0.0570528768,2.7791145839728415e-05,64.69939284324646,,,
289,37879808,4359,8688,0.8742873072624207,0.0,0.2,7.3507584e-05,0.007675965316593647,29.25290298461914,6.867975720763207,1.1237401962280273,1440,3.872582e-05,0.0565548032,-0.00014446525237872266,69.15275921821595,,,
290,38010880,4359,8718,0.8853282481431961,0.0,0.2,7.2721152e-05,0.007680128328502178,25.906970977783203,6.86231544315815,1.014633059501648,1445,2.5312864e-05,0.05605672960000001,-9.776416700333357e-05,64.2735238313675,,,
291,38141952,4359,8749,0.8577117919921875,0.0,0.2,7.193471999999998e-05,0.007687378209084272,34.03005599975586,6.786670541763305,1.0519506931304932,1450,1.5024965e-05,0.05555865599999999,2.4921920157794375e-05,76.00728878974914,,,
292,38273024,4359,8779,0.8575360924005508,0.0,0.2,7.114828799999999e-05,0.007694154046475887,32.88817596435547,6.804226866364479,1.1494481563568115,1455,1.9054438e-05,0.055060582399999995,5.6105535622918976e-05,76.52868850231171,,,
293,38404096,4359,8809,0.8691967576742172,0.0,0.2,7.0361856e-05,0.007696253713220358,31.324743270874023,6.841366690397263,1.0664294958114624,1460,1.6765103e-05,0.0545625088,-3.1474035495193675e-05,66.40139968395233,,,
294,38535168,4359,8839,0.8665826469659805,0.0,0.2,6.9575424e-05,0.0077073173597455025,32.33091735839844,6.806894809007645,1.1042097806930542,1465,1.6501182e-05,0.05406443520000001,6.169436655909522e-05,68.13333492279052,,,
295,38666240,4359,8869,0.8728476911783218,0.0,0.2,6.878899200000001e-05,0.00771061796694994,29.743450164794922,6.8013385236263275,1.1509473323822021,1470,2.6385465e-05,0.053566361600000015,-0.00018646511816768906,68.19051263332366,,,
296,38797312,4359,8899,0.8736440688371658,0.0,0.2,6.800255999999999e-05,0.007716423831880093,28.055463790893555,6.84857448041439,1.0829076766967773,1475,1.6885211e-05,0.053068288,-0.0001341757204500027,67.6557841539383,,,
297,38928384,4359,8929,0.8597941845655441,0.0,0.2,6.721612799999999e-05,0.007722030393779278,32.127281188964844,6.887613120675087,1.0426675081253052,1480,1.4046034e-05,0.0525702144,9.763435082277283e-06,71.89851121902466,,,
298,39059456,4359,8959,0.8732646256685257,0.0,0.2,6.6429696e-05,0.007719700690358877,28.488637924194336,6.865964129567146,1.0900415182113647,1485,2.0911535e-05,0.05207214080000001,-0.0001878456627309788,65.32116825580597,,,
299,39190528,4359,8990,0.8833203315734863,0.0,0.2,6.564326400000001e-05,0.007720371708273888,30.20868682861328,6.838655310869217,1.0883550643920898,1490,1.820091e-05,0.05157406720000001,-0.00017561851345817558,67.51256380081176,,,
300,39321600,4359,9019,0.8757574707269669,0.0,0.2,6.485683199999999e-05,0.007724165450781584,28.301923751831055,6.8867497652769085,1.0486915111541748,1495,1.3912283e-05,0.051075993599999994,6.835358944954351e-05,65.92168581485748,,,
301,39452672,4359,9050,0.8844549879431725,0.0,0.2,6.407039999999999e-05,0.007720133289694786,26.27724266052246,6.78811847269535,1.114304542541504,1500,1.922325e-05,0.05057792,-0.00013612116817967034,61.636526989936826,,,
302,39583744,4359,9080,0.8660571277141571,0.0,0.2,6.328396799999999e-05,0.007714394014328718,31.25128936767578,6.7836000382900234,1.1722527742385864,1505,3.055844e-05,0.0500798464,-0.00022189261289895512,69.62250728607178,,,
303,39714816,4359,9110,0.8722809851169586,0.0,0.2,6.249753600000001e-05,0.007715345360338688,33.3526496887207,6.875120565295219,1.0432853698730469,1510,1.6685384e-05,0.04958177280000001,-0.00017283976485487073,64.98534386157989,,,
304,39845888,4359,9140,0.868134468793869,0.0,0.2,6.171110400000001e-05,0.007711320649832487,34.102203369140625,6.88054940700531,1.0967212915420532,1515,3.71692e-05,0.04908369920000001,-0.00029559799222624863,75.75281503200532,,,
305,39976960,4359,9171,0.8654455244541168,0.0,0.2,6.0924671999999986e-05,0.007713013794273138,31.750747680664062,6.844429460167885,1.103573203086853,1520,1.1510196e-05,0.048585625599999994,-8.803205128060654e-06,73.14484827518463,,,
306,40108032,4358,9201,0.8810049891471863,0.0,0.2,6.0138239999999996e-05,0.007708743214607239,27.323301315307617,6.885312339663505,1.1316158771514893,1525,3.0310019e-05,0.048087552,-0.00032370568260375876,66.80378882884979,,,
307,40239104,4358,9231,0.8769396468997002,0.0,0.2,5.9351808e-05,0.007709439843893051,27.56620979309082,6.90893657207489,1.1007784605026245,1530,2.59554e-05,0.0475894784,-0.00013671171982423402,69.24821848869324,,,
308,40370176,4358,9261,0.8815797194838524,0.0,0.2,5.856537600000001e-05,0.0077157760970294476,31.683448791503906,6.846523723006248,1.1179909706115723,1535,2.2551892e-05,0.047091404800000014,-2.14564788620919e-05,68.02754652500153,,,
309,40501248,4359,9291,0.8698284327983856,0.0,0.2,5.7778943999999983e-05,0.007709238678216934,30.274873733520508,6.908931994438172,1.0864875316619873,1540,1.377328e-05,0.0465933312,-2.258411404909566e-06,70.90416247844696,,,
310,40632320,4359,9321,0.8590497076511383,0.0,0.2,5.699251199999999e-05,0.007706205360591412,35.022525787353516,6.89785737991333,1.108286738395691,1545,1.738919e-05,0.0460952576,-0.00011786719696829095,77.0132682800293,,,
311,40763392,4358,9352,0.8727753311395645,0.0,0.2,5.6206079999999996e-05,0.007707375101745129,29.076215744018555,6.879150301218033,1.1603384017944336,1550,1.8728566e-05,0.045597184000000006,-0.00011679544986691326,71.55651361942292,,,
312,40894464,4358,9381,0.8808304667472839,0.0,0.2,5.5419648000000005e-05,0.0077094268053770065,30.848804473876953,6.8368274629116055,1.1689651012420654,1555,1.3856757e-05,0.04509911040000001,-3.7412512756418434e-05,68.05950984954833,,,
313,41025536,4359,9411,0.8745633214712143,0.0,0.2,5.463321599999998e-05,0.007705535739660263,30.611587524414062,6.902320531010628,1.1534998416900635,1560,1.4212883e-05,0.044601036799999993,-0.00010482718607818242,71.2021226644516,,,
314,41156608,4358,9442,0.878262847661972,0.0,0.2,5.384678399999999e-05,0.007705492898821831,30.404783248901367,6.861020076274872,1.1870087385177612,1565,1.5870639e-05,0.0441029632,-1.159989187726751e-06,67.26948974132537,,,
315,41287680,4358,9472,0.8862183392047882,0.0,0.2,5.306035199999999e-05,0.007707215845584869,25.033565521240234,6.870576992630959,1.1401116847991943,1570,1.6782655e-05,0.0436048896,5.2547875384334475e-06,59.492796659469604,,,
316,41418752,4358,9502,0.8805444985628128,0.0,0.2,5.227392e-05,0.007714060600847006,29.56441879272461,6.889540815353394,1.1689245700836182,1575,2.0055186e-05,0.043106816000000006,-0.00011208699834241997,66.49782631397247,,,
317,41549824,4358,9532,0.8847691193223,0.0,0.2,5.148748800000001e-05,0.007712024729698896,32.55462646484375,6.860498899221421,1.1685479879379272,1580,2.3621691e-05,0.04260874240000001,-4.736178161692806e-05,67.01745147705078,,,
318,41680896,4358,9562,0.8826620951294899,0.0,0.2,5.070105599999999e-05,0.007710155099630356,30.41526985168457,6.872670900821686,1.180682897567749,1585,1.517393e-05,0.042110668799999994,-0.0001706961658783257,68.42123591899872,,,
319,41811968,4358,9593,0.8839237168431282,0.0,0.2,4.991462399999999e-05,0.007713331840932369,29.655033111572266,6.839621916413307,1.1992180347442627,1590,1.7530743e-05,0.0416125952,-6.084817869123072e-07,66.28276641368866,,,
320,41943040,4358,9623,0.8807720392942429,0.0,0.2,4.9128192e-05,0.0077150664292275906,28.17166519165039,6.9230855941772464,1.1825189590454102,1595,1.2636043e-05,0.0411145216,4.106187043362297e-05,65.65208864212036,,,
321,42074112,4358,9653,0.8746790289878845,0.0,0.2,4.834176000000001e-05,0.007716581225395203,34.49437713623047,6.906783989071846,1.263787031173706,1600,1.3533176e-05,0.040616448000000006,-8.801312396826688e-05,67.81573505401612,,,
322,42205184,4358,9682,0.8788518756628036,0.0,0.2,4.755532799999998e-05,0.007712208665907383,28.773380279541016,6.8701149135828015,1.2313671112060547,1605,1.9291438e-05,0.04011837439999999,-0.00017784333249437623,68.21662452220917,,,
323,42336256,4358,9713,0.8809298872947693,0.0,0.2,4.676889599999999e-05,0.00771475862711668,31.798601150512695,6.896110835671425,1.25350022315979,1610,1.3496315e-05,0.039620300799999994,7.164881972130389e-05,65.90757567882538,,,
324,42467328,4358,9743,0.8811640217900276,0.0,0.2,4.5982464e-05,0.0077188885770738125,30.752370834350586,6.89458196759224,1.2292652130126953,1615,1.4368994e-05,0.0391222272,2.7093822427559645e-05,70.192924284935,,,
325,42598400,4358,9773,0.88393384963274,0.0,0.2,4.5196032000000007e-05,0.00772499293088913,26.0915470123291,6.902126005291938,1.1972694396972656,1620,1.7056609e-05,0.0386241536,-1.2210420754854567e-05,65.17281174659729,,,
326,42729472,4358,9803,0.8777834549546242,0.0,0.2,4.440960000000001e-05,0.007726161740720272,34.67886734008789,6.87795989215374,1.1631968021392822,1625,1.3312925e-05,0.038126080000000014,-5.269126268103719e-05,72.20379021167756,,,
327,42860544,4358,9833,0.8752167075872421,0.0,0.2,4.3623167999999985e-05,0.007728595286607742,27.340883255004883,6.88597349524498,1.348830223083496,1630,1.4903551e-05,0.0376280064,-2.0541306002996863e-05,67.1304844379425,,,
328,42991616,4358,9863,0.8648799657821655,0.0,0.2,4.2836735999999994e-05,0.007730054669082165,36.47679138183594,6.849678727984428,1.2116652727127075,1635,1.1021467e-05,0.0371299328,-5.381559967645444e-05,71.22012202739715,,,
329,43122688,4358,9893,0.8798384144902229,0.0,0.2,4.2050304000000004e-05,0.0077301375567913055,34.08803939819336,6.909982749819756,1.3018128871917725,1640,1.10404835e-05,0.036631859200000005,-7.79152185714338e-05,68.1438889503479,,,
330,43253760,4358,9924,0.8839100375771523,0.0,0.2,4.1263872000000007e-05,0.0077278390526771545,31.149843215942383,6.8778666883707045,1.2405091524124146,1645,3.361649e-05,0.03613378560000001,-0.00031803240344743247,63.54653308391571,,,
331,43384832,4358,9954,0.8822620511054993,0.0,0.2,4.047743999999998e-05,0.007730129640549421,28.319684982299805,6.873580294847488,1.2427544593811035,1650,1.2014675e-05,0.03563571199999999,3.1248961022356525e-05,66.18439009189606,,,
332,43515904,4358,9984,0.8797703459858894,0.0,0.2,3.969100799999999e-05,0.007729185279458761,30.10106086730957,6.86181361079216,1.284189224243164,1655,1.2275042e-05,0.0351376384,-4.0772705688141286e-05,67.77860603332519,,,
333,43646976,4358,10014,0.8752103075385094,0.0,0.2,3.8904576e-05,0.007736412342637777,29.058212280273438,6.903730711340904,1.2293435335159302,1660,1.711413e-05,0.0346395648,-5.028719424444716e-05,67.34637157917022,,,
334,43778048,4358,10044,0.8797074630856514,0.0,0.2,3.8118144000000004e-05,0.007730534300208092,29.587095260620117,6.939355340600014,1.1639902591705322,1665,1.3375379e-05,0.034141491200000006,-3.1481408223044126e-05,68.09053747653961,,,
335,43909120,4358,10075,0.8662991523742676,0.0,0.2,3.733171199999998e-05,0.007729561999440193,35.727020263671875,6.8689894586801525,1.2492952346801758,1670,1.0628351e-05,0.03364341759999999,-1.426444432581775e-05,77.88124845027923,,,
336,44040192,4357,10105,0.8792988434433937,0.0,0.2,3.654527999999999e-05,0.007730230689048767,31.432008743286133,6.892611101269722,1.3181970119476318,1675,1.408866e-05,0.03314534399999999,-8.83788598002866e-06,65.64517192840576,,,
337,44171264,4358,10134,0.8783611282706261,0.0,0.2,3.5758848e-05,0.007729465141892433,28.234970092773438,6.923017358779907,1.2526116371154785,1680,1.756359e-05,0.0326472704,-7.932155349408277e-05,64.91637868881226,,,
338,44302336,4358,10165,0.8696761429309845,0.0,0.2,3.4972416e-05,0.007729192730039358,31.700056076049805,6.892556440830231,1.3467910289764404,1685,1.44642945e-05,0.0321491968,-3.081429676967673e-05,70.23135740756989,,,
339,44433408,4358,10195,0.8666227608919144,0.0,0.2,3.418598400000001e-05,0.0077299997210502625,33.901119232177734,6.872205612063408,1.2453017234802246,1690,1.2806725e-05,0.031651123200000006,-0.00010878161192522384,71.58528068065644,,,
340,44564480,4357,10226,0.8830506205558777,0.0,0.2,3.3399551999999986e-05,0.007730619981884956,31.44150161743164,6.888048174977302,1.2593075037002563,1695,1.4317698e-05,0.031153049599999996,-6.479566436610185e-05,66.95841872692108,,,
341,44695552,4357,10256,0.8776301667094231,0.0,0.2,3.2613119999999996e-05,0.007734352722764015,27.855607986450195,6.860897439718246,1.3674014806747437,1700,2.023633e-05,0.030654976,-0.00018709358919295483,65.76627485752105,,,
342,44826624,4357,10286,0.8829417824745178,0.0,0.2,3.1826688e-05,0.007734785787761211,31.111583709716797,6.949359551072121,1.3123787641525269,1705,8.423255e-06,0.030156902400000005,-1.897518741316162e-05,69.2891473531723,,,
343,44957696,4357,10317,0.8782166540622711,0.0,0.2,3.104025600000001e-05,0.007733517792075872,27.44462013244629,6.942084288597107,1.2065500020980835,1710,1.1599797e-05,0.02965882880000001,-3.081636532442644e-05,67.44025998115539,,,
344,45088768,4357,10346,0.8787967041134834,0.0,0.2,3.0253823999999984e-05,0.007735980208963156,27.02632713317871,6.9088856935501095,1.3194891214370728,1715,1.7739918e-05,0.029160755199999992,-1.5990018437150865e-05,65.3871056318283,,,
345,45219840,4357,10376,0.869256004691124,0.0,0.2,2.946739199999999e-05,0.007732781581580639,31.949655532836914,6.879640510678291,1.367302656173706,1720,1.2953416e-05,0.028662681599999996,-7.528253554482945e-05,71.4752741098404,,,
346,45350912,4357,10407,0.8780003786087036,0.0,0.2,2.8680959999999996e-05,0.007731495425105095,28.391326904296875,6.863178890943527,1.4706733226776123,1725,1.7879545e-05,0.028164608,-0.00010710483693401329,68.40718326568603,,,
347,45481984,4357,10437,0.868433952331543,0.0,0.2,2.7894528000000005e-05,0.007730122655630112,34.15874481201172,6.907756784558297,1.3655484914779663,1730,9.56594e-06,0.027666534400000005,9.593280628905631e-06,73.01424791812897,,,
348,45613056,4357,10467,0.8682997524738312,0.0,0.2,2.710809600000001e-05,0.00772765651345253,31.606201171875,6.973894110321998,1.254108190536499,1735,1.0448843e-05,0.02716846080000001,-2.0886708807665854e-05,70.5310090303421,,,
349,45744128,4357,10497,0.883206769824028,0.0,0.2,2.6321663999999987e-05,0.007726459763944149,25.781661987304688,6.942367559671402,1.4637115001678467,1740,1.2854375e-05,0.026670387199999993,-5.11165417265147e-06,62.71702864170074,,,
350,45875200,4357,10527,0.8845520541071892,0.0,0.2,2.5535231999999993e-05,0.007726214826107025,29.754528045654297,6.926021152734757,1.3374565839767456,1745,1.2809567e-05,0.026172313599999997,-6.230166036402807e-06,66.75625381469726,,,
351,46006272,4357,10557,0.8841189593076706,0.0,0.2,2.4748800000000003e-05,0.00772882392629981,31.288066864013672,6.964870005846024,1.359785556793213,1750,1.1475415e-05,0.02567424,-1.6695570957381277e-05,69.82426605224609,,,
352,46137344,4357,10587,0.8899723961949348,0.0,0.2,2.396236800000001e-05,0.007729574106633663,30.774784088134766,6.925841519236565,1.3840444087982178,1755,1.3801659e-05,0.02517616640000001,-8.902451518224552e-05,66.90130836963654,,,
353,46268416,4357,10617,0.8839502185583115,0.0,0.2,2.3175935999999984e-05,0.007727520540356636,32.37303161621094,6.90530209839344,1.333902359008789,1760,1.4862371e-05,0.024678092799999992,-8.174864124157465e-05,72.07426080703735,,,
354,46399488,4357,10647,0.8799722418189049,0.0,0.2,2.238950399999999e-05,0.007723752409219742,31.763235092163086,6.924059399962426,1.3824905157089233,1765,1.1452042e-05,0.024180019199999996,-1.1694937711581588e-07,72.87173466682434,,,
355,46530560,4357,10677,0.8896090611815453,0.0,0.2,2.1603072e-05,0.007722419686615467,30.505783081054688,6.935243707895279,1.2862039804458618,1770,1.24430335e-05,0.0236819456,9.946618229150772e-06,69.71740770339966,,,
356,46661632,4357,10707,0.8877749741077423,0.0,0.2,2.0816640000000006e-05,0.007717495318502188,31.887990951538086,6.9200819581747055,1.3886668682098389,1775,1.4328716e-05,0.023183872000000008,-0.00015193076578725594,68.55174322128296,,,
357,46792704,4357,10738,0.8770572766661644,0.0,0.2,2.0030208000000016e-05,0.007717783562839031,32.70501708984375,6.9199012339115145,1.3734509944915771,1780,1.1551059e-05,0.022685798400000012,-1.5252837329171598e-05,69.37600545883178,,,
358,46923776,4357,10768,0.8730623126029968,0.0,0.2,1.9243775999999988e-05,0.0077166929841041565,27.402667999267578,6.91478613615036,1.5043796300888062,1785,9.833358e-06,0.022187724799999996,-1.9696668823598883e-05,74.32203900814056,,,
359,47054848,4357,10798,0.8802802041172981,0.0,0.2,1.8457343999999997e-05,0.007716630585491657,33.722312927246094,6.931469368934631,1.5315370559692383,1790,1.4308722e-05,0.0216896512,-4.3668850776157345e-05,67.98907663822175,,,
360,47185920,4357,10828,0.8757022842764854,0.0,0.2,1.7670912000000003e-05,0.007716124877333641,34.59085464477539,6.987223681807518,1.3882627487182617,1795,1.0004909e-05,0.021191577600000004,1.1697586887748913e-05,76.05055837631225,,,
361,47316992,4357,10858,0.8729566186666489,0.0,0.2,1.6884480000000013e-05,0.007717061787843704,34.771575927734375,6.903244078159332,1.3781932592391968,1800,1.203328e-05,0.02069350400000001,-2.956283278763294e-05,75.95062279701233,,,
362,47448064,4357,10888,0.8741614371538162,0.0,0.2,1.6098047999999985e-05,0.007718935608863831,32.014564514160156,6.929838263988495,1.3823001384735107,1805,1.2679609e-05,0.020195430399999992,4.438740579644218e-05,69.69632074832916,,,
363,47579136,4357,10918,0.8810728713870049,0.0,0.2,1.5311615999999995e-05,0.007716132327914238,28.36248207092285,6.9430998176336285,1.3687102794647217,1810,1.0202219e-05,0.019697356799999996,-1.5288041322492062e-05,68.01325478553773,,,
364,47710208,4357,10949,0.8795103058218956,0.0,0.2,1.4525184e-05,0.007716767024248838,36.864288330078125,6.971707665920258,1.4428536891937256,1815,1.0229913e-05,0.0191992832,0.00010306191761628724,68.49351022243499,,,
365,47841280,4357,10978,0.8747588098049164,0.0,0.2,1.3738752000000008e-05,0.007715865969657898,31.987077713012695,6.922364100813866,1.5036661624908447,1820,1.0106167e-05,0.018701209600000004,2.224328236479778e-05,73.69422957897186,,,
366,47972352,4357,11009,0.880714513361454,0.0,0.2,1.2952319999999982e-05,0.007716867607086897,37.939903259277344,6.914123448729515,1.5911471843719482,1825,1.073e-05,0.018203135999999988,3.6101747173233886e-05,75.42100837230683,,,
367,48103424,4357,11039,0.885945625603199,0.0,0.2,1.216588799999999e-05,0.0077175721526145935,30.379302978515625,6.9512447088956835,1.3874802589416504,1830,1.0930653e-05,0.017705062399999996,2.4993484112201257e-05,68.55418124198914,,,
368,48234496,4357,11069,0.8748756349086761,0.0,0.2,1.1379455999999998e-05,0.007716624066233635,33.92780303955078,6.929884234070778,1.4869959354400635,1835,1.0035712e-05,0.0172069888,1.8509529400034808e-05,76.8393679857254,,,
369,48365568,4357,11099,0.8863281235098839,0.0,0.2,1.0593024000000006e-05,0.007714358624070883,32.140987396240234,6.968418708443641,1.3983653783798218,1840,1.1514009e-05,0.016708915200000004,-4.5333180605666715e-05,71.33446171283722,,,
370,48496640,4357,11129,0.8798076510429382,0.0,0.2,9.806592000000014e-06,0.007712922524660826,34.663700103759766,6.955753189325333,1.5045713186264038,1845,1.164468e-05,0.016210841600000008,-4.115534611628391e-05,69.65767405033111,,,
371,48627712,4357,11159,0.880909338593483,0.0,0.2,9.020159999999988e-06,0.00771261565387249,34.876670837402344,6.939689865708351,1.429389476776123,1850,8.125895e-06,0.01571276799999999,-6.842181028332561e-06,74.04315056800843,,,
372,48758784,4357,11189,0.8802316039800644,0.0,0.2,8.233727999999995e-06,0.007711570709943771,31.170818328857422,6.91056869328022,1.460257887840271,1855,7.685538e-06,0.015214694399999997,-1.991081553569529e-05,71.87329313755035,,,
373,48889856,4357,11219,0.887015275657177,0.0,0.2,7.447296000000002e-06,0.007710348814725876,34.31428146362305,6.958704262971878,1.4178118705749512,1860,1.1145883e-05,0.014716620800000003,-3.6819829256273805e-05,73.16212277412414,,,
374,49020928,4357,11249,0.8772491961717606,0.0,0.2,6.66086400000001e-06,0.007709670811891556,32.6506462097168,6.941238078474998,1.5475645065307617,1865,9.457435e-06,0.014218547200000008,1.024161683744751e-05,75.73098840713502,,,
375,49152000,4357,11279,0.8792300224304199,0.0,0.2,5.874431999999985e-06,0.007708873599767685,36.50442123413086,7.024245783686638,1.3532769680023193,1870,7.3264823e-06,0.013720473599999991,2.55331709922757e-05,76.97652859687805,,,
376,49283072,4357,11309,0.8750879094004631,0.0,0.2,5.087999999999992e-06,0.007707754150032997,31.813133239746094,6.954136711359024,1.4149564504623413,1875,1.1064834e-05,0.013222399999999995,2.9407925103441813e-05,75.34429194927216,,,
377,49414144,4357,11340,0.8679701536893845,0.0,0.2,4.3015679999999996e-06,0.007707781158387661,37.70965576171875,6.909062686562538,1.6110475063323975,1880,1.0082531e-05,0.0127243264,-2.6071672982652673e-05,78.8629490852356,,,
378,49545216,4357,11370,0.874817743897438,0.0,0.2,3.5151360000000074e-06,0.007707504089921713,37.93925857543945,6.955316790938378,1.432063341140747,1885,8.562411e-06,0.012226252800000005,3.5404867230681705e-05,75.06780090332032,,,
379,49676288,4357,11400,0.8726884126663208,0.0,0.2,2.7287040000000147e-06,0.0077071054838597775,39.91707229614258,6.898226618766785,1.6049432754516602,1890,1.1677739e-05,0.01172817920000001,1.0940424544969574e-05,76.60680503845215,,,
380,49807360,4357,11430,0.8866569623351097,0.0,0.2,1.942271999999989e-06,0.007707137614488602,40.14268493652344,6.944311666488647,1.5001866817474365,1895,9.388256e-06,0.011230105599999993,-1.2730123125948012e-05,71.13574624061584,,,
381,49938432,4357,11461,0.8730136007070541,0.0,0.2,1.1558399999999967e-06,0.007707116659730673,36.892005920410156,6.955775421857834,1.462944746017456,1900,8.680094e-06,0.010732031999999999,1.295756628678646e-05,75.5446929693222,,,
382,50069504,4356,11491,0.8860331177711487,0.0,0.2,3.6940800000000436e-07,0.007707086857408285,40.26163101196289,6.954803541302681,1.5721204280853271,1905,1.1098633e-05,0.010233958400000003,7.287337393790949e-05,79.70000047683716,,,
,131072,,,0.8786631375551224,0.0,0.2,-4.1702399999998805e-07,0.007707101758569479,64.39971160888672,6.950860679149628,1.4980342388153076,1910,8.183265e-06,0.009735884800000007,7.280106583493762e-05,91.31624488830566,-165.74985879955796,257.7083333333333,0.23958333333333334
1,131072,3524,37,,,,,,,,,,,,,,,,
,262144,,,0.8973746821284294,0.6803009033203125,0.2,0.00029980339199999997,0.00778560247272253,32.325504302978516,6.9865523964166645,0.8538772463798523,1915,0.46413657,0.19987548160000002,0.019733648461988197,298.9715485572815,-150.09627431012777,231.51041666666666,0.3229166666666667
2,262144,3300,79,,,,,,,,,,,,,,,,
,393216,,,0.8850284963846207,0.483587646484375,0.2,0.00029960678399999996,0.007816493511199951,27.1192684173584,6.910835319757462,0.7668902277946472,1920,0.10474719,0.19975096320000002,-0.028628534733434206,64.33386375904084,-166.83747855330967,256.9166666666667,0.23958333333333334
3,393216,3329,118,,,,,,,,,,,,,,,,
,524288,,,0.8978644013404846,0.41264190673828127,0.2,0.00029941017599999996,0.00783572904765606,29.882944107055664,6.911237266659737,0.6761261224746704,1925,0.059830584,0.19962644480000002,-0.03316779766464606,64.46651847362519,-149.99595332531212,254.53125,0.34375
4,524288,3234,162,,,,,,,,,,,,,,,,
,655360,,,0.8916408643126488,0.36524505615234376,0.2,0.000299213568,0.00784891378134489,27.919696807861328,6.9206969946622845,0.6566369533538818,1930,0.045300394,0.19950192640000003,-0.03713523140177131,65.31358964443207,-146.11808180044565,251.09375,0.3645833333333333
5,655360,3255,201,,,,,,,,,,,,,,,,
,786432,,,0.8907022476196289,0.3917388916015625,0.2,0.00029901696,0.007858972065150738,25.89417266845703,6.877643597126007,0.5679579973220825,1935,0.050795797,0.199377408,-0.03535136931168381,60.4622962474823,-132.2222341208421,225.01041666666666,0.4479166666666667
6,786432,3273,240,,,,,,,,,,,,,,,,
,917504,,,0.8881707042455673,0.3657135009765625,0.2,0.000298820352,0.00786080863326788,26.648271560668945,6.900365677475929,0.5413552522659302,1940,0.0418159,0.1992528896,-0.03655254476761911,62.181866598129275,-137.49171148464322,239.96875,0.4375
7,917504,3259,281,,,,,,,,,,,,,,,,
,1048576,,,0.8831508979201317,0.33783416748046874,0.2,0.000298623744,0.007865151390433311,25.748210906982422,6.968402171134949,0.5054155588150024,1945,0.03706471,0.19912837120000002,-0.03478647832525894,61.52397456169128,-128.20188666117767,221.90625,0.46875
8,1048576,3278,319,,,,,,,,,,,,,,,,
,1179648,,,0.8830621913075447,0.33990631103515623,0.2,0.000298427136,0.00786417257040739,25.33531951904297,6.931889083981514,0.47067707777023315,1950,0.0506531,0.19900385280000002,-0.03612211400759406,63.408577513694766,-147.09250001976886,240.07291666666666,0.375
9,1179648,3252,362,,,,,,,,,,,,,,,,
,1310720,,,0.8712736070156097,0.3553497314453125,0.2,0.000298230528,0.0078608812764287,28.715438842773438,6.90384920835495,0.45479506254196167,1955,0.038087044,0.1988793344,-0.03535814534989186,62.68903810977936,-132.70579063498496,238.6875,0.4479166666666667
10,1310720,3272,400,,,,,,,,,,,,,,,,
,1441792,,,0.8684065192937851,0.35174713134765623,0.2,0.00029803391999999997,0.007846961729228497,26.228174209594727,6.951250675320625,0.4277791976928711,1960,0.03189201,0.198754816,-0.03658348102326272,61.16594095230103,-138.99788961998223,243.21875,0.4166666666666667
11,1441792,3268,441,,,,,,,,,,,,,,,,
,1572864,,,0.873493954539299,0.3339691162109375,0.2,0.00029783731199999996,0.007823466323316097,25.72919273376465,6.877378803491593,0.4160672426223755,1965,0.033733897,0.1986302976,-0.03997320339694852,57.421062803268434,-131.8216514758934,240.38541666666666,0.46875
12,1572864,3261,482,,,,,,,,,,,,,,,,
,1703936,,,0.8829040005803108,0.37454376220703123,0.2,0.00029764070399999995,0.007816998288035393,25.14702033996582,6.928901839256286,0.3840487003326416,1970,0.038680024,0.1985057792,-0.03650997278455179,55.90132691860199,-140.70627353101725,239.67708333333334,0.4166666666666667
13,1703936,3271,520,,,,,,,,,,,,,,,,
,1835008,,,0.87098328769207,0.33470916748046875,0.2,0.00029744409599999995,0.007799331098794937,23.04262924194336,6.852791419625282,0.3840159773826599,1975,0.034892708,0.19838126080000001,-0.03859987490868662,61.6629720211029,-133.8600532652283,239.75,0.46875
14,1835008,3266,561,,,,,,,,,,,,,,,,
,1966080,,,0.8799326345324516,0.34916534423828127,0.2,0.00029724748799999994,0.007793889380991459,23.716773986816406,6.813929173350334,0.3795861601829529,1980,0.03935826,0.19825674240000002,-0.03858699702541344,60.20743050575256,-138.49813286190377,246.17708333333334,0.4479166666666667
15,1966080,3270,601,,,,,,,,,,,,,,,,
,2097152,,,0.8704369366168976,0.34734649658203126,0.2,0.00029705088,0.00778608862310648,26.103052139282227,6.8130383610725405,0.36342939734458923,1985,0.033108905,0.198132224,-0.03784674203634495,62.9713547706604,-134.76102899474083,246.41666666666666,0.4583333333333333
16,2097152,3276,639,,,,,,,,,,,,,,,,
,2228224,,,0.8661383092403412,0.3254669189453125,0.2,0.000296854272,0.007763363420963287,29.052448272705078,6.85665816962719,0.3480492830276489,1990,0.028527126,0.1980077056,-0.039271017911960374,64.92208144664764,-141.7750090042496,247.0625,0.3958333333333333
17,2228224,3270,681,,,,,,,,,,,,,,,,
,2359296,,,0.8839364051818848,0.348541259765625,0.2,0.000296657664,0.007748706266283989,25.242122650146484,6.912037494778633,0.3379523754119873,1995,0.052741833,0.1978831872,-0.037081573318573646,54.71525955200195,-128.11302269052783,234.79166666666666,0.4895833333333333
18,2359296,3270,721,,,,,,,,,,,,,,,,
,2490368,,,0.8750438243150711,0.33394317626953124,0.2,0.00029646105599999997,0.007731342688202858,28.593738555908203,6.864646878838539,0.3384777903556824,2000,0.036739945,0.1977586688,-0.037150268926052374,59.637438726425174,-123.74220871762009,237.08333333333334,0.5208333333333334
19,2490368,3266,762,,,,,,,,,,,,,,,,
,2621440,,,0.8670646250247955,0.32038726806640627,0.2,0.00029626444799999997,0.0077025145292282104,24.8482608795166,6.840798184275627,0.3276035785675049,2005,0.044651307,0.1976341504,-0.035220539262809325,59.695840549469,-135.03942824312995,246.79166666666666,0.4479166666666667
20,2621440,3267,802,,,,,,,,,,,,,,,,
,2752512,,,0.8693679571151733,0.35313720703125,0.2,0.00029606783999999996,0.007690815255045891,27.31623077392578,6.896493196487427,0.33199968934059143,2010,0.040513277,0.19750963200000002,-0.036321378211141564,60.64498882293701,-122.94281938323003,240.72916666666666,0.5104166666666666
21,2752512,3266,842,,,,,,,,,,,,,,,,
,2883584,,,0.8914024457335472,0.32779693603515625,0.2,0.00029587123199999995,0.007675453554838896,22.83600616455078,6.782078325748444,0.3167469799518585,2015,0.033496555,0.19738511360000002,-0.03855104363028659,53.95476644039154,-132.88599587902522,256.9375,0.4375
22,2883584,3259,884,,,,,,,,,,,,,,,,
,3014656,,,0.886304646730423,0.3223663330078125,0.2,0.000295674624,0.007656372617930174,24.20328712463379,6.800006139278412,0.31030797958374023,2020,0.03188344,0.19726059520000003,-0.039279648882802574,58.71749756336212,-139.39304524839338,263.1354166666667,0.3854166666666667
23,3014656,3256,925,,,,,,,,,,,,,,,,
,3145728,,,0.8659692704677582,0.319256591796875,0.2,0.000295478016,0.007637870963662863,27.787620544433594,6.777058148384095,0.30184078216552734,2025,0.033419445,0.1971360768,-0.03708648959582206,61.99336075782776,-129.62125973712563,239.79166666666666,0.4791666666666667
24,3145728,3255,966,,,,,,,,,,,,,,,,
,3276800,,,0.8833478018641472,0.36038055419921877,0.2,0.000295281408,0.00762418657541275,23.423110961914062,6.837967029213905,0.29155051708221436,2030,0.04171133,0.1970115584,-0.037045261150342415,57.802724385261534,-127.34280619430018,234.55208333333334,0.4791666666666667
25,3276800,3259,1005,,,,,,,,,,,,,,,,
,3407872,,,0.8717481344938278,0.34822998046875,0.2,0.0002950848,0.007603698875755072,26.701828002929688,6.796568885445595,0.278503954410553,2035,0.041101176,0.19688704,-0.03556926081073471,61.372045683860776,-128.6011282379611,241.41666666666666,0.5
26,3407872,3255,1046,,,,,,,,,,,,,,,,
,3538944,,,0.882886491715908,0.32452545166015623,0.2,0.000294888192,0.007574466522783041,23.938739776611328,6.74537747502327,0.2820917069911957,2040,0.031397462,0.19676252160000002,-0.03970939444261603,58.57743303775787,-116.56213799888563,232.33333333333334,0.5625
27,3538944,3254,1087,,,,,,,,,,,,,,,,
,3670016,,,0.8868410661816597,0.35728302001953127,0.2,0.00029469158399999997,0.007558389566838741,27.228378295898438,6.808554112911224,0.2810788154602051,2045,0.03679204,0.1966380032,-0.037099697947269306,56.83660509586334,-129.15086914385645,239.69791666666666,0.46875
28,3670016,3254,1127,,,,,,,,,,,,,,,,
,3801088,,,0.8737718611955643,0.32206573486328127,0.2,0.00029449497599999997,0.0075373537838459015,26.26565170288086,6.826030495762825,0.2747765779495239,2050,0.028948959,0.1965134848,-0.04236359931092011,60.66989719867706,-124.99053093001616,235.79166666666666,0.5104166666666666
29,3801088,3255,1167,,,,,,,,,,,,,,,,
,3932160,,,0.8918629437685013,0.3332611083984375,0.2,0.00029429836799999996,0.0075263394974172115,25.193126678466797,6.823278230428696,0.2725978493690491,2055,0.031248316,0.1963889664,-0.03969195535028121,51.849248099327085,-125.00598320584292,240.66666666666666,0.4895833333333333
30,3932160,3256,1207,,,,,,,,,,,,,,,,
,4063232,,,0.8859599605202675,0.33425445556640626,0.2,0.00029410175999999995,0.007514577358961105,27.679332733154297,6.769389125704765,0.2865678071975708,2060,0.034997612,0.196264448,-0.0403165511401312,60.682520151138306,-131.84539559834667,250.57291666666666,0.4479166666666667
31,4063232,3252,1249,,,,,,,,,,,,,,,,
,4194304,,,0.8841493874788284,0.33505859375,0.2,0.00029390515199999995,0.007498105522245169,21.643138885498047,6.797190982103348,0.27048802375793457,2065,0.03485717,0.1961399296,-0.040929404424969104,53.56823189258576,-129.8094554928434,244.88541666666666,0.46875
32,4194304,3257,1287,,,,,,,,,,,,,,,,
,4325376,,,0.8717406243085861,0.35384063720703124,0.2,0.00029370854399999994,0.0074830385856330395,27.091638565063477,6.846346542239189,0.2593735158443451,2070,0.037542235,0.19601541120000002,-0.042896419210592285,57.48162994384766,-117.0996180255767,237.375,0.5520833333333334
33,4325376,3260,1326,,,,,,,,,,,,,,,,
,4456448,,,0.8668528944253922,0.37543792724609376,0.2,0.000293511936,0.007469753734767437,22.30289077758789,6.7587844133377075,0.25975996255874634,2075,0.03942807,0.19589089280000002,-0.03579726263415069,61.27269608974457,-134.62900119022072,249.65625,0.4375
34,4456448,3259,1367,,,,,,,,,,,,,,,,
,4587520,,,0.8872481361031532,0.322930908203125,0.2,0.000293315328,0.007446399889886379,24.119213104248047,6.8728045463562015,0.25372549891471863,2080,0.03253431,0.1957663744,-0.03774623866120237,55.10524220466614,-137.44177335619278,260.5625,0.4270833333333333
35,4587520,3259,1407,,,,,,,,,,,,,,,,
,4718592,,,0.8850956186652184,0.3649017333984375,0.2,0.00029311872,0.007426225580275059,27.27231788635254,6.815107527375221,0.2624861001968384,2085,0.037281357,0.195641856,-0.03424186944248504,63.9107040643692,-126.21993210185497,231.51041666666666,0.4895833333333333
36,4718592,3255,1449,,,,,,,,,,,,,,,,
,4849664,,,0.8802870064973831,0.3348236083984375,0.2,0.00029292211199999997,0.0074098194018006325,22.883068084716797,6.870606529712677,0.2447851151227951,2090,0.033504784,0.1955173376,-0.0421425472406554,54.52296350002289,-119.00609912823363,216.44791666666666,0.5416666666666666
37,4849664,3257,1488,,,,,,,,,,,,,,,,
,4980736,,,0.8916428983211517,0.35151519775390627,0.2,0.00029272550399999996,0.0073915692046284676,23.050373077392578,6.864077270030975,0.2489546239376068,2095,0.04290529,0.1953928192,-0.04036901615181705,54.94686787128448,-137.90163810839854,259.59375,0.40625
38,4980736,3257,1528,,,,,,,,,,,,,,,,
,5111808,,,0.8815541490912437,0.30932464599609377,0.2,0.00029252889599999996,0.007385301403701305,27.812225341796875,6.872223135828972,0.24791252613067627,2100,0.03290485,0.19526830080000002,-0.04089276075537782,60.247719407081604,-127.47032493488523,239.60416666666666,0.4791666666666667
39,5111808,3259,1568,,,,,,,,,,,,,,,,
,5242880,,,0.8834284693002701,0.36258392333984374,0.2,0.000292332288,0.007380128838121891,30.142210006713867,6.799955409765244,0.2461867332458496,2105,0.03979564,0.19514378240000002,-0.03829739609209355,60.641377973556516,-137.3733577370078,231.41666666666666,0.3958333333333333
40,5242880,3258,1609,,,,,,,,,,,,,,,,
,5373952,,,0.8955855593085289,0.34332427978515623,0.2,0.00029213568,0.007369408383965492,22.4184627532959,6.861397838592529,0.24186277389526367,2110,0.037920423,0.19501926400000003,-0.03954114214720903,55.875920963287356,-110.71416612463224,211.42708333333334,0.6041666666666666
41,5373952,3255,1650,,,,,,,,,,,,,,,,
,5505024,,,0.8804303258657455,0.31771087646484375,0.2,0.000291939072,0.0073478929698467255,27.0566349029541,6.901479956507683,0.24891798198223114,2115,0.032259323,0.19489474560000003,-0.0403030835899699,62.03040826320648,-126.808755021599,218.07291666666666,0.4791666666666667
42,5505024,3260,1688,,,,,,,,,,,,,,,,
,5636096,,,0.8792650774121284,0.33517913818359374,0.2,0.000291742464,0.007326717488467693,25.756587982177734,6.856796818971634,0.2569231390953064,2120,0.037437975,0.1947702272,-0.04225928639934864,60.66318817138672,-120.6641741941166,228.5625,0.5520833333333334
43,5636096,3259,1729,,,,,,,,,,,,,,,,
,5767168,,,0.8728884011507034,0.34541168212890627,0.2,0.000291545856,0.007317877374589443,27.694255828857422,6.841562154889107,0.2456221878528595,2125,0.032565147,0.1946457088,-0.04016147612419445,62.52859039306641,-126.24134440997443,234.94791666666666,0.4895833333333333
44,5767168,3261,1768,,,,,,,,,,,,,,,,
,5898240,,,0.8791869506239891,0.33428955078125,0.2,0.000291349248,0.007315134163945913,26.739646911621094,6.774655431509018,0.24451598525047302,2130,0.03192536,0.19452119040000002,-0.039646721407189035,58.96967489719391,-121.5243847755944,240.3125,0.4791666666666667
45,5898240,3261,1808,,,,,,,,,,,,,,,,
,6029312,,,0.8949238881468773,0.32866058349609373,0.2,0.00029115263999999997,0.007298248820006847,21.84824562072754,6.875449514389038,0.24881207942962646,2135,0.040033817,0.194396672,-0.04062705742835533,51.9330260515213,-133.73983205371675,249.78125,0.4479166666666667
46,6029312,3259,1850,,,,,,,,,,,,,,,,
,6160384,,,0.8888655379414558,0.34066619873046877,0.2,0.00029095603199999996,0.007280511781573296,23.8200740814209,6.85005270242691,0.24609725177288055,2140,0.033837356,0.1942721536,-0.04075464833003935,55.7608238697052,-115.86775563672228,228.51041666666666,0.5729166666666666
47,6160384,3259,1889,,,,,,,,,,,,,,,,
,6291456,,,0.8809412866830826,0.3453857421875,0.2,0.00029075942399999996,0.007268364541232586,24.076801300048828,6.8892584353685375,0.24916455149650574,2145,0.032416638,0.1941476352,-0.03999806382053066,60.72292063236237,-119.62021984787305,231.13541666666666,0.5208333333333334
48,6291456,3256,1931,,,,,,,,,,,,,,,,
,6422528,,,0.8786871284246445,0.30728607177734374,0.2,0.00029056281599999995,0.007259875535964966,29.338716506958008,6.859530255198479,0.25361594557762146,2150,0.032261044,0.1940231168,-0.04132899255782831,63.84989492893219,-121.21947532577941,228.61458333333334,0.5520833333333334
49,6422528,3257,1971,,,,,,,,,,,,,,,,
,6553600,,,0.8911033496260643,0.32845916748046877,0.2,0.00029036620799999995,0.007247080095112324,26.174196243286133,6.895822575688362,0.245566725730896,2155,0.037673492,0.1938985984,-0.03667007541662315,55.26971271038055,-118.45535545511053,230.98958333333334,0.59375
50,6553600,3258,2010,,,,,,,,,,,,,,,,
,6684672,,,0.8901965245604515,0.3551910400390625,0.2,0.0002901696,0.00722280889749527,24.45349884033203,6.870629504323006,0.2509225010871887,2160,0.038853586,0.19377408000000002,-0.04126040660776198,55.804813385009766,-120.06776385474761,235.5,0.53125
51,6684672,3258,2051,,,,,,,,,,,,,,,,
,6815744,,,0.8825686797499657,0.3256072998046875,0.2,0.000289972992,0.007210468407720327,25.345142364501953,6.871846672892571,0.2427952140569687,2165,0.031848643,0.19364956160000002,-0.04160210893387557,61.29153301715851,-127.68974847911858,235.92708333333334,0.5104166666666666
52,6815744,3260,2090,,,,,,,,,,,,,,,,
,6946816,,,0.8879972100257874,0.33732147216796876,0.2,0.000289776384,0.007201491855084896,24.95395278930664,6.823076102137565,0.24697324633598328,2170,0.033678453,0.1935250432,-0.04013778335938696,56.686496067047116,-126.5655811290108,230.92708333333334,0.5
53,6946816,3258,2131,,,,,,,,,,,,,,,,
,7077888,,,0.8888121321797371,0.34459686279296875,0.2,0.000289579776,0.007188653107732534,21.617252349853516,6.912393400073052,0.2398744523525238,2175,0.0434691,0.1934005248,-0.039970618367078714,50.120566606521606,-124.38993740123858,219.82291666666666,0.5208333333333334
54,7077888,3260,2170,,,,,,,,,,,,,,,,
,7208960,,,0.8845824971795082,0.3160614013671875,0.2,0.00028938316799999997,0.00716925784945488,23.895862579345703,6.9192579090595245,0.23580694198608398,2180,0.036318183,0.1932760064,-0.041055240188143216,56.566365361213684,-124.40921040418527,246.95833333333334,0.4791666666666667
55,7208960,3260,2211,,,,,,,,,,,,,,,,
,7340032,,,0.8775531724095345,0.3810638427734375,0.2,0.00028918655999999996,0.0071620820090174675,27.357839584350586,6.856147742271423,0.2560480535030365,2185,0.04843513,0.193151488,-0.031594663493160625,60.70813403129578,-133.3481765255307,251.46875,0.4375
56,7340032,3258,2252,,,,,,,,,,,,,,,,
,7471104,,,0.8717689961194992,0.3382171630859375,0.2,0.00028898995199999996,0.007142889779061079,26.98215103149414,6.863252678513527,0.24755749106407166,2190,0.036822647,0.19302696960000001,-0.041837124536687045,62.712248015403745,-111.85869335506202,224.9375,0.5625
57,7471104,3258,2292,,,,,,,,,,,,,,,,
,7602176,,,0.8816724270582199,0.337030029296875,0.2,0.000288793344,0.007130286656320095,27.516681671142578,6.915219038724899,0.2413432002067566,2195,0.033082854,0.19290245120000002,-0.039932429039618,55.976509022712705,-126.47046002474572,241.03125,0.5
58,7602176,3256,2334,,,,,,,,,,,,,,,,
,7733248,,,0.8880289494991302,0.348736572265625,0.2,0.000288596736,0.007111254148185253,23.525724411010742,6.8954604178667065,0.23465681076049805,2200,0.03848038,0.19277793280000002,-0.039248157390102276,53.62193105220795,-126.19335922083341,240.625,0.5104166666666666
59,7733248,3257,2374,,,,,,,,,,,,,,,,
,7864320,,,0.8677728325128555,0.35245208740234374,0.2,0.000288400128,0.0070960624143481255,27.441652297973633,6.976183757185936,0.22981786727905273,2205,0.038935494,0.19265341440000003,-0.038385096384445205,60.056356811523436,-124.5946653164677,237.78125,0.4791666666666667
60,7864320,3255,2415,,,,,,,,,,,,,,,,
,7995392,,,0.8834386020898819,0.3457916259765625,0.2,0.00028820352,0.00708529818803072,21.534271240234375,6.8787026584148405,0.23897087574005127,2210,0.033849645,0.19252889600000003,-0.03960510830802377,54.49675967693329,-115.36753860593588,229.14583333333334,0.53125
61,7995392,3255,2455,,,,,,,,,,,,,,,,
,8126464,,,0.8832760751247406,0.36119384765625,0.2,0.000288006912,0.00707022100687027,21.774723052978516,6.841855448484421,0.2389068454504013,2215,0.035509534,0.1924043776,-0.043761197139974686,56.53421847820282,-111.74214145725644,221.20833333333334,0.59375
62,8126464,3254,2496,,,,,,,,,,,,,,,,
,8257536,,,0.8827483355998993,0.35181121826171874,0.2,0.000287810304,0.00705190934240818,24.558237075805664,6.882041674852371,0.22907589375972748,2220,0.034358926,0.19227985920000001,-0.037937769247218964,57.879245734214784,-117.27013086470943,240.4375,0.5416666666666666
63,8257536,3252,2538,,,,,,,,,,,,,,,,
,8388608,,,0.8669580519199371,0.35443115234375,0.2,0.00028761369599999997,0.007038365118205547,24.022449493408203,6.853148236870766,0.2309352159500122,2225,0.040650554,0.1921553408,-0.04112829357618466,58.09578747749329,-129.77002903887643,245.53125,0.4375
64,8388608,3254,2577,,,,,,,,,,,,,,,,
,8519680,,,0.8706615269184113,0.36293487548828124,0.2,0.00028741708799999996,0.007015644572675228,27.5170955657959,6.854587781429291,0.22228825092315674,2230,0.039076507,0.1920308224,-0.04512613853585208,59.74371933937073,-127.61261944055525,243.78125,0.46875
65,8519680,3255,2616,,,,,,,,,,,,,,,,
,8650752,,,0.8713011145591736,0.34909210205078123,0.2,0.00028722047999999996,0.00700950575992465,25.66676139831543,6.932623499631882,0.2226654291152954,2235,0.03449676,0.191906304,-0.04188958964950871,58.77802171707153,-131.84780813754762,234.86458333333334,0.4791666666666667
66,8650752,3256,2656,,,,,,,,,,,,,,,,
,8781824,,,0.8866633102297783,0.31466064453125,0.2,0.00028702387199999995,0.006988808512687683,25.70322036743164,6.916621342301369,0.2304505705833435,2240,0.028304074,0.1917817856,-0.03879054233257193,57.75625789165497,-126.48839208505858,226.9375,0.5208333333333334
67,8781824,3255,2697,,,,,,,,,,,,,,,,
,8912896,,,0.8808259293437004,0.34535675048828124,0.2,0.00028682726399999994,0.006972110830247402,24.154279708862305,6.9621908336877825,0.21845334768295288,2245,0.033109095,0.1916572672,-0.04347836235538125,54.75049500465393,-124.41366384710675,244.34375,0.46875
68,8912896,3254,2738,,,,,,,,,,,,,,,,
,9043968,,,0.8811293318867683,0.3785614013671875,0.2,0.000286630656,0.006968812085688114,22.157590866088867,6.968495339155197,0.22274599969387054,2250,0.070077315,0.1915327488,-0.037176925940730146,59.813824033737184,-125.76411831817188,241.69791666666666,0.5
69,9043968,3253,2779,,,,,,,,,,,,,,,,
,9175040,,,0.8715306520462036,0.34637451171875,0.2,0.000286434048,0.00695559848099947,22.829143524169922,6.833085569739342,0.21484510600566864,2255,0.04047073,0.19140823040000002,-0.03929490231894306,57.31195428371429,-126.96066113905003,246.10416666666666,0.46875
70,9175040,3253,2819,,,,,,,,,,,,,,,,
,9306112,,,0.8644881546497345,0.348681640625,0.2,0.00028623744,0.006930314935743809,31.667633056640625,6.890662026405335,0.22149541974067688,2260,0.03994641,0.19128371200000002,-0.04236334635061212,60.85193192958832,-133.37965588301427,241.36458333333334,0.4583333333333333
71,9306112,3256,2857,,,,,,,,,,,,,,,,
,9437184,,,0.8671391010284424,0.32732086181640624,0.2,0.000286040832,0.006912863813340664,24.677677154541016,6.910550370812416,0.2198076695203781,2265,0.032343604,0.1911591936,-0.041535528464009985,59.78404848575592,-122.9245330870496,231.23958333333334,0.5416666666666666
72,9437184,3255,2898,,,,,,,,,,,,,,,,
,9568256,,,0.870911180973053,0.349127197265625,0.2,0.00028584422399999997,0.006900956388562918,27.908546447753906,6.924871426820755,0.22470027208328247,2270,0.036378026,0.1910346752,-0.043857831061177424,59.438335704803464,-137.2656551810774,251.10416666666666,0.4166666666666667
73,9568256,3254,2940,,,,,,,,,,,,,,,,
,9699328,,,0.8791628703474998,0.34632720947265627,0.2,0.00028564761599999996,0.006892932113260031,24.53887367248535,6.9662507802248,0.21776717901229858,2275,0.039037414,0.1909101568,-0.04318733040854568,57.8985200881958,-122.46980146538128,245.89583333333334,0.5104166666666666
74,9699328,3253,2980,,,,,,,,,,,,,,,,
,9830400,,,0.8810067102313042,0.35934600830078123,0.2,0.00028545100799999996,0.006877115927636623,28.796377182006836,6.961541455984116,0.22475072741508484,2280,0.039981026,0.1907856384,-0.041440846101613714,60.31323463916779,-124.3854131921908,236.375,0.5104166666666666
75,9830400,3254,3020,,,,,,,,,,,,,,,,
,9961472,,,0.8852892220020294,0.34303131103515627,0.2,0.0002852544,0.006861074827611446,28.36867904663086,6.913693925738334,0.21806228160858154,2285,0.033813573,0.19066112000000002,-0.04164940081682289,58.34015953540802,-127.99630456201173,239.46875,0.5
76,9961472,3254,3060,,,,,,,,,,,,,,,,
,10092544,,,0.8785681426525116,0.31369781494140625,0.2,0.000285057792,0.00685412622988224,24.93815040588379,6.923818036913872,0.22274231910705566,2290,0.032379676,0.19053660160000002,-0.04065359174128389,58.93961682319641,-119.79578780751034,229.05208333333334,0.5208333333333334
77,10092544,3254,3101,,,,,,,,,,,,,,,,
,10223616,,,0.8730778992176056,0.35483856201171876,0.2,0.000284861184,0.006836842279881239,27.064556121826172,6.976269006729126,0.2233039140701294,2295,0.042048708,0.19041208320000003,-0.04151737639622297,61.962055110931395,-131.432259744088,234.82291666666666,0.4895833333333333
78,10223616,3254,3141,,,,,,,,,,,,,,,,
,10354688,,,0.8714219778776169,0.35459442138671876,0.2,0.000284664576,0.006828729063272476,24.736616134643555,7.002684146165848,0.21538738906383514,2300,0.034969382,0.19028756480000003,-0.03786698631083709,61.58503932952881,-134.07085787770413,258.25,0.4479166666666667
79,10354688,3255,3180,,,,,,,,,,,,,,,,
,10485760,,,0.8781696110963821,0.33316802978515625,0.2,0.000284467968,0.006813305430114269,23.712556838989258,6.957062408328056,0.2258271425962448,2305,0.0344401,0.1901630464,-0.04441894096671604,58.63275530338287,-127.85689432765817,248.6875,0.4895833333333333
80,10485760,3256,3219,,,,,,,,,,,,,,,,
,10616832,,,0.8730729520320892,0.35155792236328126,0.2,0.00028427136,0.006810285151004791,26.384267807006836,6.990484046936035,0.22932198643684387,2310,0.041478273,0.190038528,-0.042541322560282424,59.04411656856537,-131.1302759046158,249.04166666666666,0.46875
81,10616832,3255,3261,,,,,,,,,,,,,,,,
,10747904,,,0.8746500909328461,0.34910888671875,0.2,0.00028407475199999997,0.00680103525519371,26.46307373046875,7.082314211130142,0.2165430784225464,2315,0.042930756,0.1899140096,-0.03943045904452447,56.71012411117554,-127.09551770065018,227.97916666666666,0.5
82,10747904,3254,3302,,,,,,,,,,,,,,,,
,10878976,,,0.8659643679857254,0.35920257568359376,0.2,0.00028387814399999996,0.006787083111703396,27.515161514282227,7.032219967246055,0.22228121757507324,2320,0.040028594,0.1897894912,-0.03991478791358531,62.52956676483154,-125.90563474923464,232.40625,0.5104166666666666
83,10878976,3255,3342,,,,,,,,,,,,,,,,
,11010048,,,0.8779635056853294,0.34247894287109376,0.2,0.00028368153599999996,0.006773268338292837,28.535009384155273,7.030216500163078,0.22718511521816254,2325,0.036744554,0.1896649728,-0.04118893820705125,59.24135272502899,-133.72408914637,241.0625,0.4791666666666667
84,11010048,3255,3381,,,,,,,,,,,,,,,,
,11141120,,,0.8819455057382584,0.35172576904296876,0.2,0.00028348492799999995,0.006759036332368851,23.59476089477539,7.046356001496315,0.22031860053539276,2330,0.03632225,0.1895404544,-0.042764255971997046,56.27372884750366,-125.66258880916695,250.76041666666666,0.4375
85,11141120,3255,3422,,,,,,,,,,,,,,,,
,11272192,,,0.8863929882645607,0.35625,0.2,0.00028328831999999994,0.0067495321854949,26.577741622924805,7.010080960392952,0.21986249089241028,2335,0.035330713,0.189415936,-0.040412762713094706,57.51683654785156,-133.41196853089062,244.29166666666666,0.4479166666666667
86,11272192,3254,3463,,,,,,,,,,,,,,,,
,11403264,,,0.8867505565285683,0.3789031982421875,0.2,0.000283091712,0.006739716976881027,23.902883529663086,6.966880193352699,0.21570023894309998,2340,0.05109229,0.1892914176,-0.03608215815329459,55.15707743167877,-126.90189181051737,232.04166666666666,0.4895833333333333
87,11403264,3254,3504,,,,,,,,,,,,,,,,
,11534336,,,0.86668361723423,0.318609619140625,0.2,0.000282895104,0.0067220404744148254,24.1226749420166,7.008191868662834,0.2167411744594574,2345,0.030408125,0.18916689920000002,-0.041178132296772675,58.600408744812015,-125.76905904472626,239.97916666666666,0.4791666666666667
88,11534336,3253,3544,,,,,,,,,,,,,,,,
,11665408,,,0.879887692630291,0.3732452392578125,0.2,0.000282698496,0.006713992916047573,25.922941207885742,6.974979054927826,0.21684066951274872,2350,0.040175848,0.18904238080000002,-0.038164763334498274,59.02668240070343,-116.49193545973493,223.79166666666666,0.5729166666666666
89,11665408,3252,3586,,,,,,,,,,,,,,,,
,11796480,,,0.8777025938034058,0.34799041748046877,0.2,0.000282501888,0.006708519067615271,28.503007888793945,6.979175299406052,0.20999173820018768,2355,0.03401784,0.18891786240000003,-0.038804409517615567,62.06989049911499,-133.53004535173952,250.32291666666666,0.46875
90,11796480,3253,3626,,,,,,,,,,,,,,,,
,11927552,,,0.874366894364357,0.33939056396484374,0.2,0.00028230527999999997,0.006697910837829113,31.466766357421875,6.934638643264771,0.210025355219841,2360,0.033709303,0.188793344,-0.04286069487861823,59.64758610725403,-133.80659066489443,246.03125,0.4375
91,11927552,3251,3668,,,,,,,,,,,,,,,,
,12058624,,,0.8765136301517487,0.3735565185546875,0.2,0.00028210867199999996,0.006692550145089626,28.867944717407227,6.9843093901872635,0.2258562296628952,2365,0.043007575,0.1886688256,-0.04186860326153692,58.53689112663269,-117.08643318479828,216.91666666666666,0.5416666666666666
92,12058624,3251,3708,,,,,,,,,,,,,,,,
,12189696,,,0.8745536357164383,0.3536773681640625,0.2,0.00028191206399999995,0.006682410836219788,30.573171615600586,6.987215203046799,0.21615765988826752,2370,0.03401959,0.1885443072,-0.040185575574287216,64.67365250587463,-114.03838574092651,212.85416666666666,0.5729166666666666
93,12189696,3252,3747,,,,,,,,,,,,,,,,
,12320768,,,0.870061069726944,0.3370025634765625,0.2,0.000281715456,0.006670407950878143,30.297351837158203,6.976215660572052,0.2091376632452011,2375,0.034362838,0.18841978880000002,-0.042816592217423025,63.78609826564789,-129.27023326492971,245.86458333333334,0.4479166666666667
94,12320768,3251,3789,,,,,,,,,,,,,,,,
,12451840,,,0.869112953543663,0.35032501220703127,0.2,0.000281518848,0.006656851153820753,26.022499084472656,6.970522752404213,0.22028414905071259,2380,0.034095574,0.18829527040000002,-0.04352275500568794,62.51257259845734,-125.48367461965988,239.3125,0.4895833333333333
95,12451840,3250,3831,,,,,,,,,,,,,,,,
,12582912,,,0.8873433023691177,0.39422760009765623,0.2,0.00028132224,0.006650234572589397,20.89031410217285,7.062426561117173,0.22738483548164368,2385,0.038736902,0.18817075200000002,-0.041353396844351666,51.06824767589569,-109.55076031649837,222.34375,0.59375
96,12582912,3249,3872,,,,,,,,,,,,,,,,
,12713984,,,0.8725379556417465,0.3484283447265625,0.2,0.000281125632,0.006646966096013784,26.24842071533203,7.030002737045288,0.22495412826538086,2390,0.03462717,0.18804623360000003,-0.04106812641039141,60.651136469841006,-125.08895928246595,236.52083333333334,0.5208333333333334
97,12713984,3249,3913,,,,,,,,,,,,,,,,
,12845056,,,0.880542628467083,0.36142425537109374,0.2,0.000280929024,0.006633522920310497,25.59303855895996,7.002362096309662,0.2231585681438446,2395,0.035730347,0.18792171520000003,-0.04197618793987203,57.71941695213318,-115.86014691400418,228.26041666666666,0.5520833333333334
98,12845056,3249,3952,,,,,,,,,,,,,,,,
,12976128,,,0.8741961866617203,0.34396820068359374,0.2,0.00028073241599999997,0.006621255539357662,26.556188583374023,7.088673084974289,0.2313689887523651,2400,0.041611493,0.1877971968,-0.04359797805809649,60.2095153093338,-124.04059241953428,242.21875,0.5
99,12976128,3248,3994,,,,,,,,,,,,,,,,
,13107200,,,0.8757855966687202,0.342724609375,0.2,0.00028053580799999997,0.006616286002099514,26.87700843811035,7.014439642429352,0.22588786482810974,2405,0.03557559,0.18767267840000001,-0.03836828620696906,60.70303499698639,-129.78720244303062,237.375,0.4895833333333333
100,13107200,3248,4034,,,,,,,,,,,,,,,,
,13238272,,,0.8910393491387367,0.33945465087890625,0.2,0.00028033919999999996,0.006607085466384888,20.15258026123047,7.00121319591999,0.22762024402618408,2410,0.039808586,0.18754816,-0.04160402251873165,53.14888789653778,-116.94598634963491,222.11458333333334,0.5625
101,13238272,3247,4076,,,,,,,,,,,,,,,,
,13369344,,,0.8774026483297348,0.36506805419921873,0.2,0.00028014259199999995,0.006600840948522091,22.943275451660156,6.981269976496696,0.2341495007276535,2415,0.04745829,0.1874236416,-0.04273454291978851,56.85096683502197,-132.98248895179935,257.28125,0.4270833333333333
102,13369344,3248,4115,,,,,,,,,,,,,,,,
,13500416,,,0.8773240074515343,0.34278717041015627,0.2,0.00027994598399999995,0.006602976005524397,22.647418975830078,7.030315029621124,0.23162350058555603,2420,0.036970023,0.1872991232,-0.04471906722465065,56.49061453342438,-130.56833138405406,249.22916666666666,0.4583333333333333
103,13500416,3247,4157,,,,,,,,,,,,,,,,
,13631488,,,0.8746615946292877,0.3775634765625,0.2,0.000279749376,0.006609716918319464,25.100631713867188,7.0443613737821575,0.2274375855922699,2425,0.062333368,0.1871746048,-0.0344059048948111,56.974468088150026,-121.83348308368575,241.35416666666666,0.5104166666666666
104,13631488,3246,4199,,,,,,,,,,,,,,,,
,13762560,,,0.8698420077562332,0.39132843017578123,0.2,0.000279552768,0.006606258451938629,25.25283432006836,6.993747255206108,0.21991264820098877,2430,0.048291847,0.1870500864,-0.044648360410064925,60.0774489402771,-120.41284369902563,229.83333333333334,0.53125
105,13762560,3246,4239,,,,,,,,,,,,,,,,
,13893632,,,0.8627862334251404,0.3683319091796875,0.2,0.00027935616,0.006593694910407066,23.68404197692871,7.064063054323197,0.2180613875389099,2435,0.040261436,0.18692556800000001,-0.0397523790205014,56.93593559265137,-120.63895253784523,237.55208333333334,0.5416666666666666
106,13893632,3244,4281,,,,,,,,,,,,,,,,
,14024704,,,0.8691235482692719,0.3103118896484375,0.2,0.000279159552,0.006580477114766836,24.378847122192383,7.125083303451538,0.2206393927335739,2440,0.03054554,0.18680104960000002,-0.04351368110219482,57.702968788146975,-134.04269666630086,257.03125,0.4583333333333333
107,14024704,3244,4322,,,,,,,,,,,,,,,,
,14155776,,,0.8809429556131363,0.3644561767578125,0.2,0.00027896294399999997,0.006564048584550619,25.166677474975586,6.987947291135788,0.221918985247612,2445,0.039622977,0.18667653120000002,-0.042256671033101156,54.37409310340881,-115.67979606857519,223.3125,0.5729166666666666
108,14155776,3245,4362,,,,,,,,,,,,,,,,
,14286848,,,0.8892269879579544,0.34312744140625,0.2,0.00027876633599999997,0.006566015537828207,18.855159759521484,7.0319249629974365,0.2257787436246872,2450,0.038851682,0.1865520128,-0.04027496660419274,49.560004353523254,-115.32013317662818,234.09375,0.5625
109,14286848,3243,4404,,,,,,,,,,,,,,,,
,14417920,,,0.8810278922319412,0.335113525390625,0.2,0.00027856972799999996,0.006554116494953632,26.890087127685547,7.069649541378022,0.22265903651714325,2455,0.036972076,0.1864274944,-0.04097673369833501,55.0094028711319,-126.58324643294328,246.30208333333334,0.4791666666666667
110,14417920,3243,4445,,,,,,,,,,,,,,,,
,14548992,,,0.8847537040710449,0.3668548583984375,0.2,0.00027837312,0.006543773226439953,26.19490623474121,7.092338806390762,0.21388386189937592,2460,0.0393248,0.186302976,-0.03725393989734584,53.78063173294068,-117.43614352970394,236.375,0.5625
111,14548992,3242,4487,,,,,,,,,,,,,,,,
,14680064,,,0.8653197884559631,0.36663055419921875,0.2,0.000278176512,0.006538930349051952,26.226205825805664,7.064935365319252,0.20996443927288055,2465,0.03755165,0.1861784576,-0.040037909407692494,60.869107365608215,-123.99893444464749,237.07291666666666,0.4895833333333333
112,14680064,3243,4526,,,,,,,,,,,,,,,,
,14811136,,,0.8742481917142868,0.346929931640625,0.2,0.000277979904,0.006536973174661398,28.538005828857422,6.995500442385674,0.21307480335235596,2470,0.043074552,0.18605393920000002,-0.04333434634754667,54.88242402076721,-117.34222524850749,218.80208333333334,0.5520833333333334
113,14811136,3242,4568,,,,,,,,,,,,,,,,
,14942208,,,0.8886184990406036,0.358392333984375,0.2,0.000277783296,0.006532994098961353,19.858304977416992,7.102506104111671,0.21592366695404053,2475,0.04122188,0.18592942080000002,-0.0368645180715248,51.59273176193237,-123.9252421434495,226.6875,0.5416666666666666
114,14942208,3242,4608,,,,,,,,,,,,,,,,
,15073280,,,0.8663379549980164,0.37259063720703123,0.2,0.000277586688,0.006531318183988333,25.901273727416992,7.094129845499992,0.22216948866844177,2480,0.034440946,0.18580490240000003,-0.04107512634946033,59.16811039447784,-123.9989484322003,249.45833333333334,0.5208333333333334
115,15073280,3242,4648,,,,,,,,,,,,,,,,
,15204352,,,0.8722959905862808,0.339849853515625,0.2,0.00027739008,0.006517007015645504,24.136306762695312,7.016886612772941,0.21865801513195038,2485,0.038560614,0.185680384,-0.039167925804213154,58.70262670516968,-143.74287479961285,252.33333333333334,0.3958333333333333
116,15204352,3242,4689,,,,,,,,,,,,,,,,
,15335424,,,0.8923185467720032,0.34910125732421876,0.2,0.00027719347199999997,0.006508040241897106,22.09032440185547,7.107255500555039,0.210180401802063,2490,0.03660818,0.18555586560000004,-0.04277837503468618,47.585817623138425,-124.10749501668954,247.9375,0.5104166666666666
117,15335424,3241,4731,,,,,,,,,,,,,,,,
,15466496,,,0.8682888597249985,0.37278594970703127,0.2,0.00027699686399999997,0.006506502162665129,26.088714599609375,7.0545580923557285,0.21557453274726868,2495,0.040540643,0.1854313472,-0.03998600168415578,56.76751987934112,-128.6344793992141,249.125,0.4791666666666667
118,15466496,3240,4772,,,,,,,,,,,,,,,,
,15597568,,,0.8693490773439407,0.3695159912109375,0.2,0.00027680025599999996,0.0064920699223876,25.424571990966797,7.054788669943809,0.2313888520002365,2500,0.039868753,0.18530682880000002,-0.042991526337573305,57.502644062042236,-126.34451089292195,228.95833333333334,0.5208333333333334
119,15597568,3241,4811,,,,,,,,,,,,,,,,
,15728640,,,0.8552285879850388,0.39163818359375,0.2,0.00027660364799999995,0.006484407000243664,26.4041805267334,7.106975883245468,0.233742356300354,2505,0.04089671,0.1851823104,-0.04120843888085801,59.95631091594696,-127.13800769539561,244.36458333333334,0.4895833333333333
120,15728640,3241,4851,,,,,,,,,,,,,,,,
,15859712,,,0.8646429181098938,0.38058929443359374,0.2,0.00027640703999999995,0.006476454436779022,24.597585678100586,7.110232299566269,0.2211451530456543,2510,0.03982105,0.185057792,-0.039307808817829935,59.239110469818115,-131.2438481056711,235.80208333333334,0.4895833333333333
121,15859712,3241,4892,,,,,,,,,,,,,,,,
,15990784,,,0.8716254681348801,0.37166900634765626,0.2,0.000276210432,0.006478939205408096,23.247806549072266,7.083547526597977,0.21468865871429443,2515,0.03904385,0.1849332736,-0.04186230168124894,53.806866836547854,-117.17536962220355,226.90625,0.5208333333333334
122,15990784,3240,4934,,,,,,,,,,,,,,,,
,16121856,,,0.8747804760932922,0.35507659912109374,0.2,0.000276013824,0.006466844119131565,27.366247177124023,7.030350229144096,0.22316555678844452,2520,0.036653064,0.1848087552,-0.04198632367624668,56.52061269283295,-113.64201581269519,219.15625,0.5833333333333334
123,16121856,3239,4976,,,,,,,,,,,,,,,,
,16252928,,,0.8701275587081909,0.3402374267578125,0.2,0.000275817216,0.006468271370977163,24.497478485107422,7.103611558675766,0.2148960679769516,2525,0.038181942,0.1846842368,-0.04228702446562238,55.78599348068237,-115.51980642383,229.51041666666666,0.6041666666666666
124,16252928,3239,5016,,,,,,,,,,,,,,,,
,16384000,,,0.8751052469015121,0.35726318359375,0.2,0.000275620608,0.0064570303075015545,25.709095001220703,7.1479495704174045,0.22090387344360352,2530,0.03939033,0.18455971840000002,-0.04340313689026516,52.363353204727176,-128.3421746453661,241.96875,0.4895833333333333
125,16384000,3240,5056,,,,,,,,,,,,,,,,
,16515072,,,0.8778998106718063,0.3580657958984375,0.2,0.00027542399999999997,0.006453168578445911,20.349929809570312,7.127421739697456,0.2266072928905487,2535,0.03529723,0.18443520000000002,-0.040537521219812335,54.441050100326535,-123.02259067177096,230.03125,0.5416666666666666
126,16515072,3239,5097,,,,,,,,,,,,,,,,
,16646144,,,0.8715193569660187,0.35454559326171875,0.2,0.00027522739199999996,0.006448911037296057,24.81754493713379,7.1335674852132795,0.2284948229789734,2540,0.035824783,0.18431068160000003,-0.04626093606348149,58.83439919948578,-105.46320251180013,214.20833333333334,0.625
127,16646144,3239,5137,,,,,,,,,,,,,,,,
,16777216,,,0.8704816401004791,0.35988311767578124,0.2,0.00027503078399999996,0.006441765930503607,26.054401397705078,7.072429925203323,0.2342499941587448,2545,0.055128958,0.1841861632,-0.04280769152683206,61.18130688667297,-128.12178837678195,241.63541666666666,0.4895833333333333
128,16777216,3239,5179,,,,,,,,,,,,,,,,
,16908288,,,0.8906543999910355,0.3501678466796875,0.2,0.000274834176,0.006436392664909363,24.341712951660156,7.197784832119941,0.23099982738494873,2550,0.03620772,0.1840616448,-0.041488074048538694,52.84147281646729,-135.05331328224813,252.35416666666666,0.4583333333333333
129,16908288,3239,5218,,,,,,,,,,,,,,,,
,17039360,,,0.87526785582304,0.37567291259765623,0.2,0.000274637568,0.006437412463128567,25.69121551513672,7.18235856294632,0.230431467294693,2555,0.039539114,0.1839371264,-0.04210252839839086,55.80784978866577,-128.61058479372466,236.54166666666666,0.4791666666666667
130,17039360,3239,5260,,,,,,,,,,,,,,,,
,17170432,,,0.8754073604941368,0.35117645263671876,0.2,0.00027444096,0.006433587055653334,23.97727394104004,7.207969653606415,0.23187081515789032,2560,0.03384469,0.18381260800000002,-0.04346180068096146,57.840302801132204,-135.28599482746975,239.98958333333334,0.4583333333333333
131,17170432,3239,5300,,,,,,,,,,,,,,,,
,17301504,,,0.891035221517086,0.3679412841796875,0.2,0.000274244352,0.00642751157283783,21.2640323638916,7.168341234326363,0.2305903434753418,2565,0.04588502,0.18368808960000002,-0.03984025460667908,50.545930242538454,-112.85541300857018,223.44791666666666,0.5729166666666666
132,17301504,3239,5340,,,,,,,,,,,,,,,,
,17432576,,,0.8897704854607582,0.362420654296875,0.2,0.000274047744,0.006418376229703426,21.266908645629883,7.174357321858406,0.22165030241012573,2570,0.03719341,0.1835635712,-0.04333088337152731,50.30684983730316,-120.66293834171586,235.39583333333334,0.5
133,17432576,3239,5381,,,,,,,,,,,,,,,,
,17563648,,,0.8869810476899147,0.37864990234375,0.2,0.000273851136,0.006407595239579678,23.911130905151367,7.138722085952759,0.22772186994552612,2575,0.048223097,0.18343905280000003,-0.04196181902079843,54.8872893333435,-136.51209359764633,260.1979166666667,0.4270833333333333
134,17563648,3238,5423,,,,,,,,,,,,,,,,
,17694720,,,0.8882697522640228,0.3859222412109375,0.2,0.00027365452799999997,0.006404551677405834,24.5943603515625,7.158213686943054,0.22937564551830292,2580,0.045359373,0.1833145344,-0.04478786001272965,52.35812397003174,-117.87220345071925,231.58333333333334,0.5833333333333334
135,17694720,3238,5463,,,,,,,,,,,,,,,,
,17825792,,,0.8724868297576904,0.3540557861328125,0.2,0.00027345791999999996,0.006401664577424526,23.081209182739258,7.1870950818061825,0.22644495964050293,2585,0.04191141,0.183190016,-0.04071983105095569,59.4342536687851,-137.01930922627068,257.375,0.40625
136,17825792,3238,5504,,,,,,,,,,,,,,,,
,17956864,,,0.8697280138731003,0.3523773193359375,0.2,0.00027326131199999996,0.006395798176527023,25.16176986694336,7.204851365089416,0.2316073179244995,2590,0.038304903,0.18306549760000002,-0.040377234827610665,61.11096868515015,-114.71345565843127,224.44791666666666,0.5729166666666666
137,17956864,3238,5544,,,,,,,,,,,,,,,,
,18087936,,,0.8784916996955872,0.3654327392578125,0.2,0.00027306470399999995,0.006396901793777943,20.134260177612305,7.221315979957581,0.21984538435935974,2595,0.051303215,0.1829409792,-0.039369888429064304,55.23710472583771,-122.01803286947616,233.72916666666666,0.53125
138,18087936,3239,5584,,,,,,,,,,,,,,,,
,18219008,,,0.885937824845314,0.38584747314453127,0.2,0.00027286809599999995,0.006392627023160458,21.910207748413086,7.175861886143684,0.2343563735485077,2600,0.04283282,0.1828164608,-0.03919162683305331,59.0576331615448,-132.77026494631787,237.8125,0.4479166666666667
139,18219008,3239,5624,,,,,,,,,,,,,,,,
,18350080,,,0.8814385458827019,0.374658203125,0.2,0.000272671488,0.006389891728758812,23.281803131103516,7.112368872761726,0.22288453578948975,2605,0.044907663,0.1826919424,-0.04135560588765656,57.77522950172424,-121.35286801658692,245.21875,0.53125
140,18350080,3238,5665,,,,,,,,,,,,,,,,
,18481152,,,0.8705116212368011,0.35749664306640627,0.2,0.00027247488,0.006387881934642792,23.741117477416992,7.188750505447388,0.2298646867275238,2610,0.03742322,0.182567424,-0.043381461862009016,63.97028558254242,-118.40801070234403,226.28125,0.5416666666666666
141,18481152,3238,5706,,,,,,,,,,,,,,,,
,18612224,,,0.8851142600178719,0.36574249267578124,0.2,0.000272278272,0.006372356321662664,26.151132583618164,7.13869808614254,0.2388036698102951,2615,0.03867,0.1824429056,-0.048513937083771455,57.741200137138364,-118.05290649914123,225.84375,0.5625
142,18612224,3238,5747,,,,,,,,,,,,,,,,
,18743296,,,0.8806811794638634,0.37164306640625,0.2,0.000272081664,0.006364717613905668,23.71176528930664,7.194723334908486,0.2350919246673584,2620,0.043333456,0.18231838720000001,-0.04276839425438084,56.446974587440494,-126.75997404729894,237.8125,0.4895833333333333
143,18743296,3238,5787,,,,,,,,,,,,,,,,
,18874368,,,0.88626828789711,0.33718719482421877,0.2,0.00027188505599999997,0.006362832151353359,24.39378547668457,7.198539969325066,0.2319536805152893,2625,0.03588537,0.18219386880000002,-0.04250741794676287,54.532883977890016,-108.55013924628408,216.63541666666666,0.5833333333333334
144,18874368,3237,5829,,,,,,,,,,,,,,,,
,19005440,,,0.8827221617102623,0.3569183349609375,0.2,0.00027168844799999996,0.006363173481076956,22.189451217651367,7.182918226718902,0.22653719782829285,2630,0.04084537,0.18206935040000002,-0.04358397282776423,58.018179821968076,-123.49114554273542,235.02083333333334,0.5208333333333334
145,19005440,3238,5868,,,,,,,,,,,,,,,,
,19136512,,,0.883936420083046,0.3649658203125,0.2,0.00027149183999999996,0.006360097788274288,25.806310653686523,7.114399346709251,0.2347368597984314,2635,0.039394252,0.18194483200000003,-0.042373866509296934,53.89556798934937,-124.22552098582287,247.95833333333334,0.53125
146,19136512,3238,5909,,,,,,,,,,,,,,,,
,19267584,,,0.8732852190732956,0.35389404296875,0.2,0.000271295232,0.006364240311086178,22.980619430541992,7.175109601020813,0.23900870978832245,2640,0.041069403,0.1818203136,-0.04470122297643684,56.347546339035034,-121.98019777350719,250.28125,0.5104166666666666
147,19267584,3238,5949,,,,,,,,,,,,,,,,
,19398656,,,0.8752117529511452,0.39373779296875,0.2,0.000271098624,0.006368705071508884,26.175174713134766,7.208143308758736,0.23621350526809692,2645,0.039766714,0.1816957952,-0.04012371605786029,56.425014114379884,-124.24032443586623,237.9375,0.5
148,19398656,3237,5991,,,,,,,,,,,,,,,,
,19529728,,,0.8702733963727951,0.34727783203125,0.2,0.000270902016,0.0063619716092944145,23.62856101989746,7.148284173011779,0.22793912887573242,2650,0.035085004,0.18157127680000001,-0.04414648356178077,59.94905314445496,-126.97507174154278,243.29166666666666,0.4791666666666667
149,19529728,3237,6032,,,,,,,,,,,,,,,,
,19660800,,,0.865787923336029,0.3573211669921875,0.2,0.000270705408,0.0063658300787210464,24.644275665283203,7.17110487818718,0.22058424353599548,2655,0.044089653,0.18144675840000002,-0.040669435847667045,60.729423952102664,-117.03565632622065,225.04166666666666,0.5520833333333334
150,19660800,3237,6072,,,,,,,,,,,,,,,,
,19791872,,,0.8730818331241608,0.3240814208984375,0.2,0.0002705088,0.006358426995575428,21.762006759643555,7.183954256772995,0.2284848392009735,2660,0.032517686,0.18132224000000002,-0.04486184420238715,57.35738627910614,-116.09756940799197,215.77083333333334,0.59375
151,19791872,3237,6114,,,,,,,,,,,,,,,,
,19922944,,,0.882646270096302,0.3532867431640625,0.2,0.000270312192,0.006349449511617422,23.994985580444336,7.172924757003784,0.2269221842288971,2665,0.042211287,0.1811977216,-0.04225053057307378,54.30982978343964,-116.61147610094126,217.35416666666666,0.53125
152,19922944,3237,6154,,,,,,,,,,,,,,,,
,20054016,,,0.8894457295536995,0.38331146240234376,0.2,0.00027011558399999997,0.0063492609187960625,19.822107315063477,7.142988681793213,0.2246370166540146,2670,0.04494883,0.1810732032,-0.04514493727765512,49.92323017120361,-131.32275070892715,243.84375,0.5
153,20054016,3237,6194,,,,,,,,,,,,,,,,
,20185088,,,0.8723952323198318,0.372222900390625,0.2,0.00026991897599999996,0.006362151354551315,26.58298683166504,7.109219723939896,0.22364693880081177,2675,0.042403754,0.1809486848,-0.04058455519843847,55.9313378572464,-135.40505917235933,248.0625,0.4479166666666667
154,20185088,3237,6234,,,,,,,,,,,,,,,,
,20316160,,,0.886063776910305,0.35831146240234374,0.2,0.00026972236799999996,0.0063727982342243195,24.612548828125,7.133277666568756,0.23383139073848724,2680,0.064677164,0.1808241664,-0.03957550234918017,57.72877452373505,-118.57308854781282,227.65625,0.5625
155,20316160,3237,6275,,,,,,,,,,,,,,,,
,20447232,,,0.8764769360423088,0.3792449951171875,0.2,0.00026952575999999995,0.006371989380568266,25.72844696044922,7.138077145814895,0.2259121835231781,2685,0.04218954,0.18069964800000002,-0.04258363362168893,59.65009245872498,-128.55258629267493,248.26041666666666,0.4895833333333333
156,20447232,3236,6316,,,,,,,,,,,,,,,,
,20578304,,,0.8822300806641579,0.34608306884765627,0.2,0.00026932915199999994,0.0063722990453243256,23.575775146484375,7.236502823233605,0.22868290543556213,2690,0.049846597,0.1805751296,-0.04095737609022763,55.60080695152283,-122.80688234659158,233.41666666666666,0.53125
157,20578304,3236,6358,,,,,,,,,,,,,,,,
,20709376,,,0.8795540183782578,0.35874176025390625,0.2,0.000269132544,0.006373437121510506,26.910884857177734,7.166912439465523,0.24233725666999817,2695,0.038750548,0.1804506112,-0.040952564575127325,57.282287168502805,-129.32208973089348,251.86458333333334,0.46875
158,20709376,3236,6399,,,,,,,,,,,,,,,,
,20840448,,,0.8926489725708961,0.38665313720703126,0.2,0.000268935936,0.006367941852658987,21.905397415161133,7.198277562856674,0.24060526490211487,2700,0.04331909,0.1803260928,-0.04085466093383729,50.67617084980011,-119.42810215324575,236.39583333333334,0.53125
159,20840448,3236,6439,,,,,,,,,,,,,,,,
,20971520,,,0.8888149112462997,0.35813446044921876,0.2,0.000268739328,0.006369248032569885,23.788774490356445,7.270351672172547,0.24589276313781738,2705,0.039384857,0.1802015744,-0.04333592119801324,49.947903347015384,-127.70222090633429,250.25,0.4895833333333333
160,20971520,3235,6480,,,,,,,,,,,,,,,,
,21102592,,,0.8834106996655464,0.36645050048828126,0.2,0.00026854272,0.00637062219902873,22.99633026123047,7.238756954669952,0.23895733058452606,2710,0.039034314,0.180077056,-0.04165119421959389,55.09662680625915,-119.03830482652309,223.44791666666666,0.5833333333333334
161,21102592,3236,6520,,,,,,,,,,,,,,,,
,21233664,,,0.8969497829675674,0.35622406005859375,0.2,0.00026834611199999997,0.006367717869579792,18.581295013427734,7.2086408793926235,0.2401239573955536,2715,0.039622217,0.17995253760000002,-0.04397341470175888,48.01174924373627,-122.77957199267325,228.5,0.5208333333333334
162,21233664,3236,6561,,,,,,,,,,,,,,,,
,21364736,,,0.8847688212990761,0.35861053466796877,0.2,0.00026814950399999996,0.006364115979522467,24.568693161010742,7.206780177354813,0.22848331928253174,2720,0.04186327,0.17982801920000002,-0.041475312670809214,55.641920232772826,-126.740024343618,239.52083333333334,0.4791666666666667
163,21364736,3235,6602,,,,,,,,,,,,,,,,
,21495808,,,0.8909742832183838,0.36844635009765625,0.2,0.000267952896,0.006362584885209799,25.52188491821289,7.255862593650818,0.2403908371925354,2725,0.040493056,0.17970350080000003,-0.03822781135095284,53.93165180683136,-121.93274086098211,239.53125,0.5416666666666666
164,21495808,3235,6643,,,,,,,,,,,,,,,,
,21626880,,,0.8943726420402527,0.34950103759765627,0.2,0.000267756288,0.006361403968185186,22.25333595275879,7.302674844861031,0.2146429419517517,2730,0.036721803,0.1795789824,-0.041037600857089275,50.186878252029416,-134.8863296279487,254.72916666666666,0.4583333333333333
165,21626880,3235,6683,,,,,,,,,,,,,,,,
,21757952,,,0.8711893707513809,0.3499603271484375,0.2,0.00026755968,0.006363827735185623,21.08480453491211,7.186841243505478,0.22725030779838562,2735,0.039021634,0.179454464,-0.04363406188058434,56.482536458969115,-137.97631193337156,247.92708333333334,0.3854166666666667
166,21757952,3235,6724,,,,,,,,,,,,,,,,
,21889024,,,0.8851458132266998,0.37427825927734376,0.2,0.000267363072,0.006354328244924545,24.37509536743164,7.187309700250625,0.2301291525363922,2740,0.05044611,0.1793299456,-0.040362964598170945,60.94308230876923,-124.70314429299054,248.75,0.4791666666666667
167,21889024,3234,6766,,,,,,,,,,,,,,,,
,22020096,,,0.8824110552668571,0.35018157958984375,0.2,0.000267166464,0.006344941910356283,29.67722511291504,7.0724327087402346,0.22692954540252686,2745,0.04444272,0.17920542720000002,-0.04335786985757295,61.97659454345703,-139.20623134530524,247.07291666666666,0.3958333333333333
168,22020096,3234,6807,,,,,,,,,,,,,,,,
,22151168,,,0.8820491507649422,0.35670623779296873,0.2,0.000266969856,0.0063430629670619965,21.618610382080078,7.14947871863842,0.2293955683708191,2750,0.04362205,0.1790809088,-0.04134562578692567,57.736850786209104,-117.06451902870613,237.45833333333334,0.5520833333333334
169,22151168,3234,6848,,,,,,,,,,,,,,,,
,22282240,,,0.8804242759943008,0.3699127197265625,0.2,0.000266773248,0.0063403695821762085,25.40259552001953,7.201989495754242,0.23180215060710907,2755,0.039947696,0.17895639040000003,-0.042834744876017794,54.18248453140259,-122.68956062319243,231.23958333333334,0.5520833333333334
170,22282240,3234,6888,,,,,,,,,,,,,,,,
,22413312,,,0.874908447265625,0.36691131591796877,0.2,0.00026657663999999997,0.006341028027236462,26.97333526611328,7.1266510635614395,0.2352139949798584,2760,0.037490703,0.178831872,-0.041056596202543004,63.24176421165466,-127.84100234198525,256.09375,0.4479166666666667
171,22413312,3234,6930,,,,,,,,,,,,,,,,
,22544384,,,0.8836130499839783,0.41583251953125,0.2,0.00026638003199999996,0.0063413288444280624,24.944032669067383,7.147102171182633,0.23139940202236176,2765,0.04756905,0.1787073536,-0.039871194848092276,56.85905487537384,-128.1947944740485,245.38541666666666,0.46875
172,22544384,3233,6971,,,,,,,,,,,,,,,,
,22675456,,,0.8721494674682617,0.34181060791015627,0.2,0.00026618342399999995,0.006333355791866779,29.222209930419922,7.142451438307762,0.23534536361694336,2770,0.03389573,0.1785828352,-0.042255630705039945,64.06897835731506,-114.1571055904896,223.125,0.59375
173,22675456,3234,7011,,,,,,,,,,,,,,,,
,22806528,,,0.8813296109437943,0.36413726806640623,0.2,0.00026598681599999995,0.00632983073592186,24.827402114868164,7.188916349411011,0.22596292197704315,2775,0.03577523,0.17845831680000002,-0.03866747667634627,57.71061472892761,-133.38980415913656,244.40625,0.4479166666666667
174,22806528,3234,7052,,,,,,,,,,,,,,,,
,22937600,,,0.8761097863316536,0.35963592529296873,0.2,0.000265790208,0.006334447767585516,24.457378387451172,7.182089582085609,0.22832798957824707,2780,0.03555285,0.17833379840000002,-0.04402795201167464,59.904787278175355,-116.11949665093584,225.6875,0.5520833333333334
175,22937600,3234,7091,,,,,,,,,,,,,,,,
,23068672,,,0.881760723888874,0.36307373046875,0.2,0.0002655936,0.006335895508527756,22.11470603942871,7.150472846627236,0.23053383827209473,2785,0.038659386,0.17820928,-0.04502053859177977,54.615589189529416,-120.59448812924957,232.4375,0.5520833333333334
176,23068672,3234,7132,,,,,,,,,,,,,,,,
,23199744,,,0.8904405906796455,0.373858642578125,0.2,0.000265396992,0.0063407993875443935,19.937517166137695,7.191890144348145,0.22722101211547852,2790,0.0429276,0.1780847616,-0.042797243915265425,51.8324636220932,-121.0015780741442,241.97916666666666,0.5
177,23199744,3234,7172,,,,,,,,,,,,,,,,
,23330816,,,0.8790607899427414,0.3490234375,0.2,0.000265200384,0.006339902989566326,26.425539016723633,7.136631056666374,0.2350308895111084,2795,0.041561425,0.1779602432,-0.04278547134599649,62.243269419670106,-122.8261525241735,243.20833333333334,0.4583333333333333
178,23330816,3234,7213,,,,,,,,,,,,,,,,
,23461888,,,0.8958453238010406,0.38731842041015624,0.2,0.00026500377599999997,0.006336824502795935,22.823530197143555,7.110923168063164,0.22577711939811707,2800,0.04002121,0.1778357248,-0.042004082145285795,51.263580322265625,-114.77167942481474,239.40625,0.5520833333333334
179,23461888,3233,7255,,,,,,,,,,,,,,,,
,23592960,,,0.8936988264322281,0.39296722412109375,0.2,0.00026480716799999997,0.006345104426145554,21.08696746826172,7.158468821644783,0.22243474423885345,2805,0.050416112,0.17771120640000002,-0.03407339750265237,53.74044256210327,-127.01257345608826,249.30208333333334,0.4895833333333333
180,23592960,3233,7296,,,,,,,,,,,,,,,,
,23724032,,,0.8895815089344978,0.3781341552734375,0.2,0.00026461055999999996,0.006352551281452179,22.962749481201172,7.136019536852837,0.23440402746200562,2810,0.044397645,0.17758668800000002,-0.03957255667774007,56.208303689956665,-124.14940857252202,246.58333333333334,0.5416666666666666
181,23724032,3233,7338,,,,,,,,,,,,,,,,
,23855104,,,0.8911828473210335,0.332000732421875,0.2,0.000264413952,0.006348764058202505,24.86722183227539,7.175286963582039,0.238846093416214,2815,0.033351675,0.17746216960000002,-0.040965659671928736,57.190156769752505,-138.12460955595614,250.35416666666666,0.4270833333333333
182,23855104,3232,7379,,,,,,,,,,,,,,,,
,23986176,,,0.8796141222119331,0.36233367919921877,0.2,0.000264217344,0.006349653005599976,24.245433807373047,7.186233621835709,0.24447385966777802,2820,0.05787638,0.17733765120000003,-0.04248668034560978,59.81233098506927,-118.97311513751704,226.09375,0.53125
183,23986176,3232,7420,,,,,,,,,,,,,,,,
,24117248,,,0.8781517446041107,0.3869537353515625,0.2,0.000264020736,0.006358628626912832,24.024696350097656,7.2131430268287655,0.2508012056350708,2825,0.042362057,0.1772131328,-0.04093470387451816,57.47274258136749,-129.06523587931065,249.42708333333334,0.4791666666666667
184,24117248,3232,7460,,,,,,,,,,,,,,,,
,24248320,,,0.8853638917207718,0.3839813232421875,0.2,0.000263824128,0.006351332645863295,23.80933380126953,7.127399826049805,0.23782877624034882,2830,0.038877122,0.1770886144,-0.04018183118896559,53.99723966121674,-102.1057110846815,216.86458333333334,0.65625
185,24248320,3232,7501,,,,,,,,,,,,,,,,
,24379392,,,0.8835535049438477,0.3679229736328125,0.2,0.00026362752,0.006342252250760794,23.476465225219727,7.182903906702995,0.2413385808467865,2835,0.040015202,0.176964096,-0.044892432959750296,55.177544069290164,-123.71548617393596,244.47916666666666,0.53125
186,24379392,3232,7542,,,,,,,,,,,,,,,,
,24510464,,,0.8897378295660019,0.366094970703125,0.2,0.000263430912,0.0063432976603507996,21.538116455078125,7.176472213864327,0.24981389939785004,2840,0.041368656,0.17683957760000002,-0.04269121959368931,53.67461516857147,-120.80518119645687,227.40625,0.5
187,24510464,3232,7582,,,,,,,,,,,,,,,,
,24641536,,,0.8852019086480141,0.36115875244140627,0.2,0.00026323430399999997,0.006353218108415604,23.226581573486328,7.1865797072649,0.23872089385986328,2845,0.04284027,0.1767150592,-0.043030989461112765,58.88116571903229,-125.9685236882706,238.92708333333334,0.4791666666666667
188,24641536,3231,7624,,,,,,,,,,,,,,,,
,24772608,,,0.8754947036504745,0.3309539794921875,0.2,0.00026303769599999997,0.006356026977300644,25.287677764892578,7.208483263850212,0.24840882420539856,2850,0.033770174,0.1765905408,-0.04149987830169266,64.92645177841186,-129.34569676754495,253.04166666666666,0.4375
189,24772608,3231,7665,,,,,,,,,,,,,,,,
,24903680,,,0.8926081135869026,0.34390716552734374,0.2,0.00026284108799999996,0.006356045603752136,22.9887752532959,7.169574519991874,0.23587684333324432,2855,0.037619635,0.1764660224,-0.04307913357333746,53.40645227432251,-128.69136103750256,240.39583333333334,0.4895833333333333
190,24903680,3231,7706,,,,,,,,,,,,,,,,
,25034752,,,0.886323094367981,0.3607330322265625,0.2,0.00026264447999999995,0.0063507286831736565,21.373729705810547,7.152490508556366,0.24126258492469788,2860,0.042155623,0.176341504,-0.040423321721027604,53.104245686531065,-126.21450192641345,254.17708333333334,0.4583333333333333
191,25034752,3230,7748,,,,,,,,,,,,,,,,
,25165824,,,0.8730143457651138,0.3803985595703125,0.2,0.00026244787199999995,0.006353924982249737,22.866098403930664,7.234081703424454,0.24795490503311157,2865,0.03578236,0.17621698560000001,-0.040042074100347234,57.33742258548737,-124.79658944592659,235.97916666666666,0.5208333333333334
192,25165824,3230,7791,,,,,,,,,,,,,,,,
,25296896,,,0.8881326466798782,0.36097564697265627,0.2,0.000262251264,0.006352217402309179,23.906709671020508,7.193600225448608,0.23724280297756195,2870,0.042967748,0.17609246720000002,-0.04323767510068137,53.61831424236298,-119.53383666744215,216.78125,0.5520833333333334
193,25296896,3230,7830,,,,,,,,,,,,,,,,
,25427968,,,0.8951808884739876,0.36129608154296877,0.2,0.000262054656,0.00636347196996212,23.501379013061523,7.230763551592827,0.23817770183086395,2875,0.04969602,0.1759679488,-0.04190452200418804,52.75625863075256,-128.9126050151074,239.69791666666666,0.4895833333333333
194,25427968,3230,7871,,,,,,,,,,,,,,,,
,25559040,,,0.8759212270379066,0.3539215087890625,0.2,0.000261858048,0.006356538739055395,27.261674880981445,7.254593330621719,0.23596322536468506,2880,0.03769537,0.1758434304,-0.044379932654555886,61.78906588554382,-127.4817371058728,232.86458333333334,0.4895833333333333
195,25559040,3229,7913,,,,,,,,,,,,,,,,
,25690112,,,0.88328056037426,0.35948333740234373,0.2,0.00026166144,0.006357324775308371,24.881044387817383,7.2532679498195645,0.239349365234375,2885,0.0382834,0.175718912,-0.04431321402080357,51.94743888378143,-119.81752139541773,232.17708333333334,0.5104166666666666
196,25690112,3230,7953,,,,,,,,,,,,,,,,
,25821184,,,0.8829928487539291,0.3624114990234375,0.2,0.00026146483199999997,0.006368501111865044,21.191349029541016,7.228848767280579,0.23963475227355957,2890,0.043653626,0.1755943936,-0.044392217037966475,53.0998054265976,-125.41492969139613,235.05208333333334,0.4895833333333333
197,25821184,3229,7994,,,,,,,,,,,,,,,,
,25952256,,,0.8675998449325562,0.36552734375,0.2,0.00026126822399999997,0.0063677700236439705,23.030715942382812,7.240418726205826,0.22759667038917542,2895,0.038892698,0.17546987520000001,-0.041975751433346885,58.04234383106232,-124.01327990881991,244.61458333333334,0.5208333333333334
198,25952256,3229,8034,,,,,,,,,,,,,,,,
,26083328,,,0.8767749667167664,0.3670989990234375,0.2,0.00026107161599999996,0.006376334931701422,22.603681564331055,7.204625514149666,0.24026529490947723,2900,0.047094278,0.17534535680000002,-0.04030712219682755,55.82445693016052,-111.33850709705523,219.61458333333334,0.59375
199,26083328,3230,8074,,,,,,,,,,,,,,,,
,26214400,,,0.8690137267112732,0.37740936279296877,0.2,0.000260875008,0.006378449499607086,25.541019439697266,7.183342504501343,0.24477684497833252,2905,0.03776615,0.17522083840000002,-0.04463403998524882,57.70159907341004,-133.26426366145128,253.40625,0.4375
200,26214400,3230,8115,,,,,,,,,,,,,,,,
,26345472,,,0.8760625943541527,0.3299285888671875,0.2,0.0002606784,0.006377322133630514,22.271060943603516,7.207737529277802,0.24454078078269958,2910,0.03334231,0.17509632000000003,-0.041533306529163386,59.661475563049315,-124.28393676262895,236.1875,0.5520833333333334
201,26345472,3230,8155,,,,,,,,,,,,,,,,
,26476544,,,0.8838114887475967,0.3784423828125,0.2,0.000260481792,0.006384116597473621,24.33344268798828,7.162597873806954,0.2354939877986908,2915,0.04461202,0.17497180160000003,-0.03730171229399275,56.468391513824464,-129.55718449871054,241.53125,0.5
202,26476544,3229,8197,,,,,,,,,,,,,,,,
,26607616,,,0.8756748661398888,0.3531219482421875,0.2,0.00026028518399999993,0.006385419517755508,20.772693634033203,7.177420344948769,0.23006224632263184,2920,0.04220768,0.1748472832,-0.04068532347882865,54.86492114067077,-124.5691478020047,236.07291666666666,0.5208333333333334
203,26607616,3230,8237,,,,,,,,,,,,,,,,
,26738688,,,0.8785463571548462,0.34611358642578127,0.2,0.000260088576,0.006367340683937073,25.10665512084961,7.123432326316833,0.23651131987571716,2925,0.044147693,0.1747227648,-0.04079483147652354,55.39280545711517,-119.01112813381856,235.82291666666666,0.5416666666666666
204,26738688,3230,8277,,,,,,,,,,,,,,,,
,26869760,,,0.8861313238739967,0.3504119873046875,0.2,0.000259891968,0.006363557185977697,20.287677764892578,7.171033248305321,0.23359160125255585,2930,0.0376585,0.1745982464,-0.03851342986163218,53.504792380332944,-133.44975448233754,242.91666666666666,0.4791666666666667
205,26869760,3230,8317,,,,,,,,,,,,,,,,
,27000832,,,0.8822428658604622,0.36552886962890624,0.2,0.00025969535999999997,0.006357373204082251,25.899185180664062,7.198366761207581,0.24412183463573456,2935,0.04295973,0.17447372800000002,-0.042645499962964094,58.94554479122162,-122.45247290969553,243.90625,0.5104166666666666
206,27000832,3230,8358,,,,,,,,,,,,,,,,
,27131904,,,0.8718376457691193,0.389617919921875,0.2,0.00025949875199999996,0.0063671390525996685,26.337499618530273,7.197565761208534,0.23750528693199158,2940,0.059201814,0.1743492096,-0.03588494969590102,58.29360654354095,-107.56009412846079,212.84375,0.6354166666666666
207,27131904,3229,8400,,,,,,,,,,,,,,,,
,27262976,,,0.8789774402976036,0.36990203857421877,0.2,0.00025930214399999996,0.006372588686645031,24.60246467590332,7.207804751396179,0.24166715145111084,2945,0.04482359,0.1742246912,-0.03990779230225598,54.95571315288544,-126.89026834046774,231.14583333333334,0.5208333333333334
208,27262976,3229,8440,,,,,,,,,,,,,,,,
,27394048,,,0.8787174820899963,0.33566131591796877,0.2,0.00025910553599999995,0.006373795680701733,23.29279327392578,7.160156738758087,0.23691079020500183,2950,0.03440788,0.1741001728,-0.042503873686655425,52.919769167900085,-122.97264949964683,236.45833333333334,0.5104166666666666
209,27394048,3229,8482,,,,,,,,,,,,,,,,
,27525120,,,0.86676225066185,0.36005706787109376,0.2,0.00025890892799999995,0.006371922791004181,25.20335578918457,7.152155643701553,0.2438540905714035,2955,0.035255436,0.1739756544,-0.04230828665895388,61.44356100559234,-118.61972395460378,244.875,0.5520833333333334
210,27525120,3229,8523,,,,,,,,,,,,,,,,
,27656192,,,0.8785455226898193,0.36448211669921876,0.2,0.00025871232,0.006359034683555365,27.359237670898438,7.187188535928726,0.239341601729393,2960,0.04145249,0.17385113600000002,-0.046095758610317714,59.289952516555786,-129.19787692922026,247.6875,0.5
211,27656192,3229,8563,,,,,,,,,,,,,,,,
,27787264,,,0.8808606863021851,0.35500335693359375,0.2,0.000258515712,0.006362851709127426,23.122568130493164,7.263351735472679,0.24643073976039886,2965,0.0389999,0.17372661760000002,-0.0431281961442437,57.15444703102112,-116.78228471808688,236.875,0.5625
212,27787264,3229,8605,,,,,,,,,,,,,,,,
,27918336,,,0.8746770024299622,0.33731842041015625,0.2,0.000258319104,0.006357354577630758,23.76852035522461,7.1904512494802475,0.24640890955924988,2970,0.04102292,0.1736020992,-0.041304362421942645,57.69580299854279,-133.10507184119672,243.96875,0.4375
213,27918336,3229,8645,,,,,,,,,,,,,,,,
,28049408,,,0.8717357367277145,0.36133575439453125,0.2,0.000258122496,0.006352887488901615,24.715370178222656,7.173993465304375,0.2401341199874878,2975,0.05135331,0.1734775808,-0.040831537914345975,58.614387130737306,-116.52083194548258,223.45833333333334,0.5416666666666666
214,28049408,3228,8687,,,,,,,,,,,,,,,,
,28180480,,,0.8855010420084,0.369683837890625,0.2,0.00025792588799999997,0.006349371280521154,18.03937530517578,7.2467017531394955,0.22898808121681213,2980,0.04162409,0.1733530624,-0.04159675051923841,49.91633548736572,-122.99095651360444,230.53125,0.5104166666666666
215,28180480,3228,8728,,,,,,,,,,,,,,,,
,28311552,,,0.8800867423415184,0.33983917236328126,0.2,0.00025772927999999996,0.006347185932099819,18.415363311767578,7.21897654235363,0.23480626940727234,2985,0.036922798,0.173228544,-0.043435834367119244,54.497518277168275,-128.76121160253567,248.46875,0.46875
216,28311552,3228,8769,,,,,,,,,,,,,,,,
,28442624,,,0.8734153509140015,0.40123291015625,0.2,0.00025753267199999996,0.006349567323923111,24.89582633972168,7.200703138113022,0.2567933201789856,2990,0.10018934,0.17310402560000002,-0.039070538798114285,60.2166672706604,-125.59539924524022,241.28125,0.4791666666666667
217,28442624,3228,8810,,,,,,,,,,,,,,,,
,28573696,,,0.8803382068872452,0.356634521484375,0.2,0.000257336064,0.006352121941745281,22.297454833984375,7.277152237296105,0.2416488379240036,2995,0.03999517,0.17297950720000002,-0.04054059963964392,54.032927894592284,-111.21888971800998,232.98958333333334,0.5833333333333334
218,28573696,3227,8852,,,,,,,,,,,,,,,,
,28704768,,,0.8859686776995659,0.36650238037109373,0.2,0.000257139456,0.0063562821596860886,22.815719604492188,7.194401836395263,0.23463188111782074,3000,0.04203038,0.17285498880000003,-0.041757029975997284,52.285093665122986,-116.77461781132426,227.38541666666666,0.5208333333333334
219,28704768,3228,8892,,,,,,,,,,,,,,,,
,28835840,,,0.8806109428405762,0.38230133056640625,0.2,0.00025694284799999994,0.006355260964483023,23.346158981323242,7.205495598912239,0.23058384656906128,3005,0.04497038,0.1727304704,-0.03889555821224348,54.50001666545868,-106.47751324977891,214.08333333333334,0.6145833333333334
220,28835840,3228,8932,,,,,,,,,,,,,,,,
,28966912,,,0.8817533180117607,0.3546722412109375,0.2,0.00025674624,0.006346242502331734,26.994979858398438,7.190246993303299,0.23331241309642792,3010,0.04566863,0.172605952,-0.041900771005020945,59.38133442401886,-133.2399078206058,259.78125,0.4375
221,28966912,3227,8973,,,,,,,,,,,,,,,,
,29097984,,,0.8786780536174774,0.37059783935546875,0.2,0.000256549632,0.006341071799397469,26.880556106567383,7.195604965090752,0.2231910228729248,3015,0.040028043,0.1724814336,-0.03879779428243637,58.94238338470459,-133.2847825542709,256.4270833333333,0.4479166666666667
222,29097984,3228,9013,,,,,,,,,,,,,,,,
,29229056,,,0.8822109252214432,0.36981658935546874,0.2,0.000256353024,0.006334218196570873,26.100488662719727,7.200890532135963,0.22998568415641785,3020,0.038718734,0.17235691520000002,-0.04330516039262875,58.90040862560272,-121.54759406918409,223.94791666666666,0.53125
223,29229056,3227,9055,,,,,,,,,,,,,,,,
,29360128,,,0.8975960612297058,0.33928680419921875,0.2,0.00025615641599999997,0.006331620272248983,24.716678619384766,7.225218087434769,0.23090633749961853,3025,0.03386025,0.1722323968,-0.04383540628477931,53.954443621635434,-117.78937847940351,239.04166666666666,0.5416666666666666
224,29360128,3228,9094,,,,,,,,,,,,,,,,
,29491200,,,0.8944956958293915,0.34947052001953127,0.2,0.00025595980799999996,0.006319716572761536,25.89471435546875,7.22861196398735,0.23325291275978088,3030,0.040630873,0.1721078784,-0.0411801683017984,55.42223753929138,-131.03292454876132,247.63541666666666,0.4583333333333333
225,29491200,3228,9135,,,,,,,,,,,,,,,,
,29622272,,,0.884583093225956,0.3628997802734375,0.2,0.00025576319999999996,0.006325926631689072,22.163516998291016,7.1772503584623335,0.23176440596580505,3035,0.03837636,0.17198336,-0.04444615794927813,56.40129640102386,-136.12693791602376,248.05208333333334,0.4375
226,29622272,3228,9176,,,,,,,,,,,,,,,,
,29753344,,,0.8827661946415901,0.38193817138671876,0.2,0.00025556659199999995,0.006327725946903229,22.563127517700195,7.218873602151871,0.2360304892063141,3040,0.042629704,0.1718588416,-0.04536484516283963,55.640553045272824,-123.22871123404771,237.15625,0.5104166666666666
227,29753344,3228,9217,,,,,,,,,,,,,,,,
,29884416,,,0.8749701529741287,0.3404632568359375,0.2,0.00025536998399999994,0.006327230017632246,26.941434860229492,7.196099403500557,0.23665623366832733,3045,0.03872011,0.1717343232,-0.043859947194869166,60.70340166091919,-135.05655410847905,260.96875,0.4479166666666667
228,29884416,3227,9258,,,,,,,,,,,,,,,,
,30015488,,,0.8862917348742485,0.36208038330078124,0.2,0.000255173376,0.006321369670331478,20.591094970703125,7.193979898095131,0.23200754821300507,3050,0.037050426,0.17160980480000002,-0.04045865685329773,54.921311950683595,-124.70115325166294,220.89583333333334,0.5
229,30015488,3227,9298,,,,,,,,,,,,,,,,
,30146560,,,0.8828215077519417,0.37621612548828126,0.2,0.000254976768,0.006314695812761784,27.10659408569336,7.27126359641552,0.23804597556591034,3055,0.05008466,0.17148528640000002,-0.042299631275818685,56.451890277862546,-123.99666802525405,237.41666666666666,0.5104166666666666
230,30146560,3227,9340,,,,,,,,,,,,,,,,
,30277632,,,0.8838782459497452,0.3476165771484375,0.2,0.00025478016,0.006315394304692745,23.584871292114258,7.278633859753609,0.2510718107223511,3060,0.040083133,0.17136076800000002,-0.042656151854316704,51.48182919025421,-111.64326249193084,225.32291666666666,0.59375
231,30277632,3227,9380,,,,,,,,,,,,,,,,
,30408704,,,0.8834226131439209,0.359356689453125,0.2,0.000254583552,0.006321202032268047,24.76448631286621,7.264501971006394,0.2540094554424286,3065,0.038205158,0.1712362496,-0.044666330843756444,56.21958665847778,-122.82226602548161,238.54166666666666,0.5
232,30408704,3227,9421,,,,,,,,,,,,,,,,
,30539776,,,0.8831894844770432,0.3577911376953125,0.2,0.00025438694399999997,0.006321077235043049,25.408817291259766,7.256085819005966,0.24940729141235352,3070,0.036248874,0.1711117312,-0.03999576492642518,55.65806217193604,-137.48197811817138,245.77083333333334,0.4270833333333333
233,30539776,3227,9462,,,,,,,,,,,,,,,,
,30670848,,,0.8850672394037247,0.36110382080078124,0.2,0.00025419033599999996,0.006319593638181686,18.82134246826172,7.218303933739662,0.2516651153564453,3075,0.04389724,0.1709872128,-0.0429337061548722,52.33418617248535,-130.0952562240738,252.86458333333334,0.4895833333333333
234,30670848,3227,9504,,,,,,,,,,,,,,,,
,30801920,,,0.8837490305304527,0.3467071533203125,0.2,0.000253993728,0.006312175653874874,21.22537612915039,7.189777031540871,0.2544982433319092,3080,0.037839472,0.17086269440000001,-0.044619213292025964,55.905148935317996,-125.03548144003783,238.51041666666666,0.5104166666666666
235,30801920,3227,9543,,,,,,,,,,,,,,,,
,30932992,,,0.8938094973564148,0.34810333251953124,0.2,0.00025379712,0.0063022589311003685,23.804243087768555,7.284722194075584,0.24350571632385254,3085,0.04299252,0.17073817600000002,-0.04372612844599644,51.20983211994171,-117.64698389525256,234.47916666666666,0.5520833333333334
236,30932992,3227,9585,,,,,,,,,,,,,,,,
,31064064,,,0.8948312029242516,0.36122283935546873,0.2,0.000253600512,0.006294704042375088,21.879684448242188,7.279861360788345,0.26234909892082214,3090,0.04051756,0.17061365760000002,-0.04206330751767382,48.53198618888855,-119.43864117229508,229.82291666666666,0.5416666666666666
237,31064064,3226,9626,,,,,,,,,,,,,,,,
,31195136,,,0.8842223808169365,0.34835357666015626,0.2,0.000253403904,0.006299298256635666,24.457305908203125,7.246069401502609,0.2683858871459961,3095,0.045472313,0.17048913920000003,-0.042448167341353836,53.38444113731384,-119.03997978018843,228.54166666666666,0.5416666666666666
238,31195136,3226,9668,,,,,,,,,,,,,,,,
,31326208,,,0.8762263208627701,0.376513671875,0.2,0.000253207296,0.006301471497863531,22.32148551940918,7.240715673565864,0.2617999315261841,3100,0.040470563,0.1703646208,-0.0399966310185846,56.85148434638977,-126.94382524948911,236.01041666666666,0.4895833333333333
239,31326208,3226,9709,,,,,,,,,,,,,,,,
,31457280,,,0.8753454685211182,0.35446624755859374,0.2,0.000253010688,0.0063041625544428825,21.635608673095703,7.220190036296844,0.25770196318626404,3105,0.03660609,0.1702401024,-0.04469687606906518,57.507697677612306,-124.65586654936148,246.96875,0.53125
240,31457280,3226,9749,,,,,,,,,,,,,,,,
,31588352,,,0.8696127086877823,0.35322418212890627,0.2,0.00025281408,0.006301071494817734,24.34107208251953,7.200738525390625,0.26483798027038574,3110,0.036145948,0.17011558400000001,-0.04126209113164805,60.15403847694397,-120.4201621366456,231.61458333333334,0.5416666666666666
241,31588352,3226,9791,,,,,,,,,,,,,,,,
,31719424,,,0.8785231485962868,0.38406219482421877,0.2,0.000252617472,0.006300854962319136,22.94022560119629,7.25433169901371,0.26209816336631775,3115,0.06439956,0.16999106560000002,-0.03642253412253922,57.16848838329315,-113.50346600854635,223.20833333333334,0.6041666666666666
242,31719424,3225,9832,,,,,,,,,,,,,,,,
,31850496,,,0.8764694854617119,0.35409393310546877,0.2,0.00025242086399999996,0.006307869218289852,21.93824005126953,7.24872722029686,0.26187556982040405,3120,0.036170732,0.1698665472,-0.04367632791399956,56.85742812156677,-120.50120918780908,234.51041666666666,0.5104166666666666
243,31850496,3225,9873,,,,,,,,,,,,,,,,
,31981568,,,0.8787985295057297,0.33275604248046875,0.2,0.00025222425599999996,0.006311131175607443,25.682519912719727,7.283396935462951,0.25320813059806824,3125,0.035156142,0.1697420288,-0.04046147087356076,57.98405804634094,-111.35776742253152,222.16666666666666,0.5729166666666666
244,31981568,3226,9913,,,,,,,,,,,,,,,,
,32112640,,,0.8822772726416588,0.3505218505859375,0.2,0.00025202764799999995,0.006314851343631744,21.333616256713867,7.208912736177444,0.2654476761817932,3130,0.039353095,0.1696175104,-0.0410687610739842,53.80167007446289,-125.44380468064003,233.22916666666666,0.5
245,32112640,3226,9953,,,,,,,,,,,,,,,,
,32243712,,,0.8795956969261169,0.38317413330078126,0.2,0.00025183104,0.006315581500530243,20.99021339416504,7.2024059891700745,0.25455981492996216,3135,0.036965657,0.169492992,-0.03976311641235952,54.487325358390805,-125.37305458775677,237.28125,0.5
246,32243712,3226,9994,,,,,,,,,,,,,,,,
,32374784,,,0.8718510121107101,0.370880126953125,0.2,0.000251634432,0.006311184726655483,23.68810272216797,7.21307490170002,0.25975608825683594,3140,0.044347398,0.1693684736,-0.04088229580083862,55.29248466491699,-124.62497832071642,242.0,0.5208333333333334
247,32374784,3225,10035,,,,,,,,,,,,,,,,
,32505856,,,0.8887396082282066,0.3697967529296875,0.2,0.000251437824,0.0063248202204704285,23.192434310913086,7.232620736956596,0.2524535059928894,3145,0.0390314,0.16924395520000002,-0.041125259743421336,53.41543533802032,-115.46939216507728,220.1875,0.5729166666666666
248,32505856,3225,10076,,,,,,,,,,,,,,,,
,32636928,,,0.8755971565842628,0.3594024658203125,0.2,0.000251241216,0.0063228486105799675,25.176115036010742,7.287405768036843,0.25358355045318604,3150,0.03715997,0.16911943680000002,-0.04021026890113717,57.466359686851504,-125.44817525150665,242.30208333333334,0.4895833333333333
249,32636928,3226,10116,,,,,,,,,,,,,,,,
,32768000,,,0.870186448097229,0.3681549072265625,0.2,0.000251044608,0.00631690863519907,22.6236629486084,7.2572340101003645,0.2562656104564667,3155,0.049174875,0.1689949184,-0.042548662172339394,58.67441036701202,-116.6240527897316,226.65625,0.5729166666666666
250,32768000,3225,10157,,,,,,,,,,,,,,,,
,32899072,,,0.8750699087977409,0.36019134521484375,0.2,0.00025084799999999997,0.006311514880508184,24.2071590423584,7.2139799982309345,0.2622053027153015,3160,0.042459477,0.1688704,-0.04141506068699528,57.75081140995026,-135.30448333656014,252.83333333333334,0.4270833333333333
251,32899072,3225,10199,,,,,,,,,,,,,,,,
,33030144,,,0.8900694772601128,0.33596649169921877,0.2,0.00025065139199999996,0.006314261816442013,22.275300979614258,7.270329302549362,0.2625635862350464,3165,0.032683913,0.1687458816,-0.043694395312923004,50.34425482749939,-122.80927701872076,228.98958333333334,0.5
252,33030144,3225,10238,,,,,,,,,,,,,,,,
,33161216,,,0.8808715268969536,0.3643829345703125,0.2,0.000250454784,0.006324803456664085,25.54859161376953,7.259495025873184,0.26115086674690247,3170,0.038229086,0.1686213632,-0.04172953345114365,55.615228390693666,-125.4318724545903,244.22916666666666,0.5
253,33161216,3225,10280,,,,,,,,,,,,,,,,
,33292288,,,0.883038654923439,0.35402069091796873,0.2,0.000250258176,0.006326142232865095,22.71626853942871,7.255838689208031,0.24841594696044922,3175,0.04123,0.16849684480000002,-0.040635616995859894,52.43649599552155,-127.14130299609849,245.36458333333334,0.5104166666666666
254,33292288,3225,10321,,,,,,,,,,,,,,,,
,33423360,,,0.8826566860079765,0.3615814208984375,0.2,0.000250061568,0.006324285175651312,24.09598159790039,7.217840954661369,0.2642555832862854,3180,0.041571558,0.16837232640000002,-0.04323000058357138,51.64501993656158,-124.65566870158777,235.46875,0.5104166666666666
255,33423360,3225,10362,,,,,,,,,,,,,,,,
,33554432,,,0.8861641585826874,0.39550323486328126,0.2,0.00024986495999999994,0.0063215941190719604,25.685503005981445,7.247705596685409,0.25883737206459045,3185,0.04184939,0.168247808,-0.03883498975192197,54.21882853507996,-119.27682102934102,232.61458333333334,0.5104166666666666
256,33554432,3225,10404,,,,,,,,,,,,,,,,
,33685504,,,0.8964739218354225,0.3402587890625,0.2,0.000249668352,0.006323366425931454,23.014598846435547,7.239932346343994,0.24927669763565063,3190,0.033833776,0.16812328960000003,-0.043918495588877705,48.08558948040009,-111.7286525933918,223.70833333333334,0.625
257,33685504,3225,10443,,,,,,,,,,,,,,,,
,33816576,,,0.8872850313782692,0.35819244384765625,0.2,0.000249471744,0.006321688648313284,22.553110122680664,7.214299711585045,0.25750672817230225,3195,0.040675364,0.1679987712,-0.04489527679106686,54.132074451446535,-111.78902498359749,224.28125,0.5625
258,33816576,3224,10485,,,,,,,,,,,,,,,,
,33947648,,,0.8990230783820152,0.38492279052734374,0.2,0.00024927513599999997,0.006325667258352041,22.30669593811035,7.248279285430908,0.2488674372434616,3200,0.04920859,0.1678742528,-0.037389717530459166,52.15538017749786,-119.47394797124366,227.96875,0.5520833333333334
259,33947648,3224,10526,,,,,,,,,,,,,,,,
,34078720,,,0.8973849192261696,0.34345245361328125,0.2,0.00024907852799999997,0.006327904760837555,19.755149841308594,7.177417719364167,0.24423882365226746,3205,0.039509814,0.16774973440000002,-0.04235242748545716,48.09089424610138,-123.13029708238373,245.17708333333334,0.5104166666666666
260,34078720,3224,10568,,,,,,,,,,,,,,,,
,34209792,,,0.8809049651026726,0.32520294189453125,0.2,0.00024888191999999996,0.006321546621620655,23.175058364868164,7.2441119194030765,0.25606465339660645,3210,0.028965019,0.167625216,-0.040877329171053134,54.954540848731995,-131.15959797390786,262.15625,0.4583333333333333
261,34209792,3224,10609,,,,,,,,,,,,,,,,
,34340864,,,0.8941718935966492,0.3857330322265625,0.2,0.00024868531199999995,0.006328762974590063,20.042755126953125,7.218815883994102,0.25801771879196167,3215,0.04044129,0.1675006976,-0.04101445918204263,49.58985600471497,-115.197060926122,239.51041666666666,0.5729166666666666
262,34340864,3224,10650,,,,,,,,,,,,,,,,
,34471936,,,0.8913890421390533,0.37235260009765625,0.2,0.00024848870399999995,0.006329311989247799,20.70035171508789,7.205835250020027,0.24708501994609833,3220,0.039729677,0.1673761792,-0.04154170656111091,48.63693151473999,-117.69771310068147,225.85416666666666,0.5520833333333334
263,34471936,3224,10691,,,,,,,,,,,,,,,,
,34603008,,,0.8889082819223404,0.32647552490234377,0.2,0.000248292096,0.0063216062262654305,21.676042556762695,7.191703903675079,0.2531663775444031,3225,0.03703157,0.1672516608,-0.04024543447012548,50.401413440704346,-119.61251367114478,238.40625,0.53125
264,34603008,3224,10731,,,,,,,,,,,,,,,,
,34734080,,,0.8834952786564827,0.351153564453125,0.2,0.000248095488,0.006320132873952389,22.490955352783203,7.2474744528532025,0.2680039405822754,3230,0.038431693,0.1671271424,-0.04135155327967368,54.414952635765076,-123.85078170815113,247.04166666666666,0.4791666666666667
265,34734080,3224,10773,,,,,,,,,,,,,,,,
,34865152,,,0.8893245682120323,0.41125030517578126,0.2,0.00024789888,0.0063230181112885475,24.004623413085938,7.179471144080162,0.26673492789268494,3235,0.061597217,0.16700262400000002,-0.04230097229810781,49.90712330341339,-121.78950327117441,250.72916666666666,0.5104166666666666
266,34865152,3223,10815,,,,,,,,,,,,,,,,
,34996224,,,0.8807398602366447,0.375262451171875,0.2,0.000247702272,0.00632305396720767,22.840845108032227,7.238005527853966,0.25383466482162476,3240,0.047680262,0.16687810560000002,-0.04165713443944696,54.25163605213165,-132.8497623205205,251.36458333333334,0.4583333333333333
267,34996224,3223,10855,,,,,,,,,,,,,,,,
,35127296,,,0.8881951421499252,0.359088134765625,0.2,0.00024750566399999997,0.006319057196378708,24.687545776367188,7.22969418168068,0.25849395990371704,3245,0.044843253,0.16675358720000003,-0.04137201944104163,55.41439034938812,-128.81520727681433,242.89583333333334,0.4895833333333333
268,35127296,3223,10897,,,,,,,,,,,,,,,,
,35258368,,,0.8904963806271553,0.378265380859375,0.2,0.00024730905599999997,0.006325815804302692,18.81773567199707,7.198778972029686,0.24882613122463226,3250,0.042622063,0.1666290688,-0.039613988675409925,47.244840908050534,-128.86999319246817,237.70833333333334,0.4791666666666667
269,35258368,3223,10937,,,,,,,,,,,,,,,,
,35389440,,,0.8881302177906036,0.37540435791015625,0.2,0.00024711244799999996,0.006332167889922857,19.756423950195312,7.241425997018814,0.26384633779525757,3255,0.056230128,0.1665045504,-0.03745385285292287,52.85190579891205,-121.68166196524847,240.35416666666666,0.5
270,35389440,3223,10979,,,,,,,,,,,,,,,,
,35520512,,,0.8898364305496216,0.3428955078125,0.2,0.00024691584,0.006323060020804405,18.502534866333008,7.251114690303803,0.2712920010089874,3260,0.038001835,0.166380032,-0.041829884563048834,48.61838247776031,-123.06026650167534,251.67708333333334,0.5
271,35520512,3223,11020,,,,,,,,,,,,,,,,
,35651584,,,0.8879528641700745,0.3552490234375,0.2,0.000246719232,0.0063263969495892525,23.647478103637695,7.235643157362938,0.25209635496139526,3265,0.038533308,0.16625551360000002,-0.04161215167841874,52.23014886379242,-122.06149124304704,233.92708333333334,0.4895833333333333
272,35651584,3223,11061,,,,,,,,,,,,,,,,
,35782656,,,0.8886638507246971,0.37720489501953125,0.2,0.000246522624,0.006326067261397839,18.475034713745117,7.259801676869392,0.2522526979446411,3270,0.050301008,0.16613099520000002,-0.040413889386400115,48.500830388069154,-122.81703289804905,246.95833333333334,0.5104166666666666
273,35782656,3222,11102,,,,,,,,,,,,,,,,
,35913728,,,0.8807576596736908,0.35025787353515625,0.2,0.000246326016,0.006320243235677481,24.41754150390625,7.246184787154197,0.25524091720581055,3275,0.035889246,0.16600647680000002,-0.04382621152617503,56.51962914466858,-123.86358061070966,252.01041666666666,0.5
274,35913728,3223,11142,,,,,,,,,,,,,,,,
,36044800,,,0.8764226734638214,0.362841796875,0.2,0.000246129408,0.006318000610917807,19.46925163269043,7.241990119218826,0.24990932643413544,3280,0.036003195,0.1658819584,-0.0442882335948525,53.32810018062592,-133.61186022761314,247.48958333333334,0.4166666666666667
275,36044800,3223,11183,,,,,,,,,,,,,,,,
,36175872,,,0.8807131946086884,0.3555572509765625,0.2,0.0002459328,0.006316470913589001,21.883296966552734,7.207789948582649,0.25338679552078247,3285,0.038009126,0.16575744000000003,-0.04450121664267499,57.99229278564453,-127.80519624696505,246.89583333333334,0.4583333333333333
276,36175872,3222,11224,,,,,,,,,,,,,,,,
,36306944,,,0.8783082365989685,0.35398406982421876,0.2,0.00024573619199999997,0.006312659941613674,21.446378707885742,7.2191428452730175,0.2577979266643524,3290,0.033910684,0.1656329216,-0.04341699301439803,53.75248816013336,-115.19661386141497,239.16666666666666,0.5625
277,36306944,3222,11265,,,,,,,,,,,,,,,,
,36438016,,,0.880316860973835,0.34917449951171875,0.2,0.00024553958399999997,0.00630542915314436,24.173717498779297,7.209512344002723,0.255138099193573,3295,0.03583428,0.16550840320000001,-0.044233625984634276,55.44872651100159,-114.41877657245277,235.32291666666666,0.5520833333333334
278,36438016,3222,11307,,,,,,,,,,,,,,,,
,36569088,,,0.8902888596057892,0.3503753662109375,0.2,0.00024534297599999996,0.006304246839135885,23.61433219909668,7.198427638411522,0.26318609714508057,3300,0.040597085,0.1653838848,-0.04171369860123377,52.98350744247436,-127.37113767555543,236.55208333333334,0.4791666666666667
279,36569088,3222,11348,,,,,,,,,,,,,,,,
,36700160,,,0.884790413081646,0.36508941650390625,0.2,0.00024514636799999995,0.006300484761595726,23.311538696289062,7.195095574855804,0.2604202926158905,3305,0.03845118,0.1652593664,-0.04375144522928167,54.314309096336366,-102.58047704530556,211.63541666666666,0.6354166666666666
280,36700160,3221,11390,,,,,,,,,,,,,,,,
,36831232,,,0.8947475701570511,0.33891754150390624,0.2,0.00024494975999999995,0.0062873391434550285,21.889245986938477,7.242503955960274,0.2627263069152832,3310,0.036917955,0.165134848,-0.044239222345640886,51.01148362159729,-116.12534913433554,213.85416666666666,0.5416666666666666
281,36831232,3222,11430,,,,,,,,,,,,,,,,
,36962304,,,0.8868924304842949,0.37093963623046877,0.2,0.000244753152,0.006290541961789131,23.44095230102539,7.309991014003754,0.26223260164260864,3315,0.04386542,0.1650103296,-0.04122753778356127,53.742442798614505,-124.18225790781464,234.86458333333334,0.5208333333333334
282,36962304,3222,11471,,,,,,,,,,,,,,,,
,37093376,,,0.8920187950134277,0.35892791748046876,0.2,0.000244556544,0.006288362201303244,20.86882209777832,7.212546843290329,0.26080945134162903,3320,0.04521646,0.1648858112,-0.04264342058741022,50.684277057647705,-116.35488258011333,223.875,0.5625
283,37093376,3222,11512,,,,,,,,,,,,,,,,
,37224448,,,0.8815514296293259,0.37164306640625,0.2,0.000244359936,0.0062903957441449165,22.201032638549805,7.232411652803421,0.27192074060440063,3325,0.04900197,0.16476129280000001,-0.03997993040102301,51.637509727478026,-118.529077542027,227.97916666666666,0.53125
284,37224448,3222,11551,,,,,,,,,,,,,,,,
,37355520,,,0.8846884220838547,0.403326416015625,0.2,0.000244163328,0.006280837580561638,22.51523208618164,7.274691700935364,0.2666199803352356,3330,0.055848613,0.16463677440000002,-0.039791510778013614,50.69555408954621,-112.9394603004046,216.17708333333334,0.5833333333333334
285,37355520,3222,11593,,,,,,,,,,,,,,,,
,37486592,,,0.8816736042499542,0.359906005859375,0.2,0.00024396671999999997,0.006284096743911505,20.01972198486328,7.254753059148788,0.25869032740592957,3335,0.042803112,0.16451225600000002,-0.039608753785432785,49.61829755306244,-109.1082311808301,220.5625,0.5833333333333334
286,37486592,3222,11631,,,,,,,,,,,,,,,,
,37617664,,,0.8847312554717064,0.35551300048828127,0.2,0.000243770112,0.00627672066912055,19.53021812438965,7.284271550178528,0.25894731283187866,3340,0.039094627,0.16438773760000003,-0.04154621337365825,51.44847736358643,-116.26219555318524,235.11458333333334,0.5520833333333334
287,37617664,3222,11673,,,,,,,,,,,,,,,,
,37748736,,,0.8724787831306458,0.37118682861328123,0.2,0.00024357350399999999,0.006272167898714542,23.861379623413086,7.251455107331276,0.2729351818561554,3345,0.04817572,0.1642632192,-0.042341237860091495,57.836869549751285,-113.00208363049938,224.39583333333334,0.6041666666666666
288,37748736,3221,11716,,,,,,,,,,,,,,,,
,37879808,,,0.8871174678206444,0.379901123046875,0.2,0.00024337689599999998,0.00626550754532218,17.596567153930664,7.215336239337921,0.2763153314590454,3350,0.047424838,0.1641387008,-0.04417284743685741,49.51156899929047,-120.80368113887228,223.61458333333334,0.5520833333333334
289,37879808,3222,11755,,,,,,,,,,,,,,,,
,38010880,,,0.8937231004238129,0.35294342041015625,0.2,0.000243180288,0.006277256645262241,20.18271255493164,7.211737567186356,0.2642360329627991,3355,0.043435976,0.1640141824,-0.04261970764709986,47.585267782211304,-122.82799923084768,243.15625,0.5104166666666666
290,38010880,3221,11797,,,,,,,,,,,,,,,,
,38141952,,,0.8902212902903557,0.35201873779296877,0.2,0.00024298368,0.00627250736579299,20.9352970123291,7.302992439270019,0.2621607184410095,3360,0.04988903,0.16388966400000002,-0.04329631473519839,51.04108352661133,-134.84584559995653,261.7291666666667,0.4270833333333333
291,38141952,3221,11838,,,,,,,,,,,,,,,,
,38273024,,,0.886683739721775,0.35687103271484377,0.2,0.00024278707199999996,0.006274692248553038,23.37710189819336,7.347511970996857,0.26818257570266724,3365,0.039645404,0.1637651456,-0.04404904864204582,56.7319860458374,-121.30629189051884,245.77083333333334,0.5520833333333334
292,38273024,3221,11879,,,,,,,,,,,,,,,,
,38404096,,,0.8885466009378433,0.35334320068359376,0.2,0.00024259046399999998,0.0062636034563183784,23.878232955932617,7.235769352316856,0.28426605463027954,3370,0.03926078,0.16364062720000003,-0.04139788121683523,52.436259388923645,-120.69961127627933,237.92708333333334,0.5208333333333334
293,38404096,3221,11920,,,,,,,,,,,,,,,,
,38535168,,,0.9022723957896233,0.35603485107421873,0.2,0.00024239385599999998,0.006260162219405174,20.345531463623047,7.272551974654197,0.27842938899993896,3375,0.037501063,0.1635161088,-0.0407099001458846,48.49522566795349,-122.97393526862875,231.35416666666666,0.5208333333333334
294,38535168,3221,11960,,,,,,,,,,,,,,,,
,38666240,,,0.8787662535905838,0.3673980712890625,0.2,0.000242197248,0.006259005516767502,25.742351531982422,7.266498759388924,0.28611263632774353,3380,0.06220428,0.16339159040000004,-0.04219144372327719,59.17118740081787,-114.53526495341733,226.875,0.5520833333333334
295,38666240,3221,12001,,,,,,,,,,,,,,,,
,38797312,,,0.8856480419635773,0.34396820068359374,0.2,0.00024200063999999996,0.006255705840885639,19.185863494873047,7.240644273161888,0.26940906047821045,3385,0.03549905,0.163267072,-0.04344791112380335,50.96266424655914,-106.61670834170515,219.96875,0.6458333333333334
296,38797312,3221,12041,,,,,,,,,,,,,,,,
,38928384,,,0.8846867382526398,0.3521270751953125,0.2,0.00024180403199999996,0.006254482548683882,26.317825317382812,7.272408291697502,0.270609587430954,3390,0.045407116,0.16314255360000002,-0.040133301183232106,55.7852986574173,-116.41928834068649,228.73958333333334,0.53125
297,38928384,3221,12083,,,,,,,,,,,,,,,,
,39059456,,,0.8841173872351646,0.37462158203125,0.2,0.00024160742399999998,0.006258859299123287,24.295654296875,7.241552984714508,0.27073246240615845,3395,0.04335422,0.1630180352,-0.04519774142681854,52.49989891052246,-126.30597370452107,243.6875,0.5
298,39059456,3221,12124,,,,,,,,,,,,,,,,
,39190528,,,0.8740915060043335,0.37312469482421873,0.2,0.00024141081599999997,0.0062585510313510895,24.807363510131836,7.309726232290268,0.2716163396835327,3400,0.038904823,0.1628935168,-0.043134826424648054,56.48578515052795,-119.65438527828195,243.66666666666666,0.5
299,39190528,3221,12164,,,,,,,,,,,,,,,,
,39321600,,,0.8776319101452827,0.36526031494140626,0.2,0.00024121420799999997,0.006255283020436764,23.998653411865234,7.251048588752747,0.26940110325813293,3405,0.04171295,0.1627689984,-0.04415446150233038,50.4436338186264,-118.78311213409194,224.60416666666666,0.5416666666666666
300,39321600,3221,12206,,,,,,,,,,,,,,,,
,39452672,,,0.8855853080749512,0.35718841552734376,0.2,0.0002410176,0.006257149390876293,23.790409088134766,7.207008889317512,0.2818153500556946,3410,0.041114584,0.16264448,-0.04284709015482804,52.11660497188568,-123.56524571244692,244.05208333333334,0.5416666666666666
301,39452672,3221,12247,,,,,,,,,,,,,,,,
,39583744,,,0.8863448202610016,0.35895233154296874,0.2,0.00024082099199999998,0.006265637930482626,25.435543060302734,7.215488797426223,0.28197407722473145,3415,0.040490977,0.1625199616,-0.04527446526917629,55.433920764923094,-129.26103653322994,247.0,0.4791666666666667
302,39583744,3221,12287,,,,,,,,,,,,,,,,
,39714816,,,0.8848775923252106,0.3529541015625,0.2,0.00024062438399999998,0.006275103893131018,24.403636932373047,7.277365401387215,0.27974551916122437,3420,0.03655315,0.16239544320000002,-0.04400057877646759,57.00908834934235,-129.10845642557567,239.98958333333334,0.4791666666666667
303,39714816,3221,12328,,,,,,,,,,,,,,,,
,39845888,,,0.8802713826298714,0.34107666015625,0.2,0.000240427776,0.0062796492129564285,25.062721252441406,7.238617634773254,0.2824443578720093,3425,0.036830604,0.16227092480000002,-0.04294528253958561,56.70822989940643,-127.88805259114378,260.1666666666667,0.4479166666666667
304,39845888,3220,12370,,,,,,,,,,,,,,,,
,39976960,,,0.8923363983631134,0.39095458984375,0.2,0.000240231168,0.006287129130214453,20.543987274169922,7.250093606114388,0.27024832367897034,3430,0.040311523,0.16214640640000003,-0.04146079852798721,46.731753778457644,-125.11918223187656,247.14583333333334,0.4895833333333333
305,39976960,3221,12410,,,,,,,,,,,,,,,,
,40108032,,,0.8797954991459846,0.39512939453125,0.2,0.00024003455999999998,0.006297465413808823,22.217784881591797,7.2026633560657505,0.27523913979530334,3435,0.07389482,0.162021888,-0.03440529999061255,55.15489726066589,-121.18783249139715,232.22916666666666,0.5
306,40108032,3221,12451,,,,,,,,,,,,,,,,
,40239104,,,0.8773639872670174,0.3701019287109375,0.2,0.00023983795199999998,0.006299146916717291,24.757421493530273,7.253891617059708,0.2653823792934418,3440,0.043508824,0.1618973696,-0.04404243720055092,57.591083240509036,-122.97720649225363,219.90625,0.5416666666666666
307,40239104,3220,12492,,,,,,,,,,,,,,,,
,40370176,,,0.8811415210366249,0.36550140380859375,0.2,0.000239641344,0.006304516457021236,23.10588836669922,7.200421816110611,0.2661062180995941,3445,0.039554365,0.1617728512,-0.04751389001321513,54.921242642402646,-121.2885166309145,236.26041666666666,0.4895833333333333
308,40370176,3220,12534,,,,,,,,,,,,,,,,
,40501248,,,0.8658080101013184,0.36153717041015626,0.2,0.00023944473599999997,0.006303715519607067,26.703449249267578,7.149963542819023,0.27035748958587646,3450,0.03984911,0.1616483328,-0.043472453544382006,59.77470035552979,-126.14976739812725,238.77083333333334,0.4791666666666667
309,40501248,3220,12575,,,,,,,,,,,,,,,,
,40632320,,,0.8801451325416565,0.32350921630859375,0.2,0.000239248128,0.006302698515355587,21.976058959960938,7.223959028720856,0.26842424273490906,3455,0.045509502,0.16152381440000002,-0.041016925175790676,56.37898769378662,-120.88630008922286,231.29166666666666,0.5104166666666666
310,40632320,3220,12616,,,,,,,,,,,,,,,,
,40763392,,,0.8799763768911362,0.36867523193359375,0.2,0.00023905151999999995,0.006307011004537344,25.134737014770508,7.174704796075821,0.27594757080078125,3460,0.045106947,0.161399296,-0.03961690746073145,59.07489445209503,-124.57962220976339,238.58333333333334,0.5
311,40763392,3220,12656,,,,,,,,,,,,,,,,
,40894464,,,0.8777207359671593,0.3485260009765625,0.2,0.000238854912,0.006307681556791067,25.358991622924805,7.203704005479812,0.2716178297996521,3465,0.035244793,0.16127477760000003,-0.04313958440325223,57.05972909927368,-129.78723933573264,246.60416666666666,0.4895833333333333
312,40894464,3220,12696,,,,,,,,,,,,,,,,
,41025536,,,0.8871364295482635,0.3533905029296875,0.2,0.00023865830399999997,0.006305307149887085,26.77975845336914,7.246758499741555,0.27211982011795044,3470,0.04031537,0.1611502592,-0.04178057954122778,54.0252149105072,-127.88377710549618,237.07291666666666,0.5
313,41025536,3221,12736,,,,,,,,,,,,,,,,
,41156608,,,0.8939110040664673,0.391339111328125,0.2,0.00023846169599999996,0.006299357861280441,20.840986251831055,7.2659986287355425,0.27379411458969116,3475,0.08140229,0.1610257408,-0.036497984280867965,51.47569444179535,-128.23077463795292,233.28125,0.5
314,41156608,3221,12777,,,,,,,,,,,,,,,,
,41287680,,,0.8901678398251534,0.3420257568359375,0.2,0.00023826508799999998,0.006309398915618658,19.483922958374023,7.283573472499848,0.2713452875614166,3480,0.036973942,0.16090122240000002,-0.04287495923053939,49.22393388748169,-130.77264819760066,258.4270833333333,0.4270833333333333
315,41287680,3221,12816,,,,,,,,,,,,,,,,
,41418752,,,0.8868706449866295,0.35990142822265625,0.2,0.00023806847999999998,0.006317577324807644,22.017322540283203,7.221747571229935,0.28212106227874756,3485,0.044494405,0.16077670400000002,-0.04142772306076949,55.709705519676206,-132.149045161064,254.15625,0.4479166666666667
316,41418752,3221,12857,,,,,,,,,,,,,,,,
,41549824,,,0.8922444507479668,0.38861541748046874,0.2,0.00023787187199999997,0.006318608298897743,19.98004150390625,7.2351274460554125,0.2620016932487488,3490,0.041763246,0.1606521856,-0.04091806569485925,51.505486726760864,-111.28147566865717,216.01041666666666,0.59375
317,41549824,3221,12898,,,,,,,,,,,,,,,,
,41680896,,,0.8825570195913315,0.33444976806640625,0.2,0.00023767526399999997,0.0063010212033987045,25.323293685913086,7.21305902004242,0.26317185163497925,3495,0.03534139,0.1605276672,-0.04408767739951145,56.76757082939148,-122.13933233435678,228.77083333333334,0.5416666666666666
318,41680896,3221,12937,,,,,,,,,,,,,,,,
,41811968,,,0.8913068175315857,0.3539154052734375,0.2,0.00023747865599999999,0.006297532469034195,22.190696716308594,7.207294964790345,0.26125213503837585,3500,0.03941967,0.1604031488,-0.043065031661535615,49.78341619968414,-106.50215459910079,212.625,0.625
319,41811968,3221,12977,,,,,,,,,,,,,,,,
,41943040,,,0.8939276859164238,0.36954803466796876,0.2,0.00023728204799999998,0.0062875524163246155,21.257795333862305,7.211731815338135,0.2636113166809082,3505,0.04226903,0.1602786304,-0.04620562067138963,46.3452267408371,-119.84829218882088,238.64583333333334,0.5104166666666666
320,41943040,3222,13016,,,,,,,,,,,,,,,,
,42074112,,,0.8845965191721916,0.36632843017578126,0.2,0.00023708543999999997,0.006288779433816671,20.237455368041992,7.21117767393589,0.26629287004470825,3510,0.039589185,0.16015411200000002,-0.04244888710745727,51.01146202087402,-127.81093647162527,260.2395833333333,0.4791666666666667
321,42074112,3222,13057,,,,,,,,,,,,,,,,
,42205184,,,0.8918756544589996,0.346405029296875,0.2,0.000236888832,0.006280786357820034,21.897056579589844,7.2414455085992815,0.259701669216156,3515,0.040412553,0.16002959360000002,-0.04145766090950929,51.00493423938751,-114.56884807825907,221.9375,0.5416666666666666
322,42205184,3222,13098,,,,,,,,,,,,,,,,
,42336256,,,0.8870996907353401,0.33832550048828125,0.2,0.000236692224,0.0062839798629283905,24.96224021911621,7.269497457146644,0.25785908102989197,3520,0.03976859,0.15990507520000002,-0.04060756500985008,56.27600283622742,-131.25904574760537,251.34375,0.4479166666666667
323,42336256,3222,13139,,,,,,,,,,,,,,,,
,42467328,,,0.8853994905948639,0.35959320068359374,0.2,0.00023649561599999998,0.006282388232648373,24.716575622558594,7.281470784544945,0.27659618854522705,3525,0.040427934,0.15978055680000003,-0.04466266901436029,52.46451020240784,-120.7933342117661,240.72916666666666,0.5104166666666666
324,42467328,3222,13180,,,,,,,,,,,,,,,,
,42598400,,,0.8968825414776802,0.368438720703125,0.2,0.00023629900799999998,0.0062767318449914455,20.547006607055664,7.236008885502815,0.26188164949417114,3530,0.039474025,0.1596560384,-0.040436508190759925,46.364751887321475,-124.84084948754798,222.04166666666666,0.53125
325,42598400,3222,13218,,,,,,,,,,,,,,,,
,42729472,,,0.8844584673643112,0.3331939697265625,0.2,0.0002361024,0.006266796495765448,22.81545066833496,7.303862664103508,0.2541518211364746,3535,0.03911369,0.15953152,-0.040188142214901745,53.85014364719391,-118.6634427652347,239.55208333333334,0.53125
326,42729472,3222,13258,,,,,,,,,,,,,,,,
,42860544,,,0.888124130666256,0.35950469970703125,0.2,0.000235905792,0.006281065754592419,22.000980377197266,7.2916419297456745,0.2618308961391449,3540,0.056556065,0.15940700160000001,-0.041896823942079206,51.21781215667725,-126.27735810794383,233.47916666666666,0.4895833333333333
327,42860544,3223,13298,,,,,,,,,,,,,,,,
,42991616,,,0.8938468769192696,0.32284088134765626,0.2,0.00023570918399999996,0.00628052419051528,22.599451065063477,7.309161925315857,0.2722529172897339,3545,0.032892838,0.1592824832,-0.041732299876457546,50.24701540470123,-129.87648322728555,231.65625,0.4791666666666667
328,42991616,3222,13339,,,,,,,,,,,,,,,,
,43122688,,,0.8937591537833214,0.349066162109375,0.2,0.000235512576,0.006286607589572668,20.954254150390625,7.236066514253617,0.27983933687210083,3550,0.03649421,0.15915796480000002,-0.04300247874634806,49.49608693122864,-132.32100337042837,239.46875,0.4270833333333333
329,43122688,3222,13379,,,,,,,,,,,,,,,,
,43253760,,,0.8989723548293114,0.36481475830078125,0.2,0.00023531596799999997,0.006289230659604073,24.14348602294922,7.2462845087051395,0.2869786322116852,3555,0.039839365,0.1590334464,-0.04080192019464448,47.10773289203644,-130.67022359591417,249.61458333333334,0.4479166666666667
330,43253760,3223,13420,,,,,,,,,,,,,,,,
,43384832,,,0.8770971149206161,0.3718841552734375,0.2,0.00023511935999999997,0.006297195330262184,26.36498260498047,7.252734240889549,0.2663978040218353,3560,0.040434536,0.158908928,-0.03898255692911334,54.152298378944394,-123.43185951845676,230.17708333333334,0.5208333333333334
331,43384832,3223,13460,,,,,,,,,,,,,,,,
,43515904,,,0.8953016400337219,0.34459228515625,0.2,0.00023492275199999996,0.006295371800661087,20.125532150268555,7.267102235555649,0.2690401077270508,3565,0.035393685,0.1587844096,-0.04018777428427711,49.07583155632019,-119.05657814047083,242.91666666666666,0.5729166666666666
332,43515904,3223,13501,,,,,,,,,,,,,,,,
,43646976,,,0.8921839669346809,0.35607757568359377,0.2,0.00023472614399999998,0.0062925443053245544,20.453916549682617,7.304588600993156,0.26813486218452454,3570,0.048784688,0.15865989120000001,-0.041376334860979115,51.05951645374298,-123.04698942450489,241.4375,0.5104166666666666
333,43646976,3223,13541,,,,,,,,,,,,,,,,
,43778048,,,0.8929812237620354,0.41448516845703126,0.2,0.00023452953599999998,0.006302533205598593,20.104127883911133,7.300394284725189,0.2568945586681366,3575,0.08883225,0.15853537280000002,-0.033256082751904614,49.25509791374206,-120.8261969579073,254.3125,0.5
334,43778048,3222,13583,,,,,,,,,,,,,,,,
,43909120,,,0.8964143097400665,0.35975494384765627,0.2,0.00023433292799999997,0.00630839541554451,19.024776458740234,7.220600295066833,0.26786088943481445,3580,0.039556585,0.1584108544,-0.04104630310612265,48.05612452030182,-125.69351661508188,268.2916666666667,0.46875
335,43909120,3222,13623,,,,,,,,,,,,,,,,
,44040192,,,0.8946983143687248,0.34127655029296877,0.2,0.00023413631999999996,0.00629726517945528,20.8978271484375,7.231808912754059,0.26848864555358887,3585,0.040165223,0.158286336,-0.04187145012692781,50.21863846778869,-125.75190519473063,235.21875,0.4791666666666667
336,44040192,3222,13665,,,,,,,,,,,,,,,,
,44171264,,,0.8799249827861786,0.36204071044921876,0.2,0.00023393971199999999,0.006296511273831129,24.446664810180664,7.181202256679535,0.26049473881721497,3590,0.040025428,0.1581618176,-0.04282987056067213,58.46675355434418,-102.13605524904735,202.38541666666666,0.65625
337,44171264,3223,13704,,,,,,,,,,,,,,,,
,44302336,,,0.8828619793057442,0.3723846435546875,0.2,0.00023374310399999998,0.006294368766248226,21.091571807861328,7.2513908565044405,0.26889660954475403,3595,0.04102004,0.1580372992,-0.04491132204129826,49.01217362880707,-110.11109521258925,219.09375,0.6458333333333334
338,44302336,3223,13744,,,,,,,,,,,,,,,,
,44433408,,,0.8829222694039345,0.34524383544921877,0.2,0.00023354649599999997,0.006292102858424187,22.234649658203125,7.30870304107666,0.2605343461036682,3600,0.03793315,0.1579127808,-0.04289289897715207,51.027494597434995,-119.94693257363456,241.29166666666666,0.5
339,44433408,3223,13785,,,,,,,,,,,,,,,,
,44564480,,,0.8885771930217743,0.350201416015625,0.2,0.000233349888,0.006297228392213583,25.36651039123535,7.292103818058967,0.2726603150367737,3605,0.039061774,0.15778826240000002,-0.03978111378964968,54.09266312122345,-136.06615098907045,248.57291666666666,0.4583333333333333
340,44564480,3223,13825,,,,,,,,,,,,,,,,
,44695552,,,0.8911334425210953,0.38619232177734375,0.2,0.00023315328,0.006307057570666075,21.69771957397461,7.326033633947373,0.26621830463409424,3610,0.05861862,0.15766374400000002,-0.03747394527381402,52.2314888715744,-128.62809632993415,249.64583333333334,0.4895833333333333
341,44695552,3223,13866,,,,,,,,,,,,,,,,
,44826624,,,0.8894745633006096,0.36270904541015625,0.2,0.00023295667199999998,0.006312567740678787,22.57024383544922,7.263532683253288,0.26606008410453796,3615,0.039440185,0.15753922560000003,-0.044643408013507725,54.06366865634918,-139.58717408863058,253.60416666666666,0.4270833333333333
342,44826624,3223,13906,,,,,,,,,,,,,,,,
,44957696,,,0.8923409655690193,0.3511016845703125,0.2,0.000232760064,0.006302166730165482,21.63977813720703,7.270238244533539,0.2703263759613037,3620,0.04135692,0.15741470720000003,-0.0441369818559906,52.13490641117096,-110.70185535542483,220.22916666666666,0.625
343,44957696,3223,13946,,,,,,,,,,,,,,,,
,45088768,,,0.8927585557103157,0.35460357666015624,0.2,0.000232563456,0.006304190959781408,23.006038665771484,7.280990955233574,0.2574833035469055,3625,0.037822038,0.1572901888,-0.0433464214700507,51.0634345293045,-120.57075795300386,228.70833333333334,0.5416666666666666
344,45088768,3223,13987,,,,,,,,,,,,,,,,
,45219840,,,0.886054091155529,0.3461639404296875,0.2,0.00023236684799999996,0.006301613058894873,22.491352081298828,7.274223801493645,0.26030346751213074,3630,0.03667164,0.1571656704,-0.04231486587668769,52.65991506576538,-119.9823123259698,243.02083333333334,0.5104166666666666
345,45219840,3223,14027,,,,,,,,,,,,,,,,
,45350912,,,0.8723209202289581,0.36097869873046873,0.2,0.00023217023999999998,0.006297272630035877,26.008808135986328,7.303590062260628,0.2823536694049835,3635,0.040380113,0.15704115200000002,-0.04179994802398142,56.65390062332153,-110.95265648861123,224.55208333333334,0.59375
346,45350912,3223,14066,,,,,,,,,,,,,,,,
,45481984,,,0.8781692758202553,0.33120880126953123,0.2,0.00023197363199999998,0.006297060288488865,23.147592544555664,7.285363659262657,0.2899165153503418,3640,0.03625205,0.1569166336,-0.042487263708608225,57.89453284740448,-130.13556619190456,246.72916666666666,0.4583333333333333
347,45481984,3223,14107,,,,,,,,,,,,,,,,
,45613056,,,0.8853363916277885,0.3707733154296875,0.2,0.000231777024,0.006303731352090836,20.003751754760742,7.339930057525635,0.26162734627723694,3645,0.036716715,0.15679211520000003,-0.04173011403472628,48.50072531700134,-131.69663644109107,243.42708333333334,0.4583333333333333
348,45613056,3224,14147,,,,,,,,,,,,,,,,
,45744128,,,0.884114682674408,0.36827239990234373,0.2,0.00023158041599999997,0.006305567920207977,19.86119270324707,7.268163201212883,0.2835293412208557,3650,0.04030466,0.1566675968,-0.04059149404638447,51.83032863140106,-116.90963310470613,234.42708333333334,0.53125
349,45744128,3224,14188,,,,,,,,,,,,,,,,
,45875200,,,0.8949249014258385,0.3490753173828125,0.2,0.00023138380799999996,0.006303216330707073,18.928878784179688,7.268749737739563,0.26557493209838867,3655,0.040746402,0.1565430784,-0.04060510213021189,48.08923692703247,-123.2275962246287,238.53125,0.46875
350,45875200,3224,14229,,,,,,,,,,,,,,,,
,46006272,,,0.8784475103020668,0.3552154541015625,0.2,0.00023118719999999998,0.0063055288046598434,23.718013763427734,7.17803053855896,0.2595330476760864,3660,0.038323484,0.15641856,-0.0428264677815605,53.64656622409821,-126.31019972009881,230.53125,0.5
351,46006272,3224,14269,,,,,,,,,,,,,,,,
,46137344,,,0.8904910236597061,0.3369537353515625,0.2,0.00023099059199999997,0.006302313879132271,21.697406768798828,7.2530231237411495,0.26849493384361267,3665,0.036168132,0.15629404160000002,-0.045147630077553916,46.60254180431366,-118.91717557188515,226.48958333333334,0.5729166666666666
352,46137344,3224,14309,,,,,,,,,,,,,,,,
,46268416,,,0.8873977288603783,0.36326446533203127,0.2,0.00023079398399999997,0.006297783926129341,23.333179473876953,7.229936808347702,0.27739113569259644,3670,0.03884068,0.15616952320000002,-0.04135972832445987,51.863163113594055,-132.58370253566542,246.98958333333334,0.4479166666666667
353,46268416,3224,14350,,,,,,,,,,,,,,,,
,46399488,,,0.886007584631443,0.34910125732421876,0.2,0.000230597376,0.006289957091212273,19.18172264099121,7.193028444051743,0.270101398229599,3675,0.037734173,0.1560450048,-0.04224265147349797,50.06462690830231,-121.27499282283475,240.91666666666666,0.53125
354,46399488,3224,14391,,,,,,,,,,,,,,,,
,46530560,,,0.8681074380874634,0.34475250244140626,0.2,0.00023040076799999998,0.006284981034696102,25.122026443481445,7.244001853466034,0.27463197708129883,3680,0.035411302,0.1559204864,-0.04322199529706268,57.831161856651306,-121.97745195526004,219.84375,0.5520833333333334
355,46530560,3224,14431,,,,,,,,,,,,,,,,
,46661632,,,0.8671113103628159,0.38554534912109373,0.2,0.00023020415999999998,0.006287882104516029,23.94031524658203,7.236299648880959,0.26344799995422363,3685,0.045389157,0.155795968,-0.039051484173978676,52.813399481773374,-140.87785738712603,263.1770833333333,0.4166666666666667
356,46661632,3224,14470,,,,,,,,,,,,,,,,
,46792704,,,0.8802227899432182,0.34964752197265625,0.2,0.00023000755199999997,0.006275948137044907,23.04147720336914,7.241076901555061,0.25941652059555054,3690,0.036322296,0.1556714496,-0.045489677065052095,55.1714551448822,-133.13460146020725,237.35416666666666,0.46875
357,46792704,3224,14511,,,,,,,,,,,,,,,,
,46923776,,,0.8745710551738739,0.35281982421875,0.2,0.000229810944,0.00628475658595562,19.950544357299805,7.281729355454445,0.2639716863632202,3695,0.038197923,0.15554693120000002,-0.04564828874281375,51.96694374084473,-123.49466706317055,251.96875,0.5208333333333334
358,46923776,3224,14552,,,,,,,,,,,,,,,,
,47054848,,,0.890329621732235,0.3449188232421875,0.2,0.00022961433599999999,0.006278770975768566,18.44368553161621,7.194706612825394,0.26918381452560425,3700,0.038466945,0.15542241280000002,-0.04351557522313669,49.47890784740448,-132.02093475647007,248.35416666666666,0.4375
359,47054848,3224,14592,,,,,,,,,,,,,,,,
,47185920,,,0.8758360147476196,0.3818756103515625,0.2,0.00022941772799999998,0.006286855321377516,22.742204666137695,7.270854407548905,0.2772407531738281,3705,0.05284726,0.15529789440000002,-0.04011627558647888,51.0078605890274,-126.10453382091548,238.57291666666666,0.5
360,47185920,3224,14633,,,,,,,,,,,,,,,,
,47316992,,,0.877235658466816,0.3518768310546875,0.2,0.00022922112,0.006292152684181929,23.766422271728516,7.194408676028251,0.2704930007457733,3710,0.038470514,0.15517337600000003,-0.04456742681795731,54.829426288604736,-118.31065923917292,228.75,0.53125
361,47316992,3224,14673,,,,,,,,,,,,,,,,
,47448064,,,0.9085318297147751,0.368505859375,0.2,0.00022902451199999997,0.006296610459685326,20.243610382080078,7.314137202501297,0.2827969789505005,3715,0.041430883,0.1550488576,-0.043547365168342365,43.34672114849091,-113.1794048989968,239.94791666666666,0.5520833333333334
362,47448064,3224,14713,,,,,,,,,,,,,,,,
,47579136,,,0.8849285542964935,0.3195953369140625,0.2,0.000228827904,0.006293909158557653,20.79135513305664,7.255594429373741,0.26348352432250977,3720,0.032658257,0.1549243392,-0.04027305561903631,56.94556193351745,-127.32189687011127,250.96875,0.4895833333333333
363,47579136,3224,14755,,,,,,,,,,,,,,,,
,47710208,,,0.8810172751545906,0.35029144287109376,0.2,0.00022863129599999996,0.00628430163487792,24.23038673400879,7.16483995616436,0.27137818932533264,3725,0.04152627,0.1547998208,-0.042545488683390434,57.617181348800656,-118.85288387874353,245.04166666666666,0.53125
364,47710208,3224,14795,,,,,,,,,,,,,,,,
,47841280,,,0.8757932111620903,0.37264556884765626,0.2,0.000228434688,0.006284456700086594,26.81548500061035,7.27130871117115,0.27522772550582886,3730,0.039847374,0.15467530240000002,-0.042982505621330346,56.88581826686859,-113.33747717122765,233.4375,0.6041666666666666
365,47841280,3224,14835,,,,,,,,,,,,,,,,
,47972352,,,0.8830549716949463,0.383856201171875,0.2,0.00022823807999999997,0.006283089518547058,21.883920669555664,7.211438781023025,0.265029639005661,3735,0.053603094,0.154550784,-0.044236246573564134,50.51919641494751,-124.15349138675576,235.13541666666666,0.4895833333333333
366,47972352,3224,14876,,,,,,,,,,,,,,,,
,48103424,,,0.8912990465760231,0.3588470458984375,0.2,0.00022804147199999996,0.006278722546994686,20.401371002197266,7.254004889726639,0.2605762481689453,3740,0.03729882,0.1544262656,-0.04358597220852971,48.77046296596527,-122.9352763068651,234.19791666666666,0.5104166666666666
367,48103424,3224,14918,,,,,,,,,,,,,,,,
,48234496,,,0.8755881562829018,0.35388641357421874,0.2,0.00022784486399999996,0.006276383530348539,25.042335510253906,7.2504183679819105,0.26576942205429077,3745,0.042948924,0.1543017472,-0.04265199465153273,54.61683554649353,-125.55595362136141,242.10416666666666,0.46875
368,48234496,3224,14960,,,,,,,,,,,,,,,,
,48365568,,,0.8833824023604393,0.32455596923828123,0.2,0.00022764825599999998,0.00626757089048624,21.408859252929688,7.2232022255659105,0.2597472667694092,3750,0.034638703,0.1541772288,-0.04422359685413539,52.383748173713684,-123.47909413252135,232.58333333333334,0.53125
369,48365568,3224,15000,,,,,,,,,,,,,,,,
,48496640,,,0.8889765366911888,0.34634246826171877,0.2,0.00022745164799999997,0.006269596517086029,21.426198959350586,7.309949672222137,0.2696809470653534,3755,0.03683909,0.15405271040000001,-0.0418819601967698,51.14420440196991,-123.59929897913499,241.46875,0.5
370,48496640,3224,15040,,,,,,,,,,,,,,,,
,48627712,,,0.8870987370610237,0.35224456787109376,0.2,0.00022725503999999997,0.006275580730289221,21.542219161987305,7.256704545021057,0.26701927185058594,3760,0.036103338,0.15392819200000002,-0.0447596040321514,51.75686948299408,-125.05504480642219,237.80208333333334,0.4895833333333333
371,48627712,3224,15082,,,,,,,,,,,,,,,,
,48758784,,,0.8781981766223907,0.3400054931640625,0.2,0.000227058432,0.006271964870393276,24.896726608276367,7.210815817117691,0.27939993143081665,3765,0.040304236,0.15380367360000002,-0.04177877022448229,56.47570466995239,-128.14852979493182,250.54166666666666,0.4791666666666667
372,48758784,3224,15123,,,,,,,,,,,,,,,,
,48889856,,,0.8743152320384979,0.36010589599609377,0.2,0.00022686182399999998,0.006274419836699963,23.014739990234375,7.230852475762367,0.2719210982322693,3770,0.03989158,0.1536791552,-0.039903633938229176,57.47346088886261,-115.4910086982605,228.51041666666666,0.5625
373,48889856,3224,15163,,,,,,,,,,,,,,,,
,49020928,,,0.879732072353363,0.37277374267578123,0.2,0.00022666521599999998,0.006269931793212891,22.33467674255371,7.213854479789734,0.2616004943847656,3775,0.050383013,0.1535546368,-0.04381839277630206,54.66432511806488,-121.8413459022167,241.72916666666666,0.5104166666666666
374,49020928,3224,15202,,,,,,,,,,,,,,,,
,49152000,,,0.8913199380040169,0.38255462646484373,0.2,0.000226468608,0.006265495903789997,21.173694610595703,7.258887138962746,0.2606804370880127,3780,0.052464895,0.1534301184,-0.04284794777340721,48.52061157226562,-118.80073207842473,228.70833333333334,0.5520833333333334
375,49152000,3224,15243,,,,,,,,,,,,,,,,
,49283072,,,0.8874477595090866,0.3648712158203125,0.2,0.000226272,0.006267755292356014,17.4534854888916,7.196093052625656,0.26362344622612,3785,0.040783837,0.15330560000000001,-0.043407964389189146,51.73451182842255,-110.43281922550004,228.61458333333334,0.6145833333333334
376,49283072,3224,15284,,,,,,,,,,,,,,,,
,49414144,,,0.8900000229477882,0.3581329345703125,0.2,0.00022607539199999999,0.006261277478188276,22.728683471679688,7.331317764520645,0.2648487687110901,3790,0.0381661,0.15318108160000002,-0.045347837010922376,51.138178539276126,-138.22208418030255,266.9375,0.3958333333333333
377,49414144,3224,15325,,,,,,,,,,,,,,,,
,49545216,,,0.8877204805612564,0.346893310546875,0.2,0.00022587878399999998,0.006259486079216003,21.067501068115234,7.245065498352051,0.2720955014228821,3795,0.03668777,0.15305656320000002,-0.04372381336579565,55.87207067012787,-128.13967937431116,246.8125,0.4791666666666667
378,49545216,3224,15366,,,,,,,,,,,,,,,,
,49676288,,,0.8819607198238373,0.338702392578125,0.2,0.000225682176,0.006247525103390217,19.798688888549805,7.29147067964077,0.2795376181602478,3800,0.038745817,0.15293204480000003,-0.043276138059445655,53.70327830314636,-127.94315964793418,249.76041666666666,0.4583333333333333
379,49676288,3224,15406,,,,,,,,,,,,,,,,
,49807360,,,0.8881883919239044,0.367926025390625,0.2,0.000225485568,0.006244610529392958,21.587404251098633,7.209120765328407,0.26348838210105896,3805,0.045519076,0.15280752640000003,-0.04049295306613203,51.09829759597778,-119.51011868021813,240.54166666666666,0.5
380,49807360,3224,15447,,,,,,,,,,,,,,,,
,49938432,,,0.8903345689177513,0.36089935302734377,0.2,0.00022528895999999996,0.00624424871057272,21.191110610961914,7.223788100481033,0.26900753378868103,3810,0.04770376,0.152683008,-0.04191000575883663,48.5904039144516,-106.88003551209196,197.69791666666666,0.6041666666666666
381,49938432,3224,15488,,,,,,,,,,,,,,,,
,50069504,,,0.8843227475881577,0.3393341064453125,0.2,0.000225092352,0.0062329694628715515,23.0836124420166,7.225552469491959,0.2689356505870819,3815,0.034959655,0.1525584896,-0.043457308238430414,54.02441833019257,-126.02273217770562,241.15625,0.4895833333333333
382,50069504,3223,15530,,,,,,,,,,,,,,,,
,50200576,,,0.8775252625346184,0.34416656494140624,0.2,0.00022489574399999998,0.006235520821064711,21.92957305908203,7.279290768504143,0.26904791593551636,3820,0.035042066,0.1524339712,-0.04285767799301539,54.98946936130524,-115.62856770604049,221.3125,0.53125
383,50200576,3224,15570,,,,,,,,,,,,,,,,
,50331648,,,0.8698306679725647,0.35334625244140627,0.2,0.000224699136,0.00622677942737937,25.535995483398438,7.24575397670269,0.2836208939552307,3825,0.043311745,0.15230945280000002,-0.04302711541531608,58.79569537639618,-125.12596180853006,232.4375,0.4895833333333333
384,50331648,3224,15610,,,,,,,,,,,,,,,,
,50462720,,,0.8783153221011162,0.3707977294921875,0.2,0.00022450252799999996,0.006227885372936726,21.707578659057617,7.31498033106327,0.27734044194221497,3830,0.044881806,0.1521849344,-0.040603226439270654,52.38113698959351,-113.56135611173174,220.53125,0.5625
385,50462720,3224,15651,,,,,,,,,,,,,,,,
,50593792,,,0.8983667716383934,0.3837738037109375,0.2,0.00022430591999999998,0.006230156868696213,21.974937438964844,7.247910398244858,0.26833853125572205,3835,0.043497514,0.152060416,-0.04003017354698386,49.75034453868866,-140.07540895359293,264.1770833333333,0.375
386,50593792,3224,15692,,,,,,,,,,,,,,,,
,50724864,,,0.8814863935112953,0.332366943359375,0.2,0.00022410931199999998,0.00622791051864624,25.37866973876953,7.251705291867256,0.2725871205329895,3840,0.03259927,0.1519358976,-0.045259435447951545,54.899473214149474,-125.60292172622785,222.96875,0.5104166666666666
387,50724864,3224,15732,,,,,,,,,,,,,,,,
,50855936,,,0.8683512955904007,0.339129638671875,0.2,0.00022391270399999997,0.006225536577403545,22.93767547607422,7.203075340390205,0.2724801301956177,3845,0.034694396,0.1518113792,-0.04391349748184439,58.79206519126892,-127.42826717100623,246.83333333333334,0.46875
388,50855936,3224,15772,,,,,,,,,,,,,,,,
,50987008,,,0.8937585651874542,0.35505218505859376,0.2,0.00022371609599999997,0.006224883254617453,17.158672332763672,7.246322509646416,0.2589608132839203,3850,0.04188247,0.15168686080000002,-0.0403090764186345,45.988414239883426,-125.03535796723145,242.21875,0.5208333333333334
389,50987008,3224,15813,,,,,,,,,,,,,,,,
,51118080,,,0.877947136759758,0.35120086669921874,0.2,0.000223519488,0.006224492099136114,22.02431869506836,7.247183713316917,0.27043408155441284,3855,0.036657747,0.15156234240000002,-0.0436065680696629,55.59013912677765,-103.64404571075833,211.5,0.625
390,51118080,3224,15853,,,,,,,,,,,,,,,,
,51249152,,,0.8997422233223915,0.34962921142578124,0.2,0.00022332287999999998,0.00622832914814353,22.36490821838379,7.289419221878052,0.27092549204826355,3860,0.03971776,0.151437824,-0.038128020003205164,50.31095395088196,-119.90509058612668,227.01041666666666,0.59375
391,51249152,3224,15893,,,,,,,,,,,,,,,,
,51380224,,,0.882857121527195,0.35099029541015625,0.2,0.00022312627199999997,0.006224095355719328,20.291528701782227,7.268400743603706,0.2665550708770752,3865,0.038563035,0.1513133056,-0.039182152174180376,51.32833240032196,-123.41105570882947,253.1875,0.53125
392,51380224,3224,15933,,,,,,,,,,,,,,,,
,51511296,,,0.8831352889537811,0.35359649658203124,0.2,0.000222929664,0.006218861322849989,23.42020034790039,7.300403755903244,0.2638905942440033,3870,0.04004156,0.1511887872,-0.04413101016252767,54.05955255031586,-112.27861141980543,227.65625,0.6041666666666666
393,51511296,3224,15973,,,,,,,,,,,,,,,,
,51642368,,,0.8963890075683594,0.35889892578125,0.2,0.000222733056,0.006224655546247959,18.43330192565918,7.2962996631860735,0.26517266035079956,3875,0.038508758,0.1510642688,-0.0439238153048791,49.30174190998078,-118.25123383972179,225.09375,0.5729166666666666
394,51642368,3224,16014,,,,,,,,,,,,,,,,
,51773440,,,0.8789706900715828,0.3644561767578125,0.2,0.00022253644799999998,0.006225028075277805,24.9365177154541,7.274281707406044,0.279708594083786,3880,0.039904185,0.15093975040000002,-0.044081690767779944,55.347627830505374,-119.06556989500741,238.16666666666666,0.5520833333333334
395,51773440,3224,16054,,,,,,,,,,,,,,,,
,51904512,,,0.8840717375278473,0.34685516357421875,0.2,0.00022233983999999995,0.006225212477147579,23.55698585510254,7.280157279968262,0.26958709955215454,3885,0.03637386,0.150815232,-0.03976648341340479,53.80265064239502,-121.40415155584078,230.92708333333334,0.5
396,51904512,3224,16096,,,,,,,,,,,,,,,,
,52035584,,,0.8861632868647575,0.37606658935546877,0.2,0.000222143232,0.006238324102014303,20.648950576782227,7.260969871282578,0.2802918553352356,3890,0.042686604,0.15069071360000003,-0.042275039544620086,49.64122042655945,-116.87900362580581,229.64583333333334,0.5625
397,52035584,3224,16135,,,,,,,,,,,,,,,,
,52166656,,,0.8835658803582191,0.3464569091796875,0.2,0.00022194662399999997,0.006238331086933613,23.768508911132812,7.249147534370422,0.27550143003463745,3895,0.037507124,0.1505661952,-0.040832289995159955,56.30736589431763,-122.44687180974636,236.0,0.5208333333333334
398,52166656,3224,16176,,,,,,,,,,,,,,,,
,52297728,,,0.8971606120467186,0.3746429443359375,0.2,0.00022175001599999999,0.006239183247089386,20.73699188232422,7.226815265417099,0.2778780162334442,3900,0.0417242,0.1504416768,-0.041784913337323815,48.667043805122375,-120.92959643147816,218.57291666666666,0.5208333333333334
399,52297728,3224,16216,,,,,,,,,,,,,,,,
,52428800,,,0.8807609155774117,0.3534027099609375,0.2,0.00022155340799999995,0.006241164170205593,20.348299026489258,7.251622486114502,0.277895450592041,3905,0.040906455,0.1503171584,-0.042993220486096106,51.94630753993988,-122.84697087590693,250.40625,0.5
400,52428800,3224,16257,,,,,,,,,,,,,,,,
,52559872,,,0.8951388075947762,0.35720062255859375,0.2,0.0002213568,0.0062403264455497265,19.080625534057617,7.338758969306946,0.25757989287376404,3910,0.03785234,0.15019264000000002,-0.04238364876946434,48.40521953105927,-119.85122931923327,237.54166666666666,0.53125
401,52559872,3224,16298,,,,,,,,,,,,,,,,
,52690944,,,0.8997337222099304,0.35894927978515623,0.2,0.00022116019199999997,0.006245620083063841,19.99258041381836,7.2519620031118395,0.2753986716270447,3915,0.038004123,0.1500681216,-0.04077326045371592,47.832977056503296,-118.98072956818608,229.625,0.5520833333333334
402,52690944,3224,16338,,,,,,,,,,,,,,,,
,52822016,,,0.9046762138605118,0.345062255859375,0.2,0.00022096358400000002,0.006241771392524242,19.44173240661621,7.297521248459816,0.279998779296875,3920,0.040040784,0.14994360320000003,-0.04384347896266263,47.92628479003906,-129.1879643111888,243.01041666666666,0.5
403,52822016,3224,16380,,,,,,,,,,,,,,,,
,52953088,,,0.8952232673764229,0.336004638671875,0.2,0.00022076697599999998,0.006234357133507729,22.04706573486328,7.369695833325386,0.27025851607322693,3925,0.035457157,0.1498190848,-0.043006982562656046,48.99523267745972,-123.12104970589093,243.82291666666666,0.53125
404,52953088,3224,16419,,,,,,,,,,,,,,,,
,53084160,,,0.8957816958427429,0.34637908935546874,0.2,0.00022057036799999998,0.006225381046533585,20.740678787231445,7.327241358160973,0.28747525811195374,3930,0.042598333,0.1496945664,-0.04238786296045873,48.1658394575119,-118.71738116117842,250.83333333333334,0.5416666666666666
405,53084160,3224,16460,,,,,,,,,,,,,,,,
,53215232,,,0.8922869339585304,0.35402374267578124,0.2,0.00022037375999999997,0.006224649026989937,22.755327224731445,7.291046041250229,0.2775914967060089,3935,0.03671554,0.149570048,-0.041716995071328714,54.04267370700836,-110.20269961184123,219.45833333333334,0.6041666666666666
406,53215232,3225,16499,,,,,,,,,,,,,,,,
,53346304,,,0.8985029608011246,0.34545135498046875,0.2,0.000220177152,0.006222946103662252,19.89177131652832,7.355552312731743,0.28038591146469116,3940,0.04520742,0.14944552960000002,-0.041173314396291974,47.35207374095917,-122.87005541197249,235.85416666666666,0.5208333333333334
407,53346304,3225,16539,,,,,,,,,,,,,,,,
,53477376,,,0.8959475979208946,0.3507659912109375,0.2,0.00021998054399999999,0.006226798519492149,24.20290756225586,7.261415487527847,0.289318323135376,3945,0.0376342,0.14932101120000002,-0.044386435687192714,49.376613998413085,-116.22487106861331,228.70833333333334,0.5833333333333334
408,53477376,3225,16582,,,,,,,,,,,,,,,,
,53608448,,,0.889810100197792,0.3392425537109375,0.2,0.00021978393599999998,0.006225605495274067,20.016597747802734,7.292223784327507,0.28061413764953613,3950,0.03811788,0.14919649280000002,-0.043058508876129054,49.73635442256928,-131.73265121063443,249.61458333333334,0.4583333333333333
409,53608448,3224,16623,,,,,,,,,,,,,,,,
,53739520,,,0.8947852849960327,0.338958740234375,0.2,0.00021958732799999997,0.006231144070625305,21.340221405029297,7.354043102264404,0.28316742181777954,3955,0.039644793,0.1490719744,-0.04270292751753004,47.74865348339081,-121.00186426646194,235.17708333333334,0.5
410,53739520,3225,16662,,,,,,,,,,,,,,,,
,53870592,,,0.8973155170679092,0.34422607421875,0.2,0.00021939072,0.006230426952242851,20.90974998474121,7.265418744087219,0.2761159837245941,3960,0.03670821,0.148947456,-0.042342562912381254,48.087260222435,-128.3183083263261,249.97916666666666,0.4583333333333333
411,53870592,3225,16702,,,,,,,,,,,,,,,,
,54001664,,,0.9039760008454323,0.36824951171875,0.2,0.000219194112,0.006233192048966885,22.386842727661133,7.267121025919915,0.272072434425354,3965,0.038685024,0.1488229376,-0.043152435991214586,45.908415699005126,-106.65587164912718,235.19791666666666,0.625
412,54001664,3225,16744,,,,,,,,,,,,,,,,
,54132736,,,0.8838004767894745,0.355450439453125,0.2,0.00021899750399999996,0.006235986016690731,20.804645538330078,7.309941673278809,0.278333842754364,3970,0.039023172,0.1486984192,-0.041466634729295036,49.89733498096466,-129.7664753780953,249.04166666666666,0.4895833333333333
413,54132736,3224,16786,,,,,,,,,,,,,,,,
,54263808,,,0.8903286531567574,0.34441375732421875,0.2,0.000218800896,0.00622518127784133,19.443971633911133,7.358411109447479,0.276251882314682,3975,0.036527984,0.14857390080000002,-0.044039670971687886,50.12198286056518,-123.78128928732656,237.36458333333334,0.5104166666666666
414,54263808,3224,16827,,,,,,,,,,,,,,,,
,54394880,,,0.895741656422615,0.35655364990234373,0.2,0.00021860428799999997,0.00622772378847003,23.37006187438965,7.294259738922119,0.26456016302108765,3980,0.04447317,0.1484493824,-0.040121007134439425,48.996010756492616,-108.40399403267133,225.10416666666666,0.5625
415,54394880,3224,16868,,,,,,,,,,,,,,,,
,54525952,,,0.901588499546051,0.3717193603515625,0.2,0.00021840768,0.006227741949260235,20.749671936035156,7.296227189898491,0.2730529010295868,3985,0.042217232,0.14832486400000003,-0.04242661987082101,49.56534321308136,-126.70527810392774,242.21875,0.5208333333333334
416,54525952,3224,16908,,,,,,,,,,,,,,,,
,54657024,,,0.8891272023320198,0.34224395751953124,0.2,0.00021821107199999996,0.006229518912732601,19.345224380493164,7.288120576739312,0.2752907872200012,3990,0.039795674,0.1482003456,-0.04107029116421472,46.66623508930206,-131.3226616309229,256.28125,0.4583333333333333
417,54657024,3224,16948,,,,,,,,,,,,,,,,
,54788096,,,0.8917583897709846,0.339697265625,0.2,0.000218014464,0.006226859986782074,19.71401023864746,7.281299489736557,0.28389665484428406,3995,0.033847824,0.1480758272,-0.043163589912001046,50.55983421802521,-118.00017871056521,235.875,0.53125
418,54788096,3225,16985,,,,,,,,,,,,,,,,
,54919168,,,0.8997771963477135,0.33828277587890626,0.2,0.00021781785599999997,0.0062248678877949715,19.594188690185547,7.2722201377153395,0.2942875623703003,4000,0.037321605,0.14795130880000001,-0.04318238115229178,47.105163884162906,-128.34817771389962,243.88541666666666,0.4791666666666667
419,54919168,3226,17022,,,,,,,,,,,,,,,,
,55050240,,,0.9004031121730804,0.34405975341796874,0.2,0.000217621248,0.006226907484233379,18.867198944091797,7.34097883105278,0.27076491713523865,4005,0.037297275,0.14782679040000002,-0.0420270590679138,44.40273114442825,-123.25656548144677,242.52083333333334,0.5
420,55050240,3227,17057,,,,,,,,,,,,,,,,
,55181312,,,0.8781094178557396,0.3318389892578125,0.2,0.00021742463999999996,0.006218648515641689,25.91455078125,7.357700073719025,0.28447747230529785,4010,0.037348967,0.147702272,-0.04202651909145061,54.53971931934357,-115.27095893269133,223.51041666666666,0.5625
421,55181312,3228,17094,,,,,,,,,,,,,,,,
,55312384,,,0.8904460594058037,0.36562957763671877,0.2,0.00021722803199999998,0.0062170433811843395,23.711471557617188,7.261884382367134,0.28805333375930786,4015,0.039688915,0.1475777536,-0.04452567620610352,51.228258991241454,-118.93046675579633,232.83333333333334,0.5208333333333334
422,55312384,3228,17130,,,,,,,,,,,,,,,,
,55443456,,,0.8870813697576523,0.3483856201171875,0.2,0.00021703142399999998,0.006222432013601065,21.697715759277344,7.210075610876084,0.2930099368095398,4020,0.036731362,0.1474532352,-0.04719206233130535,52.03160552978515,-125.10301469626695,245.11458333333334,0.5
423,55443456,3229,17165,,,,,,,,,,,,,,,,
,55574528,,,0.8778167963027954,0.3541839599609375,0.2,0.00021683481599999997,0.006227997597306967,25.603435516357422,7.3433995932340626,0.29186150431632996,4025,0.037819125,0.1473287168,-0.04303965941799106,55.255233788490294,-133.97736581613802,253.32291666666666,0.4375
424,55574528,3230,17200,,,,,,,,,,,,,,,,
,55705600,,,0.8977544009685516,0.36220703125,0.2,0.000216638208,0.006239218171685934,19.008323669433594,7.253066357970238,0.29779061675071716,4030,0.04231254,0.1472041984,-0.041237961608567276,47.05670750141144,-131.09405515183906,245.70833333333334,0.4791666666666667
425,55705600,3231,17237,,,,,,,,,,,,,,,,
,55836672,,,0.9023859351873398,0.35184326171875,0.2,0.00021644159999999998,0.006231208797544241,21.315723419189453,7.258884969353676,0.2997261583805084,4035,0.039439373,0.14707968000000002,-0.04277996737801004,47.3280711889267,-118.26859406856416,233.36458333333334,0.5625
426,55836672,3232,17273,,,,,,,,,,,,,,,,
,55967744,,,0.8925450444221497,0.36546630859375,0.2,0.00021624499199999998,0.006235080771148205,21.968154907226562,7.344322842359543,0.2963767945766449,4040,0.036940504,0.14695516160000002,-0.040642939682584256,48.404297041893,-124.05849578293454,237.47916666666666,0.4791666666666667
427,55967744,3233,17310,,,,,,,,,,,,,,,,
,56098816,,,0.8936929479241371,0.32042999267578126,0.2,0.00021604838399999997,0.0062371003441512585,19.56121253967285,7.277187496423721,0.294691264629364,4045,0.036742043,0.1468306432,-0.0430213974614162,51.2268278837204,-126.87926874689795,247.16666666666666,0.5104166666666666
428,56098816,3234,17345,,,,,,,,,,,,,,,,
,56229888,,,0.9085440114140511,0.329022216796875,0.2,0.000215851776,0.006238024681806564,20.30710792541504,7.294431963562966,0.29694756865501404,4050,0.034954585,0.1467061248,-0.043322406458901244,44.496721911430356,-118.4039939232091,229.16666666666666,0.53125
429,56229888,3234,17381,,,,,,,,,,,,,,,,
,56360960,,,0.9053185358643532,0.34455413818359376,0.2,0.000215655168,0.0062383017502725124,22.4726505279541,7.391167119145393,0.3064814805984497,4055,0.039408434,0.1465816064,-0.03983558229083428,47.403947305679324,-114.11431879731502,237.25,0.5520833333333334
430,56360960,3235,17418,,,,,,,,,,,,,,,,
,56492032,,,0.9062872678041458,0.34262542724609374,0.2,0.00021545855999999998,0.006239700596779585,17.136932373046875,7.304594492912292,0.30419570207595825,4060,0.038160495,0.146457088,-0.04126260404736968,46.02226712703705,-108.18038384217743,213.0,0.6354166666666666
431,56492032,3236,17452,,,,,,,,,,,,,,,,
,56623104,,,0.8933376595377922,0.34158477783203123,0.2,0.00021526195199999995,0.006238929461687803,17.397811889648438,7.382533997297287,0.31261056661605835,4065,0.037441693,0.1463325696,-0.04282602963212412,46.38302960395813,-140.67193608628685,263.6458333333333,0.3958333333333333
432,56623104,3237,17489,,,,,,,,,,,,,,,,
,56754176,,,0.888085812330246,0.34644012451171874,0.2,0.000215065344,0.006251884158700705,21.53725242614746,7.378637048602104,0.3134416937828064,4070,0.03944209,0.14620805120000002,-0.04084943425841629,53.910565328598025,-117.37205476956119,223.85416666666666,0.53125
433,56754176,3238,17525,,,,,,,,,,,,,,,,
,56885248,,,0.8984117731451988,0.353607177734375,0.2,0.00021486873599999996,0.006257323082536459,18.74496078491211,7.298980152606964,0.30788785219192505,4075,0.042367935,0.1460835328,-0.04114302836824209,47.46414020061493,-101.82435049561529,221.875,0.6354166666666666
434,56885248,3239,17561,,,,,,,,,,,,,,,,
,57016320,,,0.8890078887343407,0.35798797607421873,0.2,0.000214672128,0.0062583936378359795,22.136123657226562,7.313980060815811,0.3073740005493164,4080,0.04253108,0.14595901440000003,-0.040646951156668366,50.95823504924774,-119.7114043929115,227.64583333333334,0.5416666666666666
435,57016320,3240,17596,,,,,,,,,,,,,,,,
,57147392,,,0.8860324397683144,0.378497314453125,0.2,0.00021447551999999998,0.006255215033888817,21.758188247680664,7.274974086880684,0.2998657822608948,4085,0.040568538,0.145834496,-0.040341066362452695,50.954093956947325,-120.0089930278583,239.84375,0.5625
436,57147392,3240,17632,,,,,,,,,,,,,,,,
,57278464,,,0.89451714605093,0.36337738037109374,0.2,0.000214278912,0.006255017593502998,22.015012741088867,7.343766069412231,0.2911156117916107,4090,0.03724723,0.1457099776,-0.04224154966941569,47.64203588962555,-127.9770830353467,237.80208333333334,0.46875
437,57278464,3241,17668,,,,,,,,,,,,,,,,
,57409536,,,0.8819036409258842,0.3420684814453125,0.2,0.00021408230399999997,0.0062533533200621605,22.472806930541992,7.357994186878204,0.29095977544784546,4095,0.036232613,0.14558545920000002,-0.04356708444538526,51.114006066322325,-115.19653203963075,227.13541666666666,0.5625
438,57409536,3242,17706,,,,,,,,,,,,,,,,
,57540608,,,0.8807789459824562,0.3288177490234375,0.2,0.000213885696,0.006253661587834358,20.4763240814209,7.279684525728226,0.2910092771053314,4100,0.037302442,0.1454609408,-0.04390697274939157,53.92036123275757,-120.20657660959317,227.67708333333334,0.53125
439,57540608,3242,17743,,,,,,,,,,,,,,,,
,57671680,,,0.887033648788929,0.35081024169921876,0.2,0.00021368908799999998,0.006250947713851929,19.894922256469727,7.2812621861696245,0.2937222719192505,4105,0.035771377,0.1453364224,-0.04514151642651996,49.27607600688934,-118.62142070770562,242.21875,0.4895833333333333
440,57671680,3243,17779,,,,,,,,,,,,,,,,
,57802752,,,0.892494723200798,0.3240509033203125,0.2,0.00021349247999999997,0.006249671336263418,20.530439376831055,7.414385941624642,0.28864821791648865,4110,0.03275793,0.145211904,-0.04145765194843989,49.87726948261261,-116.45010977136637,229.54166666666666,0.5729166666666666
441,57802752,3244,17815,,,,,,,,,,,,,,,,
,57933824,,,0.8833886831998825,0.3539703369140625,0.2,0.00021329587199999997,0.006254523526877165,21.87250328063965,7.36482110619545,0.29276522994041443,4115,0.039724983,0.1450873856,-0.04220489754516166,50.1682446718216,-133.28105588275176,253.26041666666666,0.4166666666666667
442,57933824,3245,17851,,,,,,,,,,,,,,,,
,58064896,,,0.8815728053450584,0.33967132568359376,0.2,0.000213099264,0.006249899975955486,22.79476547241211,7.299469870328903,0.2870056629180908,4120,0.035012037,0.1449628672,-0.041834881599061194,51.58574569225311,-124.41238907805382,227.55208333333334,0.5
443,58064896,3246,17887,,,,,,,,,,,,,,,,
,58195968,,,0.8986089825630188,0.3754547119140625,0.2,0.00021290265599999998,0.006240470334887505,20.062297821044922,7.287184607982636,0.29935601353645325,4125,0.04517008,0.14483834880000002,-0.040988628959166815,45.1570145368576,-114.34783622052764,231.15625,0.5833333333333334
444,58195968,3246,17924,,,,,,,,,,,,,,,,
,58327040,,,0.8717682957649231,0.35130615234375,0.2,0.00021270604799999998,0.006241010036319494,24.64724349975586,7.361386629939079,0.2917967438697815,4130,0.03477367,0.14471383040000002,-0.040364087847410704,54.61528613567352,-117.06707879448356,233.27083333333334,0.5520833333333334
445,58327040,3247,17960,,,,,,,,,,,,,,,,
,58458112,,,0.893044650554657,0.3501068115234375,0.2,0.00021250944,0.0062380507588386536,16.29092025756836,7.262644207477569,0.295538067817688,4135,0.04521048,0.14458931200000003,-0.041111839667428283,47.58752620220184,-127.3589194543996,249.63541666666666,0.46875
446,58458112,3248,17996,,,,,,,,,,,,,,,,
,58589184,,,0.8909007906913757,0.34685211181640624,0.2,0.000212312832,0.006241447292268276,24.72330093383789,7.222231823205948,0.3005518317222595,4140,0.035327494,0.1444647936,-0.041341350770380814,51.94613900184631,-122.04150788390034,238.01041666666666,0.4895833333333333
447,58589184,3249,18032,,,,,,,,,,,,,,,,
,58720256,,,0.8943560570478439,0.37090911865234377,0.2,0.00021211622399999999,0.006238359492272139,18.88254737854004,7.301470842957497,0.29670268297195435,4145,0.038975164,0.1443402752,-0.03824285540322307,49.3392138004303,-113.4852563226176,229.66666666666666,0.6041666666666666
448,58720256,3249,18069,,,,,,,,,,,,,,,,
,58851328,,,0.9024534150958061,0.33664398193359374,0.2,0.00021191961599999995,0.006237387657165527,21.986385345458984,7.305791610479355,0.29502102732658386,4150,0.0395764,0.14421575679999998,-0.04093533254199429,46.30051350593567,-124.61040319008397,237.27083333333334,0.5104166666666666
449,58851328,3250,18105,,,,,,,,,,,,,,,,
,58982400,,,0.8694151788949966,0.33268890380859373,0.2,0.000211723008,0.006242412142455578,22.450483322143555,7.278512361645698,0.32311326265335083,4155,0.0332523,0.14409123840000002,-0.04471873390721157,53.311495304107666,-123.16888910232927,227.77083333333334,0.5
450,58982400,3251,18140,,,,,,,,,,,,,,,,
,59113472,,,0.8894456624984741,0.34970703125,0.2,0.00021152639999999997,0.006242968142032623,20.66846466064453,7.278275519609451,0.2998957633972168,4160,0.039901167,0.14396672,-0.043463738441641905,49.03763597011566,-124.46145223452804,236.15625,0.4895833333333333
451,59113472,3252,18175,,,,,,,,,,,,,,,,
,59244544,,,0.8781271427869797,0.36075592041015625,0.2,0.000211329792,0.0062451488338410854,25.082576751708984,7.260502436757088,0.30369505286216736,4165,0.037761148,0.14384220160000002,-0.043435605491686145,55.73307986259461,-120.33599145169178,231.80208333333334,0.53125
452,59244544,3253,18210,,,,,,,,,,,,,,,,
,59375616,,,0.8910983055830002,0.33874969482421874,0.2,0.00021113318399999996,0.006246293894946575,20.675891876220703,7.289322865009308,0.30034714937210083,4170,0.036403924,0.1437176832,-0.04254246263008099,48.46762897968292,-114.33334763246553,229.20833333333334,0.5625
453,59375616,3253,18247,,,,,,,,,,,,,,,,
,59506688,,,0.8831471279263496,0.33048248291015625,0.2,0.000210936576,0.006248687859624624,24.366867065429688,7.356650632619858,0.2967395782470703,4175,0.03399788,0.14359316480000003,-0.039683690879610364,56.98488566875458,-115.89540273907103,232.44791666666666,0.5625
454,59506688,3254,18282,,,,,,,,,,,,,,,,
,59637760,,,0.8890044838190079,0.34740753173828126,0.2,0.00021073996799999997,0.006251285783946514,22.662527084350586,7.292306753993034,0.3059317469596863,4180,0.03538117,0.1434686464,-0.042955553803767546,55.122179174423216,-117.32198790015691,223.0625,0.53125
455,59637760,3255,18317,,,,,,,,,,,,,,,,
,59768832,,,0.8929295688867569,0.34808197021484377,0.2,0.00021054336000000002,0.006252720486372709,21.22303581237793,7.284173396229744,0.307283878326416,4185,0.042259946,0.14334412800000002,-0.04190809306746814,49.67494647502899,-107.50671637970827,216.64583333333334,0.6458333333333334
456,59768832,3256,18352,,,,,,,,,,,,,,,,
,59899904,,,0.8759055286645889,0.37333526611328127,0.2,0.00021034675199999999,0.006255789659917355,23.4147891998291,7.292698562145233,0.29239168763160706,4190,0.038946904,0.1432196096,-0.042641802223806737,54.41481771469116,-110.774771392618,217.9375,0.5833333333333334
457,59899904,3257,18387,,,,,,,,,,,,,,,,
,60030976,,,0.8912538215517998,0.3929351806640625,0.2,0.00021015014399999998,0.0062543535605072975,20.026456832885742,7.349535956978798,0.310116171836853,4195,0.044046342,0.1430950912,-0.04035622620431241,49.10921206474304,-119.52581408300898,235.91666666666666,0.53125
458,60030976,3258,18422,,,,,,,,,,,,,,,,
,60162048,,,0.8937661051750183,0.36080780029296877,0.2,0.00020995353599999997,0.006259310524910688,23.362430572509766,7.288409706950188,0.30367350578308105,4200,0.04011891,0.1429705728,-0.0434859619679628,51.0366491317749,-121.91355915546694,224.70833333333334,0.5416666666666666
459,60162048,3259,18459,,,,,,,,,,,,,,,,
,60293120,,,0.8849266692996025,0.35958251953125,0.2,0.00020975692799999997,0.006250634789466858,29.55091094970703,7.309076020121575,0.30606967210769653,4205,0.037632555,0.1428460544,-0.04485503193282057,52.598767328262326,-118.84890404917486,236.3125,0.5416666666666666
460,60293120,3259,18495,,,,,,,,,,,,,,,,
,60424192,,,0.8922751843929291,0.324560546875,0.2,0.00020956032,0.0062434254214167595,21.96510887145996,7.380518910288811,0.3144112825393677,4210,0.040131494,0.142721536,-0.040008454391499984,51.69071712493896,-102.87129187874966,220.95833333333334,0.6354166666666666
461,60424192,3260,18531,,,,,,,,,,,,,,,,
,60555264,,,0.8980233669281006,0.3687408447265625,0.2,0.00020936371199999998,0.0062446086667478085,18.66042137145996,7.359057974815369,0.31273722648620605,4215,0.03835188,0.14259701760000001,-0.043082339852117,44.2285390496254,-127.0524672572089,237.25,0.46875
462,60555264,3261,18567,,,,,,,,,,,,,,,,
,60686336,,,0.8931171745061874,0.3305419921875,0.2,0.00020916710399999998,0.006248629651963711,19.424585342407227,7.311185905337334,0.3317229449748993,4220,0.03540513,0.14247249920000002,-0.04416507514251862,50.804972004890445,-114.13242511531944,233.32291666666666,0.59375
463,60686336,3262,18602,,,,,,,,,,,,,,,,
,60817408,,,0.8881856724619865,0.3450286865234375,0.2,0.000208970496,0.006241168361157179,20.680906295776367,7.3046056747436525,0.324154257774353,4225,0.039259836,0.14234798080000002,-0.042420345096616074,51.372328877449036,-124.6351069464916,244.08333333333334,0.5104166666666666
464,60817408,3262,18639,,,,,,,,,,,,,,,,
,60948480,,,0.8845675811171532,0.3385528564453125,0.2,0.000208773888,0.006242468487471342,20.01938247680664,7.33106529712677,0.3198748528957367,4230,0.035094537,0.14222346240000003,-0.0425337574299192,52.617288970947264,-123.66850611288253,244.07291666666666,0.53125
465,60948480,3263,18675,,,,,,,,,,,,,,,,
,61079552,,,0.9024029076099396,0.35661163330078127,0.2,0.00020857727999999996,0.0062412298284471035,19.847530364990234,7.363037195801735,0.311668336391449,4235,0.045051124,0.142098944,-0.03864395060227253,47.49336972236633,-124.06716934742771,247.09375,0.4895833333333333
466,61079552,3264,18711,,,,,,,,,,,,,,,,
,61210624,,,0.8922292143106461,0.35084991455078124,0.2,0.000208380672,0.006239298265427351,22.001344680786133,7.335347425937653,0.31864628195762634,4240,0.039447322,0.1419744256,-0.0411629229245591,51.98423798084259,-120.67094315595978,237.28125,0.5
467,61210624,3264,18747,,,,,,,,,,,,,,,,
,61341696,,,0.8983446508646011,0.34417266845703126,0.2,0.00020818406399999997,0.006244031246751547,23.431184768676758,7.330752095580101,0.3244059383869171,4245,0.035979323,0.14184990719999999,-0.04235661884158617,47.822896003723145,-116.91412758017862,233.42708333333334,0.5729166666666666
468,61341696,3265,18783,,,,,,,,,,,,,,,,
,61472768,,,0.8958097100257874,0.35635223388671877,0.2,0.000207987456,0.0062557547353208065,20.807823181152344,7.333235022425652,0.317757248878479,4250,0.042823106,0.14172538880000002,-0.04147422095265938,49.11885845661163,-118.03801925790027,215.96875,0.5416666666666666
469,61472768,3266,18819,,,,,,,,,,,,,,,,
,61603840,,,0.8885986134409904,0.3660919189453125,0.2,0.00020779084799999996,0.006265421863645315,19.58589744567871,7.344658178091049,0.31866204738616943,4255,0.042229034,0.1416008704,-0.038860869922791606,51.65821425914764,-139.20063342773514,257.2708333333333,0.40625
470,61603840,3267,18856,,,,,,,,,,,,,,,,
,61734912,,,0.8967984691262245,0.3434173583984375,0.2,0.00020759424,0.006267103832215071,20.426111221313477,7.325698611140251,0.3080900311470032,4260,0.036080897,0.14147635200000003,-0.04378463569155429,48.72151446342468,-120.30242252089188,229.88541666666666,0.5520833333333334
471,61734912,3267,18892,,,,,,,,,,,,,,,,
,61865984,,,0.9003239795565605,0.35305938720703123,0.2,0.00020739763199999998,0.006276869215071201,22.270954132080078,7.313459813594818,0.29731282591819763,4265,0.040903445,0.1413518336,-0.043250305419496725,47.89849276542664,-120.40756261612647,238.47916666666666,0.5729166666666666
472,61865984,3268,18928,,,,,,,,,,,,,,,,
,61997056,,,0.9074970111250877,0.34638214111328125,0.2,0.000207201024,0.006275184452533722,19.241344451904297,7.310995003581047,0.31818512082099915,4270,0.03662329,0.14122731520000004,-0.04324222428549547,46.22470223903656,-120.92638059535068,235.3125,0.5104166666666666
473,61997056,3269,18964,,,,,,,,,,,,,,,,
,62128128,,,0.895242840051651,0.3387054443359375,0.2,0.00020700441599999996,0.0062772855162620544,22.850549697875977,7.364751815795898,0.31813547015190125,4275,0.034454294,0.1411027968,-0.04229258848063182,54.35746524333954,-110.47059754213164,226.13541666666666,0.5833333333333334
474,62128128,3269,19001,,,,,,,,,,,,,,,,
,62259200,,,0.8954024091362953,0.32450714111328127,0.2,0.00020680780799999998,0.006272505037486553,19.464160919189453,7.303841009736061,0.30567222833633423,4280,0.03434856,0.14097827840000002,-0.04244063333317172,46.59491264820099,-128.074984206803,255.84375,0.4895833333333333
475,62259200,3270,19038,,,,,,,,,,,,,,,,
,62390272,,,0.904498741030693,0.35089111328125,0.2,0.00020661119999999998,0.00627658236771822,20.32367706298828,7.357150310277939,0.3160969018936157,4285,0.038818203,0.14085376,-0.0393271248540259,47.323084926605226,-110.49891959614318,221.13541666666666,0.59375
476,62390272,3270,19074,,,,,,,,,,,,,,,,
,62521344,,,0.8851123824715614,0.36098480224609375,0.2,0.00020641459199999997,0.006278364919126034,19.906103134155273,7.358932998776436,0.3063645660877228,4290,0.039963525,0.1407292416,-0.04335875313263386,52.069847989082334,-121.88654001730244,241.22916666666666,0.53125
477,62521344,3271,19108,,,,,,,,,,,,,,,,
,62652416,,,0.8876664713025093,0.34831390380859373,0.2,0.000206217984,0.006273395381867886,20.323945999145508,7.347355374693871,0.31269991397857666,4295,0.04361582,0.1406047232,-0.04227766126859933,50.363582730293274,-126.42385234234814,254.52083333333334,0.5
478,62652416,3272,19144,,,,,,,,,,,,,,,,
,62783488,,,0.8922896310687065,0.3621826171875,0.2,0.000206021376,0.0062862783670425415,18.641340255737305,7.304307210445404,0.3133724331855774,4300,0.040835693,0.1404802048,-0.04244052030408056,50.73213665485382,-120.66975779027901,232.09375,0.53125
479,62783488,3273,19182,,,,,,,,,,,,,,,,
,62914560,,,0.8912304192781448,0.36718597412109377,0.2,0.00020582476799999998,0.0062950169667601585,24.15443992614746,7.34423137307167,0.31858718395233154,4305,0.038030885,0.1403556864,-0.042282119451556355,51.02321166992188,-128.28750803685674,251.89583333333334,0.46875
480,62914560,3273,19218,,,,,,,,,,,,,,,,
,63045632,,,0.9006990343332291,0.36790924072265624,0.2,0.00020562815999999997,0.006295039318501949,18.435787200927734,7.350948348641396,0.3076649606227875,4310,0.043703426,0.14023116800000002,-0.037628033741202674,46.65240213871002,-120.64283592421884,236.45833333333334,0.5520833333333334
481,63045632,3274,19254,,,,,,,,,,,,,,,,
,63176704,,,0.8920497372746468,0.31951904296875,0.2,0.000205431552,0.00629791896790266,21.424274444580078,7.363320371508598,0.30623555183410645,4315,0.035214443,0.14010664960000002,-0.04167078455502633,50.281258487701415,-121.63907731070128,235.17708333333334,0.5104166666666666
482,63176704,3274,19290,,,,,,,,,,,,,,,,
,63307776,,,0.8856890797615051,0.32779541015625,0.2,0.000205234944,0.006291595753282309,24.13368034362793,7.31979084610939,0.3199852705001831,4320,0.036934245,0.13998213120000003,-0.04249737923382781,52.31466221809387,-113.19498363680093,205.28125,0.5729166666666666
483,63307776,3275,19327,,,,,,,,,,,,,,,,
,63438848,,,0.8919234648346901,0.33993988037109374,0.2,0.00020503833599999998,0.006296712905168533,21.801517486572266,7.291847974061966,0.3219764828681946,4325,0.034390554,0.1398576128,-0.04497625980293378,49.113132452964784,-109.00353954487157,227.02083333333334,0.6145833333333334
484,63438848,3276,19364,,,,,,,,,,,,,,,,
,63569920,,,0.8976645916700363,0.3283966064453125,0.2,0.00020484172799999995,0.006293170154094696,19.486604690551758,7.365582570433617,0.31899067759513855,4330,0.032394838,0.1397330944,-0.04110170205531176,47.53283932209015,-123.92607650213502,226.21875,0.5
485,63569920,3276,19399,,,,,,,,,,,,,,,,
,63700992,,,0.9017152637243271,0.332257080078125,0.2,0.00020464512,0.006302289664745331,22.887598037719727,7.379709658026695,0.30374228954315186,4335,0.034512594,0.139608576,-0.04252745473932009,44.71325571537018,-117.61332980211391,230.46875,0.5833333333333334
486,63700992,3277,19435,,,,,,,,,,,,,,,,
,63832064,,,0.8906465545296669,0.33297576904296877,0.2,0.00020444851199999996,0.006302917376160622,23.735370635986328,7.2410639077425,0.3120812773704529,4340,0.035543073,0.1394840576,-0.0390387169609312,47.00383431911469,-120.34323044639689,235.8125,0.5520833333333334
487,63832064,3278,19472,,,,,,,,,,,,,,,,
,63963136,,,0.9020854085683823,0.34154205322265624,0.2,0.000204251904,0.006298999767750502,19.109710693359375,7.317497336864472,0.29595324397087097,4345,0.041969553,0.13935953920000002,-0.041069994564168155,42.81391788721085,-116.1221691329457,231.75,0.5625
488,63963136,3278,19508,,,,,,,,,,,,,,,,
,64094208,,,0.885397657752037,0.315570068359375,0.2,0.00020405529599999998,0.0062944889068603516,25.215063095092773,7.287429025769233,0.3111976087093353,4350,0.032808557,0.1392350208,-0.04053417877003085,54.04284777641296,-120.42554143842784,239.19791666666666,0.5729166666666666
489,64094208,3279,19545,,,,,,,,,,,,,,,,
,64225280,,,0.8975288420915604,0.3552093505859375,0.2,0.000203858688,0.006293296813964844,23.139070510864258,7.317026075720787,0.335892915725708,4355,0.04354641,0.13911050240000003,-0.04263136238732841,50.80403039455414,-117.59501508560288,219.11458333333334,0.5625
490,64225280,3280,19580,,,,,,,,,,,,,,,,
,64356352,,,0.8937962576746941,0.3241180419921875,0.2,0.00020366207999999997,0.006294866092503071,17.38006591796875,7.320258694887161,0.30707836151123047,4360,0.036666792,0.138985984,-0.04359875319933053,46.21102821826935,-125.52242643650497,246.8125,0.5104166666666666
491,64356352,3280,19614,,,,,,,,,,,,,,,,
,64487424,,,0.9009447991847992,0.34264984130859377,0.2,0.00020346547200000002,0.006292309612035751,16.790958404541016,7.3479395538568495,0.3162299394607544,4365,0.042170897,0.13886146560000004,-0.04067349417600781,44.80880846977234,-118.63828966647539,244.15625,0.53125
492,64487424,3281,19652,,,,,,,,,,,,,,,,
,64618496,,,0.8820766061544418,0.3496978759765625,0.2,0.00020326886399999998,0.006296459585428238,22.690061569213867,7.297039437294006,0.32517486810684204,4370,0.036631316,0.13873694720000002,-0.04182616672769655,51.31289694309235,-114.48448745674858,236.125,0.5520833333333334
493,64618496,3281,19688,,,,,,,,,,,,,,,,
,64749568,,,0.8948584124445915,0.3164886474609375,0.2,0.00020307225599999998,0.006294354796409607,23.016918182373047,7.268538010120392,0.31889766454696655,4375,0.034154247,0.13861242880000002,-0.04247970242286101,49.904633688926694,-110.02233619405695,217.66666666666666,0.6041666666666666
494,64749568,3282,19725,,,,,,,,,,,,,,,,
,64880640,,,0.9005400761961937,0.34923858642578126,0.2,0.00020287564799999997,0.006289387121796608,20.72816276550293,7.3315514087677,0.3171449303627014,4380,0.038787037,0.1384879104,-0.040954749420052394,48.131945443153384,-118.2001736728746,225.57291666666666,0.5729166666666666
495,64880640,3283,19760,,,,,,,,,,,,,,,,
,65011712,,,0.8942029997706413,0.34376983642578124,0.2,0.00020267904,0.0062919966876506805,21.81243133544922,7.348104581236839,0.32633066177368164,4385,0.036132403,0.138363392,-0.04048596546927001,50.66443424224853,-124.5123698070683,247.0,0.46875
496,65011712,3283,19796,,,,,,,,,,,,,,,,
,65142784,,,0.8964101448655128,0.325213623046875,0.2,0.00020248243199999999,0.006287585943937302,20.23114013671875,7.350235879421234,0.3121178448200226,4390,0.035180412,0.1382388736,-0.04309188965125941,50.64168190956116,-120.97695643394508,244.36458333333334,0.5104166666666666
497,65142784,3284,19833,,,,,,,,,,,,,,,,
,65273856,,,0.8935753330588341,0.33885040283203127,0.2,0.00020228582399999998,0.006281808950006962,21.723453521728516,7.317877179384231,0.3140227496623993,4395,0.036548384,0.1381143552,-0.041444637696258724,49.73233733177185,-120.38519575920691,237.04166666666666,0.5104166666666666
498,65273856,3284,19870,,,,,,,,,,,,,,,,
,65404928,,,0.8986802622675896,0.35152740478515626,0.2,0.000202089216,0.006287619471549988,18.070512771606445,7.313146570324898,0.29490095376968384,4400,0.03926134,0.13798983680000002,-0.04273690122645348,47.0603360414505,-125.06721269214576,261.0729166666667,0.46875
499,65404928,3285,19906,,,,,,,,,,,,,,,,
,65536000,,,0.8886723518371582,0.33516693115234375,0.2,0.000201892608,0.0062818750739097595,20.718673706054688,7.296907466650009,0.3144466280937195,4405,0.034775037,0.13786531840000002,-0.04160844786674715,51.66559998989105,-122.3059524775677,238.73958333333334,0.5625
500,65536000,3286,19941,,,,,,,,,,,,,,,,
,65667072,,,0.8919671401381493,0.34854583740234374,0.2,0.000201696,0.00628381222486496,18.997573852539062,7.3338629513978955,0.3027566373348236,4410,0.038534157,0.13774080000000002,-0.04058985853916965,48.20956728458405,-109.2809799960669,219.39583333333334,0.5833333333333334
501,65667072,3287,19977,,,,,,,,,,,,,,,,
,65798144,,,0.9065525531768799,0.3803802490234375,0.2,0.00020149939199999995,0.006281090434640646,23.628862380981445,7.244404914975166,0.3183909058570862,4415,0.040774085,0.1376162816,-0.035189239596365954,47.423812341690066,-116.95762395190252,224.54166666666666,0.5625
502,65798144,3287,20013,,,,,,,,,,,,,,,,
,65929216,,,0.9003614336252213,0.35066680908203124,0.2,0.000201302784,0.006284420844167471,20.253469467163086,7.311469346284866,0.30386659502983093,4420,0.03540743,0.1374917632,-0.04382198892562883,45.74443798065185,-123.6378616765312,249.79166666666666,0.4791666666666667
503,65929216,3288,20050,,,,,,,,,,,,,,,,
,66060288,,,0.8878411278128624,0.3462646484375,0.2,0.00020110617599999997,0.006282688584178686,21.230634689331055,7.249096730351448,0.30247676372528076,4425,0.034491815,0.1373672448,-0.04237545552459778,51.67400758266449,-123.57855220938939,239.46875,0.4895833333333333
504,66060288,3288,20085,,,,,,,,,,,,,,,,
,66191360,,,0.8849026933312416,0.33208770751953126,0.2,0.000200909568,0.00628307368606329,24.548465728759766,7.302594622969627,0.3073981702327728,4430,0.042750493,0.13724272640000001,-0.03986472935066558,55.34557721614838,-117.20032760634179,232.67708333333334,0.5416666666666666
505,66191360,3289,20120,,,,,,,,,,,,,,,,
,66322432,,,0.8985395804047585,0.36407012939453126,0.2,0.00020071295999999996,0.006284259259700775,22.703231811523438,7.286957603693009,0.3124936819076538,4435,0.036608826,0.137118208,-0.04296719767953618,49.60995945930481,-118.36256484900518,249.95833333333334,0.53125
506,66322432,3290,20157,,,,,,,,,,,,,,,,
,66453504,,,0.8945189937949181,0.338946533203125,0.2,0.000200516352,0.00628495030105114,19.882890701293945,7.304879280924797,0.3041456937789917,4440,0.033818025,0.13699368960000002,-0.04465301413729321,50.83092794418335,-133.2526433862463,253.96875,0.4270833333333333
507,66453504,3291,20192,,,,,,,,,,,,,,,,
,66584576,,,0.8900646418333054,0.3136962890625,0.2,0.00020031974399999997,0.006283072289079428,23.425392150878906,7.27362622320652,0.30917149782180786,4445,0.033168398,0.1368691712,-0.04285036870278418,51.11249687671661,-131.68362870860076,228.25,0.5
508,66584576,3291,20227,,,,,,,,,,,,,,,,
,66715648,,,0.8879978731274605,0.33672943115234377,0.2,0.000200123136,0.006286784075200558,20.903316497802734,7.335917535424232,0.3052010238170624,4450,0.037227206,0.13674465280000003,-0.04274337287642993,51.65726566314697,-118.74974930849639,227.64583333333334,0.5833333333333334
509,66715648,3292,20263,,,,,,,,,,,,,,,,
,66846720,,,0.8982957154512405,0.342205810546875,0.2,0.000199926528,0.006288511678576469,19.351716995239258,7.335886147618294,0.3288918435573578,4455,0.040526826,0.1366201344,-0.044199055086937736,45.46401488780975,-128.71873115758265,248.90625,0.46875
510,66846720,3292,20300,,,,,,,,,,,,,,,,
,66977792,,,0.8958998322486877,0.3530609130859375,0.2,0.00019972991999999998,0.0062852296978235245,19.576950073242188,7.232015439867974,0.31729280948638916,4460,0.039176226,0.13649561600000001,-0.04051801313180477,48.93585946559906,-120.80248042921562,228.28125,0.53125
511,66977792,3293,20337,,,,,,,,,,,,,,,,
,67108864,,,0.880988247692585,0.35794525146484374,0.2,0.00019953331199999998,0.006283744238317013,23.371110916137695,7.2190423011779785,0.33716127276420593,4465,0.04637062,0.13637109760000002,-0.04149294579547132,54.91945447921753,-114.10604489852786,221.15625,0.5625
512,67108864,3293,20373,,,,,,,,,,,,,,,,
,67239936,,,0.8859407231211662,0.3264495849609375,0.2,0.00019933670399999997,0.006291992962360382,21.664052963256836,7.2738312125206,0.32631492614746094,4470,0.034218587,0.1362465792,-0.04077072949730791,53.90640251636505,-128.55383177509876,254.375,0.46875
513,67239936,3294,20409,,,,,,,,,,,,,,,,
,67371008,,,0.8839941844344139,0.33860931396484373,0.2,0.000199140096,0.006290217395871878,24.155332565307617,7.232938081026077,0.3358531892299652,4475,0.040273275,0.1361220608,-0.04068984653276857,56.678795170784,-132.29116182299904,249.61458333333334,0.4479166666666667
514,67371008,3295,20445,,,,,,,,,,,,,,,,
,67502080,,,0.8938030228018761,0.3353790283203125,0.2,0.00019894348799999998,0.0062829237431287766,21.443222045898438,7.245580977201461,0.32788005471229553,4480,0.035529822,0.1359975424,-0.043226909649092704,49.82280321121216,-128.65244359499124,250.35416666666666,0.4791666666666667
515,67502080,3295,20481,,,,,,,,,,,,,,,,
,67633152,,,0.881685420870781,0.3369781494140625,0.2,0.00019874687999999998,0.006283973343670368,24.697832107543945,7.272560405731201,0.333383172750473,4485,0.03623887,0.135873024,-0.043759406711615156,56.33070356845856,-126.46455841415506,235.6875,0.4895833333333333
516,67633152,3296,20517,,,,,,,,,,,,,,,,
,67764224,,,0.8840127289295197,0.35227508544921876,0.2,0.000198550272,0.006283705588430166,23.667661666870117,7.305624797940254,0.3428727388381958,4490,0.04622984,0.1357485056,-0.04394600627420005,54.08229842185974,-134.3041168579418,245.9375,0.4479166666666667
517,67764224,3297,20552,,,,,,,,,,,,,,,,
,67895296,,,0.8953175991773605,0.34083251953125,0.2,0.000198353664,0.006276050582528114,18.950180053710938,7.2892092853784565,0.3242245018482208,4495,0.03666068,0.13562398720000002,-0.0417732558955322,48.62766799926758,-131.99488646942754,258.3645833333333,0.4375
518,67895296,3297,20589,,,,,,,,,,,,,,,,
,68026368,,,0.8874237909913063,0.334100341796875,0.2,0.00019815705599999996,0.0062795598059892654,23.374828338623047,7.303754296898842,0.32760387659072876,4500,0.03834979,0.1354994688,-0.04044445381659898,53.094781851768495,-122.02029957067259,245.07291666666666,0.53125
519,68026368,3298,20625,,,,,,,,,,,,,,,,
,68157440,,,0.8973607942461967,0.34143829345703125,0.2,0.00019796044799999998,0.006283022463321686,20.260944366455078,7.332202380895614,0.3272395133972168,4505,0.038015977,0.13537495040000003,-0.04189176851359662,48.82762460708618,-121.02845219981423,240.88541666666666,0.5416666666666666
520,68157440,3298,20661,,,,,,,,,,,,,,,,
,68288512,,,0.8792819231748581,0.3262908935546875,0.2,0.00019776383999999997,0.006287080701440573,22.653484344482422,7.3573610246181484,0.3357579708099365,4510,0.0319422,0.135250432,-0.04239468052983284,54.20546519756317,-127.79653500788696,264.7916666666667,0.4791666666666667
521,68288512,3299,20698,,,,,,,,,,,,,,,,
,68419584,,,0.8861373960971832,0.34185028076171875,0.2,0.000197567232,0.006296798586845398,23.699628829956055,7.355762541294098,0.32665592432022095,4515,0.044506773,0.1351259136,-0.042185388191137464,55.27422392368317,-129.45195250609052,237.28125,0.5
522,68419584,3299,20733,,,,,,,,,,,,,,,,
,68550656,,,0.8858265951275826,0.3664154052734375,0.2,0.00019737062399999996,0.006295394152402878,22.684343338012695,7.333762517571449,0.3267412483692169,4520,0.04648884,0.1350013952,-0.0423258050417644,55.99380185604095,-125.85738192121443,234.08333333333334,0.5208333333333334
523,68550656,3300,20769,,,,,,,,,,,,,,,,
,68681728,,,0.8966567292809486,0.3779876708984375,0.2,0.000197174016,0.006295919418334961,16.901683807373047,7.34397184252739,0.3122093677520752,4525,0.041736778,0.13487687680000002,-0.04186394800199196,44.53006322383881,-120.16715687883213,230.61458333333334,0.5833333333333334
524,68681728,3301,20806,,,,,,,,,,,,,,,,
,68812800,,,0.8826972544193268,0.35896759033203124,0.2,0.00019697740799999998,0.006293139886111021,22.821624755859375,7.317292833328247,0.31033945083618164,4530,0.044732347,0.1347523584,-0.041486494745186064,54.41941773891449,-119.56244318289414,234.86458333333334,0.5208333333333334
525,68812800,3301,20841,,,,,,,,,,,,,,,,
,68943872,,,0.905603215098381,0.3435272216796875,0.2,0.0001967808,0.006298322230577469,18.841218948364258,7.253898113965988,0.3293711245059967,4535,0.038844835,0.13462784000000003,-0.04744100635289215,45.63633739948273,-123.15619769992973,246.79166666666666,0.5208333333333334
526,68943872,3302,20878,,,,,,,,,,,,,,,,
,69074944,,,0.8961495459079742,0.3429534912109375,0.2,0.00019658419199999996,0.006293408572673798,19.927892684936523,7.316596210002899,0.32761693000793457,4540,0.036297556,0.1345033216,-0.043105155124794695,46.61955180168152,-121.94230507662805,228.85416666666666,0.5
527,69074944,3302,20913,,,,,,,,,,,,,,,,
,69206016,,,0.8816248700022697,0.3405029296875,0.2,0.00019638758399999999,0.006293065380305052,22.537988662719727,7.342007556557656,0.33097904920578003,4545,0.032998174,0.1343788032,-0.042728564667049794,52.37527060508728,-130.94403994273966,255.88541666666666,0.4583333333333333
528,69206016,3303,20950,,,,,,,,,,,,,,,,
,69337088,,,0.8708393722772598,0.334259033203125,0.2,0.00019619097599999998,0.006300186272710562,21.528209686279297,7.370123082399369,0.322648286819458,4550,0.0349975,0.1342542848,-0.04047111108666286,53.13444337844849,-118.92366450037694,225.90625,0.5625
529,69337088,3303,20986,,,,,,,,,,,,,,,,
,69468160,,,0.8800091370940208,0.3176361083984375,0.2,0.00019599436799999997,0.006297833751887083,25.298446655273438,7.292090144753456,0.32329580187797546,4555,0.032073285,0.1341297664,-0.04148112787952414,53.851265454292296,-118.23644361744509,228.34375,0.5208333333333334
530,69468160,3304,21023,,,,,,,,,,,,,,,,
,69599232,,,0.8809394389390945,0.3320892333984375,0.2,0.00019579776,0.006303268484771252,22.32310676574707,7.274580961465835,0.3076568841934204,4560,0.033878013,0.134005248,-0.04238787745125592,49.94880075454712,-125.60329630396582,239.08333333333334,0.5
531,69599232,3304,21059,,,,,,,,,,,,,,,,
,69730304,,,0.8904376327991486,0.35073699951171877,0.2,0.000195601152,0.0063070631586015224,20.648422241210938,7.261973649263382,0.310556024312973,4565,0.03622188,0.1338807296,-0.041469358089671005,49.533703207969666,-113.80130063634196,218.65625,0.59375
532,69730304,3305,21094,,,,,,,,,,,,,,,,
,69861376,,,0.8934823796153069,0.357275390625,0.2,0.00019540454399999998,0.006309072487056255,19.22983169555664,7.323662415146828,0.32000732421875,4570,0.04187027,0.1337562112,-0.04062438653199933,45.487211155891416,-114.47141700411824,230.03125,0.5833333333333334
533,69861376,3306,21130,,,,,,,,,,,,,,,,
,69992448,,,0.8694246709346771,0.313262939453125,0.2,0.00019520793599999998,0.006307048257440329,23.900894165039062,7.293551757931709,0.3199533224105835,4575,0.032238692,0.1336316928,-0.040753818274242806,58.79167320728302,-123.78260928894201,247.13541666666666,0.5
534,69992448,3306,21167,,,,,,,,,,,,,,,,
,70123520,,,0.8944712206721306,0.34991302490234377,0.2,0.000195011328,0.0063084801658988,19.656599044799805,7.353660613298416,0.3276313245296478,4580,0.03200355,0.1335071744,-0.04035047315410338,49.932571625709535,-111.4739564352592,226.4375,0.6354166666666666
535,70123520,3307,21203,,,,,,,,,,,,,,,,
,70254592,,,0.8980845585465431,0.32930145263671873,0.2,0.00019481472,0.006304256618022919,21.867610931396484,7.325026586651802,0.3190055191516876,4585,0.032653466,0.13338265600000002,-0.04113878791395109,49.727442145347595,-131.98846589449727,260.6875,0.4583333333333333
536,70254592,3307,21240,,,,,,,,,,,,,,,,
,70385664,,,0.9046581164002419,0.30718536376953126,0.2,0.00019461811199999999,0.006304875016212463,19.76215934753418,7.355814310908317,0.33222320675849915,4590,0.033316486,0.13325813760000002,-0.03995376134407706,43.863066053390504,-120.79750523452203,234.5625,0.5416666666666666
537,70385664,3308,21274,,,,,,,,,,,,,,,,
,70516736,,,0.8895876780152321,0.34649505615234377,0.2,0.00019442150399999995,0.006304333917796612,22.142738342285156,7.3235613197088245,0.3250945806503296,4595,0.038289666,0.1331336192,-0.04272578820673516,47.395795464515686,-124.50771569629717,234.36458333333334,0.5
538,70516736,3308,21311,,,,,,,,,,,,,,,,
,70647808,,,0.8894465267658234,0.340484619140625,0.2,0.000194224896,0.006299481727182865,19.607423782348633,7.28293691277504,0.34277158975601196,4600,0.046220127,0.1330091008,-0.03990807405498344,51.87802538871765,-133.40217978145844,246.375,0.4479166666666667
539,70647808,3309,21347,,,,,,,,,,,,,,,,
,70778880,,,0.8816555663943291,0.35532684326171876,0.2,0.00019402828799999997,0.006297680549323559,23.501562118530273,7.376376381516456,0.3362148702144623,4605,0.038639583,0.13288458239999998,-0.042398754303576425,51.05259747505188,-116.00597973353221,226.16666666666666,0.53125
540,70778880,3309,21384,,,,,,,,,,,,,,,,
,70909952,,,0.897116556763649,0.35771484375,0.2,0.00019383168,0.006302203983068466,17.941856384277344,7.289854416251183,0.3376278281211853,4610,0.035473168,0.132760064,-0.04383292930724565,45.918611311912535,-117.52643447645569,227.79166666666666,0.5416666666666666
541,70909952,3310,21419,,,,,,,,,,,,,,,,
,71041024,,,0.8975740000605583,0.31255340576171875,0.2,0.00019363507199999998,0.006293363403528929,21.440664291381836,7.3207731515169145,0.33283671736717224,4615,0.031608716,0.1326355456,-0.03791692369268276,51.64216284751892,-114.98034929514064,224.64583333333334,0.6041666666666666
542,71041024,3311,21455,,,,,,,,,,,,,,,,
,71172096,,,0.8963372930884361,0.30101318359375,0.2,0.000193438464,0.006294186692684889,18.60125160217285,7.346169698238373,0.3444897532463074,4620,0.035088025,0.13251102720000002,-0.04153639092983212,46.63421847820282,-127.76077819956238,242.08333333333334,0.4895833333333333
543,71172096,3311,21491,,,,,,,,,,,,,,,,
,71303168,,,0.8966139107942581,0.34388427734375,0.2,0.00019324185599999997,0.0062921191565692425,20.311391830444336,7.294283631443977,0.3403855264186859,4625,0.034799512,0.1323865088,-0.04246390332555165,50.16925194263458,-126.21942273857043,249.83333333333334,0.4791666666666667
544,71303168,3312,21528,,,,,,,,,,,,,,,,
,71434240,,,0.9029087498784065,0.356195068359375,0.2,0.00019304524800000002,0.006299610249698162,18.548355102539062,7.368865272402763,0.3160742223262787,4630,0.037185755,0.13226199040000003,-0.04434313700767234,44.65991544723511,-127.88817079473615,247.46875,0.4791666666666667
545,71434240,3312,21563,,,,,,,,,,,,,,,,
,71565312,,,0.88592329621315,0.34703521728515624,0.2,0.00019284863999999998,0.006303977221250534,24.62571144104004,7.318095886707306,0.3518650531768799,4635,0.044848897,0.132137472,-0.041515582730062305,54.033775091171265,-126.08997700858392,235.46875,0.53125
546,71565312,3313,21597,,,,,,,,,,,,,,,,
,71696384,,,0.883935272693634,0.31946563720703125,0.2,0.00019265203199999998,0.006296483334153891,22.77252769470215,7.3345408082008365,0.3500915467739105,4640,0.035339218,0.1320129536,-0.04217354706197511,57.59939677715302,-129.30951417066055,248.48958333333334,0.4583333333333333
547,71696384,3313,21634,,,,,,,,,,,,,,,,
,71827456,,,0.9036323726177216,0.32017822265625,0.2,0.00019245542399999997,0.006290362682193518,20.886329650878906,7.337496986985206,0.3286847770214081,4645,0.039528195,0.13188843520000001,-0.040050942852394654,49.360662484169005,-129.85942115013472,254.46875,0.46875
548,71827456,3314,21670,,,,,,,,,,,,,,,,
,71958528,,,0.886859841644764,0.33733978271484377,0.2,0.000192258816,0.006293074693530798,24.46712875366211,7.314796808362007,0.3296411335468292,4650,0.036488645,0.1317639168,-0.04300453420291887,52.16567332744599,-109.37038089168378,229.04166666666666,0.6041666666666666
549,71958528,3314,21707,,,,,,,,,,,,,,,,
,72089600,,,0.8863750994205475,0.34790496826171874,0.2,0.000192062208,0.006294727325439453,19.588010787963867,7.307872274518013,0.33425116539001465,4655,0.037967406,0.1316393984,-0.03880561699916143,51.55746626853943,-121.74408819472946,230.45833333333334,0.5208333333333334
550,72089600,3315,21741,,,,,,,,,,,,,,,,
,72220672,,,0.9025694578886032,0.336212158203125,0.2,0.00019186559999999998,0.006298195570707321,19.768779754638672,7.305262535810471,0.33393511176109314,4660,0.0320925,0.13151488,-0.04253795360564254,46.884406328201294,-116.36647198876669,216.96875,0.5625
551,72220672,3316,21777,,,,,,,,,,,,,,,,
,72351744,,,0.8800312578678131,0.32234954833984375,0.2,0.00019166899199999998,0.0062965331599116325,23.64790153503418,7.304961866140365,0.35346993803977966,4665,0.034320526,0.1313903616,-0.04125125013742945,54.15616524219513,-125.46545760720767,241.38541666666666,0.4895833333333333
552,72351744,3316,21813,,,,,,,,,,,,,,,,
,72482816,,,0.8927602395415306,0.34930572509765623,0.2,0.000191472384,0.0062954481691122055,20.394123077392578,7.284755861759185,0.3425545394420624,4670,0.038625762,0.1312658432,-0.045025116199394685,48.65861575603485,-116.4249247636554,226.17708333333334,0.5520833333333334
553,72482816,3317,21848,,,,,,,,,,,,,,,,
,72613888,,,0.8882006630301476,0.31680908203125,0.2,0.000191275776,0.006295626517385244,23.881139755249023,7.396798014640808,0.3274965286254883,4675,0.030746333,0.13114132480000001,-0.041136871394701305,51.92540078163147,-117.05117035065098,227.39583333333334,0.53125
554,72613888,3318,21884,,,,,,,,,,,,,,,,
,72744960,,,0.8855180814862251,0.3502685546875,0.2,0.00019107916799999996,0.006302538327872753,22.43622589111328,7.345445197820664,0.34311145544052124,4680,0.03550385,0.1310168064,-0.041682102374034004,52.39514615535736,-137.18907461315465,259.75,0.4166666666666667
555,72744960,3318,21918,,,,,,,,,,,,,,,,
,72876032,,,0.8864015936851501,0.32430419921875,0.2,0.00019088256,0.0063050235621631145,25.974151611328125,7.358692908287049,0.3269471824169159,4685,0.035900243,0.13089228800000002,-0.04246096442511771,52.55149447917938,-124.14092088863491,250.95833333333334,0.4791666666666667
556,72876032,3319,21956,,,,,,,,,,,,,,,,
,73007104,,,0.8842314332723618,0.32815704345703123,0.2,0.00019068595199999997,0.006303997244685888,21.182479858398438,7.3183395802974704,0.3264206051826477,4690,0.040682934,0.1307677696,-0.04344812386261765,54.193665504455566,-119.99057059798908,227.55208333333334,0.5416666666666666
557,73007104,3319,21991,,,,,,,,,,,,,,,,
,73138176,,,0.8849919363856316,0.33093414306640623,0.2,0.000190489344,0.0063119991682469845,20.69287109375,7.329436779022217,0.3356243968009949,4695,0.034074605,0.1306432512,-0.04321665244933683,52.040807771682736,-123.64332099846285,241.39583333333334,0.53125
558,73138176,3320,22028,,,,,,,,,,,,,,,,
,73269248,,,0.8901715651154518,0.34070892333984376,0.2,0.00019029273599999996,0.006307539995759726,22.91208839416504,7.383278575539589,0.33987149596214294,4700,0.035505775,0.13051873279999998,-0.04384898679127218,49.61391143798828,-125.38256500325024,247.88541666666666,0.4583333333333333
559,73269248,3320,22064,,,,,,,,,,,,,,,,
,73400320,,,0.9012610167264938,0.3665374755859375,0.2,0.000190096128,0.006310477387160063,18.87407112121582,7.370427447557449,0.3316124677658081,4705,0.0384546,0.1303942144,-0.04348153731698403,47.034043836593625,-112.88820162644424,226.53125,0.59375
560,73400320,3321,22100,,,,,,,,,,,,,,,,
,73531392,,,0.8981133550405502,0.331842041015625,0.2,0.00018989951999999997,0.006313587538897991,22.01435661315918,7.316485777497292,0.3350793123245239,4710,0.034492727,0.130269696,-0.03958857464313041,48.03465397357941,-117.57381692837372,230.9375,0.53125
561,73531392,3321,22137,,,,,,,,,,,,,,,,
,73662464,,,0.8940926119685173,0.3662506103515625,0.2,0.000189702912,0.006320334039628506,23.374881744384766,7.37408114373684,0.37149661779403687,4715,0.05297015,0.13014517760000002,-0.03905207764764782,49.591056156158444,-112.19162966183511,232.11458333333334,0.6041666666666666
562,73662464,3322,22173,,,,,,,,,,,,,,,,
,73793536,,,0.8916770368814468,0.2962249755859375,0.2,0.00018950630399999996,0.006325926631689072,21.953323364257812,7.3100321054458615,0.35274171829223633,4720,0.028898556,0.1300206592,-0.04023828453937313,52.2501119852066,-118.19786666282373,242.57291666666666,0.5208333333333334
563,73793536,3322,22209,,,,,,,,,,,,,,,,
,73924608,,,0.905603677034378,0.34751129150390625,0.2,0.00018930969599999998,0.00632783118635416,18.273483276367188,7.316486635804177,0.3475525379180908,4725,0.04067609,0.1298961408,-0.03937549326219596,44.98402411937714,-107.23679045436768,224.73958333333334,0.6145833333333334
564,73924608,3323,22244,,,,,,,,,,,,,,,,
,74055680,,,0.8894659727811813,0.3327301025390625,0.2,0.00018911308799999998,0.006319717969745398,18.682710647583008,7.349539577960968,0.34628328680992126,4730,0.03543283,0.1297716224,-0.04244785483169835,50.73830397129059,-124.39551947522439,236.86458333333334,0.5104166666666666
565,74055680,3323,22281,,,,,,,,,,,,,,,,
,74186752,,,0.899944894015789,0.35219268798828124,0.2,0.00018891647999999997,0.006324631627649069,17.60974884033203,7.293233540654183,0.342238187789917,4735,0.036817808,0.129647104,-0.04107762118219398,45.55771291255951,-122.90740214417593,249.57291666666666,0.4895833333333333
566,74186752,3324,22317,,,,,,,,,,,,,,,,
,74317824,,,0.8946203142404556,0.347381591796875,0.2,0.000188719872,0.006328745745122433,19.968172073364258,7.363487854599953,0.3636173903942108,4740,0.041084483,0.1295225856,-0.03889112922042841,49.76995108127594,-110.01807185614348,221.42708333333334,0.5833333333333334
567,74317824,3324,22353,,,,,,,,,,,,,,,,
,74448896,,,0.8987635150551796,0.32860565185546875,0.2,0.00018852326399999999,0.006322735454887152,22.033525466918945,7.363672909140587,0.3382912576198578,4745,0.031919453,0.1293980672,-0.03872598188609118,49.58292510509491,-119.05271306142606,235.3125,0.5520833333333334
568,74448896,3325,22387,,,,,,,,,,,,,,,,
,74579968,,,0.9000732526183128,0.31954803466796877,0.2,0.00018832665599999998,0.006320025771856308,20.081117630004883,7.252903014421463,0.3351498246192932,4750,0.031625703,0.1292735488,-0.04017955592717044,48.43100364208222,-118.70644371751199,245.125,0.5208333333333334
569,74579968,3325,22423,,,,,,,,,,,,,,,,
,74711040,,,0.8888672962784767,0.36733245849609375,0.2,0.000188130048,0.0063168383203446865,19.741451263427734,7.348035994172096,0.3391658663749695,4755,0.042838864,0.1291490304,-0.03719040844152914,49.537395524978635,-124.69571297166009,251.21875,0.5
570,74711040,3326,22460,,,,,,,,,,,,,,,,
,74842112,,,0.902444489300251,0.33007965087890623,0.2,0.00018793344,0.0063248141668736935,21.047767639160156,7.319929310679436,0.3348325192928314,4760,0.04589258,0.129024512,-0.04013222342764493,45.742045640945435,-113.75999182168808,212.59375,0.5625
571,74842112,3326,22496,,,,,,,,,,,,,,,,
,74973184,,,0.9001885131001472,0.33925018310546873,0.2,0.00018773683199999996,0.006327439099550247,21.748796463012695,7.334043273329735,0.32927292585372925,4765,0.034967035,0.12889999359999998,-0.04156096774968319,48.22852895259857,-122.75360339015737,227.6875,0.53125
572,74973184,3327,22530,,,,,,,,,,,,,,,,
,75104256,,,0.8855511695146561,0.324884033203125,0.2,0.00018754022399999998,0.006325095891952515,19.444948196411133,7.367699632048607,0.33401426672935486,4770,0.03359419,0.12877547520000002,-0.04154190391127486,51.625570392608644,-129.9076543927808,254.07291666666666,0.4895833333333333
573,75104256,3328,22566,,,,,,,,,,,,,,,,
,75235328,,,0.8976237326860428,0.3315460205078125,0.2,0.00018734361599999998,0.006319194100797176,16.901792526245117,7.3105545222759245,0.3432275056838989,4775,0.034630746,0.1286509568,-0.0421302473579999,46.75407004356384,-117.72984932245011,235.8125,0.53125
574,75235328,3328,22603,,,,,,,,,,,,,,,,
,75366400,,,0.909129299223423,0.3773590087890625,0.2,0.000187147008,0.006328432820737362,15.997352600097656,7.301696226000786,0.3218410909175873,4780,0.036335412,0.12852643840000003,-0.037075541437661744,41.31796079874039,-117.3253238956977,224.02083333333334,0.5520833333333334
575,75366400,3329,22638,,,,,,,,,,,,,,,,
,75497472,,,0.8888767883181572,0.3382232666015625,0.2,0.00018695039999999996,0.006321264430880547,25.493131637573242,7.315469694137573,0.3400259017944336,4785,0.032601245,0.12840192,-0.04284708859049715,52.60269711017609,-112.05289454240842,227.98958333333334,0.59375
576,75497472,3329,22674,,,,,,,,,,,,,,,,
,75628544,,,0.8878923431038857,0.32378387451171875,0.2,0.000186753792,0.006319647654891014,22.190963745117188,7.35632390677929,0.33965688943862915,4790,0.0371141,0.1282774016,-0.040818330395268276,52.98607954978943,-121.40409500882612,223.88541666666666,0.5625
577,75628544,3330,22711,,,,,,,,,,,,,,,,
,75759616,,,0.8841844871640205,0.3458648681640625,0.2,0.00018655718399999998,0.0063160499557852745,22.48309326171875,7.259994634985924,0.364337295293808,4795,0.03606517,0.12815288319999998,-0.04191081791868782,52.445261693000795,-114.17999008471372,225.42708333333334,0.5520833333333334
578,75759616,3330,22747,,,,,,,,,,,,,,,,
,75890688,,,0.9043304920196533,0.3097320556640625,0.2,0.000186360576,0.0063152308575809,21.229246139526367,7.350760418176651,0.3443300127983093,4800,0.030799042,0.12802836480000002,-0.04009968186874176,45.26870484352112,-121.32075439680862,230.33333333333334,0.53125
579,75890688,3330,22783,,,,,,,,,,,,,,,,
,76021760,,,0.9040563106536865,0.3421600341796875,0.2,0.00018616396799999997,0.00631313119083643,19.447555541992188,7.355985203385353,0.3443024158477783,4805,0.037672218,0.1279038464,-0.04043262032500934,44.234020471572876,-117.32275549108635,239.44791666666666,0.5520833333333334
580,76021760,3331,22820,,,,,,,,,,,,,,,,
,76152832,,,0.9008301496505737,0.3174652099609375,0.2,0.00018596736,0.006310365162789822,20.099252700805664,7.37685427069664,0.3463853597640991,4810,0.037729703,0.127779328,-0.04363655802735593,45.13602714538574,-106.73229901249915,217.96875,0.625
581,76152832,3331,22855,,,,,,,,,,,,,,,,
,76283904,,,0.8995734676718712,0.31793212890625,0.2,0.00018577075199999998,0.006300709210336208,20.30471420288086,7.390650698542595,0.3528255820274353,4815,0.035364695,0.1276548096,-0.04435410018777475,46.420439863204955,-116.60726762476345,235.34375,0.5625
582,76283904,3332,22892,,,,,,,,,,,,,,,,
,76414976,,,0.8954059481620789,0.337847900390625,0.2,0.00018557414399999998,0.006307270377874374,22.1937255859375,7.274612045288086,0.3528362512588501,4820,0.041523457,0.1275302912,-0.03963758192840032,50.348916029930116,-120.39745359852695,238.75,0.5520833333333334
583,76414976,3333,22926,,,,,,,,,,,,,,,,
,76546048,,,0.886835440993309,0.33646392822265625,0.2,0.00018537753599999997,0.006301633082330227,19.8343505859375,7.333676970005035,0.34562748670578003,4825,0.03311561,0.1274057728,-0.04303619507700205,51.699302959442136,-122.95422563403766,230.14583333333334,0.53125
584,76546048,3333,22962,,,,,,,,,,,,,,,,
,76677120,,,0.8828720897436142,0.31558685302734374,0.2,0.000185180928,0.006306701805442572,25.929792404174805,7.378753921389579,0.3521442413330078,4830,0.030260159,0.12728125440000002,-0.03976475396484602,55.99390161037445,-119.5113964319878,224.47916666666666,0.5416666666666666
585,76677120,3333,22999,,,,,,,,,,,,,,,,
,76808192,,,0.8900435417890549,0.34553680419921873,0.2,0.00018498431999999998,0.006302732974290848,20.754215240478516,7.3553922206163405,0.3249512314796448,4835,0.03781119,0.127156736,-0.042812339149531906,48.11678829193115,-120.94693285654341,234.90625,0.5520833333333334
586,76808192,3334,23034,,,,,,,,,,,,,,,,
,76939264,,,0.8862293660640717,0.3310882568359375,0.2,0.00018478771199999998,0.006309235002845526,23.738269805908203,7.352687186002731,0.34775906801223755,4840,0.033447966,0.1270322176,-0.04213747816829709,50.514558982849124,-103.30964373821853,214.89583333333334,0.6354166666666666
587,76939264,3334,23070,,,,,,,,,,,,,,,,
,77070336,,,0.8954020738601685,0.3323486328125,0.2,0.000184591104,0.0063077970407903194,20.745521545410156,7.377735602855682,0.33253952860832214,4845,0.035487227,0.1269076992,-0.04341588887036778,48.96533994674682,-105.66825519886676,221.82291666666666,0.6145833333333334
588,77070336,3335,23106,,,,,,,,,,,,,,,,
,77201408,,,0.8816068097949028,0.29728240966796876,0.2,0.000184394496,0.006312245037406683,24.47013282775879,7.346232134103775,0.34480714797973633,4850,0.032118276,0.1267831808,-0.04030364644422661,54.21073429584503,-125.05810741594172,236.82291666666666,0.5
589,77201408,3335,23142,,,,,,,,,,,,,,,,
,77332480,,,0.9087729975581169,0.33984375,0.2,0.000184197888,0.006312293466180563,15.578913688659668,7.401419293880463,0.32677173614501953,4855,0.035779666,0.1266586624,-0.043938156761578286,42.466009771823884,-117.67444050857348,228.72916666666666,0.5625
590,77332480,3336,23178,,,,,,,,,,,,,,,,
,77463552,,,0.9086345732212067,0.32550048828125,0.2,0.00018400127999999995,0.006314512342214584,16.401445388793945,7.388197720050812,0.33357948064804077,4860,0.032871127,0.126534144,-0.04237447878113017,43.14963541030884,-120.904884611937,228.375,0.5416666666666666
591,77463552,3336,23214,,,,,,,,,,,,,,,,
,77594624,,,0.8954064920544624,0.34221954345703126,0.2,0.000183804672,0.006309483200311661,22.140384674072266,7.391605204343795,0.33122217655181885,4865,0.037815966,0.12640962560000002,-0.042606778390472756,48.46991624832153,-135.96156508091755,245.55208333333334,0.4479166666666667
592,77594624,3337,23250,,,,,,,,,,,,,,,,
,77725696,,,0.8922854736447334,0.33318939208984377,0.2,0.00018360806399999997,0.006313249468803406,19.28233528137207,7.405871874094009,0.3428332805633545,4870,0.033631638,0.1262851072,-0.0399378965536016,46.75779874324799,-114.57899066835466,230.80208333333334,0.59375
593,77725696,3337,23285,,,,,,,,,,,,,,,,
,77856768,,,0.9001083225011826,0.32263336181640623,0.2,0.000183411456,0.006311934441328049,19.095928192138672,7.320206719636917,0.3648218810558319,4875,0.037346758,0.1261605888,-0.04206275681499392,48.219131445884706,-121.87786796078062,244.65625,0.5208333333333334
594,77856768,3338,23320,,,,,,,,,,,,,,,,
,77987840,,,0.8957889750599861,0.3419525146484375,0.2,0.00018321484799999996,0.00631217285990715,23.82325553894043,7.3494994908571245,0.3731076121330261,4880,0.03610712,0.1260360704,-0.04268416346749291,48.607510638237,-123.71932711589766,244.05208333333334,0.4583333333333333
595,77987840,3338,23356,,,,,,,,,,,,,,,,
,78118912,,,0.9144589230418205,0.332904052734375,0.2,0.00018301824,0.006311226636171341,21.772594451904297,7.324334388971328,0.3553851544857025,4885,0.03959056,0.125911552,-0.0385918701387709,44.28391256332397,-122.36485956100319,248.40625,0.5104166666666666
596,78118912,3339,23393,,,,,,,,,,,,,,,,
,78249984,,,0.9041612297296524,0.33885040283203127,0.2,0.00018282163199999997,0.006310257129371166,17.71680450439453,7.366382059454918,0.36286816000938416,4890,0.038527362,0.1257870336,-0.04321010595012922,46.6563402891159,-111.9997488675225,225.86458333333334,0.5833333333333334
597,78249984,3340,23427,,,,,,,,,,,,,,,,
,78381056,,,0.8870581910014153,0.3299957275390625,0.2,0.00018262502400000002,0.0063055092468857765,20.74707794189453,7.378270179033279,0.34523868560791016,4895,0.032671463,0.12566251520000002,-0.042007115509477444,50.1765700340271,-128.12196790437284,246.19791666666666,0.46875
598,78381056,3340,23464,,,,,,,,,,,,,,,,
,78512128,,,0.9004122838377953,0.353668212890625,0.2,0.000182428416,0.006302558816969395,17.298274993896484,7.332033169269562,0.3555433750152588,4900,0.03507246,0.1255379968,-0.04360128026455641,46.63271777629852,-127.8603246775378,242.61458333333334,0.4895833333333333
599,78512128,3340,23500,,,,,,,,,,,,,,,,
,78643200,,,0.9017281606793404,0.3219451904296875,0.2,0.00018223180799999998,0.006304013542830944,22.640703201293945,7.311466559767723,0.3461455702781677,4905,0.03220459,0.1254134784,-0.04206283064268064,48.06798593997955,-118.92783968223125,212.25,0.5625
600,78643200,3341,23535,,,,,,,,,,,,,,,,
,78774272,,,0.8897615298628807,0.3217071533203125,0.2,0.00018203519999999997,0.006306096911430359,21.381511688232422,7.369159623980522,0.3451349139213562,4910,0.034057587,0.12528896,-0.041249173003598115,51.57394847869873,-115.87697817156926,224.34375,0.5520833333333334
601,78774272,3341,23571,,,,,,,,,,,,,,,,
,78905344,,,0.8927769064903259,0.32874298095703125,0.2,0.000181838592,0.006315081380307674,24.864316940307617,7.3794798225164415,0.3429352641105652,4915,0.034632765,0.1251644416,-0.04507894550333731,51.03323431015015,-112.08002334924883,224.95833333333334,0.6458333333333334
602,78905344,3342,23606,,,,,,,,,,,,,,,,
,79036416,,,0.8974945768713951,0.3171539306640625,0.2,0.000181641984,0.006324445363134146,20.45039176940918,7.348878639936447,0.3546501398086548,4920,0.032338556,0.1250399232,-0.04363002566096839,51.23669247627258,-126.55260468303442,241.9375,0.5104166666666666
603,79036416,3342,23643,,,,,,,,,,,,,,,,
,79167488,,,0.898267425596714,0.32540130615234375,0.2,0.00018144537599999998,0.00632316991686821,19.50920867919922,7.269067558646202,0.34276697039604187,4925,0.042274,0.1249154048,-0.03991236250149086,48.44791333675384,-115.75184201626382,228.03125,0.53125
604,79167488,3343,23679,,,,,,,,,,,,,,,,
,79298560,,,0.8982033580541611,0.3486419677734375,0.2,0.00018124876799999998,0.006325188092887402,21.897951126098633,7.369373103976249,0.3497435450553894,4930,0.03662039,0.1247908864,-0.042908909783000125,51.84140787124634,-122.19910135821442,237.40625,0.5208333333333334
605,79298560,3343,23715,,,,,,,,,,,,,,,,
,79429632,,,0.9052037373185158,0.31893768310546877,0.2,0.00018105216,0.006332624703645706,18.629390716552734,7.363670089840889,0.35394152998924255,4935,0.034621567,0.124666368,-0.04171726488275453,47.35916719436646,-107.87839436616287,215.19791666666666,0.6145833333333334
606,79429632,3344,23751,,,,,,,,,,,,,,,,
,79560704,,,0.893388532102108,0.31942291259765626,0.2,0.000180855552,0.0063355714082717896,22.71625518798828,7.358785995841027,0.3627762794494629,4940,0.032435074,0.1245418496,-0.039152604406990574,50.20875353813172,-127.00007384194744,254.14583333333334,0.5
607,79560704,3344,23787,,,,,,,,,,,,,,,,
,79691776,,,0.8993876129388809,0.33907928466796877,0.2,0.00018065894399999996,0.006331624463200569,18.891338348388672,7.371832174062729,0.3588075637817383,4945,0.035185467,0.12441733119999998,-0.04278304062900133,46.16782138347626,-122.70554060413315,244.64583333333334,0.5
608,79691776,3344,23824,,,,,,,,,,,,,,,,
,79822848,,,0.8927200511097908,0.2981903076171875,0.2,0.000180462336,0.0063241226598620415,22.532331466674805,7.380445918440818,0.36712154746055603,4950,0.02910452,0.1242928128,-0.041971104123513216,51.680972051620486,-111.14514331920721,227.39583333333334,0.5625
609,79822848,3345,23859,,,,,,,,,,,,,,,,
,79953920,,,0.8994028493762016,0.33495635986328126,0.2,0.00018026572799999997,0.006311947479844093,17.93819236755371,7.3555475056171415,0.3638983368873596,4955,0.038455553,0.12416829439999999,-0.04148245765973115,46.9542590379715,-121.12206662744263,239.78125,0.5416666666666666
610,79953920,3345,23896,,,,,,,,,,,,,,,,
,80084992,,,0.8980849459767342,0.35281524658203123,0.2,0.00018006912,0.00631510466337204,22.690940856933594,7.322001042962074,0.38154536485671997,4960,0.036833175,0.12404377600000001,-0.04265093543799594,50.32698922157287,-119.57473907612712,230.11458333333334,0.53125
611,80084992,3346,23932,,,,,,,,,,,,,,,,
,80216064,,,0.8956376686692238,0.3341156005859375,0.2,0.00017987251199999996,0.0063156685791909695,18.95699691772461,7.322428357601166,0.3690006732940674,4965,0.0318839,0.12391925759999999,-0.038965357656707056,50.05827705860138,-126.12445098167966,228.03125,0.5104166666666666
612,80216064,3346,23968,,,,,,,,,,,,,,,,
,80347136,,,0.9045294001698494,0.32432403564453127,0.2,0.000179675904,0.00631982646882534,18.333906173706055,7.335734176635742,0.3694409728050232,4970,0.032112867,0.1237947392,-0.04094701588328462,49.354900407791135,-116.56626080979629,232.76041666666666,0.59375
613,80347136,3347,24004,,,,,,,,,,,,,,,,
,80478208,,,0.8859859481453896,0.331475830078125,0.2,0.00017947929599999998,0.006319057196378708,24.90500831604004,7.396283054351807,0.37685859203338623,4975,0.034022946,0.1236702208,-0.03955393866635859,54.39595456123352,-128.73351497303386,241.13541666666666,0.53125
614,80478208,3347,24040,,,,,,,,,,,,,,,,
,80609280,,,0.8866636753082275,0.3299224853515625,0.2,0.000179282688,0.006326891016215086,18.716516494750977,7.405060675740242,0.37856993079185486,4980,0.03754791,0.12354570240000001,-0.03932881350046955,49.11626002788544,-125.14861285135403,251.36458333333334,0.4895833333333333
615,80609280,3348,24076,,,,,,,,,,,,,,,,
,80740352,,,0.9046615883708,0.3445404052734375,0.2,0.00017908607999999996,0.006327048875391483,16.92431640625,7.358560761809349,0.3664895296096802,4985,0.03636447,0.12342118399999999,-0.04081483051704708,44.768630504608154,-119.93879915143418,225.76041666666666,0.5520833333333334
616,80740352,3348,24112,,,,,,,,,,,,,,,,
,80871424,,,0.8935751691460609,0.3475616455078125,0.2,0.00017888947199999999,0.006333203986287117,19.821125030517578,7.396906247735023,0.3787587881088257,4990,0.038178273,0.1232966656,-0.04499877745111007,45.56940803527832,-124.90672520144442,233.5,0.5208333333333334
617,80871424,3349,24147,,,,,,,,,,,,,,,,
,81002496,,,0.9029132649302483,0.3356109619140625,0.2,0.00017869286399999998,0.006342044100165367,18.853837966918945,7.272657802700996,0.37423667311668396,4995,0.033371206,0.1231721472,-0.04357051981642144,43.75846178531647,-105.42312871537803,209.55208333333334,0.6354166666666666
618,81002496,3349,24183,,,,,,,,,,,,,,,,
,81133568,,,0.897686056792736,0.32721710205078125,0.2,0.00017849625599999997,0.006348930299282074,20.556713104248047,7.3678118795156475,0.3683663308620453,5000,0.03600002,0.12304762879999999,-0.042617531200812665,45.65674829483032,-116.9014080586693,233.61458333333334,0.5729166666666666
619,81133568,3349,24219,,,,,,,,,,,,,,,,
,81264640,,,0.9022121131420135,0.3407379150390625,0.2,0.000178299648,0.006351256277412176,17.71519660949707,7.374003478884697,0.3611544072628021,5005,0.036395095,0.1229231104,-0.04034336592303589,44.53744697570801,-127.8121042318527,243.4375,0.4791666666666667
620,81264640,3350,24255,,,,,,,,,,,,,,,,
,81395712,,,0.887776292860508,0.3133941650390625,0.2,0.00017810304,0.006352229975163937,22.90010643005371,7.347975793480873,0.357490599155426,5010,0.031018134,0.122798592,-0.040416904230369255,49.60791010856629,-103.65036889883538,211.10416666666666,0.6666666666666666
621,81395712,3350,24290,,,,,,,,,,,,,,,,
,81526784,,,0.9051960334181786,0.34786376953125,0.2,0.00017790643199999998,0.006354230456054211,20.10221290588379,7.364729669690132,0.36151808500289917,5015,0.040617578,0.1226740736,-0.04083396508067381,44.79310829639435,-125.35024059741674,249.44791666666666,0.5
622,81526784,3351,24326,,,,,,,,,,,,,,,,
,81657856,,,0.8922522366046906,0.31719818115234377,0.2,0.000177709824,0.006353496573865414,21.084054946899414,7.316772377490997,0.371173232793808,5020,0.0312751,0.1225495552,-0.043704587925458324,48.056226468086244,-110.15977129823655,214.11458333333334,0.6145833333333334
623,81657856,3351,24360,,,,,,,,,,,,,,,,
,81788928,,,0.8957579880952835,0.329193115234375,0.2,0.000177513216,0.006351945921778679,19.37424659729004,7.348326426744461,0.3652483820915222,5025,0.036275785,0.1224250368,-0.04069248540326953,45.70605201721192,-125.12886064689958,251.28125,0.5104166666666666
624,81788928,3352,24396,,,,,,,,,,,,,,,,
,81920000,,,0.903137780725956,0.3352142333984375,0.2,0.00017731660799999996,0.006351064890623093,20.772897720336914,7.306650626659393,0.3654497265815735,5030,0.03225158,0.12230051839999997,-0.04086670512042474,43.97530834674835,-103.09781242008091,208.53125,0.65625
625,81920000,3352,24433,,,,,,,,,,,,,,,,
,82051072,,,0.891915574669838,0.338250732421875,0.2,0.00017711999999999998,0.0063456944189965725,21.103660583496094,7.282927715778351,0.3944311738014221,5035,0.03453281,0.122176,-0.04186468099069316,49.873303818702695,-120.60850264612668,230.59375,0.5416666666666666
626,82051072,3353,24469,,,,,,,,,,,,,,,,
,82182144,,,0.9083557650446892,0.329241943359375,0.2,0.00017692339199999995,0.006350871175527573,17.910486221313477,7.344447964429856,0.3635162115097046,5040,0.03419049,0.12205148159999998,-0.04275406134838704,42.91114645004272,-107.27777841444991,234.125,0.59375
627,82182144,3353,24504,,,,,,,,,,,,,,,,
,82313216,,,0.9010365903377533,0.33553009033203124,0.2,0.000176726784,0.0063529047183692455,19.31632423400879,7.328396284580231,0.3601967692375183,5045,0.032693196,0.1219269632,-0.03972755398426671,45.4496395111084,-114.39110738217823,216.10416666666666,0.6041666666666666
628,82313216,3354,24540,,,,,,,,,,,,,,,,
,82444288,,,0.8932848423719406,0.350823974609375,0.2,0.00017653017599999997,0.0063619464635849,19.39139175415039,7.310813614726067,0.35628700256347656,5050,0.038284853,0.12180244479999998,-0.04308432146499399,48.246001386642455,-109.71209322476534,225.04166666666666,0.5729166666666666
629,82444288,3354,24576,,,,,,,,,,,,,,,,
,82575360,,,0.8975738137960434,0.33897857666015624,0.2,0.00017633356800000001,0.006364972796291113,20.532920837402344,7.333949485421181,0.3629451394081116,5055,0.040152878,0.12167792640000001,-0.038762537378352134,46.07001669406891,-109.4724853277902,215.91666666666666,0.5833333333333334
630,82575360,3354,24612,,,,,,,,,,,,,,,,
,82706432,,,0.902837872505188,0.33022308349609375,0.2,0.00017613695999999998,0.006366901099681854,17.572067260742188,7.291098752617836,0.35540199279785156,5060,0.03235434,0.12155340799999999,-0.04047428735066205,47.440341114997864,-122.89477974598476,243.1875,0.5416666666666666
631,82706432,3355,24649,,,,,,,,,,,,,,,,
,82837504,,,0.8839812353253365,0.318609619140625,0.2,0.000175940352,0.00636657141149044,22.86042022705078,7.2190994173288345,0.3801048994064331,5065,0.031633165,0.1214288896,-0.04154625933442731,55.29343156814575,-113.20890438986271,225.42708333333334,0.5833333333333334
632,82837504,3355,24685,,,,,,,,,,,,,,,,
,82968576,,,0.8983834981918335,0.30608673095703126,0.2,0.00017574374399999997,0.006367465015500784,19.376527786254883,7.302633053064346,0.3617238402366638,5070,0.032292422,0.1213043712,-0.039339040205231865,45.95395836830139,-118.6332838292423,238.59375,0.5416666666666666
633,82968576,3356,24721,,,,,,,,,,,,,,,,
,83099648,,,0.9018675088882446,0.35961761474609377,0.2,0.000175547136,0.006368105299770832,22.03033447265625,7.3270241767168045,0.3532882630825043,5075,0.036607668,0.12117985279999999,-0.037309832757455294,47.13344349861145,-124.8032090434632,232.82291666666666,0.5
634,83099648,3356,24757,,,,,,,,,,,,,,,,
,83230720,,,0.89423868060112,0.3191986083984375,0.2,0.00017535052799999998,0.006365986540913582,22.487972259521484,7.359774756431579,0.35146504640579224,5080,0.030524421,0.12105533439999999,-0.04033765318890801,47.43390347957611,-131.2541383090354,261.6041666666667,0.4375
635,83230720,3356,24794,,,,,,,,,,,,,,,,
,83361792,,,0.9064557701349258,0.33062591552734377,0.2,0.00017515391999999998,0.006370783783495426,16.939960479736328,7.353478491306305,0.34104418754577637,5085,0.035558652,0.120930816,-0.041251981622190216,43.31739375591278,-112.65287498576315,237.85416666666666,0.59375
636,83361792,3357,24829,,,,,,,,,,,,,,,,
,83492864,,,0.9002368226647377,0.33865814208984374,0.2,0.00017495731199999997,0.006370703689754009,17.44124984741211,7.3289921343326565,0.34468257427215576,5090,0.03534987,0.1208062976,-0.042156696115853265,44.85653829574585,-117.26639299319464,223.9375,0.5520833333333334
637,83492864,3357,24865,,,,,,,,,,,,,,,,
,83623936,,,0.8992502465844154,0.33972015380859377,0.2,0.000174760704,0.006369176786392927,17.946216583251953,7.3017354816198345,0.3553735017776489,5095,0.039467588,0.12068177919999999,-0.04014365347102285,46.78048689365387,-113.87674387757018,214.45833333333334,0.59375
638,83623936,3358,24902,,,,,,,,,,,,,,,,
,83755008,,,0.908339686691761,0.32643280029296873,0.2,0.000174564096,0.006362053565680981,19.659400939941406,7.315083861351013,0.35633111000061035,5100,0.029591018,0.1205572608,-0.0433487907750532,46.06048834323883,-115.0259846417179,224.72916666666666,0.5833333333333334
639,83755008,3358,24938,,,,,,,,,,,,,,,,
,83886080,,,0.8963224440813065,0.32858734130859374,0.2,0.00017436748799999998,0.006362438201904297,21.33338165283203,7.273517280817032,0.3598388433456421,5105,0.03331083,0.1204327424,-0.041476264590164645,50.96542899608612,-124.19711652226727,237.91666666666666,0.5208333333333334
640,83886080,3358,24974,,,,,,,,,,,,,,,,
,84017152,,,0.8969949781894684,0.3082855224609375,0.2,0.00017417088,0.006357566453516483,19.344268798828125,7.347771033644676,0.36020681262016296,5110,0.030247513,0.120308224,-0.03828113287308952,48.22323751449585,-122.34902861655694,252.26041666666666,0.5208333333333334
641,84017152,3359,25009,,,,,,,,,,,,,,,,
,84148224,,,0.8999326974153519,0.32016448974609374,0.2,0.000173974272,0.006353458389639854,23.4072208404541,7.335861736536026,0.3694323003292084,5115,0.031082952,0.1201837056,-0.04450951137405355,50.34101345539093,-126.34023446068265,235.79166666666666,0.5104166666666666
642,84148224,3359,25045,,,,,,,,,,,,,,,,
,84279296,,,0.8995108753442764,0.30339813232421875,0.2,0.000173777664,0.00635378947481513,18.86471939086914,7.37277045249939,0.36494797468185425,5120,0.028964607,0.1200591872,-0.04053852111392189,45.8702896118164,-117.81624956986359,234.15625,0.5416666666666666
643,84279296,3360,25082,,,,,,,,,,,,,,,,
,84410368,,,0.9031316637992859,0.32846221923828123,0.2,0.00017358105599999996,0.006357272621244192,20.42601776123047,7.349837777018547,0.3791581094264984,5125,0.034290396,0.11993466879999998,-0.041235324478475374,48.81599276065826,-115.41850914253958,235.47916666666666,0.59375
644,84410368,3360,25117,,,,,,,,,,,,,,,,
,84541440,,,0.9019589051604271,0.31274261474609377,0.2,0.000173384448,0.006356455385684967,17.196683883666992,7.357778647542,0.36870551109313965,5130,0.030846352,0.11981015040000001,-0.04105101441818988,44.44257507324219,-125.76793817621854,252.42708333333334,0.4895833333333333
645,84541440,3360,25153,,,,,,,,,,,,,,,,
,84672512,,,0.901854433119297,0.34116668701171876,0.2,0.00017318783999999997,0.006363460328429937,18.238231658935547,7.367672753334046,0.36839306354522705,5135,0.032912232,0.11968563199999999,-0.041146679568919355,43.92007780075073,-116.56525496942201,249.34375,0.5208333333333334
646,84672512,3361,25190,,,,,,,,,,,,,,,,
,84803584,,,0.9026689380407333,0.3134857177734375,0.2,0.000172991232,0.006361335050314665,22.900854110717773,7.313547489047051,0.36774200201034546,5140,0.032199237,0.1195611136,-0.04192042167123873,48.5138041973114,-107.4840473226155,222.66666666666666,0.6041666666666666
647,84803584,3361,25224,,,,,,,,,,,,,,,,
,84934656,,,0.9106169864535332,0.34295196533203126,0.2,0.00017279462399999996,0.006355602294206619,19.44601821899414,7.35111114680767,0.37504148483276367,5145,0.040711217,0.11943659519999998,-0.03965160591178574,43.30514940023422,-122.61615800476602,247.67708333333334,0.5
648,84934656,3362,25261,,,,,,,,,,,,,,,,
,85065728,,,0.9080568924546242,0.34929656982421875,0.2,0.000172598016,0.006354684010148048,17.69563102722168,7.332508358359337,0.3740386664867401,5150,0.041841738,0.11931207680000001,-0.042044980174978264,45.05853352546692,-108.14347941462306,217.54166666666666,0.6145833333333334
649,85065728,3362,25297,,,,,,,,,,,,,,,,
,85196800,,,0.8972251489758492,0.3437774658203125,0.2,0.00017240140799999997,0.00635330518707633,21.50604248046875,7.335802906751633,0.3712579607963562,5155,0.03952079,0.11918755839999999,-0.03797100326846703,49.71075081825256,-118.69289217967109,232.39583333333334,0.5625
650,85196800,3363,25333,,,,,,,,,,,,,,,,
,85327872,,,0.9038153514266014,0.3383026123046875,0.2,0.00017220480000000002,0.006353296339511871,19.643095016479492,7.345701056718826,0.3835254907608032,5160,0.037770223,0.11906304000000001,-0.04184874978673179,45.65781147480011,-124.66583596981724,251.4375,0.46875
651,85327872,3363,25370,,,,,,,,,,,,,,,,
,85458944,,,0.9017726108431816,0.32637176513671873,0.2,0.000172008192,0.006351055111736059,20.485544204711914,7.37503966987133,0.38627752661705017,5165,0.03475084,0.11893852159999999,-0.04381636514881393,47.83316819667816,-115.95244438899806,238.33333333333334,0.5520833333333334
652,85458944,3363,25405,,,,,,,,,,,,,,,,
,85590016,,,0.9046813398599625,0.322265625,0.2,0.00017181158399999998,0.006345335394144058,17.164417266845703,7.371889773011207,0.3660116195678711,5170,0.035139337,0.11881400319999999,-0.04181613522814587,43.12905030250549,-107.22839007200928,216.22916666666666,0.6458333333333334
653,85590016,3364,25442,,,,,,,,,,,,,,,,
,85721088,,,0.9128648638725281,0.35910797119140625,0.2,0.00017161497599999998,0.006345405243337154,18.907123565673828,7.417161437869072,0.3814076781272888,5175,0.04099816,0.1186894848,-0.04409111282147933,41.80487940311432,-111.53245683676671,229.39583333333334,0.6145833333333334
654,85721088,3364,25478,,,,,,,,,,,,,,,,
,85852160,,,0.9142164438962936,0.3363616943359375,0.2,0.00017141836799999997,0.006342045962810516,20.252593994140625,7.305220228433609,0.3675853908061981,5180,0.035533246,0.1185649664,-0.04446985678805504,41.87457711696625,-118.58332331327854,231.42708333333334,0.5520833333333334
655,85852160,3364,25514,,,,,,,,,,,,,,,,
,85983232,,,0.9101382791996002,0.32449798583984374,0.2,0.00017122176,0.006339382380247116,18.666200637817383,7.3649482995271685,0.37302422523498535,5185,0.036759906,0.11844044799999999,-0.03895433060824871,43.13664839267731,-119.4589513859366,218.54166666666666,0.5625
656,85983232,3365,25551,,,,,,,,,,,,,,,,
,86114304,,,0.9055007472634315,0.31285247802734373,0.2,0.00017102515199999999,0.006334399804472923,17.90468406677246,7.441954842209816,0.35923418402671814,5190,0.031221183,0.1183159296,-0.04140873695287155,44.27227623462677,-125.31398338376114,227.8125,0.5104166666666666
657,86114304,3365,25587,,,,,,,,,,,,,,,,
,86245376,,,0.9125083535909653,0.33499603271484374,0.2,0.00017082854399999998,0.006336121819913387,19.73274803161621,7.40086621940136,0.38046345114707947,5195,0.04438117,0.1181914112,-0.039324776432476935,43.800576424598695,-121.41853210654271,235.25,0.5208333333333334
658,86245376,3365,25623,,,,,,,,,,,,,,,,
,86376448,,,0.9027927666902542,0.30599822998046877,0.2,0.000170631936,0.00633588433265686,19.269315719604492,7.393135926127433,0.3745473027229309,5200,0.028293418,0.1180668928,-0.03768200192716904,46.02414124011993,-113.5940052348667,237.08333333333334,0.5625
659,86376448,3366,25659,,,,,,,,,,,,,,,,
,86507520,,,0.9024482369422913,0.31168365478515625,0.2,0.000170435328,0.006324253045022488,18.524930953979492,7.3657521367073056,0.3742213249206543,5205,0.030301461,0.11794237440000001,-0.03904126339766663,45.258178973197936,-101.82088707106965,215.57291666666666,0.6458333333333334
660,86507520,3366,25696,,,,,,,,,,,,,,,,
,86638592,,,0.905536487698555,0.3475555419921875,0.2,0.00017023871999999996,0.0063293930143117905,21.9608154296875,7.371198117733002,0.3797188699245453,5210,0.033581972,0.11781785599999998,-0.04047006005275762,45.77288012504577,-121.80141301693111,250.625,0.4791666666666667
661,86638592,3367,25731,,,,,,,,,,,,,,,,
,86769664,,,0.914749763906002,0.32851715087890626,0.2,0.000170042112,0.006320660002529621,18.442718505859375,7.395651882886886,0.38167425990104675,5215,0.034526397,0.1176933376,-0.0412750567207695,40.537524700164795,-109.80938066334251,213.08333333333334,0.59375
662,86769664,3367,25768,,,,,,,,,,,,,,,,
,86900736,,,0.8950945064425468,0.32940521240234377,0.2,0.00016984550399999998,0.006320618093013763,22.687681198120117,7.317198106646538,0.3895213305950165,5220,0.036366627,0.11756881919999998,-0.04277079771272838,48.7810467004776,-122.63333185785511,235.53125,0.5104166666666666
663,86900736,3367,25805,,,,,,,,,,,,,,,,
,87031808,,,0.9045592173933983,0.337353515625,0.2,0.000169648896,0.006325147580355406,16.437976837158203,7.306056272983551,0.3721964359283447,5225,0.03774354,0.11744430080000001,-0.03886077936622314,43.9145112991333,-121.09567926808096,243.40625,0.5104166666666666
664,87031808,3367,25841,,,,,,,,,,,,,,,,
,87162880,,,0.8977957740426064,0.309698486328125,0.2,0.00016945228799999996,0.006329820491373539,24.127037048339844,7.407316443324089,0.3730751872062683,5230,0.030138168,0.11731978239999999,-0.04149719667620957,48.23330841064453,-122.8923867810596,243.44791666666666,0.5208333333333334
665,87162880,3368,25877,,,,,,,,,,,,,,,,
,87293952,,,0.894685685634613,0.3287445068359375,0.2,0.00016925568,0.006330989301204681,19.760652542114258,7.307833027839661,0.36119478940963745,5235,0.03326312,0.11719526400000001,-0.0416090962535236,46.71254858970642,-113.41343662254776,227.29166666666666,0.5729166666666666
666,87293952,3368,25913,,,,,,,,,,,,,,,,
,87425024,,,0.9063564836978912,0.34091033935546877,0.2,0.00016905907199999998,0.006328962277621031,18.996219635009766,7.3535547882318495,0.3719295263290405,5240,0.03418552,0.11707074559999998,-0.040815618631313555,46.83849673271179,-118.15633978386604,229.59375,0.5520833333333334
667,87425024,3368,25950,,,,,,,,,,,,,,,,
,87556096,,,0.908537968993187,0.33229217529296873,0.2,0.000168862464,0.006329511292278767,16.270193099975586,7.401193004846573,0.38085126876831055,5245,0.036285125,0.11694622720000002,-0.042026990436716004,41.53677010536194,-117.11945020552527,230.48958333333334,0.5625
668,87556096,3369,25986,,,,,,,,,,,,,,,,
,87687168,,,0.9168853163719177,0.314862060546875,0.2,0.00016866585599999997,0.006325497291982174,16.29310417175293,7.434188216924667,0.37031257152557373,5250,0.032332137,0.1168217088,-0.037805982025747656,42.498767125606534,-120.23048615883988,234.94791666666666,0.53125
669,87687168,3369,26022,,,,,,,,,,,,,,,,
,87818240,,,0.9072665646672249,0.3335205078125,0.2,0.000168469248,0.006331104785203934,19.738208770751953,7.40265893638134,0.3763580024242401,5255,0.03379046,0.1166971904,-0.04059915375546552,43.94642388820648,-118.04344140504138,230.45833333333334,0.5520833333333334
670,87818240,3369,26058,,,,,,,,,,,,,,,,
,87949312,,,0.9164016768336296,0.32730255126953123,0.2,0.00016827263999999998,0.0063392845913767815,20.63431739807129,7.384567403793335,0.4012305736541748,5260,0.032619692,0.11657267199999999,-0.040077564658713524,42.158272814750674,-112.1363952912783,225.77083333333334,0.5833333333333334
671,87949312,3370,26094,,,,,,,,,,,,,,,,
,88080384,,,0.9145987257361412,0.33187408447265626,0.2,0.00016807603199999998,0.0063373069278895855,17.15361785888672,7.420834466814995,0.37750500440597534,5265,0.02985833,0.11644815359999999,-0.038602690046536735,41.312060463428494,-116.12880572564586,236.125,0.5416666666666666
672,88080384,3370,26130,,,,,,,,,,,,,,,,
,88211456,,,0.9089983478188515,0.3119049072265625,0.2,0.000167879424,0.006337748374789953,20.184045791625977,7.407791936397553,0.3693598210811615,5270,0.029908296,0.1163236352,-0.039322419671225364,45.591747641563416,-112.33804516060707,232.64583333333334,0.6041666666666666
673,88211456,3371,26166,,,,,,,,,,,,,,,,
,88342528,,,0.8998415842652321,0.318841552734375,0.2,0.000167682816,0.006336023565381765,20.888498306274414,7.2872365593910216,0.3765674829483032,5275,0.03257367,0.1161991168,-0.03844376934721368,47.84443135261536,-114.12519060619054,230.59375,0.5833333333333334
674,88342528,3371,26201,,,,,,,,,,,,,,,,
,88473600,,,0.913252167403698,0.32575531005859376,0.2,0.00016748620799999998,0.006338407285511494,16.7979793548584,7.375634101033211,0.37763306498527527,5280,0.03558632,0.11607459839999999,-0.04065376523503801,40.12916314601898,-121.3495173808779,235.03125,0.5520833333333334
675,88473600,3371,26238,,,,,,,,,,,,,,,,
,88604672,,,0.9054980352520943,0.324615478515625,0.2,0.00016728959999999998,0.0063392422161996365,20.37894630432129,7.396096009016037,0.3800060749053955,5285,0.031089857,0.11595008,-0.04065084237081464,45.26129858493805,-114.77144421977873,230.38541666666666,0.5729166666666666
676,88604672,3372,26275,,,,,,,,,,,,,,,,
,88735744,,,0.8932502046227455,0.295867919921875,0.2,0.000167092992,0.006332085933536291,20.891002655029297,7.386274111270905,0.38312456011772156,5290,0.030036386,0.1158255616,-0.04066256501246244,49.12424600124359,-107.46932057443593,216.58333333333334,0.625
677,88735744,3372,26309,,,,,,,,,,,,,,,,
,88866816,,,0.9010744616389275,0.33433837890625,0.2,0.00016689638399999997,0.006337124854326248,18.435760498046875,7.329824611544609,0.37062427401542664,5295,0.03505389,0.11570104319999998,-0.04115433355618734,45.20335741043091,-112.38593742669808,232.625,0.5729166666666666
678,88866816,3373,26345,,,,,,,,,,,,,,,,
,88997888,,,0.9021251052618027,0.31497344970703123,0.2,0.000166699776,0.006332531571388245,21.339069366455078,7.314398673176766,0.35468265414237976,5300,0.031218465,0.1155765248,-0.04078455733833834,46.29319319725037,-105.54970465447173,211.98958333333334,0.65625
679,88997888,3373,26381,,,,,,,,,,,,,,,,
,89128960,,,0.9063507169485092,0.32989044189453126,0.2,0.00016650316799999995,0.0063317036256194115,20.05231285095215,7.354187920689583,0.37003982067108154,5305,0.03833911,0.11545200639999999,-0.04162016501795733,44.010603713989255,-110.94411850289457,218.85416666666666,0.6041666666666666
680,89128960,3373,26418,,,,,,,,,,,,,,,,
,89260032,,,0.9091297462582588,0.317388916015625,0.2,0.00016630656,0.006327401846647263,20.237504959106445,7.354634606838227,0.36368653178215027,5310,0.029980637,0.115327488,-0.04044786226295401,44.04006218910217,-116.06013169839764,237.79166666666666,0.5729166666666666
681,89260032,3374,26454,,,,,,,,,,,,,,,,
,89391104,,,0.898726262152195,0.3140655517578125,0.2,0.00016610995199999997,0.006325551774352789,23.662424087524414,7.362105751037598,0.3717326521873474,5315,0.028810564,0.11520296959999998,-0.042274863336933775,50.783902168273926,-118.41153244755458,226.51041666666666,0.5625
682,89391104,3374,26490,,,,,,,,,,,,,,,,
,89522176,,,0.9102661982178688,0.327978515625,0.2,0.00016591334400000002,0.006323589943349361,22.616554260253906,7.365544468164444,0.37183862924575806,5320,0.03713837,0.1150784512,-0.04029680579842534,45.019392895698545,-120.62988931897401,242.98958333333334,0.5104166666666666
683,89522176,3374,26525,,,,,,,,,,,,,,,,
,89653248,,,0.9122934564948082,0.33561248779296876,0.2,0.00016571673599999998,0.0063237957656383514,17.302223205566406,7.348477333784103,0.37513595819473267,5325,0.036988955,0.11495393279999999,-0.04139770210313145,41.582760548591615,-119.68531798371843,234.03125,0.5520833333333334
684,89653248,3375,26561,,,,,,,,,,,,,,,,
,89784320,,,0.9046874940395355,0.3152557373046875,0.2,0.000165520128,0.00632792292162776,20.143444061279297,7.348983442783355,0.38670724630355835,5330,0.033184234,0.11482941440000001,-0.04243340581597295,48.17617840766907,-112.36758446781882,215.53125,0.6041666666666666
685,89784320,3375,26597,,,,,,,,,,,,,,,,
,89915392,,,0.9014300778508186,0.315869140625,0.2,0.00016532351999999997,0.006322318222373724,17.9415340423584,7.38101356625557,0.36784982681274414,5335,0.03185616,0.11470489599999999,-0.041622524859849366,44.82396745681763,-122.90110978779921,229.04166666666666,0.5729166666666666
686,89915392,3376,26632,,,,,,,,,,,,,,,,
,90046464,,,0.9047780483961105,0.308587646484375,0.2,0.00016512691199999997,0.006315884180366993,22.346832275390625,7.393895679712296,0.38725584745407104,5340,0.03071525,0.11458037759999999,-0.04135802763776155,47.15105664730072,-117.61611366803974,240.91666666666666,0.5625
687,90046464,3376,26668,,,,,,,,,,,,,,,,
,90177536,,,0.9095849916338921,0.32537994384765623,0.2,0.00016493030399999999,0.006318127270787954,19.263172149658203,7.372501859068871,0.3726484775543213,5345,0.032829948,0.1144558592,-0.04048468015389517,44.40595350265503,-104.83032111805271,213.66666666666666,0.625
688,90177536,3376,26704,,,,,,,,,,,,,,,,
,90308608,,,0.9087863489985466,0.32908935546875,0.2,0.00016473369599999998,0.006321457214653492,17.051162719726562,7.431538644433021,0.38522541522979736,5350,0.03169475,0.1143313408,-0.04316998550493736,43.80803017616272,-103.39431586631076,215.27083333333334,0.65625
689,90308608,3377,26740,,,,,,,,,,,,,,,,
,90439680,,,0.8964216038584709,0.32745513916015623,0.2,0.00016453708799999997,0.0063161663711071014,21.123188018798828,7.46106034219265,0.3809340000152588,5355,0.036900125,0.11420682239999999,-0.04158951848075958,48.33395755290985,-111.18505603808148,217.66666666666666,0.6041666666666666
690,90439680,3377,26775,,,,,,,,,,,,,,,,
,90570752,,,0.891540952026844,0.35233612060546876,0.2,0.00016434048,0.006326194852590561,21.37866973876953,7.441835737228393,0.3962572515010834,5360,0.034937866,0.114082304,-0.04094595412461786,47.27586650848389,-123.22042462035218,246.3125,0.5104166666666666
691,90570752,3378,26811,,,,,,,,,,,,,,,,
,90701824,,,0.8988080769777298,0.30908203125,0.2,0.000164143872,0.006327533628791571,21.04279136657715,7.460123765468597,0.39668571949005127,5365,0.031433925,0.1139577856,-0.04080556204135064,48.12205636501312,-120.26780477500392,239.4375,0.53125
692,90701824,3378,26847,,,,,,,,,,,,,,,,
,90832896,,,0.9084178805351257,0.33805999755859373,0.2,0.00016394726399999998,0.006336911581456661,20.686063766479492,7.469300150871277,0.37905678153038025,5370,0.035885196,0.1138332672,-0.04149109655554639,42.907783043384555,-111.4116838222587,219.01041666666666,0.59375
693,90832896,3378,26883,,,,,,,,,,,,,,,,
,90963968,,,0.9092195183038712,0.3150848388671875,0.2,0.000163750656,0.0063410173170268536,18.978551864624023,7.407417100667954,0.39161795377731323,5375,0.032075018,0.1137087488,-0.04103475936426548,43.879178404808044,-113.18552422806785,227.33333333333334,0.59375
694,90963968,3379,26918,,,,,,,,,,,,,,,,
,91095040,,,0.9033387899398804,0.2972381591796875,0.2,0.000163554048,0.0063441237434744835,20.923486709594727,7.447592249512672,0.4003893733024597,5380,0.02866911,0.1135842304,-0.039863329386571424,45.325799751281735,-120.19205753323438,235.80208333333334,0.53125
695,91095040,3379,26954,,,,,,,,,,,,,,,,
,91226112,,,0.910333514213562,0.33848114013671876,0.2,0.00016335744,0.006341531872749329,17.101573944091797,7.427236154675484,0.37955498695373535,5385,0.03533419,0.113459712,-0.04073745863861404,42.69993362426758,-118.65736431353126,232.44791666666666,0.5208333333333334
696,91226112,3380,26989,,,,,,,,,,,,,,,,
,91357184,,,0.9163739532232285,0.3344970703125,0.2,0.00016316083199999996,0.00634285993874073,17.532331466674805,7.434129828214646,0.3827989995479584,5390,0.034191713,0.11333519359999998,-0.042727723898133264,38.579037356376645,-129.64556439034087,246.52083333333334,0.46875
697,91357184,3380,27025,,,,,,,,,,,,,,,,
,91488256,,,0.9132879748940468,0.30400238037109373,0.2,0.000162964224,0.006347076967358589,16.52851104736328,7.285818827152252,0.38275015354156494,5395,0.028868193,0.1132106752,-0.04158797691052314,42.922440803050996,-108.97546641996769,224.95833333333334,0.59375
698,91488256,3380,27062,,,,,,,,,,,,,,,,
,91619328,,,0.9148698449134827,0.3366058349609375,0.2,0.00016276761599999997,0.006349041126668453,18.83034896850586,7.406813901662827,0.39655250310897827,5400,0.037006117,0.11308615679999999,-0.041420915242633784,41.325398528575896,-132.9264312484064,260.8229166666667,0.4166666666666667
699,91619328,3380,27098,,,,,,,,,,,,,,,,
,91750400,,,0.9101997166872025,0.3319366455078125,0.2,0.000162571008,0.0063528381288051605,19.29511833190918,7.377547237277031,0.3958718180656433,5405,0.035618227,0.11296163840000001,-0.04115905515209306,43.369632840156555,-111.43523127551624,223.92708333333334,0.59375
700,91750400,3381,27134,,,,,,,,,,,,,,,,
,91881472,,,0.9069566875696182,0.29162750244140623,0.2,0.00016237439999999996,0.00635178666561842,17.37157440185547,7.438359051942825,0.3863135278224945,5410,0.02793598,0.11283711999999999,-0.04140624931169441,44.769271683692935,-115.28486152340452,241.75,0.5833333333333334
701,91881472,3381,27170,,,,,,,,,,,,,,,,
,92012544,,,0.9071728587150574,0.33876190185546873,0.2,0.000162177792,0.006360975559800863,15.99271011352539,7.395134755969048,0.3897818922996521,5415,0.035559297,0.1127126016,-0.03988812533789314,42.88309234380722,-114.3858220334317,224.57291666666666,0.5625
702,92012544,3381,27206,,,,,,,,,,,,,,,,
,92143616,,,0.902797743678093,0.33471832275390623,0.2,0.00016198118399999998,0.006359451916068792,21.190126419067383,7.425523149967193,0.39965343475341797,5420,0.037237234,0.1125880832,-0.04242054288333748,45.006502103805545,-127.42223358311468,233.22916666666666,0.5
703,92143616,3382,27240,,,,,,,,,,,,,,,,
,92274688,,,0.8992700204253197,0.33542938232421876,0.2,0.000161784576,0.006366196554154158,18.85115623474121,7.395826876163483,0.3952305316925049,5425,0.03877238,0.11246356480000001,-0.039057139115175235,45.28080899715424,-120.17700981127446,245.14583333333334,0.53125
704,92274688,3382,27277,,,,,,,,,,,,,,,,
,92405760,,,0.902807779610157,0.3163360595703125,0.2,0.000161587968,0.006376348435878754,20.25959587097168,7.4321925938129425,0.3865910470485687,5430,0.033472396,0.11233904639999999,-0.04220977119548479,42.8266480088234,-115.47892096935631,219.90625,0.5625
705,92405760,3383,27312,,,,,,,,,,,,,,,,
,92536832,,,0.9097704291343689,0.32208099365234377,0.2,0.00016139135999999998,0.00637451559305191,14.942093849182129,7.444418585300445,0.3956685960292816,5435,0.03294398,0.112214528,-0.04339741991570918,41.830732107162476,-109.26950562011076,221.67708333333334,0.6041666666666666
706,92536832,3383,27348,,,,,,,,,,,,,,,,
,92667904,,,0.8974736630916595,0.33257598876953126,0.2,0.00016119475199999998,0.006367616355419159,24.859636306762695,7.380503982305527,0.4053308367729187,5440,0.031768613,0.1120900096,-0.041342371428618206,48.5378271818161,-108.52561865421706,232.23958333333334,0.5833333333333334
707,92667904,3383,27384,,,,,,,,,,,,,,,,
,92798976,,,0.9122141823172569,0.31949310302734374,0.2,0.00016099814399999997,0.006366686895489693,19.838912963867188,7.365518701076508,0.3917714059352875,5445,0.030355759,0.11196549119999999,-0.04057932921568863,41.54093896150589,-116.61770920785,228.88541666666666,0.5625
708,92798976,3384,27420,,,,,,,,,,,,,,,,
,92930048,,,0.9095348119735718,0.34596710205078124,0.2,0.000160801536,0.006369051989167929,17.892942428588867,7.290828707814216,0.3888396620750427,5450,0.036866248,0.1118409728,-0.04226110103481915,42.51745991706848,-110.39373098829924,224.34375,0.625
709,92930048,3384,27455,,,,,,,,,,,,,,,,
,93061120,,,0.9076868519186974,0.30561981201171873,0.2,0.000160604928,0.006370270159095526,19.00851058959961,7.333219808340073,0.3920116424560547,5455,0.033662006,0.1117164544,-0.03910747152986005,48.12853643894196,-113.918445917597,234.59375,0.59375
710,93061120,3385,27491,,,,,,,,,,,,,,,,
,93192192,,,0.9119602739810944,0.3080718994140625,0.2,0.00016040831999999998,0.0063716452568769455,21.656818389892578,7.356400004029274,0.39213842153549194,5460,0.031123292,0.111591936,-0.041027215187205,47.412901520729065,-129.9350819768584,250.36458333333334,0.5104166666666666
711,93192192,3385,27528,,,,,,,,,,,,,,,,
,93323264,,,0.9082669839262962,0.324359130859375,0.2,0.000160211712,0.006374366115778685,18.626201629638672,7.2889064878225325,0.39314302802085876,5465,0.033449836,0.1114674176,-0.0429805642721476,46.16735968589783,-111.25667406907064,221.35416666666666,0.6041666666666666
712,93323264,3385,27565,,,,,,,,,,,,,,,,
,93454336,,,0.8973263427615166,0.2984649658203125,0.2,0.000160015104,0.0063696736469864845,20.47502326965332,7.479062008857727,0.387347549200058,5470,0.0290556,0.1113428992,-0.04097190694592427,49.16502878665924,-114.46058672854907,228.30208333333334,0.5520833333333334
713,93454336,3385,27600,,,,,,,,,,,,,,,,
,93585408,,,0.9071760699152946,0.3310760498046875,0.2,0.00015981849599999996,0.006370928138494492,16.35116958618164,7.38346454501152,0.39137810468673706,5475,0.031919092,0.11121838079999997,-0.04326857991982251,42.708294892311095,-118.90805152792564,246.98958333333334,0.53125
714,93585408,3386,27637,,,,,,,,,,,,,,,,
,93716480,,,0.892463706433773,0.3228240966796875,0.2,0.000159621888,0.006365701090544462,21.270540237426758,7.440715599060058,0.4077788293361664,5480,0.032257844,0.1110938624,-0.03996763339819154,49.27469434738159,-123.14129354353327,239.82291666666666,0.5104166666666666
715,93716480,3386,27672,,,,,,,,,,,,,,,,
,93847552,,,0.9082667157053947,0.3409210205078125,0.2,0.00015942527999999998,0.0063722762279212475,18.329580307006836,7.390527465939522,0.39917677640914917,5485,0.032757983,0.11096934399999998,-0.040527986876259095,43.463980484008786,-128.07284741751528,243.39583333333334,0.4895833333333333
716,93847552,3386,27708,,,,,,,,,,,,,,,,
,93978624,,,0.916773796081543,0.322894287109375,0.2,0.000159228672,0.006366172805428505,14.995216369628906,7.338224145770073,0.3901333212852478,5490,0.029326133,0.1108448256,-0.041404442256316544,38.110266184806825,-113.65307245490511,222.20833333333334,0.5833333333333334
717,93978624,3387,27744,,,,,,,,,,,,,,,,
,94109696,,,0.9063336402177811,0.31358489990234373,0.2,0.00015903206399999997,0.006361266132444143,20.92852020263672,7.371375012397766,0.39704030752182007,5495,0.029097281,0.11072030719999999,-0.04005907797254622,45.929881596565245,-115.1020059004785,227.07291666666666,0.5729166666666666
718,94109696,3387,27779,,,,,,,,,,,,,,,,
,94240768,,,0.909916564822197,0.300164794921875,0.2,0.00015883545600000001,0.0063598500564694405,18.718637466430664,7.4362778455019,0.3911547064781189,5500,0.02900963,0.11059578880000001,-0.03912689953285735,40.13179301023483,-112.58453731500322,233.46875,0.5729166666666666
719,94240768,3387,27816,,,,,,,,,,,,,,,,
,94371840,,,0.9017847031354904,0.31061553955078125,0.2,0.00015863884799999998,0.00636083772405982,19.42374038696289,7.344895094633102,0.3944987654685974,5505,0.03496953,0.11047127039999999,-0.041251891385763885,48.19896376132965,-118.8548645743685,230.94791666666666,0.5416666666666666
720,94371840,3388,27851,,,,,,,,,,,,,,,,
,94502912,,,0.9063407331705093,0.30394439697265624,0.2,0.00015844224,0.006353357341140509,18.75245475769043,7.404436004161835,0.3910789489746094,5510,0.02953068,0.110346752,-0.039873565948801114,45.45036871433258,-126.07205530500708,241.46875,0.4791666666666667
721,94502912,3388,27887,,,,,,,,,,,,,,,,
,94633984,,,0.9015626162290573,0.320135498046875,0.2,0.00015824563199999997,0.006356372963637114,18.627233505249023,7.335094147920609,0.38213247060775757,5515,0.033541985,0.1102222336,-0.04024505155684892,45.81708130836487,-120.37165882220906,242.52083333333334,0.5208333333333334
722,94633984,3389,27923,,,,,,,,,,,,,,,,
,94765056,,,0.9008941724896431,0.3212860107421875,0.2,0.000158049024,0.006355892866849899,22.07021141052246,7.399842408299446,0.40323179960250854,5520,0.033857226,0.11009771519999999,-0.03962362585880328,47.97393052577972,-117.81538183382186,235.125,0.5520833333333334
723,94765056,3389,27958,,,,,,,,,,,,,,,,
,94896128,,,0.899642139673233,0.297747802734375,0.2,0.00015785241599999998,0.006360813044011593,19.403593063354492,7.440857914090157,0.3878062963485718,5525,0.02955404,0.10997319679999999,-0.03953853739949409,48.176140260696414,-121.59568593672732,237.80208333333334,0.5625
724,94896128,3389,27995,,,,,,,,,,,,,,,,
,95027200,,,0.9176473692059517,0.32733917236328125,0.2,0.00015765580799999998,0.006357129663228989,18.474998474121094,7.421479415893555,0.40119099617004395,5530,0.03110828,0.1098486784,-0.04130810008500703,40.4485986828804,-123.51381579637432,238.34375,0.5
725,95027200,3390,28030,,,,,,,,,,,,,,,,
,95158272,,,0.8897626399993896,0.33146514892578127,0.2,0.0001574592,0.006355572491884232,20.679746627807617,7.34403266608715,0.4251593053340912,5535,0.031045176,0.10972416,-0.04345144924591295,51.82234625816345,-126.19409083950102,243.44791666666666,0.4895833333333333
726,95158272,3390,28067,,,,,,,,,,,,,,,,
,95289344,,,0.9035663157701492,0.3406585693359375,0.2,0.000157262592,0.006351359188556671,17.110931396484375,7.394407552480698,0.419834703207016,5540,0.03352871,0.10959964159999999,-0.04161850251839496,42.72991185188293,-121.64845303590694,222.16666666666666,0.5416666666666666
727,95289344,3390,28101,,,,,,,,,,,,,,,,
,95420416,,,0.9032819122076035,0.33312530517578126,0.2,0.00015706598399999999,0.006346852984279394,22.380720138549805,7.39888442158699,0.41074591875076294,5545,0.032957602,0.1094751232,-0.041553753823973236,45.87111940383911,-113.89195099840974,218.3125,0.5625
728,95420416,3391,28137,,,,,,,,,,,,,,,,
,95551488,,,0.9099556282162666,0.33767547607421877,0.2,0.00015686937599999998,0.006352623458951712,21.127849578857422,7.347755452990532,0.41624540090560913,5550,0.03296487,0.1093506048,-0.03904879876354243,47.29293611049652,-106.34012539099795,219.875,0.625
729,95551488,3391,28172,,,,,,,,,,,,,,,,
,95682560,,,0.8990067839622498,0.3128326416015625,0.2,0.000156672768,0.0063523901626467705,18.106611251831055,7.459371963143349,0.40372157096862793,5555,0.030481398,0.1092260864,-0.04128848561376799,45.86062660217285,-115.75863730994858,237.16666666666666,0.5729166666666666
730,95682560,3391,28208,,,,,,,,,,,,,,,,
,95813632,,,0.9000167176127434,0.2961700439453125,0.2,0.00015647615999999997,0.0063516683876514435,19.666471481323242,7.410957258939743,0.40015071630477905,5560,0.031334408,0.10910156799999998,-0.04033631104393862,46.378926277160645,-128.20473252565728,245.875,0.4895833333333333
731,95813632,3392,28244,,,,,,,,,,,,,,,,
,95944704,,,0.9061795622110367,0.31319580078125,0.2,0.000156279552,0.006345163099467754,18.91143798828125,7.389995491504669,0.40737447142601013,5565,0.03293328,0.1089770496,-0.04118242924450897,43.68846735954285,-118.04224246264194,233.25,0.5729166666666666
732,95944704,3392,28280,,,,,,,,,,,,,,,,
,96075776,,,0.9063402339816093,0.2966400146484375,0.2,0.00015608294399999996,0.0063404119573533535,18.18577003479004,7.475152909755707,0.414781391620636,5570,0.031216983,0.10885253119999998,-0.04012683331675362,43.343949222564696,-107.85867940940231,223.04166666666666,0.6041666666666666
733,96075776,3392,28316,,,,,,,,,,,,,,,,
,96206848,,,0.8985379338264465,0.32556304931640623,0.2,0.000155886336,0.006347868591547012,20.88762855529785,7.4591876596212385,0.4044853150844574,5575,0.032689698,0.10872801280000001,-0.03790363885491388,47.124430251121524,-109.60610346947863,220.95833333333334,0.625
734,96206848,3393,28350,,,,,,,,,,,,,,,,
,96337920,,,0.9048378467559814,0.30037384033203124,0.2,0.00015568972799999997,0.0063386522233486176,21.705886840820312,7.4347836643457414,0.40984687209129333,5580,0.032087848,0.10860349439999999,-0.04018768919631839,43.89124357700348,-110.14605103562657,229.46875,0.6145833333333334
735,96337920,3393,28385,,,,,,,,,,,,,,,,
,96468992,,,0.9149268940091133,0.31384124755859377,0.2,0.00015549312,0.006334656849503517,16.922985076904297,7.450469726324082,0.40458500385284424,5585,0.035416253,0.108478976,-0.04099061851593433,40.489604806900026,-123.41334875688518,233.80208333333334,0.5520833333333334
736,96468992,3394,28422,,,,,,,,,,,,,,,,
,96600064,,,0.9121294319629669,0.31905517578125,0.2,0.00015529651199999999,0.006335783749818802,18.63140296936035,7.433124250173568,0.4159530997276306,5590,0.03283526,0.10835445759999998,-0.04160563857876696,46.15330626964569,-118.31583498712075,243.17708333333334,0.5416666666666666
737,96600064,3394,28458,,,,,,,,,,,,,,,,
,96731136,,,0.899943582713604,0.31768341064453126,0.2,0.000155099904,0.006335137411952019,21.469526290893555,7.377736610174179,0.42536163330078125,5595,0.03295732,0.10822993920000001,-0.041060917306458576,46.83931949138641,-121.478577321295,244.27083333333334,0.5104166666666666
738,96731136,3394,28495,,,,,,,,,,,,,,,,
,96862208,,,0.8980581611394882,0.3345306396484375,0.2,0.00015490329599999997,0.00632986705750227,18.185598373413086,7.463814634084701,0.42248642444610596,5600,0.04131058,0.10810542079999999,-0.038127261694171466,44.92941327095032,-117.12200470603756,222.25,0.5416666666666666
739,96862208,3395,28530,,,,,,,,,,,,,,,,
,96993280,,,0.8947283551096916,0.29631805419921875,0.2,0.00015470668799999997,0.006325381807982922,20.785369873046875,7.416292491555214,0.41923651099205017,5605,0.031438947,0.1079809024,-0.04049143369338708,44.84007244110107,-117.28249451150691,230.94791666666666,0.5416666666666666
740,96993280,3395,28566,,,,,,,,,,,,,,,,
,97124352,,,0.8877812698483467,0.29253692626953126,0.2,0.00015451008,0.00632416270673275,20.012649536132812,7.415228673815728,0.4350006580352783,5610,0.026620466,0.10785638399999999,-0.040230133272416424,54.24241909980774,-115.80008756708439,237.86458333333334,0.53125
741,97124352,3395,28602,,,,,,,,,,,,,,,,
,97255424,,,0.8916238620877266,0.29670562744140627,0.2,0.00015431347199999998,0.006319168955087662,19.93925666809082,7.3905315607786175,0.42977175116539,5615,0.03044428,0.10773186559999999,-0.04045924906458822,47.71400320529938,-121.10177867451962,234.95833333333334,0.5416666666666666
742,97255424,3396,28637,,,,,,,,,,,,,,,,
,97386496,,,0.8956636488437653,0.31234283447265626,0.2,0.00015411686399999998,0.006322218105196953,18.765222549438477,7.516996985673904,0.4219793677330017,5620,0.029981403,0.1076073472,-0.04167521983326879,49.52172555923462,-120.20445615319825,233.36458333333334,0.5416666666666666
743,97386496,3396,28674,,,,,,,,,,,,,,,,
,97517568,,,0.9093835651874542,0.31538543701171873,0.2,0.000153920256,0.006314153783023357,18.859092712402344,7.4438767492771145,0.4335289001464844,5625,0.030828126,0.1074828288,-0.03958511445089243,42.420790338516234,-104.8393753119803,212.89583333333334,0.6354166666666666
744,97517568,3396,28710,,,,,,,,,,,,,,,,
,97648640,,,0.901545912027359,0.3055633544921875,0.2,0.000153723648,0.006316471379250288,22.596303939819336,7.335142281651497,0.44571560621261597,5630,0.03263125,0.1073583104,-0.041495969190145844,45.74165315628052,-107.27874100430508,224.07291666666666,0.6041666666666666
745,97648640,3397,28744,,,,,,,,,,,,,,,,
,97779712,,,0.8994914144277573,0.303729248046875,0.2,0.00015352703999999998,0.006316633429378271,18.15730857849121,7.381803226470947,0.4400145411491394,5635,0.030257659,0.107233792,-0.039458732985076496,44.705339431762695,-123.73015682990105,242.09375,0.5208333333333334
746,97779712,3397,28780,,,,,,,,,,,,,,,,
,97910784,,,0.9057581648230553,0.3146331787109375,0.2,0.00015333043199999998,0.00631790142506361,17.632596969604492,7.4284614592790605,0.4316880702972412,5640,0.033597402,0.1071092736,-0.04001033129752614,46.69522728919983,-113.56385887792267,219.83333333333334,0.59375
747,97910784,3397,28817,,,,,,,,,,,,,,,,
,98041856,,,0.9079998657107353,0.316424560546875,0.2,0.000153133824,0.006313886493444443,18.53690528869629,7.490118807554245,0.41460132598876953,5645,0.04175962,0.1069847552,-0.03784376340045128,44.02714383602142,-119.049359482165,238.14583333333334,0.5208333333333334
748,98041856,3397,28854,,,,,,,,,,,,,,,,
,98172928,,,0.896952897310257,0.30720672607421873,0.2,0.000152937216,0.006314772646874189,20.190601348876953,7.435004717111587,0.42356404662132263,5650,0.028536212,0.10686023680000001,-0.03941051382134901,48.37357153892517,-108.52427178756416,225.13541666666666,0.5729166666666666
749,98172928,3398,28889,,,,,,,,,,,,,,,,
,98304000,,,0.8992954418063164,0.29097900390625,0.2,0.00015274060799999996,0.0063193123787641525,20.18784523010254,7.49829623401165,0.41424357891082764,5655,0.03157101,0.10673571839999998,-0.03813432759052375,47.56894690990448,-109.89405424024973,219.66666666666666,0.6354166666666666
750,98304000,3398,28925,,,,,,,,,,,,,,,,
,98435072,,,0.8954245448112488,0.34114532470703124,0.2,0.000152544,0.006316864397376776,23.211814880371094,7.40175347328186,0.4365696609020233,5660,0.03915208,0.1066112,-0.03951852299796883,48.21568944454193,-124.68636581155538,249.78125,0.4791666666666667
751,98435072,3398,28962,,,,,,,,,,,,,,,,
,98566144,,,0.8935089111328125,0.30439910888671873,0.2,0.00015234739199999998,0.006317900028079748,21.0264835357666,7.396890684962273,0.4261058270931244,5665,0.031328678,0.10648668159999998,-0.040484912678948604,50.07426483631134,-120.49290469429398,249.83333333333334,0.53125
752,98566144,3399,28997,,,,,,,,,,,,,,,,
,98697216,,,0.9103694781661034,0.33188934326171876,0.2,0.000152150784,0.006316176615655422,20.819555282592773,7.348405140638351,0.4119667410850525,5670,0.032855965,0.10636216320000001,-0.04154799782700138,42.77541811466217,-127.14326158882682,256.6770833333333,0.46875
753,98697216,3399,29034,,,,,,,,,,,,,,,,
,98828288,,,0.9100300371646881,0.33368377685546874,0.2,0.00015195417599999996,0.006316536571830511,18.026653289794922,7.412157180905342,0.42901933193206787,5675,0.03774357,0.10623764479999999,-0.04157303508400219,43.27151911258697,-107.82494976267185,228.9375,0.6145833333333334
754,98828288,3399,29069,,,,,,,,,,,,,,,,
,98959360,,,0.911080464720726,0.30754852294921875,0.2,0.000151757568,0.006321010645478964,17.063371658325195,7.396105107665062,0.41032230854034424,5680,0.029500168,0.10611312640000001,-0.03967689686251106,41.91965267658234,-116.07222946349002,224.58333333333334,0.5625
755,98959360,3400,29105,,,,,,,,,,,,,,,,
,99090432,,,0.9028886407613754,0.31553497314453127,0.2,0.00015156095999999998,0.006319133099168539,19.157787322998047,7.384657374024391,0.4308265149593353,5685,0.032017097,0.10598860799999998,-0.040874319081194696,45.791881036758426,-130.30783717460352,250.38541666666666,0.46875
756,99090432,3400,29141,,,,,,,,,,,,,,,,
,99221504,,,0.8968836590647697,0.31493072509765624,0.2,0.000151364352,0.006328267510980368,21.210058212280273,7.392176097631454,0.42731088399887085,5690,0.030195497,0.10586408960000002,-0.04085061009973288,50.72862856388092,-110.93629876242653,229.39583333333334,0.5625
757,99221504,3400,29177,,,,,,,,,,,,,,,,
,99352576,,,0.8974191695451736,0.29692840576171875,0.2,0.000151167744,0.0063264197669923306,21.334667205810547,7.38876188993454,0.41775235533714294,5695,0.030106757,0.1057395712,-0.03920057062059641,49.297333002090454,-124.69689300532274,239.63541666666666,0.5208333333333334
758,99352576,3400,29214,,,,,,,,,,,,,,,,
,99483648,,,0.9089932441711426,0.33048858642578127,0.2,0.000150971136,0.00632489612326026,19.688217163085938,7.42942715883255,0.44208914041519165,5700,0.037604474,0.1056150528,-0.041139262802607844,42.4076607465744,-128.05347762120545,246.41666666666666,0.4895833333333333
759,99483648,3401,29250,,,,,,,,,,,,,,,,
,99614720,,,0.9121940955519676,0.34087677001953126,0.2,0.00015077452799999998,0.006324819289147854,17.2792911529541,7.352811032533646,0.4191994071006775,5705,0.034366168,0.10549053439999999,-0.041670831432566044,39.6443431019783,-131.02523239663518,252.51041666666666,0.4583333333333333
760,99614720,3401,29285,,,,,,,,,,,,,,,,
,99745792,,,0.8965959250926971,0.31185760498046877,0.2,0.00015057791999999997,0.006316480226814747,19.71449089050293,7.422373962402344,0.42938312888145447,5710,0.032375775,0.10536601599999999,-0.04024886040569982,47.14100410938263,-110.47766879480399,221.57291666666666,0.65625
761,99745792,3401,29320,,,,,,,,,,,,,,,,
,99876864,,,0.9104321673512459,0.331939697265625,0.2,0.000150381312,0.006316279526799917,16.7125301361084,7.486079886555672,0.40876659750938416,5715,0.0371544,0.1052414976,-0.04256933396463865,41.67410056591034,-115.26771579293388,222.96875,0.5625
762,99876864,3402,29356,,,,,,,,,,,,,,,,
,100007936,,,0.9094769135117531,0.32694091796875,0.2,0.000150184704,0.0063179610297083855,19.92216682434082,7.451013660430908,0.4221264719963074,5720,0.03362012,0.1051169792,-0.040864617220358924,43.44986255168915,-116.35462751929042,228.125,0.6041666666666666
763,100007936,3402,29392,,,,,,,,,,,,,,,,
,100139008,,,0.9148217216134071,0.31557769775390626,0.2,0.00014998809599999998,0.00630743894726038,15.391860961914062,7.418117842078209,0.4170706272125244,5725,0.031531766,0.10499246079999999,-0.040580304551986045,40.059242248535156,-118.78255355447106,231.27083333333334,0.5416666666666666
764,100139008,3402,29428,,,,,,,,,,,,,,,,
,100270080,,,0.9104692414402962,0.29960479736328127,0.2,0.000149791488,0.006301404442638159,18.321380615234375,7.39943243265152,0.4084654450416565,5730,0.030821547,0.1048679424,-0.04033302643510979,40.90135624408722,-122.01165558879823,254.88541666666666,0.53125
765,100270080,3403,29464,,,,,,,,,,,,,,,,
,100401152,,,0.9020806103944778,0.31225433349609377,0.2,0.00014959488,0.006299233064055443,18.44621467590332,7.33706571161747,0.42975014448165894,5735,0.033494715,0.104743424,-0.0409931824033265,44.93296003341675,-114.27293369277498,223.52083333333334,0.5520833333333334
766,100401152,3403,29501,,,,,,,,,,,,,,,,
,100532224,,,0.9077893644571304,0.322235107421875,0.2,0.000149398272,0.006297662388533354,20.393468856811523,7.434019741415978,0.4293709397315979,5740,0.03129507,0.1046189056,-0.039801693355548194,40.94166938066483,-106.91799250773958,223.4375,0.59375
767,100532224,3403,29537,,,,,,,,,,,,,,,,
,100663296,,,0.9004077240824699,0.33183441162109373,0.2,0.00014920166399999999,0.006296987645328045,19.240209579467773,7.351668512821197,0.44496744871139526,5745,0.031779896,0.1044943872,-0.04026017480355222,44.43059710264206,-119.1229373024185,231.15625,0.53125
768,100663296,3403,29573,,,,,,,,,,,,,,,,
,100794368,,,0.9035114943981171,0.29289703369140624,0.2,0.000149005056,0.006293926388025284,18.696537017822266,7.500360104441643,0.42614492774009705,5750,0.030741377,0.1043698688,-0.03848439375287853,45.86229567527771,-115.08574346379307,236.45833333333334,0.5625
769,100794368,3404,29608,,,,,,,,,,,,,,,,
,100925440,,,0.8950647786259651,0.323974609375,0.2,0.000148808448,0.00629536435008049,18.001340866088867,7.379571962356567,0.4337540864944458,5755,0.031242631,0.1042453504,-0.04221993504179409,46.73849442005157,-123.62679772288044,243.71875,0.5104166666666666
770,100925440,3404,29645,,,,,,,,,,,,,,,,
,101056512,,,0.8970123678445816,0.32855987548828125,0.2,0.00014861183999999997,0.006297237239778042,18.191160202026367,7.413563448190689,0.4392715096473694,5760,0.033138074,0.10412083199999998,-0.04272825891239336,41.729699516296385,-131.49563141611665,247.26041666666666,0.4583333333333333
771,101056512,3404,29680,,,,,,,,,,,,,,,,
,101187584,,,0.896335132420063,0.30304412841796874,0.2,0.00014841523199999996,0.006296494510024786,17.215167999267578,7.381007626652718,0.412964791059494,5765,0.030604769,0.10399631359999999,-0.039157589299429675,44.5652881860733,-114.60424501911534,227.5625,0.6145833333333334
772,101187584,3405,29717,,,,,,,,,,,,,,,,
,101318656,,,0.9005416557192802,0.321478271484375,0.2,0.00014821862399999998,0.006300871726125479,19.781435012817383,7.407005512714386,0.4307301938533783,5770,0.031042337,0.10387179519999999,-0.042483666255429854,45.853532338142394,-120.24381125953728,231.29166666666666,0.5208333333333334
773,101318656,3405,29753,,,,,,,,,,,,,,,,
,101449728,,,0.9070185944437981,0.323162841796875,0.2,0.00014802201599999998,0.006300392560660839,16.392480850219727,7.45299117565155,0.40847092866897583,5775,0.036270022,0.1037472768,-0.04177253116649808,43.62944536209106,-126.15299006483474,235.61458333333334,0.53125
774,101449728,3405,29789,,,,,,,,,,,,,,,,
,101580800,,,0.9111513942480087,0.31464996337890627,0.2,0.00014782540799999997,0.006303831003606319,20.123064041137695,7.390494325757027,0.45912671089172363,5780,0.031824976,0.10362275839999999,-0.04137870582344476,44.61286470890045,-121.3226643580788,243.52083333333334,0.5208333333333334
775,101580800,3405,29825,,,,,,,,,,,,,,,,
,101711872,,,0.89905896037817,0.29667205810546876,0.2,0.0001476288,0.00629925262182951,21.828004837036133,7.386408606171608,0.42921480536460876,5785,0.028515413,0.10349823999999999,-0.03814901558944257,48.72733106613159,-104.20513822219584,223.25,0.625
776,101711872,3406,29862,,,,,,,,,,,,,,,,
,101842944,,,0.9143650382757187,0.32520294189453125,0.2,0.00014743219199999999,0.006296247243881226,18.933795928955078,7.394867870211601,0.4357683062553406,5790,0.040851876,0.1033737216,-0.040283287706552075,42.71325557231903,-103.35320795956784,209.0625,0.6458333333333334
777,101842944,3406,29896,,,,,,,,,,,,,,,,
,101974016,,,0.8961212262511253,0.31743927001953126,0.2,0.00014723558399999998,0.00629333034157753,18.80364990234375,7.35990786254406,0.4338007867336273,5795,0.029923065,0.1032492032,-0.04128514407202601,47.02674896717072,-117.19798590351542,239.5625,0.5520833333333334
778,101974016,3406,29932,,,,,,,,,,,,,,,,
,102105088,,,0.9049395248293877,0.30268096923828125,0.2,0.00014703897599999997,0.006293166428804398,16.534013748168945,7.410234296321869,0.43360456824302673,5800,0.031038854,0.10312468479999999,-0.04005260925914626,44.52044107913971,-129.21222890463093,252.14583333333334,0.4895833333333333
779,102105088,3407,29969,,,,,,,,,,,,,,,,
,102236160,,,0.900803729891777,0.31354522705078125,0.2,0.000146842368,0.006289426237344742,18.545047760009766,7.461370694637298,0.4332605004310608,5805,0.030681053,0.1030001664,-0.03978158200043254,46.169092011451724,-127.81679212447489,247.90625,0.5
780,102236160,3407,30004,,,,,,,,,,,,,,,,
,102367232,,,0.9193898364901543,0.3111114501953125,0.2,0.00014664576,0.0062884557992219925,16.678401947021484,7.480593982338905,0.4217178225517273,5810,0.032369785,0.102875648,-0.04242005121195689,36.31754035949707,-117.37063248635155,241.9375,0.5208333333333334
781,102367232,3407,30041,,,,,,,,,,,,,,,,
,102498304,,,0.9103937819600105,0.31703338623046873,0.2,0.00014644915199999998,0.006295164581388235,20.70148277282715,7.438930583000183,0.44989439845085144,5815,0.03172038,0.1027511296,-0.0408770525464206,42.894486784935,-116.87764108604146,238.97916666666666,0.5520833333333334
782,102498304,3407,30078,,,,,,,,,,,,,,,,
,102629376,,,0.914768673479557,0.3352935791015625,0.2,0.000146252544,0.00628946628421545,19.225940704345703,7.404693293571472,0.45274239778518677,5820,0.035350826,0.1026266112,-0.04201756140682846,42.22381285429001,-121.5528618694852,247.79166666666666,0.53125
783,102629376,3408,30113,,,,,,,,,,,,,,,,
,102760448,,,0.9063727632164955,0.318792724609375,0.2,0.000146055936,0.0062917498871684074,22.480945587158203,7.50823726952076,0.43518659472465515,5825,0.03759001,0.1025020928,-0.039547332818619906,45.720277428627014,-113.09158695331082,225.78125,0.5833333333333334
784,102760448,3408,30149,,,,,,,,,,,,,,,,
,102891520,,,0.9219256713986397,0.3147705078125,0.2,0.000145859328,0.006287067197263241,15.281103134155273,7.432895025610923,0.4419184625148773,5830,0.034436043,0.1023775744,-0.042749274161178616,36.8839809179306,-110.23743306702436,226.13541666666666,0.5833333333333334
785,102891520,3408,30186,,,,,,,,,,,,,,,,
,103022592,,,0.9037595018744469,0.30055389404296873,0.2,0.00014566272,0.006286777555942535,18.88007926940918,7.502518692612648,0.43835967779159546,5835,0.03086098,0.10225305600000001,-0.03967593446577666,43.157967722415925,-114.01878295071992,242.79166666666666,0.5625
786,103022592,3408,30222,,,,,,,,,,,,,,,,
,103153664,,,0.9043617248535156,0.29967803955078126,0.2,0.000145466112,0.006285811774432659,19.789714813232422,7.451848724484444,0.4424160122871399,5840,0.030532563,0.1021285376,-0.038812290449277496,45.238551473617555,-114.25958575507974,234.30208333333334,0.5833333333333334
787,103153664,3409,30258,,,,,,,,,,,,,,,,
,103284736,,,0.9055292829871178,0.3103240966796875,0.2,0.000145269504,0.006286684423685074,19.947372436523438,7.45208280980587,0.4507316052913666,5845,0.029540047,0.1020040192,-0.04212702563090716,44.47492904663086,-113.41682402993985,227.01041666666666,0.5416666666666666
788,103284736,3409,30293,,,,,,,,,,,,,,,,
,103415808,,,0.9084328934550285,0.324456787109375,0.2,0.00014507289599999997,0.00628333305940032,20.459959030151367,7.367728161811828,0.43476760387420654,5850,0.03371235,0.10187950079999998,-0.03940158505283762,45.591976165771484,-116.06784814862306,234.82291666666666,0.5520833333333334
789,103415808,3409,30329,,,,,,,,,,,,,,,,
,103546880,,,0.9154201224446297,0.3211761474609375,0.2,0.00014487628799999996,0.006290683057159185,16.029664993286133,7.398492693901062,0.43573278188705444,5855,0.032129727,0.10175498239999999,-0.03817417295795167,43.60468190908432,-105.29695840840611,222.15625,0.6458333333333334
790,103546880,3410,30364,,,,,,,,,,,,,,,,
,103677952,,,0.899864487349987,0.28892974853515624,0.2,0.00014467967999999998,0.006291672121733427,19.870805740356445,7.418518781661987,0.4348856806755066,5860,0.030289244,0.10163046399999999,-0.03941718171117827,47.185409903526306,-110.8978586693969,225.22916666666666,0.5625
791,103677952,3410,30400,,,,,,,,,,,,,,,,
,103809024,,,0.9136696755886078,0.31565704345703127,0.2,0.00014448307199999998,0.006290547549724579,20.396751403808594,7.3671900004148485,0.42888176441192627,5865,0.03540346,0.1015059456,-0.04058312748384196,44.33907063007355,-99.36243581902242,223.14583333333334,0.6875
792,103809024,3410,30435,,,,,,,,,,,,,,,,
,103940096,,,0.9179624989628792,0.30558319091796876,0.2,0.00014428646399999997,0.00629173731431365,19.824689865112305,7.506147721409798,0.4419405460357666,5870,0.03045002,0.10138142719999998,-0.04095863542024745,39.6606706738472,-113.59397796447024,235.01041666666666,0.6041666666666666
793,103940096,3411,30471,,,,,,,,,,,,,,,,
,104071168,,,0.9132693856954575,0.31020660400390626,0.2,0.000144089856,0.00628691865131259,16.788862228393555,7.448369011282921,0.4433227777481079,5875,0.028734418,0.10125690879999999,-0.04232226556050591,41.716035878658296,-112.97889628989792,238.28125,0.5208333333333334
794,104071168,3411,30508,,,,,,,,,,,,,,,,
,104202240,,,0.9123529866337776,0.31230010986328127,0.2,0.00014389324799999998,0.006286253686994314,18.56610870361328,7.433575990796089,0.4647688865661621,5880,0.02995098,0.1011323904,-0.04208167448960012,44.03958103656769,-122.16263808014189,253.44791666666666,0.5208333333333334
795,104202240,3411,30544,,,,,,,,,,,,,,,,
,104333312,,,0.9072627276182175,0.3076385498046875,0.2,0.00014369663999999998,0.006281200796365738,17.40754508972168,7.461659488081932,0.44523462653160095,5885,0.03067782,0.101007872,-0.0407362032085075,43.41816810369492,-123.48388861732377,245.48958333333334,0.5104166666666666
796,104333312,3411,30579,,,,,,,,,,,,,,,,
,104464384,,,0.9087482467293739,0.3228912353515625,0.2,0.000143500032,0.0062834471464157104,16.895795822143555,7.43117253780365,0.4450840353965759,5890,0.031871967,0.10088335359999999,-0.04071324495598674,44.46889296770096,-131.08040734426433,254.72916666666666,0.4583333333333333
797,104464384,3412,30615,,,,,,,,,,,,,,,,
,104595456,,,0.9053405076265335,0.33463287353515625,0.2,0.000143303424,0.006291912402957678,20.667545318603516,7.484331676363945,0.445776104927063,5895,0.03583027,0.1007588352,-0.04050154098658822,44.97677416801453,-129.34561867449267,253.28125,0.4791666666666667
798,104595456,3412,30652,,,,,,,,,,,,,,,,
,104726528,,,0.9009311497211456,0.3070037841796875,0.2,0.000143106816,0.0062897419556975365,19.62566375732422,7.467830097675323,0.4537380635738373,5900,0.029416632,0.1006343168,-0.04134129821177339,45.259964513778684,-115.28291002811399,236.39583333333334,0.5520833333333334
799,104726528,3412,30688,,,,,,,,,,,,,,,,
,104857600,,,0.9133333936333656,0.34309844970703124,0.2,0.00014291020799999998,0.006292447447776794,16.365949630737305,7.399309980869293,0.44809994101524353,5905,0.037628084,0.1005097984,-0.039464157352631445,40.67265132665634,-123.72466425352191,247.02083333333334,0.5
800,104857600,3412,30725,,,,,,,,,,,,,,,,
,104988672,,,0.9169295877218246,0.33427276611328127,0.2,0.0001427136,0.006292070262134075,15.905509948730469,7.445505627989769,0.4292277693748474,5910,0.03480497,0.10038528000000001,-0.043629065447021276,37.9339311003685,-109.67531407092433,209.67708333333334,0.6041666666666666
801,104988672,3413,30759,,,,,,,,,,,,,,,,
,105119744,,,0.9075208157300949,0.31744842529296874,0.2,0.000142516992,0.006283122580498457,17.702571868896484,7.430920577049255,0.4564584195613861,5915,0.0355883,0.1002607616,-0.04160986187780509,43.12938108444214,-112.99279301947074,229.6875,0.5520833333333334
802,105119744,3413,30795,,,,,,,,,,,,,,,,
,105250816,,,0.9149923622608185,0.28868560791015624,0.2,0.000142320384,0.006286401301622391,16.27389144897461,7.491073209047317,0.45239385962486267,5920,0.028396245,0.1001362432,-0.038511198307969605,40.392722856998446,-121.50206433678689,235.48958333333334,0.5520833333333334
803,105250816,3413,30831,,,,,,,,,,,,,,,,
,105381888,,,0.9080839455127716,0.32071075439453123,0.2,0.000142123776,0.006280906498432159,20.57065773010254,7.4324328124523165,0.46825236082077026,5925,0.03202241,0.10001172480000001,-0.0420156595428125,41.576197791099545,-118.05871567576328,227.8125,0.59375
804,105381888,3414,30867,,,,,,,,,,,,,,,,
,105512960,,,0.9126940444111824,0.30914459228515623,0.2,0.000141927168,0.006283420603722334,16.084375381469727,7.411941167712212,0.4477388262748718,5930,0.032610383,0.09988720640000001,-0.039088479988276956,41.30245405435562,-117.05117179734071,219.73958333333334,0.5729166666666666
805,105512960,3414,30901,,,,,,,,,,,,,,,,
,105644032,,,0.9046618565917015,0.314227294921875,0.2,0.00014173056,0.0062825633212924,22.60816764831543,7.431592878699303,0.45552724599838257,5935,0.036551103,0.099762688,-0.04040138256677892,44.93336553573609,-122.9882873485105,247.70833333333334,0.5104166666666666
806,105644032,3414,30938,,,,,,,,,,,,,,,,
,105775104,,,0.9021729081869125,0.29869842529296875,0.2,0.00014153395199999997,0.006281550042331219,19.02304458618164,7.440191605687142,0.4595734477043152,5940,0.028944746,0.09963816959999999,-0.0424691833788529,44.18243899345398,-120.15680781099697,228.28125,0.5520833333333334
807,105775104,3414,30974,,,,,,,,,,,,,,,,
,105906176,,,0.8971186056733131,0.3074554443359375,0.2,0.00014133734399999999,0.00628200639039278,18.78606414794922,7.378950083255768,0.4720473289489746,5945,0.03182062,0.09951365119999998,-0.04004069639195222,46.73095948696137,-109.99860326634537,217.9375,0.59375
808,105906176,3415,31010,,,,,,,,,,,,,,,,
,106037248,,,0.8973625302314758,0.29254913330078125,0.2,0.00014114073599999998,0.006288632284849882,20.104320526123047,7.514365667104721,0.4597468972206116,5950,0.026905604,0.09938913279999999,-0.03850751650170423,46.874289894104,-114.03605424180337,234.8125,0.5729166666666666
809,106037248,3415,31046,,,,,,,,,,,,,,,,
,106168320,,,0.8989415913820267,0.30953369140625,0.2,0.00014094412799999997,0.006295905914157629,19.29575538635254,7.443118980526924,0.4696192741394043,5955,0.02818026,0.09926461439999999,-0.03900068183866097,48.289789485931394,-121.04807175316681,239.85416666666666,0.5208333333333334
810,106168320,3415,31083,,,,,,,,,,,,,,,,
,106299392,,,0.8986685574054718,0.2919097900390625,0.2,0.00014074751999999997,0.006289856508374214,18.82135772705078,7.425427678227424,0.4561300277709961,5960,0.02845101,0.099140096,-0.038093990935885814,43.848325562477115,-119.04359404154265,237.78125,0.5625
811,106299392,3415,31119,,,,,,,,,,,,,,,,
,106430464,,,0.9128036051988602,0.30518798828125,0.2,0.000140550912,0.0062956190668046474,19.51942253112793,7.388265535235405,0.4634874761104584,5965,0.03014043,0.09901557759999999,-0.039528240775689484,40.32253801822662,-127.83996744917833,252.32291666666666,0.4895833333333333
812,106430464,3416,31156,,,,,,,,,,,,,,,,
,106561536,,,0.9059210047125816,0.28787078857421877,0.2,0.00014035430399999998,0.0062981583178043365,22.0284366607666,7.435106712579727,0.46430885791778564,5970,0.027549453,0.09889105919999999,-0.03807904554123524,46.67866778373718,-111.61524192453057,234.9375,0.5520833333333334
813,106561536,3416,31192,,,,,,,,,,,,,,,,
,106692608,,,0.9243727922439575,0.3162689208984375,0.2,0.00014015769599999998,0.006300299894064665,15.819162368774414,7.418651434779167,0.4683966040611267,5975,0.032728173,0.0987665408,-0.04013983680633828,37.25203042030334,-122.72004673229783,237.53125,0.53125
814,106692608,3416,31229,,,,,,,,,,,,,,,,
,106823680,,,0.9119743034243584,0.31146697998046874,0.2,0.000139961088,0.006302099674940109,18.369340896606445,7.479524472355843,0.4563223123550415,5980,0.030065384,0.0986420224,-0.038058730198827107,41.36281210184097,-122.14672045498897,242.25,0.53125
815,106823680,3416,31264,,,,,,,,,,,,,,,,
,106954752,,,0.9065931588411331,0.302947998046875,0.2,0.00013976448,0.006302761845290661,18.992023468017578,7.371018189191818,0.45568352937698364,5985,0.031549454,0.09851750399999999,-0.039943704058532606,43.62187077999115,-130.4869492491524,251.15625,0.5
816,106954752,3417,31299,,,,,,,,,,,,,,,,
,107085824,,,0.9132135659456253,0.2827484130859375,0.2,0.00013956787199999999,0.006302568130195141,20.16246795654297,7.38404606282711,0.4649062156677246,5990,0.029848635,0.0983929856,-0.037658130648196675,43.9180065870285,-123.18543078321129,251.45833333333334,0.5416666666666666
817,107085824,3417,31336,,,,,,,,,,,,,,,,
,107216896,,,0.9099808111786842,0.2920806884765625,0.2,0.000139371264,0.006301037035882473,21.58732032775879,7.400118339061737,0.45416590571403503,5995,0.02934542,0.0982684672,-0.039596413989784196,44.068287992477416,-120.96378319885832,241.45833333333334,0.5208333333333334
818,107216896,3417,31372,,,,,,,,,,,,,,,,
,107347968,,,0.9166142418980598,0.30282745361328123,0.2,0.000139174656,0.006300011184066534,20.070127487182617,7.478713205456733,0.4918674826622009,6000,0.029288923,0.0981439488,-0.04130730546166887,41.170744836330414,-107.29453074458559,215.34375,0.6458333333333334
819,107347968,3417,31408,,,,,,,,,,,,,,,,
,107479040,,,0.900550551712513,0.3001373291015625,0.2,0.000138978048,0.006301538087427616,19.131216049194336,7.43691266477108,0.46541309356689453,6005,0.029390462,0.0980194304,-0.04017822253226768,47.31041254997253,-126.23390130700659,254.02083333333334,0.5
820,107479040,3418,31443,,,,,,,,,,,,,,,,
,107610112,,,0.909554235637188,0.29714202880859375,0.2,0.00013878144,0.006302577909082174,18.366527557373047,7.453666952252388,0.45919618010520935,6010,0.028660785,0.097894912,-0.03756416058167815,46.52944891452789,-114.57384862358504,227.55208333333334,0.5833333333333334
821,107610112,3418,31479,,,,,,,,,,,,,,,,
,107741184,,,0.9162274301052094,0.28311614990234374,0.2,0.000138584832,0.006301758345216513,21.863601684570312,7.31360214650631,0.4680640697479248,6015,0.026328305,0.0977703936,-0.03868603990849806,44.6350891828537,-114.17593418281366,214.55208333333334,0.5625
822,107741184,3418,31514,,,,,,,,,,,,,,,,
,107872256,,,0.9179512858390808,0.30901947021484377,0.2,0.000138388224,0.006291513796895742,17.856355667114258,7.425995579361915,0.45475566387176514,6020,0.035002526,0.09764587520000001,-0.04065884824667591,43.38725665807724,-113.10482900157376,229.46875,0.6145833333333334
823,107872256,3418,31550,,,,,,,,,,,,,,,,
,108003328,,,0.9183847531676292,0.3012786865234375,0.2,0.00013819161599999997,0.006290229968726635,20.29625129699707,7.412989467382431,0.46364879608154297,6025,0.030325888,0.09752135679999999,-0.04293444196227938,44.013952660560605,-126.3976307933836,240.41666666666666,0.53125
824,108003328,3419,31588,,,,,,,,,,,,,,,,
,108134400,,,0.9165180772542953,0.3022552490234375,0.2,0.00013799500799999996,0.006288988050073385,18.66374969482422,7.369438087940216,0.4656321406364441,6030,0.028965624,0.09739683839999999,-0.039941462132992454,41.90487281084061,-116.50528837977167,227.90625,0.5625
825,108134400,3419,31623,,,,,,,,,,,,,,,,
,108265472,,,0.911942332983017,0.28393096923828126,0.2,0.00013779839999999998,0.006293131969869137,18.888141632080078,7.400891867280007,0.4655802845954895,6035,0.026013887,0.09727231999999998,-0.03816659142030403,46.558551573753356,-112.03470603256262,233.35416666666666,0.5729166666666666
826,108265472,3419,31659,,,,,,,,,,,,,,,,
,108396544,,,0.9042290151119232,0.30005035400390623,0.2,0.00013760179199999998,0.006286323070526123,19.044923782348633,7.449880993366241,0.4648980498313904,6040,0.027984373,0.09714780159999999,-0.03961511563829845,49.546990442276,-117.73450328479866,231.91666666666666,0.5625
827,108396544,3420,31694,,,,,,,,,,,,,,,,
,108527616,,,0.9075830429792404,0.31624755859375,0.2,0.00013740518399999997,0.006287719123065472,18.538646697998047,7.393699434399605,0.49122631549835205,6045,0.031015227,0.09702328319999999,-0.03986106592201395,45.79129557609558,-126.95138076899384,237.3125,0.5104166666666666
828,108527616,3420,31730,,,,,,,,,,,,,,,,
,108658688,,,0.90684874355793,0.3176605224609375,0.2,0.000137208576,0.006287966854870319,18.010522842407227,7.435565346479416,0.4612919092178345,6050,0.03155546,0.0968987648,-0.03990078745118808,44.76314208507538,-121.59594549642618,233.11458333333334,0.53125
829,108658688,3420,31765,,,,,,,,,,,,,,,,
,108789760,,,0.906956821680069,0.2986480712890625,0.2,0.000137011968,0.006289533339440823,19.483760833740234,7.399560967087746,0.4766007363796234,6055,0.02991099,0.0967742464,-0.03908656944695395,44.84404067993164,-128.06522603851923,234.5625,0.5104166666666666
830,108789760,3420,31800,,,,,,,,,,,,,,,,
,108920832,,,0.8946148157119751,0.3123260498046875,0.2,0.00013681535999999998,0.006287104915827513,23.035564422607422,7.398250269889831,0.4976351261138916,6060,0.03261955,0.09664972799999999,-0.042656868863559794,50.6888170003891,-113.96144029484937,225.11458333333334,0.5729166666666666
831,108920832,3421,31836,,,,,,,,,,,,,,,,
,109051904,,,0.9052978530526161,0.2831695556640625,0.2,0.00013661875199999998,0.006286132149398327,20.277807235717773,7.337546235322952,0.46585068106651306,6065,0.026787264,0.0965252096,-0.03802324921707623,44.67514097690582,-126.77177238270615,226.17708333333334,0.5104166666666666
832,109051904,3421,31872,,,,,,,,,,,,,,,,
,109182976,,,0.9048566669225693,0.28990020751953127,0.2,0.000136422144,0.006282244808971882,16.58640480041504,7.327881509065628,0.4927751421928406,6070,0.028326621,0.0964006912,-0.03633259991765954,44.961611485481264,-111.56952708111278,231.76041666666666,0.5625
833,109182976,3421,31907,,,,,,,,,,,,,,,,
,109314048,,,0.9004645645618439,0.29578704833984376,0.2,0.000136225536,0.006279449909925461,19.32770347595215,7.39568001627922,0.4669311046600342,6075,0.028850542,0.0962761728,-0.037959161340404536,45.246133136749265,-121.13809685219782,231.5,0.5729166666666666
834,109314048,3422,31943,,,,,,,,,,,,,,,,
,109445120,,,0.9010240435600281,0.2796905517578125,0.2,0.00013602892799999998,0.006272780708968639,20.952573776245117,7.380097690224647,0.47339385747909546,6080,0.026763681,0.0961516544,-0.03937117402383592,44.72296946048736,-112.98709392074124,225.23958333333334,0.5625
835,109445120,3422,31979,,,,,,,,,,,,,,,,
,109576192,,,0.9082310274243355,0.31321563720703127,0.2,0.00013583232,0.006272909231483936,16.772069931030273,7.355520957708359,0.44753655791282654,6085,0.031757534,0.096027136,-0.03985739952477161,40.91120554208756,-108.53272469382057,213.76041666666666,0.59375
836,109576192,3422,32016,,,,,,,,,,,,,,,,
,109707264,,,0.9144938588142395,0.30925140380859373,0.2,0.000135635712,0.006273455917835236,19.274066925048828,7.4194022834301,0.454036682844162,6090,0.030812059,0.0959026176,-0.04000328625261318,42.60068246126175,-106.28021246387965,211.83333333333334,0.6354166666666666
837,109707264,3422,32052,,,,,,,,,,,,,,,,
,109838336,,,0.9069170281291008,0.309075927734375,0.2,0.000135439104,0.0062734587118029594,19.564292907714844,7.35641422867775,0.46347326040267944,6095,0.033251207,0.09577809920000001,-0.039882564947765785,46.01316494941712,-104.07880713729132,216.1875,0.6666666666666666
838,109838336,3423,32087,,,,,,,,,,,,,,,,
,109969408,,,0.9116086885333061,0.30940399169921873,0.2,0.000135242496,0.006275927182286978,17.99913787841797,7.388423666357994,0.4716474413871765,6100,0.030579176,0.0956535808,-0.03554449598595966,42.94473643302918,-124.26090038922842,239.76041666666666,0.5104166666666666
839,109969408,3423,32123,,,,,,,,,,,,,,,,
,110100480,,,0.9050879254937172,0.29392242431640625,0.2,0.000135045888,0.006275569554418325,19.069257736206055,7.337074938416481,0.4602612853050232,6105,0.02821726,0.0955290624,-0.03791576682415325,46.25111989974975,-116.24510736585387,223.47916666666666,0.5520833333333334
840,110100480,3423,32158,,,,,,,,,,,,,,,,
,110231552,,,0.9107481464743614,0.30291748046875,0.2,0.00013484928,0.006273613311350346,16.787147521972656,7.361255645751953,0.46723267436027527,6110,0.032861456,0.09540454400000001,-0.04223503743996844,42.63120278120041,-96.83951343251503,210.76041666666666,0.65625
841,110231552,3424,32193,,,,,,,,,,,,,,,,
,110362624,,,0.9046185240149498,0.30336151123046873,0.2,0.00013465267199999997,0.006264778785407543,19.77754783630371,7.3929887264966965,0.4703606367111206,6115,0.03274075,0.09528002559999998,-0.0420853434712626,43.02718484401703,-109.18892544645162,227.375,0.59375
842,110362624,3424,32228,,,,,,,,,,,,,,,,
,110493696,,,0.9039050713181496,0.311328125,0.2,0.00013445606399999996,0.006257621105760336,18.76958465576172,7.408473563194275,0.4795118570327759,6120,0.030732488,0.09515550719999999,-0.041911344742402434,44.59421989917755,-109.54938741265745,221.20833333333334,0.6354166666666666
843,110493696,3424,32264,,,,,,,,,,,,,,,,
,110624768,,,0.8998386859893799,0.2983184814453125,0.2,0.00013425945599999998,0.006261628121137619,18.21784210205078,7.414082047343254,0.4762393832206726,6125,0.028616484,0.0950309888,-0.03824377261917107,45.64371297359467,-127.10939502354876,235.83333333333334,0.4895833333333333
844,110624768,3424,32301,,,,,,,,,,,,,,,,
,110755840,,,0.902410663664341,0.3098358154296875,0.2,0.00013406284799999998,0.006266992539167404,20.005897521972656,7.4426748096942905,0.4682267904281616,6130,0.03296221,0.09490647039999998,-0.04224423486448359,46.877634692192075,-117.51688903274801,237.72916666666666,0.53125
845,110755840,3424,32337,,,,,,,,,,,,,,,,
,110886912,,,0.902421809732914,0.2934783935546875,0.2,0.00013386623999999997,0.006262369453907013,22.891389846801758,7.441540318727493,0.48343420028686523,6135,0.029344752,0.09478195199999999,-0.041215469280723484,47.99452784061432,-134.95656640574376,251.40625,0.4166666666666667
846,110886912,3425,32373,,,,,,,,,,,,,,,,
,111017984,,,0.8926552385091782,0.283709716796875,0.2,0.000133669632,0.006260934751480818,21.356983184814453,7.422484487295151,0.4696480631828308,6140,0.028219577,0.0946574336,-0.03926925845153164,49.879664754867555,-109.954892544863,228.41666666666666,0.625
847,111017984,3425,32409,,,,,,,,,,,,,,,,
,111149056,,,0.893597848713398,0.31255035400390624,0.2,0.00013347302399999999,0.006262250244617462,21.625839233398438,7.41279256939888,0.4665253758430481,6145,0.031234108,0.0945329152,-0.04281758334836923,46.426187467575076,-114.63399390735113,231.32291666666666,0.5625
848,111149056,3425,32444,,,,,,,,,,,,,,,,
,111280128,,,0.9059559181332588,0.3170166015625,0.2,0.00013327641599999998,0.006260287016630173,20.17064666748047,7.445500722527504,0.4855780005455017,6150,0.03350009,0.09440839679999999,-0.038693472027080136,45.8254798412323,-113.10064992293285,224.60416666666666,0.59375
849,111280128,3425,32481,,,,,,,,,,,,,,,,
,111411200,,,0.8902200534939766,0.29952239990234375,0.2,0.000133079808,0.0062624067068099976,22.65958595275879,7.49540795981884,0.4931095540523529,6155,0.02878822,0.09428387839999999,-0.03800695792888291,49.646413040161136,-123.3443722120387,242.1875,0.5208333333333334
850,111411200,3426,32516,,,,,,,,,,,,,,,,
,111542272,,,0.9015228301286697,0.30114898681640623,0.2,0.0001328832,0.006258212961256504,20.144590377807617,7.382097956538201,0.5133688449859619,6160,0.029441658,0.09415936,-0.041264534661604554,45.963033771514894,-115.91097097902495,241.03125,0.59375
851,111542272,3426,32552,,,,,,,,,,,,,,,,
,111673344,,,0.9121970981359482,0.2978118896484375,0.2,0.000132686592,0.006256363354623318,20.8431453704834,7.473351630568504,0.4639665484428406,6165,0.030002713,0.0940348416,-0.040023342068161584,42.18579572439194,-104.15790250007592,216.375,0.6458333333333334
852,111673344,3426,32588,,,,,,,,,,,,,,,,
,111804416,,,0.9065777659416199,0.3237152099609375,0.2,0.00013248998399999998,0.006255546119064093,17.928367614746094,7.443113619089127,0.5099331140518188,6170,0.031651974,0.09391032319999999,-0.03789329202263616,43.88683376312256,-102.11376531928416,211.89583333333334,0.6458333333333334
853,111804416,3426,32624,,,,,,,,,,,,,,,,
,111935488,,,0.9068828746676445,0.30942230224609374,0.2,0.000132293376,0.006253439001739025,18.235904693603516,7.440504264831543,0.4934973120689392,6175,0.031070959,0.0937858048,-0.039195630050380716,46.02310230731964,-125.90354422232731,249.28125,0.5104166666666666
854,111935488,3427,32660,,,,,,,,,,,,,,,,
,112066560,,,0.9127541035413742,0.33586883544921875,0.2,0.000132096768,0.006252618040889502,17.022932052612305,7.454462349414825,0.4993229806423187,6180,0.05835977,0.0936612864,-0.037336610940110405,42.415212869644165,-113.61019059554174,225.66666666666666,0.5729166666666666
855,112066560,3427,32696,,,,,,,,,,,,,,,,
,112197632,,,0.9045886918902397,0.2947845458984375,0.2,0.00013190016,0.00625725369900465,21.952939987182617,7.442332416772842,0.48508214950561523,6185,0.028177794,0.093536768,-0.03771021863503847,48.7539865732193,-106.75687120252536,215.96875,0.6458333333333334
856,112197632,3427,32730,,,,,,,,,,,,,,,,
,112328704,,,0.9100499972701073,0.312237548828125,0.2,0.000131703552,0.006261209957301617,15.966618537902832,7.481746011972428,0.4747685194015503,6190,0.028988378,0.09341224960000001,-0.040433522561215796,39.692654085159305,-118.3202726899064,244.71875,0.53125
857,112328704,3428,32766,,,,,,,,,,,,,,,,
,112459776,,,0.9052634537220001,0.3021392822265625,0.2,0.000131506944,0.006260278634727001,17.97503089904785,7.475813639163971,0.5261138677597046,6195,0.02729996,0.0932877312,-0.041350057919044045,44.207477402687076,-117.1649706799297,241.59375,0.5208333333333334
858,112459776,3428,32803,,,,,,,,,,,,,,,,
,112590848,,,0.9079663828015327,0.2890167236328125,0.2,0.000131310336,0.006265405565500259,19.04483413696289,7.489807763695717,0.5112025141716003,6200,0.027980842,0.0931632128,-0.03964940533915069,44.97623703479767,-112.69406540524334,225.28125,0.5833333333333334
859,112590848,3428,32839,,,,,,,,,,,,,,,,
,112721920,,,0.9170335903763771,0.30081329345703123,0.2,0.00013111372799999997,0.006268147379159927,18.780353546142578,7.362312459945679,0.48768800497055054,6205,0.030021084,0.09303869439999998,-0.03971700890106149,42.660323762893675,-130.36709578445513,252.84375,0.46875
860,112721920,3428,32875,,,,,,,,,,,,,,,,
,112852992,,,0.9024363160133362,0.27840728759765626,0.2,0.00013091712,0.0062695275992155075,19.99075698852539,7.394006058573723,0.4962485730648041,6210,0.025441762,0.09291417599999999,-0.03836978988110786,45.64223189353943,-111.17582898505066,213.30208333333334,0.5729166666666666
861,112852992,3428,32911,,,,,,,,,,,,,,,,
,112984064,,,0.8889236152172089,0.2997589111328125,0.2,0.00013072051199999998,0.0062737837433815,24.011886596679688,7.5083398759365085,0.48830240964889526,6215,0.030155048,0.09278965759999999,-0.04010275855544023,51.34529912471771,-114.08131705159697,224.30208333333334,0.5833333333333334
862,112984064,3429,32947,,,,,,,,,,,,,,,,
,113115136,,,0.9098936170339584,0.28312530517578127,0.2,0.00013052390399999998,0.0062763686291873455,17.75611114501953,7.478718158602715,0.49055999517440796,6220,0.030512664,0.0926651392,-0.03669673894182779,43.39059711694718,-116.627977413913,227.61458333333334,0.5520833333333334
863,113115136,3429,32982,,,,,,,,,,,,,,,,
,113246208,,,0.9064283967018127,0.31295318603515626,0.2,0.00013032729599999997,0.006272224709391594,21.664472579956055,7.433023726940155,0.510008692741394,6225,0.030313585,0.09254062079999999,-0.04197856271493947,44.794915723800656,-106.86969325531363,216.26041666666666,0.625
864,113246208,3429,33018,,,,,,,,,,,,,,,,
,113377280,,,0.9094250053167343,0.309930419921875,0.2,0.000130130688,0.006273563951253891,19.837570190429688,7.4505255848169325,0.49577662348747253,6230,0.030118955,0.09241610239999999,-0.04142274442128837,42.38149781227112,-107.49306251556601,213.11458333333334,0.59375
865,113377280,3430,33054,,,,,,,,,,,,,,,,
,113508352,,,0.915216900408268,0.3154541015625,0.2,0.00012993407999999999,0.006281204521656036,20.9532413482666,7.416880947351456,0.49151238799095154,6235,0.0360957,0.092291584,-0.039966512654791585,41.754028511047366,-122.5340295722735,254.67708333333334,0.5
866,113508352,3430,33090,,,,,,,,,,,,,,,,
,113639424,,,0.9140935689210892,0.3173919677734375,0.2,0.00012973747199999998,0.006279129534959793,18.393857955932617,7.404188865423203,0.48969775438308716,6240,0.032332756,0.0921670656,-0.03638892049348215,44.176171684265135,-106.51727274927553,213.98958333333334,0.6041666666666666
867,113639424,3430,33126,,,,,,,,,,,,,,,,
,113770496,,,0.9130740463733673,0.3045806884765625,0.2,0.000129540864,0.006284547504037619,15.821730613708496,7.44828517138958,0.4925495386123657,6245,0.032036535,0.09204254719999999,-0.03761157202243339,40.18641366958618,-109.62616024471357,228.96875,0.5729166666666666
868,113770496,3430,33162,,,,,,,,,,,,,,,,
,113901568,,,0.9185750633478165,0.30317535400390627,0.2,0.000129344256,0.006280222907662392,17.28642463684082,7.357032522559166,0.4652772545814514,6250,0.031392418,0.0919180288,-0.04146979291399475,38.73754169940948,-103.49870501076875,209.22916666666666,0.65625
869,113901568,3430,33198,,,,,,,,,,,,,,,,
,114032640,,,0.9124217703938484,0.30712890625,0.2,0.000129147648,0.006281567737460136,15.730452537536621,7.43150395154953,0.48320648074150085,6255,0.029753776,0.0917935104,-0.03946588927792618,40.72083745002747,-114.17334543348913,215.3125,0.5729166666666666
870,114032640,3431,33233,,,,,,,,,,,,,,,,
,114163712,,,0.9151516482234001,0.31163482666015624,0.2,0.00012895103999999998,0.006287108175456524,18.572370529174805,7.441745680570603,0.5055041313171387,6260,0.03209244,0.091668992,-0.038500857999315484,42.33962997198105,-118.45448730456798,229.71875,0.53125
871,114163712,3431,33270,,,,,,,,,,,,,,,,
,114294784,,,0.9100494831800461,0.288262939453125,0.2,0.000128754432,0.006288950797170401,19.11963653564453,7.356151187419892,0.49266478419303894,6265,0.028623298,0.0915444736,-0.03864367736969143,41.69295318126679,-103.47221042345593,208.05208333333334,0.6770833333333334
872,114294784,3431,33304,,,,,,,,,,,,,,,,
,114425856,,,0.9172491580247879,0.280059814453125,0.2,0.000128557824,0.0062939184717834,18.06635284423828,7.424305787682533,0.4796001613140106,6270,0.027656808,0.0914199552,-0.04122661905130372,37.12476328611374,-118.20688760732837,228.65625,0.5416666666666666
873,114425856,3432,33340,,,,,,,,,,,,,,,,
,114556928,,,0.911491259932518,0.31656951904296876,0.2,0.000128361216,0.006299914326518774,18.137615203857422,7.38516558110714,0.499652236700058,6275,0.03198804,0.0912954368,-0.04113151617057156,42.67157564163208,-131.86554719412865,243.66666666666666,0.5
874,114556928,3432,33375,,,,,,,,,,,,,,,,
,114688000,,,0.8964081481099129,0.285040283203125,0.2,0.000128164608,0.0063020093366503716,22.763513565063477,7.392876461148262,0.5051186084747314,6280,0.024711855,0.09117091840000001,-0.03906638373155147,47.42511224746704,-111.46232300982155,237.88541666666666,0.5833333333333334
875,114688000,3432,33412,,,,,,,,,,,,,,,,
,114819072,,,0.9154987186193466,0.27407684326171877,0.2,0.000127968,0.0063011860474944115,17.209875106811523,7.392751190066337,0.4958755373954773,6285,0.025101777,0.0910464,-0.039306185813620685,38.78646231889725,-123.13968851635143,245.66666666666666,0.4895833333333333
876,114819072,3432,33449,,,,,,,,,,,,,,,,
,114950144,,,0.9155016094446182,0.290936279296875,0.2,0.00012777139199999997,0.006301551125943661,17.009450912475586,7.411568281054497,0.5022351145744324,6290,0.026388574,0.09092188159999999,-0.040275292537990025,39.376380670070645,-106.32202530314824,218.51041666666666,0.6458333333333334
877,114950144,3432,33485,,,,,,,,,,,,,,,,
,115081216,,,0.9125945046544075,0.297552490234375,0.2,0.00012757478399999997,0.006298588123172522,17.628698348999023,7.435460621118546,0.49444103240966797,6295,0.029124342,0.09079736319999998,-0.0384248025045963,41.22395031452179,-109.56567434908878,218.35416666666666,0.6041666666666666
878,115081216,3433,33520,,,,,,,,,,,,,,,,
,115212288,,,0.9159069508314133,0.31088409423828123,0.2,0.000127378176,0.006303244736045599,17.00558090209961,7.470657512545586,0.49795347452163696,6300,0.031646237,0.09067284479999999,-0.04013552633987274,39.92091419696808,-107.06918016185934,215.71875,0.6145833333333334
879,115212288,3433,33557,,,,,,,,,,,,,,,,
,115343360,,,0.9152269810438156,0.32396697998046875,0.2,0.00012718156799999998,0.006307326257228851,21.12240219116211,7.424539270997047,0.4804280400276184,6305,0.032735646,0.09054832639999999,-0.042047279037797126,41.666960990428926,-105.67402722598683,212.94791666666666,0.625
880,115343360,3433,33592,,,,,,,,,,,,,,,,
,115474432,,,0.910607285797596,0.29839630126953126,0.2,0.00012698495999999997,0.006307102274149656,22.00002098083496,7.389031845331192,0.49943774938583374,6310,0.028585771,0.090423808,-0.03938532349420711,44.618918490409854,-119.9445454432492,244.22916666666666,0.5104166666666666
881,115474432,3433,33629,,,,,,,,,,,,,,,,
,115605504,,,0.9061751440167427,0.27966461181640623,0.2,0.00012678835199999997,0.006310643162578344,18.167539596557617,7.417383912205696,0.4915432333946228,6315,0.02674479,0.09029928959999999,-0.038058062540949324,43.74712772369385,-114.37283709735895,233.65625,0.59375
882,115605504,3434,33664,,,,,,,,,,,,,,,,
,115736576,,,0.9172402769327164,0.29451446533203124,0.2,0.000126591744,0.006310415454208851,17.647615432739258,7.408258053660393,0.49625110626220703,6320,0.034495585,0.09017477119999999,-0.04027865830285009,39.99234914779663,-117.48829554332876,238.78125,0.5104166666666666
883,115736576,3434,33700,,,,,,,,,,,,,,,,
,115867648,,,0.9125395193696022,0.2999176025390625,0.2,0.00012639513599999998,0.006312369368970394,21.811811447143555,7.387770023941994,0.5172102451324463,6325,0.028934734,0.0900502528,-0.0396450911910506,43.716323900222775,-118.05347008432584,241.01041666666666,0.5208333333333334
884,115867648,3434,33737,,,,,,,,,,,,,,,,
,115998720,,,0.9081288576126099,0.31945037841796875,0.2,0.00012619852799999998,0.006313610356301069,19.836759567260742,7.403328028321266,0.5259702205657959,6330,0.03154135,0.0899257344,-0.04100677616224857,42.40775225162506,-106.9166756199209,211.25,0.6145833333333334
885,115998720,3434,33772,,,,,,,,,,,,,,,,
,116129792,,,0.9011349603533745,0.2843353271484375,0.2,0.00012600192,0.006309594959020615,18.82985496520996,7.449845439195633,0.5073754787445068,6335,0.026993956,0.089801216,-0.039467698692169505,45.69715030193329,-114.2131254840336,220.82291666666666,0.625
886,116129792,3435,33806,,,,,,,,,,,,,,,,
,116260864,,,0.9020738676190376,0.27331695556640623,0.2,0.000125805312,0.006304421927779913,24.49724578857422,7.365714800357819,0.500422477722168,6340,0.02671184,0.0896766976,-0.03837966618884821,46.810391426086426,-101.25375214342851,205.89583333333334,0.6770833333333334
887,116260864,3435,33840,,,,,,,,,,,,,,,,
,116391936,,,0.9079447910189629,0.28213043212890626,0.2,0.00012560870399999999,0.006308435462415218,19.52112579345703,7.418751120567322,0.5253596305847168,6345,0.027499393,0.0895521792,-0.03692499076423701,45.870390343666074,-116.77932719622281,222.20833333333334,0.59375
888,116391936,3435,33875,,,,,,,,,,,,,,,,
,116523008,,,0.905787743628025,0.2831451416015625,0.2,0.000125412096,0.0063082193955779076,17.93360710144043,7.41587817966938,0.5071536302566528,6350,0.026483182,0.0894276608,-0.037701146671315654,44.21721122264862,-113.44591215471785,227.8125,0.59375
889,116523008,3436,33911,,,,,,,,,,,,,,,,
,116654080,,,0.9114843904972076,0.29448394775390624,0.2,0.000125215488,0.006303044967353344,17.50204086303711,7.443551978468895,0.5235662460327148,6355,0.027149945,0.08930314240000001,-0.040769124522921626,43.5952353477478,-99.71901712042028,210.25,0.6770833333333334
890,116654080,3436,33947,,,,,,,,,,,,,,,,
,116785152,,,0.912968136370182,0.30045166015625,0.2,0.00012501888,0.006305051501840353,20.636592864990234,7.460438919067383,0.5134403705596924,6360,0.031225732,0.089178624,-0.03850858535879524,40.949034512043,-114.90798342198245,232.80208333333334,0.5625
891,116785152,3436,33982,,,,,,,,,,,,,,,,
,116916224,,,0.9180899634957314,0.2953369140625,0.2,0.000124822272,0.006301866378635168,18.54159927368164,7.358975377678871,0.5177969336509705,6365,0.02966006,0.0890541056,-0.040127236273838206,39.155132138729094,-109.46730540083665,216.07291666666666,0.65625
892,116916224,3436,34018,,,,,,,,,,,,,,,,
,117047296,,,0.9046969264745712,0.27671051025390625,0.2,0.000124625664,0.006300613284111023,19.36811637878418,7.4595874577760695,0.5248813033103943,6370,0.02831743,0.08892958720000001,-0.03713651754078455,46.01370108127594,-122.9676705631146,244.60416666666666,0.5
893,117047296,3437,34054,,,,,,,,,,,,,,,,
,117178368,,,0.9046283438801765,0.29882965087890623,0.2,0.000124429056,0.006307277362793684,19.17977523803711,7.46808252632618,0.5098251700401306,6375,0.031194754,0.08880506880000001,-0.041258656719583085,44.419910395145415,-103.88952832406765,217.0,0.6145833333333334
894,117178368,3437,34089,,,,,,,,,,,,,,,,
,117309440,,,0.9219591990113258,0.29820556640625,0.2,0.00012423244799999997,0.006309749558568001,18.95220375061035,7.449251511693001,0.5061453580856323,6380,0.033364877,0.08868055039999999,-0.038737425635918046,37.770427632331845,-116.33175575581247,238.82291666666666,0.53125
895,117309440,3437,34125,,,,,,,,,,,,,,,,
,117440512,,,0.9145199283957481,0.2950042724609375,0.2,0.00012403583999999996,0.0063093602657318115,18.51636505126953,7.393616580963135,0.5179827213287354,6385,0.029436043,0.08855603199999999,-0.03891964709328022,42.722456908226015,-99.5775899784398,207.34375,0.65625
896,117440512,3437,34160,,,,,,,,,,,,,,,,
,117571584,,,0.9113308638334274,0.29508514404296876,0.2,0.00012383923199999999,0.006305995397269726,19.003549575805664,7.447521579265595,0.5376657247543335,6390,0.029839065,0.08843151359999998,-0.03923476554627996,40.67129926681518,-124.91117107035639,252.48958333333334,0.46875
897,117571584,3438,34196,,,,,,,,,,,,,,,,
,117702656,,,0.9056242033839226,0.2943817138671875,0.2,0.00012364262399999998,0.006306953728199005,19.138193130493164,7.41125222146511,0.5397855639457703,6395,0.02768826,0.08830699519999999,-0.040202451369259505,44.339906620979306,-123.56790695754621,242.82291666666666,0.5
898,117702656,3438,34231,,,,,,,,,,,,,,,,
,117833728,,,0.900642141699791,0.3024932861328125,0.2,0.00012344601599999997,0.006302309222519398,15.736501693725586,7.468942478299141,0.4934322237968445,6400,0.026966121,0.08818247679999999,-0.041105089521443004,40.02746852636337,-117.00458252083841,239.94791666666666,0.5625
899,117833728,3438,34267,,,,,,,,,,,,,,,,
,117964800,,,0.9075598791241646,0.29329376220703124,0.2,0.000123249408,0.00630079535767436,19.68862533569336,7.4287097483873366,0.5106250047683716,6405,0.02894456,0.0880579584,-0.037254023607238194,45.11205005645752,-117.01984916334364,241.5,0.53125
900,117964800,3438,34303,,,,,,,,,,,,,,,,
,118095872,,,0.9130474179983139,0.28635406494140625,0.2,0.0001230528,0.006301853805780411,21.56818199157715,7.4092614382505415,0.5143228769302368,6410,0.026960252,0.08793343999999999,-0.039525437154225074,42.47935441732407,-116.02712311475898,227.27083333333334,0.5833333333333334
901,118095872,3439,34338,,,,,,,,,,,,,,,,
,118226944,,,0.9044630378484726,0.30903778076171873,0.2,0.00012285619199999998,0.006301014684140682,18.1551570892334,7.433128628134727,0.5240005254745483,6415,0.029530935,0.08780892159999999,-0.03902938828978222,43.28115439414978,-118.48696379615662,239.03125,0.5625
902,118226944,3439,34374,,,,,,,,,,,,,,,,
,118358016,,,0.9159741401672363,0.29173431396484373,0.2,0.00012265958399999998,0.006296038627624512,18.490144729614258,7.433368900418282,0.5361970067024231,6420,0.030440962,0.0876844032,-0.03996974105539266,38.8291468501091,-120.25890098238102,221.6875,0.5520833333333334
903,118358016,3439,34408,,,,,,,,,,,,,,,,
,118489088,,,0.9028113856911659,0.28229522705078125,0.2,0.000122462976,0.006298534572124481,16.470407485961914,7.436478540301323,0.5284097790718079,6425,0.028718632,0.0875598848,-0.038912833377253264,40.67562835216522,-100.98174191212212,218.71875,0.7083333333333334
904,118489088,3440,34443,,,,,,,,,,,,,,,,
,118620160,,,0.8996383473277092,0.2902496337890625,0.2,0.000122266368,0.00629798648878932,22.449447631835938,7.412356388568878,0.5193101167678833,6430,0.027064145,0.08743536639999999,-0.04001224651874509,46.28258192539215,-118.63836170293085,218.46875,0.5416666666666666
905,118620160,3440,34480,,,,,,,,,,,,,,,,
,118751232,,,0.9073369801044464,0.28339385986328125,0.2,0.00012206976,0.006295965518802404,15.963823318481445,7.404676693677902,0.5108845233917236,6435,0.028577931,0.087310848,-0.037862673969357274,43.215401995182035,-109.16220727202818,229.47916666666666,0.59375
906,118751232,3440,34516,,,,,,,,,,,,,,,,
,118882304,,,0.9103031381964684,0.3105987548828125,0.2,0.00012187315199999999,0.006293684244155884,19.3989315032959,7.373176890611648,0.5061624050140381,6440,0.032473974,0.0871863296,-0.039065705158282074,41.43403561115265,-108.36724532882579,210.4375,0.6354166666666666
907,118882304,3440,34551,,,,,,,,,,,,,,,,
,119013376,,,0.8937651589512825,0.31703643798828124,0.2,0.000121676544,0.00629021879285574,19.92027473449707,7.390100303292274,0.5037858486175537,6445,0.02993931,0.0870618112,-0.04001014852838125,46.44188742637634,-107.12432103324859,219.40625,0.6041666666666666
908,119013376,3440,34587,,,,,,,,,,,,,,,,
,119144448,,,0.8935902416706085,0.27434844970703126,0.2,0.000121479936,0.006291679106652737,22.39508628845215,7.454410493373871,0.5125654935836792,6450,0.026535083,0.0869372928,-0.03859324601653498,46.75412151813507,-104.42636844757328,212.17708333333334,0.6041666666666666
909,119144448,3441,34623,,,,,,,,,,,,,,,,
,119275520,,,0.9052343368530273,0.31813201904296873,0.2,0.000121283328,0.006292176432907581,15.757804870605469,7.478510773181915,0.49947023391723633,6455,0.030461162,0.0868127744,-0.04072654626070289,43.04567737579346,-102.58089337714735,214.88541666666666,0.6458333333333334
910,119275520,3441,34660,,,,,,,,,,,,,,,,
,119406592,,,0.9104426056146622,0.32105712890625,0.2,0.00012108672000000001,0.006291729863733053,18.095212936401367,7.415369382500648,0.4993228316307068,6460,0.03230129,0.086688256,-0.04090415234968532,42.737159323692325,-110.18474034758871,223.64583333333334,0.5729166666666666
911,119406592,3441,34695,,,,,,,,,,,,,,,,
,119537664,,,0.9025905653834343,0.28527374267578126,0.2,0.000120890112,0.0062943934462964535,27.452899932861328,7.459637382626534,0.5183435678482056,6465,0.027877659,0.08656373760000001,-0.03985934410011396,47.92864987850189,-115.0928243416149,234.78125,0.5520833333333334
912,119537664,3441,34731,,,,,,,,,,,,,,,,
,119668736,,,0.9097403511404991,0.307470703125,0.2,0.00012069350399999997,0.006301713641732931,17.77300453186035,7.396499973535538,0.508598804473877,6470,0.02937027,0.08643921919999999,-0.04355666551564354,42.997707557678225,-102.77695853890616,211.11458333333334,0.6354166666666666
913,119668736,3441,34767,,,,,,,,,,,,,,,,
,119799808,,,0.9129113107919693,0.3020843505859375,0.2,0.00012049689599999998,0.006303064525127411,16.791305541992188,7.457354912161827,0.5026339292526245,6475,0.029967722,0.08631470079999999,-0.03929542852856684,41.84376540184021,-118.16378535788958,232.92708333333334,0.5416666666666666
914,119799808,3442,34802,,,,,,,,,,,,,,,,
,119930880,,,0.9142574071884155,0.28174591064453125,0.2,0.00012030028799999998,0.0063025495037436485,19.47641372680664,7.372102215886116,0.523714542388916,6480,0.027112022,0.0861901824,-0.039611274031631186,43.235582542419436,-121.62846214456124,252.0625,0.5208333333333334
915,119930880,3442,34838,,,,,,,,,,,,,,,,
,120061952,,,0.9019357711076736,0.2886932373046875,0.2,0.00012010367999999998,0.006296017672866583,20.191871643066406,7.378494325280189,0.527766227722168,6485,0.02889547,0.08606566399999999,-0.03706224302732153,44.01044486761093,-111.10358294329974,221.42708333333334,0.5833333333333334
916,120061952,3442,34872,,,,,,,,,,,,,,,,
,120193024,,,0.9090136364102364,0.30390167236328125,0.2,0.00011990707199999999,0.006297118961811066,14.612397193908691,7.4486182779073715,0.5016559958457947,6490,0.03223279,0.08594114559999999,-0.03994017497316236,37.940142321586606,-112.59160225750334,231.63541666666666,0.5729166666666666
917,120193024,3442,34909,,,,,,,,,,,,,,,,
,120324096,,,0.9101277217268944,0.28468170166015627,0.2,0.00011971046399999998,0.0062903305515646935,17.850425720214844,7.416957846283912,0.5198020935058594,6495,0.027413135,0.0858166272,-0.038982525092433204,43.35656452178955,-114.11473222651688,226.41666666666666,0.5520833333333334
918,120324096,3443,34944,,,,,,,,,,,,,,,,
,120455168,,,0.9131893962621689,0.28025054931640625,0.2,0.00011951385599999999,0.006286523770540953,18.999698638916016,7.437184789776802,0.5083702802658081,6500,0.02704765,0.0856921088,-0.03959643322450575,40.80201952457428,-120.62892323948506,239.01041666666666,0.53125
919,120455168,3443,34982,,,,,,,,,,,,,,,,
,120586240,,,0.911685936152935,0.31357421875,0.2,0.00011931724799999998,0.00628211535513401,19.872892379760742,7.457373082637787,0.5200616717338562,6505,0.029372089,0.08556759039999999,-0.039830260873713996,40.842298245429994,-111.97540128836651,231.52083333333334,0.5833333333333334
920,120586240,3443,35018,,,,,,,,,,,,,,,,
,120717312,,,0.9099516496062279,0.29673614501953127,0.2,0.00011912063999999999,0.006281856447458267,17.060487747192383,7.481210786104202,0.5083577036857605,6510,0.027715445,0.085443072,-0.03834672649390995,39.762979412078856,-117.58061857447836,243.33333333333334,0.5416666666666666
921,120717312,3443,35054,,,,,,,,,,,,,,,,
,120848384,,,0.9153873100876808,0.30557403564453123,0.2,0.000118924032,0.0062824999913573265,23.944313049316406,7.4016820132732395,0.5454198122024536,6515,0.030679531,0.0853185536,-0.03783721670333762,43.447544884681705,-119.33649948306042,236.65625,0.5625
922,120848384,3443,35090,,,,,,,,,,,,,,,,
,120979456,,,0.9154747724533081,0.2981170654296875,0.2,0.00011872742399999999,0.006281018257141113,19.545886993408203,7.451561391353607,0.49780207872390747,6520,0.028127743,0.0851940352,-0.03753658154746518,40.62244870662689,-115.94799582162257,232.84375,0.5625
923,120979456,3444,35126,,,,,,,,,,,,,,,,
,121110528,,,0.9160843193531036,0.30072479248046874,0.2,0.000118530816,0.006277977488934994,19.32657241821289,7.465388652682305,0.5282606482505798,6525,0.031305637,0.0850695168,-0.03806193110649474,41.52913881540299,-115.03926498287963,240.625,0.5833333333333334
924,121110528,3444,35163,,,,,,,,,,,,,,,,
,121241600,,,0.9092533886432648,0.30877532958984377,0.2,0.00011833420799999999,0.006284516304731369,15.487585067749023,7.449797484278679,0.5159492492675781,6530,0.0296765,0.0849449984,-0.04164654007181525,41.76966692209244,-115.31421972264486,225.11458333333334,0.5833333333333334
925,121241600,3444,35198,,,,,,,,,,,,,,,,
,121372672,,,0.9165006875991821,0.2731903076171875,0.2,0.0001181376,0.0062826042994856834,17.472671508789062,7.4229308515787125,0.5105603933334351,6535,0.027014503,0.08482048,-0.0400599652537494,40.4578121304512,-116.97617623098795,240.51041666666666,0.5625
926,121372672,3444,35235,,,,,,,,,,,,,,,,
,121503744,,,0.9240820035338402,0.30465850830078123,0.2,0.000117940992,0.006276090629398823,13.53864574432373,7.5159992456436155,0.508209228515625,6540,0.030519942,0.08469596160000001,-0.040058674197643994,33.62936156988144,-111.53039553365234,232.4375,0.5625
927,121503744,3444,35271,,,,,,,,,,,,,,,,
,121634816,,,0.9178599491715431,0.29018707275390626,0.2,0.000117744384,0.006275404244661331,16.039627075195312,7.469845849275589,0.5189309120178223,6545,0.027845746,0.0845714432,-0.038324365744483654,38.255109417438504,-114.66562201357091,235.92708333333334,0.5208333333333334
928,121634816,3444,35307,,,,,,,,,,,,,,,,
,121765888,,,0.9197487235069275,0.3136199951171875,0.2,0.00011754777600000001,0.0062776911072432995,16.21198272705078,7.473361787199974,0.5255591869354248,6550,0.03170283,0.0844469248,-0.040222989869653246,36.17758973836899,-120.03624142399288,237.04166666666666,0.5625
929,121765888,3445,35344,,,,,,,,,,,,,,,,
,121896960,,,0.9188362210988998,0.280206298828125,0.2,0.00011735116799999997,0.006281351204961538,17.556568145751953,7.427049198746682,0.5247970223426819,6555,0.026460703,0.08432240639999998,-0.03913787324854638,38.40064752101898,-112.55385610807748,231.32291666666666,0.5729166666666666
930,121896960,3445,35378,,,,,,,,,,,,,,,,
,122028032,,,0.9170783832669258,0.2768951416015625,0.2,0.00011715455999999998,0.006283437367528677,15.653230667114258,7.398131716251373,0.5353862047195435,6560,0.030059457,0.08419788799999998,-0.0368564099087962,39.85335057973862,-105.8706796020831,218.85416666666666,0.6145833333333334
931,122028032,3445,35414,,,,,,,,,,,,,,,,
,122159104,,,0.9147483855485916,0.28950958251953124,0.2,0.00011695795199999998,0.006282052956521511,17.719234466552734,7.424359056353569,0.5128385424613953,6565,0.025533862,0.08407336959999999,-0.03753212218070985,39.6127947807312,-112.24131539778915,230.25,0.5625
932,122159104,3445,35450,,,,,,,,,,,,,,,,
,122290176,,,0.9233191162347794,0.27926177978515626,0.2,0.00011676134399999998,0.006273095961660147,15.779852867126465,7.42604296207428,0.5189701318740845,6570,0.026891164,0.0839488512,-0.0371612815419212,37.47115145921707,-113.11580354715086,229.89583333333334,0.5520833333333334
933,122290176,3446,35486,,,,,,,,,,,,,,,,
,122421248,,,0.9194434881210327,0.30322418212890623,0.2,0.00011656473599999998,0.006274322979152203,15.370443344116211,7.488580983877182,0.5464402437210083,6575,0.03054747,0.08382433279999998,-0.04013536966667743,37.54326609373093,-114.40771348049954,217.71875,0.59375
934,122421248,3446,35522,,,,,,,,,,,,,,,,
,122552320,,,0.912896066904068,0.32271728515625,0.2,0.00011636812799999998,0.006276730448007584,17.50606346130371,7.508362275362015,0.5225450396537781,6580,0.030538384,0.08369981439999999,-0.039385733458038884,43.55003385543823,-120.47153196660854,233.375,0.5208333333333334
935,122552320,3446,35558,,,,,,,,,,,,,,,,
,122683392,,,0.9183989688754082,0.2976226806640625,0.2,0.00011617151999999998,0.006274375598877668,14.903543472290039,7.423638007044792,0.5267189741134644,6585,0.028619608,0.083575296,-0.03836535463342443,39.16723010540009,-118.94250319528571,241.29166666666666,0.5520833333333334
936,122683392,3446,35595,,,,,,,,,,,,,,,,
,122814464,,,0.8959889113903046,0.30432586669921874,0.2,0.00011597491199999999,0.006273687817156315,18.84058380126953,7.4857135027647015,0.5317842960357666,6590,0.02871712,0.0834507776,-0.03840850957931252,47.854834055900575,-120.28301448947293,235.16666666666666,0.53125
937,122814464,3446,35630,,,,,,,,,,,,,,,,
,122945536,,,0.9170507416129112,0.28733978271484373,0.2,0.000115778304,0.006271069869399071,17.87869644165039,7.425546970963478,0.5500901937484741,6595,0.027942142,0.08332625919999999,-0.036338251375127584,41.242904651165006,-119.12047291628947,240.61458333333334,0.5416666666666666
938,122945536,3447,35666,,,,,,,,,,,,,,,,
,123076608,,,0.9098936691880226,0.312152099609375,0.2,0.00011558169599999999,0.006271831691265106,17.99419593811035,7.441655996441841,0.5345830917358398,6600,0.028964248,0.08320174079999999,-0.03585422068281332,42.83060395717621,-118.45082152237921,241.86458333333334,0.5520833333333334
939,123076608,3447,35701,,,,,,,,,,,,,,,,
,123207680,,,0.9210691824555397,0.2779571533203125,0.2,0.000115385088,0.006270282901823521,17.857444763183594,7.477247816324234,0.5486280918121338,6605,0.028327778,0.0830772224,-0.03974105781671824,37.92954497337341,-104.89699992690355,209.95833333333334,0.6458333333333334
940,123207680,3447,35736,,,,,,,,,,,,,,,,
,123338752,,,0.9099587649106979,0.3057220458984375,0.2,0.00011518847999999999,0.006269191857427359,19.55565071105957,7.448212885856629,0.5342861413955688,6610,0.030681584,0.082952704,-0.038026409019948915,43.864793276786806,-124.2276874603347,253.35416666666666,0.5208333333333334
941,123338752,3447,35772,,,,,,,,,,,,,,,,
,123469824,,,0.9010600224137306,0.29205169677734377,0.2,0.000114991872,0.006270489655435085,23.614625930786133,7.496745306253433,0.5178506374359131,6615,0.028721094,0.0828281856,-0.036764302823576143,45.3148711681366,-115.56801865417235,230.46875,0.5729166666666666
942,123469824,3447,35809,,,,,,,,,,,,,,,,
,123600896,,,0.9079574048519135,0.29334564208984376,0.2,0.000114795264,0.006270300131291151,18.353246688842773,7.4507658839225765,0.5204391479492188,6620,0.028999478,0.0827036672,-0.03965726831229403,42.65098080635071,-109.5834042637709,230.86458333333334,0.5833333333333334
943,123600896,3448,35845,,,,,,,,,,,,,,,,
,123731968,,,0.9157157987356186,0.2829986572265625,0.2,0.000114598656,0.006268973927944899,16.31789779663086,7.469569647312165,0.5336231589317322,6625,0.027611293,0.0825791488,-0.03853863377007656,37.17856583595276,-94.31188876853805,202.625,0.6875
944,123731968,3448,35881,,,,,,,,,,,,,,,,
,123863040,,,0.9168197363615036,0.2902435302734375,0.2,0.000114402048,0.006267232354730368,14.983678817749023,7.390100380778312,0.5429538488388062,6630,0.02874285,0.0824546304,-0.03951416826166678,38.909235215187074,-113.15123843681283,227.45833333333334,0.5625
945,123863040,3448,35917,,,,,,,,,,,,,,,,
,123994112,,,0.9047976210713387,0.29599609375,0.2,0.00011420544,0.006265766452997923,18.30105209350586,7.385936594009399,0.5687767863273621,6635,0.02621706,0.08233011200000001,-0.04108764349366538,44.6185649394989,-107.72487984944172,209.42708333333334,0.625
946,123994112,3448,35953,,,,,,,,,,,,,,,,
,124125184,,,0.9097721204161644,0.27246551513671874,0.2,0.000114008832,0.006264458876103163,17.280784606933594,7.413826292753219,0.5405325889587402,6640,0.02644425,0.0822055936,-0.03687041099765338,43.82289481163025,-116.31885311900959,238.41666666666666,0.53125
947,124125184,3448,35988,,,,,,,,,,,,,,,,
,124256256,,,0.9048928841948509,0.2916900634765625,0.2,0.00011381222399999997,0.006265913601964712,20.595449447631836,7.45664718747139,0.5716239809989929,6645,0.031784624,0.08208107519999999,-0.03891761499107815,45.433128643035886,-109.68274397154994,231.85416666666666,0.5833333333333334
948,124256256,3449,36024,,,,,,,,,,,,,,,,
,124387328,,,0.912834495306015,0.295953369140625,0.2,0.00011361561599999998,0.006272397935390472,20.787935256958008,7.435707539319992,0.557579517364502,6650,0.02745895,0.08195655679999998,-0.03846071474108612,40.79377475976944,-117.8121681802031,222.85416666666666,0.5729166666666666
949,124387328,3449,36060,,,,,,,,,,,,,,,,
,124518400,,,0.9200720563530922,0.29833984375,0.2,0.00011341900799999997,0.006272525992244482,17.829275131225586,7.434963032603264,0.5458749532699585,6655,0.028397111,0.08183203839999999,-0.0386039219549275,38.41239384412766,-107.48186569604054,223.84375,0.6041666666666666
950,124518400,3449,36097,,,,,,,,,,,,,,,,
,124649472,,,0.9062651544809341,0.300799560546875,0.2,0.00011322239999999998,0.006270743440836668,18.81433868408203,7.417376890778542,0.5539871454238892,6660,0.030661667,0.08170751999999999,-0.04105298290669453,42.313807249069214,-106.51176380620673,234.80208333333334,0.59375
951,124649472,3449,36132,,,,,,,,,,,,,,,,
,124780544,,,0.9076931923627853,0.28026123046875,0.2,0.00011302579199999998,0.00626816600561142,19.758522033691406,7.431751468777657,0.5353825092315674,6665,0.0262804,0.0815830016,-0.039782296092016625,42.201299810409544,-110.85398023716301,214.86458333333334,0.6041666666666666
952,124780544,3449,36169,,,,,,,,,,,,,,,,
,124911616,,,0.920080840587616,0.2951995849609375,0.2,0.00011282918399999998,0.006268482655286789,14.927828788757324,7.495517832040787,0.548547625541687,6670,0.029680852,0.08145848319999999,-0.03956764476315584,36.67736948728562,-116.49385530675572,219.28125,0.5625
953,124911616,3450,36204,,,,,,,,,,,,,,,,
,125042688,,,0.9153970032930374,0.29868621826171876,0.2,0.00011263257599999999,0.0062668658792972565,17.850008010864258,7.449376881122589,0.5466956496238708,6675,0.03085076,0.08133396479999999,-0.03888432422245387,37.3545444726944,-106.44593344163134,215.41666666666666,0.625
954,125042688,3450,36240,,,,,,,,,,,,,,,,
,125173760,,,0.9181724563241005,0.29070281982421875,0.2,0.00011243596799999998,0.006263304501771927,15.955255508422852,7.460720545053482,0.535521924495697,6680,0.027515315,0.0812094464,-0.03948899258684833,37.6702085852623,-119.83059068278705,238.98958333333334,0.5
955,125173760,3450,36277,,,,,,,,,,,,,,,,
,125304832,,,0.9103814959526062,0.28897705078125,0.2,0.00011223935999999999,0.0062650288455188274,19.486724853515625,7.405183976888656,0.5423113703727722,6685,0.027980149,0.081084928,-0.038389137512422164,40.76390318870544,-114.52560404801302,240.9375,0.5520833333333334
956,125304832,3450,36312,,,,,,,,,,,,,,,,
,125435904,,,0.9153276532888412,0.3158599853515625,0.2,0.00011204275199999999,0.006263252347707748,16.052906036376953,7.379954296350479,0.5480290055274963,6690,0.032528117,0.08096040959999999,-0.038380193823832086,38.25794944763184,-105.77054577334013,224.22916666666666,0.6145833333333334
957,125435904,3450,36348,,,,,,,,,,,,,,,,
,125566976,,,0.9188311249017715,0.2888885498046875,0.2,0.000111846144,0.006261409725993872,16.522079467773438,7.455297607183456,0.5518571734428406,6695,0.030893818,0.0808358912,-0.03970193236891646,39.07417628765106,-102.0590646254762,209.72916666666666,0.6458333333333334
958,125566976,3451,36384,,,,,,,,,,,,,,,,
,125698048,,,0.9231703281402588,0.2925994873046875,0.2,0.000111649536,0.006259056739509106,16.127422332763672,7.434117951989174,0.5321016311645508,6700,0.030502412,0.0807113728,-0.039293817833822686,36.567515754699706,-105.72586272071612,226.53125,0.6354166666666666
959,125698048,3451,36419,,,,,,,,,,,,,,,,
,125829120,,,0.9109104871749878,0.28878631591796877,0.2,0.000111452928,0.006255154963582754,18.45248794555664,7.431632566452026,0.5546093583106995,6705,0.028014513,0.0805868544,-0.03702094659238355,42.459956765174866,-124.95316429759737,245.54166666666666,0.53125
960,125829120,3451,36456,,,,,,,,,,,,,,,,
,125960192,,,0.9152577593922615,0.28417205810546875,0.2,0.00011125632,0.0062524741515517235,16.76913070678711,7.396424797177315,0.5428673028945923,6710,0.025560994,0.080462336,-0.03885350813216064,40.75147581100464,-120.59082885775234,245.0,0.5416666666666666
961,125960192,3451,36492,,,,,,,,,,,,,,,,
,126091264,,,0.9129311144351959,0.29052886962890623,0.2,0.000111059712,0.006252683699131012,18.528472900390625,7.4112482368946075,0.5717784762382507,6715,0.029331464,0.0803378176,-0.037873981415759775,42.521277284622194,-125.44633197594283,250.70833333333334,0.4895833333333333
962,126091264,3451,36528,,,,,,,,,,,,,,,,
,126222336,,,0.917581744492054,0.28659820556640625,0.2,0.000110863104,0.00624826829880476,16.360719680786133,7.39228809773922,0.5477654933929443,6720,0.026147444,0.0802132992,-0.039708706896635707,39.892387974262235,-98.92707355432962,214.33333333333334,0.6979166666666666
963,126222336,3452,36564,,,,,,,,,,,,,,,,
,126353408,,,0.9157346934080124,0.28788909912109373,0.2,0.00011066649600000001,0.006250747945159674,18.391284942626953,7.475846526026726,0.5571489334106445,6725,0.027701767,0.08008878080000001,-0.038257505040382965,37.48795758485794,-117.70350520188181,241.17708333333334,0.5520833333333334
964,126353408,3452,36600,,,,,,,,,,,,,,,,
,126484480,,,0.9117591083049774,0.28850250244140624,0.2,0.000110469888,0.0062525272369384766,17.618877410888672,7.4739312648773195,0.5435482859611511,6730,0.027727688,0.0799642624,-0.0367762072768528,42.28961226940155,-113.98392336036757,236.42708333333334,0.5625
965,126484480,3452,36637,,,,,,,,,,,,,,,,
,126615552,,,0.9158034101128578,0.29061126708984375,0.2,0.00011027327999999997,0.006253482308238745,17.25366973876953,7.3926327466964725,0.5563583374023438,6735,0.030495271,0.07983974399999999,-0.03840918900386896,41.20902591943741,-118.15280747086284,225.4375,0.5729166666666666
966,126615552,3452,36672,,,,,,,,,,,,,,,,
,126746624,,,0.9035185277462006,0.29116973876953123,0.2,0.00011007667199999998,0.006255225744098425,20.739748001098633,7.4208332151174545,0.5781784057617188,6740,0.02935176,0.07971522559999998,-0.03778254958742764,46.93250434398651,-122.70945153834406,243.25,0.53125
967,126746624,3452,36707,,,,,,,,,,,,,,,,
,126877696,,,0.9157501831650734,0.30972747802734374,0.2,0.00010988006399999997,0.006256637629121542,16.57636260986328,7.4988958775997165,0.5430516004562378,6745,0.028886948,0.07959070719999999,-0.04125017264886992,40.16867454051972,-126.55635989082054,251.95833333333334,0.5
968,126877696,3453,36743,,,,,,,,,,,,,,,,
,127008768,,,0.8973333165049553,0.28448333740234377,0.2,0.00010968345599999998,0.006257924251258373,22.41620635986328,7.433281832933426,0.5502440929412842,6750,0.027788373,0.07946618879999999,-0.038586057379143314,48.28019015789032,-115.37798802540196,237.41666666666666,0.5520833333333334
969,127008768,3453,36779,,,,,,,,,,,,,,,,
,127139840,,,0.923129066824913,0.30638580322265624,0.2,0.00010948684799999999,0.006263494025915861,16.839874267578125,7.467593488097191,0.570911169052124,6755,0.032803938,0.0793416704,-0.04089441045070998,38.77645218372345,-110.98952877611009,227.98958333333334,0.6041666666666666
970,127139840,3453,36815,,,,,,,,,,,,,,,,
,127270912,,,0.9145061448216438,0.26904754638671874,0.2,0.00010929023999999998,0.006263277493417263,16.1217098236084,7.428892913460731,0.5614296197891235,6760,0.025501546,0.07921715199999999,-0.037404488163883795,39.292925488948825,-108.30220197706797,218.0,0.6041666666666666
971,127270912,3453,36850,,,,,,,,,,,,,,,,
,127401984,,,0.9185373336076736,0.2783660888671875,0.2,0.00010909363199999999,0.006264606025069952,15.600078582763672,7.5310578554868695,0.5427391529083252,6765,0.026862655,0.07909263359999999,-0.03773622857115697,38.637194991111755,-107.16874163514136,222.3125,0.625
972,127401984,3453,36886,,,,,,,,,,,,,,,,
,127533056,,,0.9117227420210838,0.275738525390625,0.2,0.00010889702399999998,0.00626470847055316,18.567556381225586,7.466613629460335,0.5353593826293945,6770,0.026133107,0.0789681152,-0.03617078762035817,42.047615432739256,-110.94074331597632,220.625,0.59375
973,127533056,3454,36922,,,,,,,,,,,,,,,,
,127664128,,,0.9166672900319099,0.28839569091796874,0.2,0.00010870041599999999,0.0062677389942109585,16.837549209594727,7.4538164108991625,0.5389443039894104,6775,0.028424896,0.0788435968,-0.03801857737998944,41.85964704751969,-118.69019591025899,246.65625,0.5
974,127664128,3454,36958,,,,,,,,,,,,,,,,
,127795200,,,0.9119496271014214,0.268316650390625,0.2,0.000108503808,0.006266428157687187,16.334217071533203,7.463871547579766,0.5284724235534668,6780,0.025737118,0.0787190784,-0.03809968267014483,42.021861863136294,-112.52379182245579,233.875,0.59375
975,127795200,3454,36994,,,,,,,,,,,,,,,,
,127926272,,,0.9136163219809532,0.2996246337890625,0.2,0.00010830719999999999,0.006267405115067959,15.689176559448242,7.474123409390449,0.5309727191925049,6785,0.030160367,0.07859456,-0.037186859957000704,39.1027510881424,-98.85670606216406,212.9375,0.65625
976,127926272,3454,37029,,,,,,,,,,,,,,,,
,128057344,,,0.9091488793492317,0.273779296875,0.2,0.000108110592,0.006266795098781586,17.997718811035156,7.508276963233948,0.5360941290855408,6790,0.024547879,0.0784700416,-0.03852886937384028,41.65756461620331,-113.15923641148622,218.91666666666666,0.625
977,128057344,3455,37063,,,,,,,,,,,,,,,,
,128188416,,,0.9138107001781464,0.2786712646484375,0.2,0.000107913984,0.006264175288379192,20.51677894592285,7.451205980777741,0.5468893051147461,6795,0.027019367,0.0783455232,-0.04023911183321616,40.600081825256346,-108.36677059303231,218.26041666666666,0.59375
978,128188416,3455,37099,,,,,,,,,,,,,,,,
,128319488,,,0.9250387400388718,0.2748046875,0.2,0.000107717376,0.006262951530516148,17.04789924621582,7.491958966851234,0.5304971933364868,6800,0.025701497,0.07822100480000001,-0.03704733324411791,37.81741105318069,-109.51060519639361,227.17708333333334,0.6041666666666666
979,128319488,3455,37135,,,,,,,,,,,,,,,,
,128450560,,,0.9187335893511772,0.3136383056640625,0.2,0.00010752076800000001,0.0062660942785441875,17.86310386657715,7.468185004591942,0.5613850355148315,6805,0.029201396,0.0780964864,-0.039710308870417065,38.01803535223007,-115.20893681595008,227.21875,0.5833333333333334
980,128450560,3455,37171,,,,,,,,,,,,,,,,
,128581632,,,0.9285303056240082,0.29862518310546876,0.2,0.00010732416,0.006261351518332958,16.656259536743164,7.454496166110038,0.551210343837738,6810,0.029916398,0.077971968,-0.03877503427211195,35.632867622375485,-111.87384091700909,226.91666666666666,0.5833333333333334
981,128581632,3455,37206,,,,,,,,,,,,,,,,
,128712704,,,0.920392319560051,0.27613983154296873,0.2,0.00010712755200000001,0.006265394389629364,18.433469772338867,7.447306209802628,0.5637772083282471,6815,0.02806182,0.07784744960000001,-0.03885420741280541,38.68032374382019,-111.32763584130316,225.78125,0.5833333333333334
982,128712704,3456,37242,,,,,,,,,,,,,,,,
,128843776,,,0.9089632779359818,0.2921173095703125,0.2,0.000106930944,0.006263574585318565,18.72981071472168,7.469810092449189,0.5586057901382446,6820,0.025943281,0.07772293120000001,-0.03795738398330286,43.486713194847106,-118.54736309576282,233.83333333333334,0.5208333333333334
983,128843776,3456,37278,,,,,,,,,,,,,,,,
,128974848,,,0.9136515855789185,0.2492889404296875,0.2,0.00010673433599999997,0.006262588780373335,19.236906051635742,7.440103954076767,0.5567612648010254,6825,0.025641719,0.07759841279999999,-0.0357807723863516,43.032754516601564,-118.78537598616686,241.41666666666666,0.53125
984,128974848,3456,37313,,,,,,,,,,,,,,,,
,129105920,,,0.923412598669529,0.30096282958984377,0.2,0.00010653772799999998,0.0062569743022322655,16.076696395874023,7.48091011941433,0.5519553422927856,6830,0.0277045,0.07747389439999999,-0.0382093028340023,37.35259999036789,-107.39948285824828,219.125,0.6354166666666666
985,129105920,3456,37349,,,,,,,,,,,,,,,,
,129236992,,,0.9107702970504761,0.28155975341796874,0.2,0.00010634111999999999,0.0062539479695260525,21.1533260345459,7.425025686621666,0.5743853449821472,6835,0.025944361,0.07734937599999998,-0.03860737436625641,42.67748326063156,-94.6009764427439,201.90625,0.6979166666666666
986,129236992,3456,37385,,,,,,,,,,,,,,,,
,129368064,,,0.914781741797924,0.28833465576171874,0.2,0.00010614451199999998,0.00625044759362936,17.55450439453125,7.521450114250183,0.5872015357017517,6840,0.026073541,0.07722485759999999,-0.039595797166111876,37.51529332399368,-109.23966607616548,211.85416666666666,0.625
987,129368064,3457,37421,,,,,,,,,,,,,,,,
,129499136,,,0.8955946564674377,0.27850189208984377,0.2,0.00010594790399999999,0.006251287646591663,17.84465789794922,7.525347474217415,0.5842666029930115,6845,0.02696304,0.07710033919999999,-0.038737784983823076,44.49465932846069,-107.71944994703172,214.21875,0.65625
988,129499136,3457,37456,,,,,,,,,,,,,,,,
,129630208,,,0.9123917073011398,0.28585205078125,0.2,0.00010575129599999998,0.0062536983750760555,17.745853424072266,7.485105261206627,0.5807849168777466,6850,0.034837667,0.0769758208,-0.03824339233251521,39.152901637554166,-101.72759098850634,195.72916666666666,0.6979166666666666
989,129630208,3457,37492,,,,,,,,,,,,,,,,
,129761280,,,0.9141493588685989,0.28393402099609377,0.2,0.00010555468799999999,0.006250427570194006,15.453617095947266,7.3951397895812985,0.5745266675949097,6855,0.025642976,0.07685130239999999,-0.04068052281218115,36.52299001216888,-123.65726922554397,250.20833333333334,0.5
990,129761280,3457,37528,,,,,,,,,,,,,,,,
,129892352,,,0.8984203264117241,0.2994232177734375,0.2,0.00010535808,0.0062456089071929455,21.292879104614258,7.4888464361429214,0.6045888662338257,6860,0.028932553,0.07672678399999999,-0.03947521428344771,45.15984897613525,-124.97700066924193,231.32291666666666,0.53125
991,129892352,3457,37564,,,,,,,,,,,,,,,,
,130023424,,,0.9055492356419563,0.27614593505859375,0.2,0.00010516147199999999,0.0062386407516896725,20.40650749206543,7.431972333788872,0.599998414516449,6865,0.025971975,0.0766022656,-0.03985761147923768,45.726231813430786,-126.76222133634633,256.625,0.4791666666666667
992,130023424,3458,37600,,,,,,,,,,,,,,,,
,130154496,,,0.9134002327919006,0.28800201416015625,0.2,0.000104964864,0.006237016059458256,17.69965362548828,7.479412364959717,0.5893545150756836,6870,0.026367683,0.0764777472,-0.03933760189393069,38.72640657424927,-117.0857755365616,235.75,0.59375
993,130154496,3458,37635,,,,,,,,,,,,,,,,
,130285568,,,0.9113359749317169,0.28285064697265627,0.2,0.00010476825599999999,0.006233217194676399,16.486419677734375,7.487824106216431,0.6023520827293396,6875,0.030985188,0.07635322879999999,-0.03806146018905565,39.27749638557434,-105.061643916748,233.97916666666666,0.625
994,130285568,3458,37671,,,,,,,,,,,,,,,,
,130416640,,,0.9123818576335907,0.2766204833984375,0.2,0.000104571648,0.006229618564248085,18.957059860229492,7.409585106372833,0.6055524349212646,6880,0.025595196,0.0762287104,-0.037356680037919435,41.81756324768067,-102.2100283678459,214.38541666666666,0.6458333333333334
995,130416640,3458,37708,,,,,,,,,,,,,,,,
,130547712,,,0.9075484648346901,0.28346099853515627,0.2,0.00010437503999999999,0.006233342923223972,17.729961395263672,7.449270385503769,0.6040494441986084,6885,0.028045282,0.076104192,-0.03789615260175196,39.77856467962265,-118.82724692879322,242.61458333333334,0.5416666666666666
996,130547712,3458,37743,,,,,,,,,,,,,,,,
,130678784,,,0.9082247465848923,0.28013458251953127,0.2,0.000104178432,0.0062330616638064384,14.577380180358887,7.524024358391761,0.6138477325439453,6890,0.024866052,0.0759796736,-0.03985547633492388,39.15481190681457,-112.64973743579867,233.65625,0.59375
997,130678784,3458,37779,,,,,,,,,,,,,,,,
,130809856,,,0.9120077863335609,0.28047027587890627,0.2,0.00010398182400000001,0.006232501473277807,14.674202919006348,7.471299675107002,0.5878552198410034,6895,0.026746653,0.0758551552,-0.036385417051496914,40.179033482074736,-109.73510039563375,232.71875,0.6145833333333334
998,130809856,3459,37815,,,,,,,,,,,,,,,,
,130940928,,,0.9048160165548325,0.28379364013671876,0.2,0.000103785216,0.0062322234734892845,17.440406799316406,7.462075260281563,0.6196247935295105,6900,0.02730285,0.0757306368,-0.03946226556872716,39.467924654483795,-118.89983518128606,235.375,0.5729166666666666
999,130940928,3459,37851,,,,,,,,,,,,,,,,
,131072000,,,0.9095153957605362,0.27875518798828125,0.2,0.00010358860800000001,0.006237614434212446,17.80864906311035,7.559409862756729,0.6103809475898743,6905,0.02488857,0.0756061184,-0.03931681901885895,39.77708210945129,-113.99023387617372,225.22916666666666,0.5520833333333334
1000,131072000,3459,37886,,,,,,,,,,,,,,,,
,131203072,,,0.9204675182700157,0.26463775634765624,0.2,0.00010339199999999998,0.006234671920537949,16.776508331298828,7.440572357177734,0.6082991361618042,6910,0.025287077,0.07548159999999998,-0.035528939065989106,39.65068560838699,-107.25094967772036,210.08333333333334,0.6145833333333334
1001,131203072,3459,37921,,,,,,,,,,,,,,,,
,131334144,,,0.9176036491990089,0.2983856201171875,0.2,0.00010319539199999998,0.006237213499844074,15.020012855529785,7.423248991370201,0.6027383804321289,6915,0.02760692,0.07535708159999999,-0.03950496588659007,36.20861679315567,-116.24474816034645,240.625,0.5520833333333334
1002,131334144,3459,37957,,,,,,,,,,,,,,,,
,131465216,,,0.9231913760304451,0.27728118896484377,0.2,0.00010299878399999998,0.006230692379176617,16.002071380615234,7.424568066000939,0.6113599538803101,6920,0.026514325,0.07523256319999999,-0.03915232531435322,37.24280426502228,-121.71750759730219,242.98958333333334,0.5416666666666666
1003,131465216,3460,37994,,,,,,,,,,,,,,,,
,131596288,,,0.9142852872610092,0.31098480224609376,0.2,0.00010280217599999998,0.006233065389096737,18.95665168762207,7.4785022050142285,0.6083614826202393,6925,0.032500394,0.0751080448,-0.038734992730314846,42.510526466369626,-110.1938565447777,215.57291666666666,0.6145833333333334
1004,131596288,3460,38028,,,,,,,,,,,,,,,,
,131727360,,,0.9033399745821953,0.27099456787109377,0.2,0.00010260556799999998,0.006228937767446041,18.5152587890625,7.506673371791839,0.5881823301315308,6930,0.02441115,0.07498352639999999,-0.03874289035447873,45.857393777370454,-120.27978514679864,231.70833333333334,0.53125
1005,131727360,3460,38062,,,,,,,,,,,,,,,,
,131858432,,,0.9287981912493706,0.2898223876953125,0.2,0.00010240895999999999,0.006231549195945263,15.848100662231445,7.42375360429287,0.5741086006164551,6935,0.027358994,0.07485900799999999,-0.03684818286128575,36.207600271701814,-117.0578734846559,230.90625,0.53125
1006,131858432,3461,38098,,,,,,,,,,,,,,,,
,131989504,,,0.9219651371240616,0.2927764892578125,0.2,0.00010221235199999999,0.0062277475371956825,15.080222129821777,7.448540085554123,0.5959998369216919,6940,0.028151637,0.0747344896,-0.040675817342707886,37.36473491191864,-113.69513439040982,236.57291666666666,0.5729166666666666
1007,131989504,3461,38134,,,,,,,,,,,,,,,,
,132120576,,,0.9246704429388046,0.29340057373046874,0.2,0.00010201574399999999,0.006226092576980591,14.048622131347656,7.485580399632454,0.6034579277038574,6945,0.028188238,0.0746099712,-0.038659620069665834,34.68973461389542,-119.9135356995633,237.44791666666666,0.53125
1008,132120576,3461,38170,,,,,,,,,,,,,,,,
,132251648,,,0.9095861464738846,0.26306610107421874,0.2,0.000101819136,0.006228705868124962,18.180015563964844,7.482619169354439,0.6096459031105042,6950,0.023641765,0.07448545279999999,-0.03671205398859456,42.481822276115416,-110.93721601777372,232.40625,0.6145833333333334
1009,132251648,3461,38205,,,,,,,,,,,,,,,,
,132382720,,,0.9188350364565849,0.287225341796875,0.2,0.00010162252799999999,0.006225209683179855,18.20818328857422,7.511335384845734,0.6102937459945679,6955,0.030223235,0.0743609344,-0.03872745431144722,40.70978759527206,-117.93719281251401,234.89583333333334,0.5520833333333334
1010,132382720,3461,38240,,,,,,,,,,,,,,,,
,132513792,,,0.918038547039032,0.2839996337890625,0.2,0.00010142592,0.006224128417670727,16.08254051208496,7.5229182690382,0.5945524573326111,6960,0.028942537,0.074236416,-0.03770870828884654,38.17265200614929,-108.05486108480294,226.30208333333334,0.6145833333333334
1011,132513792,3461,38277,,,,,,,,,,,,,,,,
,132644864,,,0.915486715734005,0.27327728271484375,0.2,0.00010122931199999999,0.0062250299379229546,18.87957000732422,7.493178766965866,0.5829078555107117,6965,0.027232762,0.0741118976,-0.03610667928514886,41.60622154474258,-105.12670806556089,210.97916666666666,0.6354166666666666
1012,132644864,3462,38312,,,,,,,,,,,,,,,,
,132775936,,,0.9115903303027153,0.2818267822265625,0.2,0.000101032704,0.006224037613719702,19.480167388916016,7.524071663618088,0.5827146768569946,6970,0.024584386,0.0739873792,-0.039150482739205475,42.55346232652664,-112.24393306519414,225.41666666666666,0.6041666666666666
1013,132775936,3462,38347,,,,,,,,,,,,,,,,
,132907008,,,0.917207345366478,0.271356201171875,0.2,0.000100836096,0.006221854593604803,17.464752197265625,7.458385947346687,0.5820499658584595,6975,0.023342717,0.0738628608,-0.03405320350866532,39.64985982179642,-116.69180395029849,236.42708333333334,0.5625
1014,132907008,3462,38383,,,,,,,,,,,,,,,,
,133038080,,,0.9169633239507675,0.28302001953125,0.2,0.000100639488,0.0062192585319280624,17.907148361206055,7.525048416852951,0.5818156003952026,6980,0.027323019,0.0737383424,-0.039500310050789265,39.31620954275131,-106.9071595385329,211.64583333333334,0.6354166666666666
1015,133038080,3462,38420,,,,,,,,,,,,,,,,
,133169152,,,0.9138472676277161,0.27690887451171875,0.2,0.00010044288,0.006220134906470776,16.196704864501953,7.532726511359215,0.5943328142166138,6985,0.026883038,0.07361382400000001,-0.03701491017563967,39.16359347105026,-115.607582051542,232.92708333333334,0.5520833333333334
1016,133169152,3462,38456,,,,,,,,,,,,,,,,
,133300224,,,0.9156934916973114,0.29059906005859376,0.2,0.000100246272,0.006217204034328461,17.779420852661133,7.511000329256058,0.594031810760498,6990,0.027211562,0.0734893056,-0.03716558452870231,37.83208377361298,-115.50287067284125,242.5625,0.5416666666666666
1017,133300224,3463,38492,,,,,,,,,,,,,,,,
,133431296,,,0.9166125506162643,0.28687591552734376,0.2,0.00010004966400000001,0.006218703463673592,18.626541137695312,7.533738169074058,0.597690224647522,6995,0.025280502,0.0733647872,-0.03629245626652846,38.85046789646149,-99.76777857935254,212.30208333333334,0.6666666666666666
1018,133431296,3463,38527,,,,,,,,,,,,,,,,
,133562368,,,0.9263021349906921,0.27987213134765626,0.2,9.985305599999997e-05,0.00622041430324316,16.884916305541992,7.560083195567131,0.6128684282302856,7000,0.027264792,0.07324026879999998,-0.03873399074946064,35.37891445159912,-121.03659026582638,245.57291666666666,0.5416666666666666
1019,133562368,3463,38564,,,,,,,,,,,,,,,,
,133693440,,,0.9166224524378777,0.28521270751953126,0.2,9.965644799999998e-05,0.0062192147597670555,16.46570587158203,7.579747548699379,0.6022884845733643,7005,0.027049523,0.07311575039999998,-0.0378530073503498,35.97718380689621,-116.27037888394064,243.0,0.5729166666666666
1020,133693440,3463,38601,,,,,,,,,,,,,,,,
,133824512,,,0.9128284901380539,0.297454833984375,0.2,9.945983999999998e-05,0.006219967268407345,16.45930290222168,7.449912902712822,0.6185464859008789,7010,0.027456239,0.07299123199999999,-0.037131439418590165,40.07745308876038,-107.58439661643632,218.48958333333334,0.6458333333333334
1021,133824512,3463,38637,,,,,,,,,,,,,,,,
,133955584,,,0.9121782183647156,0.2844635009765625,0.2,9.926323199999998e-05,0.006215448956936598,18.25032615661621,7.491393941640854,0.6100961565971375,7015,0.026244164,0.0728667136,-0.038869598085875624,40.38935375213623,-100.76390144234729,200.75,0.65625
1022,133955584,3463,38674,,,,,,,,,,,,,,,,
,134086656,,,0.9138080701231956,0.271710205078125,0.2,9.906662399999999e-05,0.006217692978680134,19.51972198486328,7.496281921863556,0.6060307025909424,7020,0.024798248,0.07274219519999998,-0.03740447490563383,41.0917473077774,-111.72205164304353,237.97916666666666,0.5729166666666666
1023,134086656,3463,38710,,,,,,,,,,,,,,,,
,134217728,,,0.9267366006970406,0.29682769775390627,0.2,9.887001599999998e-05,0.006216835230588913,13.398855209350586,7.487792730331421,0.598583996295929,7025,0.028567608,0.07261767679999999,-0.03713543139456306,33.518964207172395,-99.68852826346641,200.9375,0.6770833333333334
1024,134217728,3464,38745,,,,,,,,,,,,,,,,
,134348800,,,0.9172112345695496,0.2915435791015625,0.2,9.867340799999999e-05,0.006213560700416565,16.00775718688965,7.51434945166111,0.5976186990737915,7030,0.024943708,0.0724931584,-0.03764389372372534,35.61431864500046,-103.1138317367159,207.30208333333334,0.6354166666666666
1025,134348800,3464,38780,,,,,,,,,,,,,,,,
,134479872,,,0.9178082048892975,0.2782012939453125,0.2,9.847679999999999e-05,0.006213740445673466,16.542573928833008,7.558627960085869,0.6150296330451965,7035,0.028399099,0.07236864,-0.038853777233453,37.33731540441513,-123.34733252893436,246.35416666666666,0.5
1026,134479872,3464,38816,,,,,,,,,,,,,,,,
,134610944,,,0.9063594043254852,0.26209564208984376,0.2,9.828019199999999e-05,0.006215054541826248,17.090749740600586,7.47435998916626,0.6188929677009583,7040,0.023955878,0.0722441216,-0.03943163819494657,42.55371389389038,-109.20790540012217,223.53125,0.59375
1027,134610944,3464,38852,,,,,,,,,,,,,,,,
,134742016,,,0.9120296388864517,0.28164825439453123,0.2,9.808358399999999e-05,0.006212613545358181,18.012624740600586,7.45259570479393,0.6243152022361755,7045,0.02579321,0.07211960320000001,-0.036965155613142994,39.98272378444672,-109.45382240562465,218.38541666666666,0.6145833333333334
1028,134742016,3464,38888,,,,,,,,,,,,,,,,
,134873088,,,0.9159070327877998,0.28700408935546873,0.2,9.7886976e-05,0.006210923194885254,16.4908447265625,7.453717932105064,0.6041010618209839,7050,0.027142858,0.0719950848,-0.03578860946072382,38.09399809837341,-114.34937532043398,227.98958333333334,0.5833333333333334
1029,134873088,3465,38923,,,,,,,,,,,,,,,,
,135004160,,,0.9130034297704697,0.26446990966796874,0.2,9.7690368e-05,0.006204941775649786,16.783971786499023,7.508164459466935,0.655296802520752,7055,0.027025474,0.0718705664,-0.037512477087148,39.667044973373415,-110.80499323942031,213.3125,0.59375
1030,135004160,3465,38959,,,,,,,,,,,,,,,,
,135135232,,,0.9145807921886444,0.27603912353515625,0.2,9.749376e-05,0.006201836280524731,15.532175064086914,7.510082730650902,0.6111472249031067,7060,0.025596697,0.071746048,-0.03791151917539537,37.128626835346225,-115.70959718887525,237.26041666666666,0.5833333333333334
1031,135135232,3465,38993,,,,,,,,,,,,,,,,
,135266304,,,0.915162980556488,0.26522064208984375,0.2,9.7297152e-05,0.0061981636099517345,19.014888763427734,7.433040449023247,0.6296595931053162,7065,0.024595432,0.07162152960000001,-0.03745494341419544,42.97734625339508,-109.07167189270034,223.76041666666666,0.6145833333333334
1032,135266304,3465,39030,,,,,,,,,,,,,,,,
,135397376,,,0.9140401855111122,0.27592010498046876,0.2,9.7100544e-05,0.0062008211389184,16.54136085510254,7.491456604003906,0.5929907560348511,7070,0.027756803,0.0714970112,-0.0364703128580004,38.520139968395235,-111.76814415366592,223.91666666666666,0.6041666666666666
1033,135397376,3465,39066,,,,,,,,,,,,,,,,
,135528448,,,0.918643482029438,0.26493377685546876,0.2,9.6903936e-05,0.006195950321853161,19.626113891601562,7.428807574510574,0.6075128316879272,7075,0.022569343,0.0713724928,-0.0361308546634973,40.6455755352974,-117.4002630870777,233.29166666666666,0.5520833333333334
1034,135528448,3465,39102,,,,,,,,,,,,,,,,
,135659520,,,0.9242203012108803,0.2957733154296875,0.2,9.670732800000001e-05,0.0061985794454813,19.009014129638672,7.528572350740433,0.6207398772239685,7080,0.026088014,0.07124797440000001,-0.03826183888595551,39.10608502626419,-115.08399434629295,225.67708333333334,0.5729166666666666
1035,135659520,3466,39137,,,,,,,,,,,,,,,,
,135790592,,,0.9207826480269432,0.27052764892578124,0.2,9.651072e-05,0.006198067218065262,18.201190948486328,7.548931881785393,0.6496188044548035,7085,0.026748456,0.07112345600000002,-0.0366392004507361,38.91072835922241,-111.70802936838332,224.08333333333334,0.59375
1036,135790592,3466,39174,,,,,,,,,,,,,,,,
,135921664,,,0.9221806898713112,0.30391693115234375,0.2,9.631411199999997e-05,0.006197640206664801,16.78141212463379,7.5140249013900755,0.5987235903739929,7090,0.030304683,0.07099893759999999,-0.03904957879713038,37.141763591766356,-112.4906681515165,221.38541666666666,0.6041666666666666
1037,135921664,3466,39210,,,,,,,,,,,,,,,,
,136052736,,,0.91510309278965,0.26107330322265626,0.2,9.611750399999998e-05,0.006192921660840511,15.88502311706543,7.526609492301941,0.6126760244369507,7095,0.025505133,0.0708744192,-0.03719839531840989,38.33362091779709,-113.61699003804908,220.52083333333334,0.6041666666666666
1038,136052736,3466,39246,,,,,,,,,,,,,,,,
,136183808,,,0.9240063428878784,0.27927093505859374,0.2,9.592089599999997e-05,0.006195868365466595,15.571086883544922,7.533529576659203,0.6318246722221375,7100,0.025224522,0.07074990079999999,-0.04053112088877242,36.44525997638702,-112.85508904077462,231.20833333333334,0.5833333333333334
1039,136183808,3466,39283,,,,,,,,,,,,,,,,
,136314880,,,0.9131083711981773,0.290167236328125,0.2,9.572428799999998e-05,0.006199429742991924,16.415817260742188,7.534680905938148,0.6328794956207275,7105,0.025856301,0.07062538239999999,-0.03912698604399338,41.35665440559387,-113.4743329948517,240.80208333333334,0.5729166666666666
1040,136314880,3466,39319,,,,,,,,,,,,,,,,
,136445952,,,0.9142450019717216,0.28684234619140625,0.2,9.552767999999999e-05,0.0061985100619494915,18.557113647460938,7.539331719279289,0.6053004264831543,7110,0.026970249,0.070500864,-0.03613910723070148,39.11592376232147,-106.19764478857458,224.36458333333334,0.6354166666666666
1041,136445952,3466,39355,,,,,,,,,,,,,,,,
,136577024,,,0.9219685643911362,0.273797607421875,0.2,9.533107199999998e-05,0.006200592033565044,15.452057838439941,7.545610874891281,0.6040486693382263,7115,0.024981027,0.0703763456,-0.03867773994716117,38.07560452222824,-114.7229368963911,239.0,0.53125
1042,136577024,3467,39390,,,,,,,,,,,,,,,,
,136708096,,,0.9145277068018913,0.2951690673828125,0.2,9.513446399999999e-05,0.0062003061175346375,16.62241554260254,7.561180198192597,0.6367363929748535,7120,0.027699756,0.07025182719999999,-0.03822652800881769,40.0868426322937,-120.41166933738951,251.09375,0.5
1043,136708096,3467,39427,,,,,,,,,,,,,,,,
,136839168,,,0.9201409742236137,0.26495819091796874,0.2,9.493785599999998e-05,0.006196691654622555,13.64299488067627,7.537729927897454,0.6378377676010132,7125,0.024838906,0.0701273088,-0.03706557601108216,38.62451295852661,-114.99462447424935,243.26041666666666,0.5520833333333334
1044,136839168,3467,39464,,,,,,,,,,,,,,,,
,136970240,,,0.9227165430784225,0.29229888916015623,0.2,9.474124799999999e-05,0.006191134452819824,14.437710762023926,7.54906510412693,0.615919291973114,7130,0.027285177,0.0700027904,-0.04033018172485754,35.041102623939516,-101.36950516932279,217.22916666666666,0.6354166666666666
1045,136970240,3467,39499,,,,,,,,,,,,,,,,
,137101312,,,0.9283625334501266,0.25549163818359377,0.2,9.454464e-05,0.006190618500113487,16.764476776123047,7.574910336732865,0.6106897592544556,7135,0.023956835,0.069878272,-0.03711725343746366,37.628685927391054,-117.06534488354824,236.9375,0.5625
1046,137101312,3467,39535,,,,,,,,,,,,,,,,
,137232384,,,0.9086406826972961,0.25970001220703126,0.2,9.434803199999999e-05,0.006192181259393692,18.052583694458008,7.489309477806091,0.6044873595237732,7140,0.022279816,0.0697537536,-0.036999721839674746,42.64065102338791,-112.24212850894281,225.25,0.5625
1047,137232384,3467,39571,,,,,,,,,,,,,,,,
,137363456,,,0.9090278670191765,0.2731719970703125,0.2,9.4151424e-05,0.006190328858792782,23.767698287963867,7.4788456678390505,0.641976535320282,7145,0.025471877,0.0696292352,-0.036955189617583525,44.85447129011154,-108.06617483018732,221.25,0.6145833333333334
1048,137363456,3468,39606,,,,,,,,,,,,,,,,
,137494528,,,0.9207363426685333,0.27149200439453125,0.2,9.3954816e-05,0.0061896443367004395,18.368255615234375,7.540708687901497,0.6528465747833252,7150,0.025804669,0.0695047168,-0.03611198234721087,39.53723827600479,-114.73556695460051,226.16666666666666,0.5729166666666666
1049,137494528,3468,39642,,,,,,,,,,,,,,,,
,137625600,,,0.9158829003572464,0.27168121337890627,0.2,9.3758208e-05,0.006189701613038778,16.411413192749023,7.548065868020058,0.6226414442062378,7155,0.025038801,0.06938019840000001,-0.03523222381481901,38.944252610206604,-112.08358307324197,229.60416666666666,0.5833333333333334
1050,137625600,3468,39677,,,,,,,,,,,,,,,,
,137756672,,,0.9228726401925087,0.30761260986328126,0.2,9.356160000000001e-05,0.006193320732563734,17.929004669189453,7.549023213982582,0.6494020819664001,7160,0.03396595,0.06925568,-0.03788082766404841,36.21416227817535,-121.69987938539157,247.84375,0.5
1051,137756672,3468,39714,,,,,,,,,,,,,,,,
,137887744,,,0.9190845936536789,0.26309051513671877,0.2,9.3364992e-05,0.0061942292377352715,17.8806209564209,7.52129587829113,0.6601553559303284,7165,0.024261536,0.0691311616,-0.03796432784874924,38.64109271764755,-110.56377518258057,219.125,0.625
1052,137887744,3468,39750,,,,,,,,,,,,,,,,
,138018816,,,0.9134210869669914,0.27045745849609376,0.2,9.316838400000001e-05,0.006194651126861572,16.9398250579834,7.4919643074274065,0.641987681388855,7170,0.024541298,0.06900664320000001,-0.0378108934732154,40.76203300952911,-113.90347223143908,223.64583333333334,0.5729166666666666
1053,138018816,3469,39786,,,,,,,,,,,,,,,,
,138149888,,,0.9211578592658043,0.2744171142578125,0.2,9.297177599999998e-05,0.006193473469465971,17.84320068359375,7.53269591331482,0.615269124507904,7175,0.02617782,0.06888212479999999,-0.037412063733791,38.53729989528656,-118.0565593834981,240.22916666666666,0.5520833333333334
1054,138149888,3469,39821,,,,,,,,,,,,,,,,
,138280960,,,0.9190148711204529,0.26840057373046877,0.2,9.277516799999997e-05,0.0061881765723228455,16.881404876708984,7.596295157074929,0.6578795313835144,7180,0.025064804,0.06875760639999999,-0.037502945319283755,37.46052339076996,-108.47698489267606,221.89583333333334,0.6145833333333334
1055,138280960,3469,39856,,,,,,,,,,,,,,,,
,138412032,,,0.91371800750494,0.25954437255859375,0.2,9.257855999999998e-05,0.006190251559019089,21.02314567565918,7.557028666138649,0.6392763257026672,7185,0.024691308,0.068633088,-0.03647547585132997,42.40276999473572,-119.12830595452033,239.88541666666666,0.53125
1056,138412032,3469,39892,,,,,,,,,,,,,,,,
,138543104,,,0.9239940941333771,0.27195281982421876,0.2,9.238195199999999e-05,0.006190667860209942,16.369733810424805,7.544615721702575,0.6574325561523438,7190,0.02622571,0.06850856959999999,-0.03661203570663929,35.65115191936493,-115.48849182893953,241.17708333333334,0.53125
1057,138543104,3469,39929,,,,,,,,,,,,,,,,
,138674176,,,0.9092748016119003,0.26578216552734374,0.2,9.218534399999998e-05,0.006189773790538311,18.781736373901367,7.472205948829651,0.6371604204177856,7195,0.02419344,0.06838405119999999,-0.03689780215499923,44.19608271121979,-135.47164091026912,262.4895833333333,0.4375
1058,138674176,3469,39965,,,,,,,,,,,,,,,,
,138805248,,,0.9248251467943192,0.2838592529296875,0.2,9.198873599999999e-05,0.006187764927744865,18.595705032348633,7.535604682564736,0.6660779714584351,7200,0.02886967,0.0682595328,-0.03792552751401672,36.39156812429428,-115.94739904443907,228.75,0.5729166666666666
1059,138805248,3469,40001,,,,,,,,,,,,,,,,
,138936320,,,0.9227909296751022,0.27539825439453125,0.2,9.179212799999998e-05,0.006192054133862257,17.813932418823242,7.482829731702805,0.6595474481582642,7205,0.026819732,0.0681350144,-0.0362342886874103,39.01563428640365,-128.3896709456174,254.92708333333334,0.4895833333333333
1060,138936320,3470,40037,,,,,,,,,,,,,,,,
,139067392,,,0.919316329061985,0.27919769287109375,0.2,9.159551999999999e-05,0.006190506275743246,19.949806213378906,7.5407375395298,0.6451130509376526,7210,0.02696705,0.068010496,-0.03934442643076182,40.46631953716278,-112.6421053952181,215.19791666666666,0.6041666666666666
1061,139067392,3470,40073,,,,,,,,,,,,,,,,
,139198464,,,0.9145094603300095,0.26959991455078125,0.2,9.1398912e-05,0.006192921660840511,17.371444702148438,7.468499538302422,0.6712796688079834,7215,0.02375362,0.0678859776,-0.035974965494824575,41.15352971553803,-102.19473913575318,211.82291666666666,0.6458333333333334
1062,139198464,3470,40108,,,,,,,,,,,,,,,,
,139329536,,,0.9238901808857918,0.2734527587890625,0.2,9.120230399999999e-05,0.00619066646322608,14.474227905273438,7.450849330425262,0.6692127585411072,7220,0.027634349,0.0677614592,-0.03627056437253486,38.17737418413162,-110.68855846747829,232.125,0.5729166666666666
1063,139329536,3470,40144,,,,,,,,,,,,,,,,
,139460608,,,0.9099592342972755,0.2705718994140625,0.2,9.1005696e-05,0.0061915419064462185,17.370708465576172,7.570867186784744,0.667561411857605,7225,0.02306035,0.0676369408,-0.03768440917338012,43.55580928325653,-109.09269432251364,222.67708333333334,0.6145833333333334
1064,139460608,3470,40180,,,,,,,,,,,,,,,,
,139591680,,,0.9127130582928658,0.268450927734375,0.2,9.080908799999999e-05,0.006186997052282095,19.17722511291504,7.52027682363987,0.6572096347808838,7230,0.025647085,0.06751242240000001,-0.036557204819109755,45.5655371427536,-103.3164196186899,210.71875,0.6770833333333334
1065,139591680,3471,40214,,,,,,,,,,,,,,,,
,139722752,,,0.9092500433325768,0.28014068603515624,0.2,9.061248e-05,0.006191366817802191,20.235631942749023,7.559638512134552,0.6686173677444458,7235,0.025296245,0.067387904,-0.03524158001964679,45.31383471488952,-105.99700906145084,218.88541666666666,0.6145833333333334
1066,139722752,3471,40250,,,,,,,,,,,,,,,,
,139853824,,,0.9211636334657669,0.289764404296875,0.2,9.0415872e-05,0.006189011037349701,16.40068244934082,7.5003415703773495,0.6440743207931519,7240,0.028404403,0.0672633856,-0.038481569426949136,39.281397914886476,-106.94354994963982,221.08333333333334,0.6041666666666666
1067,139853824,3471,40286,,,,,,,,,,,,,,,,
,139984896,,,0.9174727573990822,0.27431640625,0.2,9.0219264e-05,0.006187069695442915,15.7211275100708,7.514621046185494,0.660920262336731,7245,0.024479268,0.06713886720000001,-0.03682064868626185,37.92921776771546,-117.83660734938239,231.36458333333334,0.5520833333333334
1068,139984896,3471,40321,,,,,,,,,,,,,,,,
,140115968,,,0.9169298261404037,0.271221923828125,0.2,9.002265600000001e-05,0.006189384963363409,17.43744468688965,7.621573868393898,0.65818852186203,7250,0.023333263,0.06701434880000001,-0.037120759779645594,39.942169952392575,-111.7753805190735,224.17708333333334,0.6041666666666666
1069,140115968,3471,40356,,,,,,,,,,,,,,,,
,140247040,,,0.9062746614217758,0.2747802734375,0.2,8.9826048e-05,0.006187516264617443,19.11827278137207,7.558408561348915,0.6743607521057129,7255,0.025544748,0.0668898304,-0.038444419183360876,44.62053592205048,-128.5928250593098,242.35416666666666,0.5
1070,140247040,3472,40393,,,,,,,,,,,,,,,,
,140378112,,,0.9154689610004425,0.2652313232421875,0.2,8.962944000000001e-05,0.0061872489750385284,16.293874740600586,7.5368940979242325,0.6591459512710571,7260,0.023930967,0.06676531200000001,-0.037733401946024966,40.20503500699997,-105.62094977214895,224.0625,0.65625
1071,140378112,3472,40427,,,,,,,,,,,,,,,,
,140509184,,,0.919520765542984,0.2709808349609375,0.2,8.943283199999998e-05,0.006186018697917461,16.884296417236328,7.603875902295113,0.6610131859779358,7265,0.024159517,0.06664079359999998,-0.03683458624436753,36.34603066444397,-105.29334920202206,206.29166666666666,0.6354166666666666
1072,140509184,3472,40463,,,,,,,,,,,,,,,,
,140640256,,,0.9198513105511665,0.26638946533203123,0.2,8.923622399999998e-05,0.006183921359479427,13.53093147277832,7.585693818330765,0.6630411744117737,7270,0.024980113,0.06651627519999999,-0.03827517764875665,35.14722487926483,-128.19238115330447,241.09375,0.46875
1073,140640256,3472,40500,,,,,,,,,,,,,,,,
,140771328,,,0.9322437644004822,0.25841522216796875,0.2,8.903961599999998e-05,0.006186199840158224,14.928492546081543,7.535721608996392,0.6651732921600342,7275,0.023275223,0.06639175679999999,-0.036247537964663935,36.28290855884552,-100.04990857892479,208.67708333333334,0.7083333333333334
1074,140771328,3472,40535,,,,,,,,,,,,,,,,
,140902400,,,0.9106379896402359,0.270135498046875,0.2,8.884300799999998e-05,0.006184456404298544,20.853429794311523,7.564800521731376,0.6636614203453064,7280,0.025839139,0.0662672384,-0.03811533121042885,41.15482141971588,-103.50076341041147,207.71875,0.6666666666666666
1075,140902400,3473,40570,,,,,,,,,,,,,,,,
,141033472,,,0.9192943423986435,0.27104339599609373,0.2,8.864639999999998e-05,0.006182362325489521,16.916818618774414,7.493460845947266,0.6721893548965454,7285,0.023629848,0.06614271999999999,-0.034991750749759375,40.024021852016446,-110.73135247430152,211.91666666666666,0.6145833333333334
1076,141033472,3473,40605,,,,,,,,,,,,,,,,
,141164544,,,0.920061469078064,0.27467498779296873,0.2,8.844979199999999e-05,0.006181105971336365,14.242691993713379,7.536415249109268,0.6496273875236511,7290,0.026821604,0.06601820159999999,-0.038353039944195186,34.987378406524655,-110.63957165911991,229.05208333333334,0.5833333333333334
1077,141164544,3473,40641,,,,,,,,,,,,,,,,
,141295616,,,0.9112453535199165,0.25966796875,0.2,8.8253184e-05,0.006181789096444845,19.193092346191406,7.574049574136734,0.6562690734863281,7295,0.025893165,0.0658936832,-0.035021962528117,42.49172600507736,-108.93697229956304,228.25,0.6145833333333334
1078,141295616,3473,40676,,,,,,,,,,,,,,,,
,141426688,,,0.9151144698262215,0.26526641845703125,0.2,8.805657599999999e-05,0.006181706674396992,17.872215270996094,7.524721893668175,0.6630129814147949,7300,0.024382327,0.0657691648,-0.038146152035915294,39.37086091041565,-104.08130571910176,213.61458333333334,0.65625
1079,141426688,3473,40712,,,,,,,,,,,,,,,,
,141557760,,,0.9330266192555428,0.2611541748046875,0.2,8.7859968e-05,0.006183739751577377,16.286619186401367,7.517931312322617,0.6721920371055603,7305,0.023049932,0.06564464639999999,-0.03970647251408081,35.67700192928314,-109.5494063159902,219.25,0.6041666666666666
1080,141557760,3473,40747,,,,,,,,,,,,,,,,
,141688832,,,0.9088459685444832,0.2797515869140625,0.2,8.766335999999999e-05,0.006181919015944004,19.983379364013672,7.507334044575691,0.6687154769897461,7310,0.025435537,0.065520128,-0.03641328008088749,44.88763052225113,-114.10519875241171,231.0,0.59375
1081,141688832,3474,40782,,,,,,,,,,,,,,,,
,141819904,,,0.9190957471728325,0.28431396484375,0.2,8.7466752e-05,0.006175961345434189,15.772034645080566,7.500157687067985,0.6652728915214539,7315,0.028873365,0.0653956096,-0.03761972480278928,39.109426987171176,-99.77329705964867,215.20833333333334,0.6354166666666666
1082,141819904,3474,40818,,,,,,,,,,,,,,,,
,141950976,,,0.9015085473656654,0.24185638427734374,0.2,8.7270144e-05,0.006178142037242651,18.577835083007812,7.533623483777046,0.6919198036193848,7320,0.023440436,0.0652710912,-0.03426977768467623,44.409417402744296,-109.94278619739528,218.35416666666666,0.6354166666666666
1083,141950976,3474,40854,,,,,,,,,,,,,,,,
,142082048,,,0.9185669496655464,0.27689208984375,0.2,8.7073536e-05,0.006178702227771282,14.669107437133789,7.522058233618736,0.6815948486328125,7325,0.0261284,0.0651465728,-0.03927408947783988,36.31223665475845,-108.17081988728341,216.03125,0.6145833333333334
1084,142082048,3474,40890,,,,,,,,,,,,,,,,
,142213120,,,0.9205791503190994,0.2794464111328125,0.2,8.6876928e-05,0.006180585362017155,17.26908302307129,7.560570430755615,0.683233916759491,7330,0.02713477,0.0650220544,-0.034944938047556204,38.832792139053346,-103.76995468158451,212.11458333333334,0.6458333333333334
1085,142213120,3474,40926,,,,,,,,,,,,,,,,
,142344192,,,0.9281451627612114,0.271893310546875,0.2,8.668032e-05,0.006183499004691839,12.04179859161377,7.502068018913269,0.6720912456512451,7335,0.026933279,0.064897536,-0.038414690528588834,33.44917854070663,-103.4233948823263,221.20833333333334,0.6458333333333334
1086,142344192,3475,40962,,,,,,,,,,,,,,,,
,142475264,,,0.9250861331820488,0.26493072509765625,0.2,8.6483712e-05,0.00618301285430789,16.80706024169922,7.5567325294017795,0.6966037750244141,7340,0.0259093,0.06477301760000001,-0.03654299050103873,35.07122057676315,-107.00692560238524,215.1875,0.6458333333333334
1087,142475264,3475,40997,,,,,,,,,,,,,,,,
,142606336,,,0.9073633998632431,0.2679443359375,0.2,8.6287104e-05,0.006182323209941387,18.802736282348633,7.512256506085396,0.6964990496635437,7345,0.02442842,0.06464849920000001,-0.03749998780258466,45.240906715393066,-116.58408970853584,233.54166666666666,0.5520833333333334
1088,142606336,3475,41033,,,,,,,,,,,,,,,,
,142737408,,,0.9131105244159698,0.27537689208984373,0.2,8.609049600000001e-05,0.006179740186780691,20.10784339904785,7.568112987279892,0.6883637309074402,7350,0.025718208,0.0645239808,-0.03837957898795139,42.233920466899875,-108.47004670615833,215.21875,0.625
1089,142737408,3475,41069,,,,,,,,,,,,,,,,
,142868480,,,0.9172051548957825,0.25526885986328124,0.2,8.589388799999997e-05,0.006178164854645729,18.825458526611328,7.533931151032448,0.6647194623947144,7355,0.023098707,0.0643994624,-0.036055986226710954,40.765203261375426,-100.62760312385448,222.3125,0.6458333333333334
1090,142868480,3475,41106,,,,,,,,,,,,,,,,
,142999552,,,0.9227741211652756,0.275653076171875,0.2,8.569727999999998e-05,0.00617848988622427,16.241695404052734,7.518863296508789,0.6819504499435425,7360,0.027505366,0.06427494399999999,-0.03763988024147693,36.07685117721557,-106.47016803462462,214.38541666666666,0.6354166666666666
1091,142999552,3475,41141,,,,,,,,,,,,,,,,
,143130624,,,0.9201139584183693,0.27532806396484377,0.2,8.550067199999998e-05,0.006179605610668659,17.473812103271484,7.492929118871689,0.7216516733169556,7365,0.025255356,0.06415042559999999,-0.03626595149835339,39.520940685272215,-109.80940354234417,224.95833333333334,0.59375
1092,143130624,3476,41175,,,,,,,,,,,,,,,,
,143261696,,,0.9187061339616776,0.25383148193359373,0.2,8.530406399999998e-05,0.006182946264743805,17.417234420776367,7.51728777885437,0.7002571821212769,7370,0.025204588,0.0640259072,-0.0339074757983326,39.11096625328064,-104.64295326238737,213.55208333333334,0.6354166666666666
1093,143261696,3476,41210,,,,,,,,,,,,,,,,
,143392768,,,0.9211688190698624,0.261053466796875,0.2,8.510745599999999e-05,0.006184171885251999,15.433160781860352,7.467287534475327,0.6882126331329346,7375,0.023754725,0.0639013888,-0.0360116145820939,39.57755274772644,-115.20055252323664,231.84375,0.5729166666666666
1094,143392768,3476,41247,,,,,,,,,,,,,,,,
,143523840,,,0.9214677214622498,0.2653778076171875,0.2,8.491084799999998e-05,0.006181822158396244,17.75897789001465,7.49379580616951,0.6773419380187988,7380,0.026064437,0.06377687039999999,-0.03599649951502215,38.13873770236969,-108.57593309780178,226.95833333333334,0.6041666666666666
1095,143523840,3476,41283,,,,,,,,,,,,,,,,
,143654912,,,0.9248394072055817,0.253045654296875,0.2,8.471423999999999e-05,0.006176795810461044,15.567742347717285,7.499549812078476,0.6662646532058716,7385,0.024747243,0.063652352,-0.03440138220612425,35.98735258579254,-117.34688522554039,232.41666666666666,0.5416666666666666
1096,143654912,3476,41319,,,,,,,,,,,,,,,,
,143785984,,,0.9216472133994102,0.26023101806640625,0.2,8.451763199999999e-05,0.006174914538860321,16.040491104125977,7.541272592544556,0.6773252487182617,7390,0.024795622,0.0635278336,-0.03542298201209633,38.24374887943268,-112.21381153860803,229.98958333333334,0.59375
1097,143785984,3476,41355,,,,,,,,,,,,,,,,
,143917056,,,0.916552297770977,0.26058807373046877,0.2,8.4321024e-05,0.006174101494252682,17.14125633239746,7.593131285905838,0.6761234998703003,7395,0.02524885,0.0634033152,-0.038483530191297174,37.54675348997116,-91.0824573464868,192.54166666666666,0.7083333333333334
1098,143917056,3477,41390,,,,,,,,,,,,,,,,
,144048128,,,0.9093188866972923,0.26322021484375,0.2,8.4124416e-05,0.006175000220537186,17.255102157592773,7.564173287153244,0.704304575920105,7400,0.024605036,0.0632787968,-0.03500588666065596,40.58406628370285,-113.32990887003666,237.07291666666666,0.5729166666666666
1099,144048128,3477,41426,,,,,,,,,,,,,,,,
,144179200,,,0.9213265106081963,0.25177154541015623,0.2,8.3927808e-05,0.0061730011366307735,15.469948768615723,7.5550197780132295,0.6702498197555542,7405,0.024043327,0.0631542784,-0.03604473130690167,36.016883397102355,-105.18305269749203,228.69791666666666,0.6041666666666666
1100,144179200,3477,41461,,,,,,,,,,,,,,,,
,144310272,,,0.9209219887852669,0.27982025146484374,0.2,8.37312e-05,0.006173229776322842,15.561502456665039,7.492604491114617,0.7107290029525757,7410,0.025363654,0.06302976,-0.037843924431945196,35.07914209365845,-111.32231310963316,222.47916666666666,0.5833333333333334
1101,144310272,3477,41498,,,,,,,,,,,,,,,,
,144441344,,,0.9313469305634499,0.27854156494140625,0.2,8.3534592e-05,0.006173552013933659,15.303926467895508,7.53077529668808,0.7092286944389343,7415,0.026589666,0.06290524160000001,-0.038605329745041675,33.545046019554135,-94.78827343166363,194.75,0.6875
1102,144441344,3477,41533,,,,,,,,,,,,,,,,
,144572416,,,0.9231264740228653,0.2757965087890625,0.2,8.3337984e-05,0.006176969036459923,16.66876983642578,7.512902140617371,0.6967438459396362,7420,0.025147343,0.0627807232,-0.03586448395944899,39.67513039112091,-102.21482153342264,221.79166666666666,0.6354166666666666
1103,144572416,3477,41568,,,,,,,,,,,,,,,,
,144703488,,,0.928239643573761,0.266314697265625,0.2,8.3141376e-05,0.006180151365697384,14.871432304382324,7.5643137961626055,0.7242027521133423,7425,0.024947003,0.0626562048,-0.037036322720814495,34.36162803173065,-107.49175193311719,222.375,0.6354166666666666
1104,144703488,3478,41603,,,,,,,,,,,,,,,,
,144834560,,,0.9357174560427666,0.2702789306640625,0.2,8.2944768e-05,0.006184159778058529,13.564154624938965,7.504641789197922,0.7029379606246948,7430,0.027836073,0.06253168640000001,-0.03597219141665846,31.304780519008638,-103.67627839452616,209.625,0.6354166666666666
1105,144834560,3478,41638,,,,,,,,,,,,,,,,
,144965632,,,0.9359402731060982,0.27006072998046876,0.2,8.274816000000001e-05,0.00618327921256423,14.94464111328125,7.590502759814262,0.7115704417228699,7435,0.026396584,0.06240716800000001,-0.036843889974989,31.013993704319,-113.46279541710034,229.85416666666666,0.5625
1106,144965632,3478,41674,,,,,,,,,,,,,,,,
,145096704,,,0.9253954216837883,0.2678070068359375,0.2,8.255155199999998e-05,0.006181217730045319,14.428707122802734,7.520265319943428,0.7257493734359741,7440,0.026683815,0.06228264959999999,-0.034767143087810835,37.74448722600937,-110.59668748492889,227.60416666666666,0.59375
1107,145096704,3478,41710,,,,,,,,,,,,,,,,
,145227776,,,0.935201495885849,0.27848052978515625,0.2,8.235494399999997e-05,0.006177163682878017,13.364204406738281,7.52152356505394,0.6965163946151733,7445,0.028225282,0.062158131199999994,-0.035450329384184444,31.271209704875947,-111.1557015183256,231.84375,0.6041666666666666
1108,145227776,3478,41745,,,,,,,,,,,,,,,,
,145358848,,,0.9206405431032181,0.25500640869140623,0.2,8.215833599999998e-05,0.0061784060671925545,15.433866500854492,7.523436054587364,0.6802188754081726,7450,0.022886045,0.06203361279999999,-0.034023679600795734,38.827190291881564,-107.94342915061024,236.82291666666666,0.625
1109,145358848,3479,41780,,,,,,,,,,,,,,,,
,145489920,,,0.9210726544260979,0.28402557373046877,0.2,8.196172799999999e-05,0.006178608164191246,17.40049934387207,7.558936727046967,0.7081915736198425,7455,0.026731461,0.061909094399999996,-0.037022929998056495,37.64267337322235,-115.76184632121694,225.88541666666666,0.6041666666666666
1110,145489920,3479,41815,,,,,,,,,,,,,,,,
,145620992,,,0.9187898561358452,0.2753936767578125,0.2,8.176511999999998e-05,0.006182206328958273,15.779275894165039,7.501605194807053,0.6939939260482788,7460,0.028208675,0.061784575999999994,-0.036910850592539644,39.68410810232162,-112.96068453975495,224.05208333333334,0.6041666666666666
1111,145620992,3479,41850,,,,,,,,,,,,,,,,
,145752064,,,0.9246694594621658,0.258612060546875,0.2,8.156851199999999e-05,0.00618570065125823,15.22877311706543,7.477226951718331,0.6749309301376343,7465,0.021819212,0.0616600576,-0.035865681666473394,36.41768379211426,-109.85773197389886,225.41666666666666,0.6354166666666666
1112,145752064,3479,41885,,,,,,,,,,,,,,,,
,145883136,,,0.9128746092319489,0.25416717529296873,0.2,8.137190399999998e-05,0.006184328347444534,17.876506805419922,7.566415497660637,0.6663722991943359,7470,0.024010785,0.061535539199999996,-0.03435206468202523,40.22623478174209,-113.49427145640912,223.60416666666666,0.5729166666666666
1113,145883136,3479,41921,,,,,,,,,,,,,,,,
,146014208,,,0.9103872254490852,0.26676025390625,0.2,8.117529599999999e-05,0.006182592362165451,16.685264587402344,7.542189741134644,0.719589352607727,7475,0.024115985,0.0614110208,-0.03791899597417796,42.788963639736174,-109.0290466720049,221.95833333333334,0.5833333333333334
1114,146014208,3480,41957,,,,,,,,,,,,,,,,
,146145280,,,0.9239920973777771,0.26723785400390626,0.2,8.0978688e-05,0.006184606812894344,15.179204940795898,7.57260425388813,0.692965030670166,7480,0.026552984,0.061286502400000005,-0.037230581136827826,37.68467522859574,-117.07572632000135,242.67708333333334,0.5416666666666666
1115,146145280,3480,41994,,,,,,,,,,,,,,,,
,146276352,,,0.918691948056221,0.26611785888671874,0.2,8.078207999999999e-05,0.006180784665048122,19.52311134338379,7.384693723917008,0.7357549071311951,7485,0.024644988,0.061161984,-0.038307869456912155,40.57837954759598,-112.3349590423547,238.63541666666666,0.5833333333333334
1116,146276352,3480,42029,,,,,,,,,,,,,,,,
,146407424,,,0.9098844900727272,0.27046661376953124,0.2,8.0585472e-05,0.006180169060826302,18.57616424560547,7.521139806509018,0.7046579122543335,7490,0.025783993,0.06103746560000001,-0.03759657773189247,41.04519305229187,-114.24735951758868,238.60416666666666,0.5729166666666666
1117,146407424,3480,42065,,,,,,,,,,,,,,,,
,146538496,,,0.9190551415085793,0.258099365234375,0.2,8.0388864e-05,0.006178715731948614,16.18313217163086,7.552940163016319,0.7554982900619507,7495,0.023436219,0.060912947200000005,-0.03515564865374472,39.570400059223175,-119.03850530699195,239.3125,0.5416666666666666
1118,146538496,3480,42101,,,,,,,,,,,,,,,,
,146669568,,,0.9095868021249771,0.267730712890625,0.2,8.0192256e-05,0.006177925504744053,18.40369987487793,7.558671292662621,0.7121117115020752,7500,0.024110004,0.06078842880000001,-0.03732683403941337,41.65886292457581,-112.29296012644761,220.69791666666666,0.6145833333333334
1119,146669568,3480,42137,,,,,,,,,,,,,,,,
,146800640,,,0.9177540689706802,0.26721038818359377,0.2,7.9995648e-05,0.006176630035042763,21.295059204101562,7.439044544100762,0.7120866179466248,7505,0.030222964,0.06066391040000001,-0.03610378124285489,42.17009861469269,-114.59495140196576,226.21875,0.53125
1120,146800640,3480,42173,,,,,,,,,,,,,,,,
,146931712,,,0.9195775613188744,0.2740386962890625,0.2,7.979904e-05,0.00617622584104538,17.482694625854492,7.565789964795113,0.7141900062561035,7510,0.025055612,0.06053939200000001,-0.03738351185602369,40.611355376243594,-107.05340781810082,221.02083333333334,0.59375
1121,146931712,3481,42207,,,,,,,,,,,,,,,,
,147062784,,,0.9093665108084679,0.2625152587890625,0.2,7.960243200000001e-05,0.006176832132041454,19.254131317138672,7.511696916818619,0.7342791557312012,7515,0.026214872,0.06041487360000001,-0.03700027635495644,44.85360758304596,-112.52838599627246,216.86458333333334,0.6041666666666666
1122,147062784,3481,42243,,,,,,,,,,,,,,,,
,147193856,,,0.9220970347523689,0.2529327392578125,0.2,7.9405824e-05,0.006176934577524662,18.0056095123291,7.488422593474388,0.7288265228271484,7520,0.024682872,0.06029035520000001,-0.03597402641898952,40.05016732215881,-107.63308861484494,216.96875,0.6666666666666666
1123,147193856,3481,42279,,,,,,,,,,,,,,,,
,147324928,,,0.9178933724761009,0.25126495361328127,0.2,7.920921600000001e-05,0.0061733475886285305,19.533658981323242,7.52523096203804,0.7334513664245605,7525,0.024060186,0.06016583680000001,-0.034878779741120525,43.138336062431335,-108.75786089615765,219.90625,0.6354166666666666
1124,147324928,3481,42315,,,,,,,,,,,,,,,,
,147456000,,,0.9169015884399414,0.25618896484375,0.2,7.901260799999998e-05,0.006165390368551016,16.831226348876953,7.554132869839668,0.7480034828186035,7530,0.02507564,0.060041318399999995,-0.03639883039431879,42.03492002487182,-102.31704808689733,217.51041666666666,0.6458333333333334
1125,147456000,3481,42350,,,,,,,,,,,,,,,,
,147587072,,,0.9226889237761497,0.26748199462890626,0.2,7.881599999999999e-05,0.006167462095618248,17.030298233032227,7.5552916675806046,0.7417060732841492,7535,0.023846896,0.05991679999999999,-0.03807632228708826,35.807101809978484,-103.18805838386879,210.90625,0.6458333333333334
1126,147587072,3481,42386,,,,,,,,,,,,,,,,
,147718144,,,0.923651359975338,0.23959808349609374,0.2,7.861939199999998e-05,0.006166829727590084,18.21879768371582,7.465089592337608,0.7157076597213745,7540,0.020627603,0.0597922816,-0.03445959769014735,39.943335592746735,-116.97916071773356,232.07291666666666,0.5104166666666666
1127,147718144,3481,42423,,,,,,,,,,,,,,,,
,147849216,,,0.9154126197099686,0.24807281494140626,0.2,7.842278399999999e-05,0.0061637721955776215,19.003313064575195,7.53224313557148,0.7476061582565308,7545,0.022937313,0.059667763199999994,-0.03500703147728927,39.421585047245024,-106.95253886605639,223.82291666666666,0.6041666666666666
1128,147849216,3482,42457,,,,,,,,,,,,,,,,
,147980288,,,0.9231463298201561,0.27270050048828126,0.2,7.822617599999998e-05,0.006165727507323027,14.804830551147461,7.55392738878727,0.7578262686729431,7550,0.025701396,0.0595432448,-0.03663022879918572,36.995435452461244,-110.72416738025822,230.97916666666666,0.5833333333333334
1129,147980288,3482,42492,,,,,,,,,,,,,,,,
,148111360,,,0.9261766746640205,0.25781097412109377,0.2,7.802956799999999e-05,0.006164691410958767,20.112613677978516,7.508918905258179,0.7391259074211121,7555,0.022781197,0.059418726399999997,-0.037341122633370104,37.77548792362213,-103.1365983661945,213.20833333333334,0.65625
1130,148111360,3482,42528,,,,,,,,,,,,,,,,
,148242432,,,0.9152068346738815,0.27906951904296873,0.2,7.783295999999998e-05,0.0061607579700648785,15.890552520751953,7.54276634156704,0.7506200671195984,7560,0.026351593,0.059294208,-0.03843668753397651,38.559360039234164,-106.62346315969792,216.45833333333334,0.6458333333333334
1131,148242432,3482,42563,,,,,,,,,,,,,,,,
,148373504,,,0.9046343341469765,0.25631561279296877,0.2,7.763635199999999e-05,0.006160847842693329,16.619651794433594,7.624043357372284,0.7297562956809998,7565,0.023353405,0.0591696896,-0.034524068112659734,39.963503074646,-106.50324140766884,226.625,0.625
1132,148373504,3482,42600,,,,,,,,,,,,,,,,
,148504576,,,0.9205393344163895,0.25088958740234374,0.2,7.7439744e-05,0.00616020243614912,16.923349380493164,7.518685510754585,0.7693153619766235,7570,0.021585014,0.0590451712,-0.03545372388398391,39.002540743350984,-95.09323736860584,207.875,0.6770833333333334
1133,148504576,3483,42636,,,,,,,,,,,,,,,,
,148635648,,,0.9051411300897598,0.244354248046875,0.2,7.724313599999999e-05,0.006160350050777197,17.2148494720459,7.54428585767746,0.7363895773887634,7575,0.02269163,0.0589206528,-0.035757847890636185,44.07070832252502,-114.68626013631916,245.66666666666666,0.5520833333333334
1134,148635648,3483,42672,,,,,,,,,,,,,,,,
,148766720,,,0.9166232198476791,0.227093505859375,0.2,7.7046528e-05,0.0061605810187757015,20.229204177856445,7.5571019560098645,0.754601001739502,7580,0.020756537,0.058796134400000005,-0.0336697705934057,39.00188699960709,-107.6230455397611,228.67708333333334,0.6041666666666666
1135,148766720,3483,42706,,,,,,,,,,,,,,,,
,148897792,,,0.9185053184628487,0.25336761474609376,0.2,7.684991999999999e-05,0.006161130964756012,15.575347900390625,7.554897153377533,0.7481913566589355,7585,0.022742476,0.058671616,-0.03532498032727745,40.25684590339661,-119.81279611614582,230.01041666666666,0.5208333333333334
1136,148897792,3483,42742,,,,,,,,,,,,,,,,
,149028864,,,0.9162124916911125,0.23213043212890624,0.2,7.6653312e-05,0.00616235239431262,16.55931282043457,7.545660880208016,0.7787998914718628,7590,0.020456783,0.05854709760000001,-0.03397584480844671,39.368004655838014,-113.35716435326664,238.25,0.5520833333333334
1137,149028864,3483,42778,,,,,,,,,,,,,,,,
,149159936,,,0.911910206079483,0.246038818359375,0.2,7.645670400000001e-05,0.006163012236356735,20.14919662475586,7.553312581777573,0.7831208109855652,7595,0.022018425,0.058422579200000005,-0.03479365198290907,42.230291879177095,-117.9884856353623,241.63541666666666,0.5520833333333334
1138,149159936,3483,42814,,,,,,,,,,,,,,,,
,149291008,,,0.922449417412281,0.25633087158203127,0.2,7.6260096e-05,0.00616150489076972,17.622230529785156,7.491023167967796,0.7591571807861328,7600,0.02418995,0.05829806080000001,-0.03618450077337911,38.58269129991531,-129.76803315492938,252.84375,0.5104166666666666
1139,149291008,3483,42851,,,,,,,,,,,,,,,,
,149422080,,,0.923718735575676,0.253076171875,0.2,7.606348800000001e-05,0.006163657642900944,13.728189468383789,7.562526389956474,0.7423984408378601,7605,0.024142487,0.05817354240000001,-0.03748408882529475,36.13674250841141,-100.06493068462031,217.95833333333334,0.6458333333333334
1140,149422080,3484,42885,,,,,,,,,,,,,,,,
,149553152,,,0.9278537333011627,0.24934539794921876,0.2,7.586688e-05,0.006160399876534939,14.4238862991333,7.533739116787911,0.7920903563499451,7610,0.023287047,0.05804902400000001,-0.03599718550394755,37.35949754714966,-105.93555726332583,222.875,0.6354166666666666
1141,149553152,3484,42920,,,,,,,,,,,,,,,,
,149684224,,,0.9143705517053604,0.2622100830078125,0.2,7.567027200000001e-05,0.006162662990391254,17.67544937133789,7.507740804553032,0.7724096179008484,7615,0.023541199,0.057924505600000016,-0.033911627461202444,43.34770450592041,-104.10110492309595,214.92708333333334,0.6458333333333334
1142,149684224,3484,42957,,,,,,,,,,,,,,,,
,149815296,,,0.9242985844612122,0.24322052001953126,0.2,7.547366399999998e-05,0.006163102574646473,14.24189281463623,7.520088204741478,0.7947986125946045,7620,0.022359692,0.05779998719999999,-0.03598166164811119,36.084663164615634,-125.28033459925395,236.39583333333334,0.53125
1143,149815296,3484,42993,,,,,,,,,,,,,,,,
,149946368,,,0.9216080158948898,0.2512237548828125,0.2,7.527705599999998e-05,0.006164157297462225,16.992647171020508,7.582967934012413,0.7927659749984741,7625,0.02202066,0.0576754688,-0.03510289555924828,38.95204256772995,-103.90653826986492,205.75,0.6458333333333334
1144,149946368,3484,43028,,,,,,,,,,,,,,,,
,150077440,,,0.9266058281064034,0.27470703125,0.2,7.508044799999998e-05,0.006165125872939825,16.542221069335938,7.550167372822761,0.7806519269943237,7630,0.025037348,0.057550950399999995,-0.03702120465459302,35.8894877910614,-104.65344779505692,212.125,0.6354166666666666
1145,150077440,3484,43064,,,,,,,,,,,,,,,,
,150208512,,,0.9237658903002739,0.2812164306640625,0.2,7.488383999999999e-05,0.006164192222058773,14.04434871673584,7.593509522080422,0.8113255500793457,7635,0.025968209,0.057426432,-0.03685528832429554,35.26278530359268,-95.03649142143028,207.78125,0.71875
1146,150208512,3485,43099,,,,,,,,,,,,,,,,
,150339584,,,0.9336271360516548,0.26491546630859375,0.2,7.468723199999998e-05,0.006164557300508022,17.58793067932129,7.5244033426046375,0.7605089545249939,7640,0.023188274,0.0573019136,-0.034193507528107146,32.89821413755417,-107.54142078452996,230.72916666666666,0.5833333333333334
1147,150339584,3485,43135,,,,,,,,,,,,,,,,
,150470656,,,0.9295516982674599,0.25394134521484374,0.2,7.449062399999999e-05,0.006165745668113232,15.796594619750977,7.5322183042764665,0.7639695405960083,7645,0.022607004,0.0571773952,-0.0347058821193059,35.519458377361296,-109.24072338909623,230.32291666666666,0.6145833333333334
1148,150470656,3485,43169,,,,,,,,,,,,,,,,
,150601728,,,0.9179901853203773,0.26137542724609375,0.2,7.4294016e-05,0.00616492098197341,17.887189865112305,7.51148002743721,0.7670890688896179,7650,0.02297209,0.0570528768,-0.037243397140991875,38.018296527862546,-102.32659284245385,218.57291666666666,0.6458333333333334
1149,150601728,3485,43204,,,,,,,,,,,,,,,,
,150732800,,,0.9113077893853188,0.2367706298828125,0.2,7.409740799999999e-05,0.006162472069263458,18.680967330932617,7.570240622758865,0.8021236658096313,7655,0.021353027,0.056928358400000004,-0.03571244426857447,45.19045803546906,-114.40023242496959,231.8125,0.5729166666666666
1150,150732800,3485,43241,,,,,,,,,,,,,,,,
,150863872,,,0.9224533066153526,0.25574951171875,0.2,7.39008e-05,0.006164488848298788,17.881872177124023,7.4936598360538484,0.7799463272094727,7660,0.022335574,0.05680384,-0.03622516032191925,36.3410591006279,-112.43056890290977,227.39583333333334,0.5729166666666666
1151,150863872,3486,43275,,,,,,,,,,,,,,,,
,150994944,,,0.9078768491744995,0.24535369873046875,0.2,7.370419199999999e-05,0.0061684041284024715,17.604238510131836,7.518766236305237,0.7685911655426025,7665,0.022924472,0.056679321600000006,-0.03466980325611076,44.24423727989197,-107.45043266213277,224.57291666666666,0.6458333333333334
1152,150994944,3486,43311,,,,,,,,,,,,,,,,
,151126016,,,0.9251070842146873,0.25179290771484375,0.2,7.3507584e-05,0.006169214379042387,15.057026863098145,7.518387559056282,0.7936784625053406,7670,0.022682125,0.0565548032,-0.03472025229566498,35.43263573646546,-110.57710738424002,232.38541666666666,0.5729166666666666
1153,151126016,3486,43347,,,,,,,,,,,,,,,,
,151257088,,,0.9217900931835175,0.26475830078125,0.2,7.3310976e-05,0.0061629582196474075,19.067495346069336,7.516386222839356,0.7833713293075562,7675,0.02572865,0.05643028480000001,-0.036423889275465623,37.755680453777316,-107.08503490121537,221.48958333333334,0.65625
1154,151257088,3486,43382,,,,,,,,,,,,,,,,
,151388160,,,0.913033701479435,0.271856689453125,0.2,7.3114368e-05,0.006165605038404465,18.394210815429688,7.495895358920097,0.7837471961975098,7680,0.025791064,0.056305766400000005,-0.03612731766115758,41.6436914563179,-116.637233117422,231.66666666666666,0.5625
1155,151388160,3486,43419,,,,,,,,,,,,,,,,
,151519232,,,0.9351309388875961,0.2501007080078125,0.2,7.291776e-05,0.006163786165416241,16.774824142456055,7.54127699136734,0.7544716596603394,7685,0.023852697,0.05618124800000001,-0.0363714865205111,31.460873591899873,-113.46434177300004,245.63541666666666,0.5520833333333334
1156,151519232,3486,43454,,,,,,,,,,,,,,,,
,151650304,,,0.9294046685099602,0.252911376953125,0.2,7.2721152e-05,0.006164588034152985,14.229559898376465,7.557481104135514,0.7768692970275879,7690,0.022937771,0.05605672960000001,-0.037347287175361996,33.44359350204468,-116.17617492414529,236.5625,0.5729166666666666
1157,151650304,3486,43490,,,,,,,,,,,,,,,,
,151781376,,,0.9337493404746056,0.25539703369140626,0.2,7.252454400000001e-05,0.006166288163512945,14.854761123657227,7.552549493312836,0.8038643598556519,7695,0.023454886,0.05593221120000001,-0.035205472112284045,34.012815511226655,-105.6359124225869,216.84375,0.6458333333333334
1158,151781376,3487,43526,,,,,,,,,,,,,,,,
,151912448,,,0.9263714477419853,0.23616943359375,0.2,7.232793600000001e-05,0.006167938467115164,14.787945747375488,7.53085466325283,0.8054298162460327,7700,0.021133358,0.05580769280000001,-0.03524330299696885,38.65597585439682,-109.62057239261996,232.91666666666666,0.5833333333333334
1159,151912448,3487,43563,,,,,,,,,,,,,,,,
,152043520,,,0.9306087121367455,0.24383544921875,0.2,7.213132799999998e-05,0.006168709602206945,15.24804973602295,7.58264599442482,0.767894446849823,7705,0.02224069,0.05568317439999999,-0.035413411405170334,34.07939970493317,-110.02339253875824,234.625,0.5625
1160,152043520,3487,43598,,,,,,,,,,,,,,,,
,152174592,,,0.9279697090387344,0.255078125,0.2,7.193471999999998e-05,0.006169602274894714,16.71945571899414,7.60041284263134,0.8301198482513428,7710,0.024517998,0.05555865599999999,-0.03544509106723126,35.12639694213867,-106.81594007094378,211.65625,0.6041666666666666
1161,152174592,3487,43635,,,,,,,,,,,,,,,,
,152305664,,,0.9284346625208855,0.2583709716796875,0.2,7.173811199999998e-05,0.006169741973280907,13.301711082458496,7.474458941817284,0.800970733165741,7715,0.023827586,0.055434137599999996,-0.03579547284898581,34.07187917232513,-91.32219325941658,202.86458333333334,0.7395833333333334
1162,152305664,3487,43670,,,,,,,,,,,,,,,,
,152436736,,,0.9297076612710953,0.2511749267578125,0.2,7.154150399999998e-05,0.006167523097246885,14.83156681060791,7.542456611990929,0.8039287328720093,7720,0.02279392,0.05530961919999999,-0.03549221529538045,35.33077569007874,-105.22346425084463,220.61458333333334,0.6354166666666666
1163,152436736,3487,43705,,,,,,,,,,,,,,,,
,152567808,,,0.921766571700573,0.25547332763671876,0.2,7.134489599999998e-05,0.006168280728161335,15.903611183166504,7.525627303123474,0.7736191749572754,7725,0.022497434,0.0551851008,-0.034033280091534834,34.4376034617424,-115.14420061421397,232.375,0.5729166666666666
1164,152567808,3487,43742,,,,,,,,,,,,,,,,
,152698880,,,0.9351426213979721,0.28583831787109376,0.2,7.114828799999999e-05,0.006169329397380352,15.28767204284668,7.547768798470497,0.7763780951499939,7730,0.026113527,0.055060582399999995,-0.03753459044964984,33.001846086978915,-103.85726102397768,221.42708333333334,0.65625
1165,152698880,3487,43778,,,,,,,,,,,,,,,,
,152829952,,,0.9187903702259064,0.25039215087890626,0.2,7.095167999999999e-05,0.006166788749396801,16.70221710205078,7.5872238904237745,0.7838451266288757,7735,0.023368062,0.054936064,-0.03733555182989221,38.34993463754654,-104.80473346228744,216.375,0.625
1166,152829952,3488,43812,,,,,,,,,,,,,,,,
,152961024,,,0.9294510707259178,0.2457366943359375,0.2,7.075507199999999e-05,0.0061661070212721825,17.260210037231445,7.560821226239204,0.8331749439239502,7740,0.022470165,0.0548115456,-0.03548763554426841,34.462324464321135,-110.07384744442186,216.42708333333334,0.65625
1167,152961024,3488,43848,,,,,,,,,,,,,,,,
,153092096,,,0.9288323000073433,0.23342742919921874,0.2,7.055846399999999e-05,0.006166448350995779,18.550439834594727,7.5405104726552965,0.8146493434906006,7745,0.021262,0.0546870272,-0.03303446564386832,35.64546627998352,-116.3275699433576,236.34375,0.5729166666666666
1168,153092096,3488,43884,,,,,,,,,,,,,,,,
,153223168,,,0.9284433126449585,0.24538421630859375,0.2,7.0361856e-05,0.006163767538964748,16.79226303100586,7.63426998257637,0.7861742973327637,7750,0.021160783,0.0545625088,-0.0332643411893514,35.65283050537109,-105.2861783504713,220.53125,0.625
1169,153223168,3488,43921,,,,,,,,,,,,,,,,
,153354240,,,0.9247758612036705,0.25653533935546874,0.2,7.0165248e-05,0.006163629703223705,16.291093826293945,7.531039366126061,0.8356761336326599,7755,0.023714082,0.054437990400000004,-0.037120477769349236,37.756273818016055,-108.5963083136762,221.77083333333334,0.6354166666666666
1170,153354240,3488,43955,,,,,,,,,,,,,,,,
,153485312,,,0.923561580479145,0.25426025390625,0.2,6.996864e-05,0.006163623183965683,16.96122169494629,7.529057201743126,0.8464433550834656,7760,0.023506857,0.05431347200000001,-0.03464451834151987,38.32550014257431,-115.70311588420323,226.20833333333334,0.6145833333333334
1171,153485312,3488,43992,,,,,,,,,,,,,,,,
,153616384,,,0.9327802881598473,0.25222930908203123,0.2,6.9772032e-05,0.006159236188977957,13.19745922088623,7.597695505619049,0.849763810634613,7765,0.021878365,0.054188953600000006,-0.035434036480728535,32.88756320476532,-103.95746467050685,205.07291666666666,0.65625
1172,153616384,3489,44026,,,,,,,,,,,,,,,,
,153747456,,,0.9201079308986664,0.2639129638671875,0.2,6.9575424e-05,0.0061582825146615505,15.799152374267578,7.552855265140534,0.8165556788444519,7770,0.023295233,0.05406443520000001,-0.03393667662458029,37.570365405082704,-105.13424834730931,203.20833333333334,0.6458333333333334
1173,153747456,3489,44061,,,,,,,,,,,,,,,,
,153878528,,,0.9339035004377365,0.2435272216796875,0.2,6.9378816e-05,0.006155908107757568,13.398735046386719,7.565624514222145,0.8025435209274292,7775,0.021166377,0.05393991680000001,-0.03499756819073809,32.38831182718277,-99.94328296345907,208.25,0.6458333333333334
1174,153878528,3489,44098,,,,,,,,,,,,,,,,
,154009600,,,0.9213414043188095,0.2589385986328125,0.2,6.918220800000001e-05,0.006156563758850098,18.511571884155273,7.623291328549385,0.8408908843994141,7780,0.025481228,0.05381539840000001,-0.03488907361752354,39.202262210845944,-106.92714020074472,206.95833333333334,0.6041666666666666
1175,154009600,3489,44134,,,,,,,,,,,,,,,,
,154140672,,,0.9196673482656479,0.23599395751953126,0.2,6.89856e-05,0.0061582415364682674,18.766080856323242,7.557242727279663,0.84024977684021,7785,0.021687657,0.05369088000000001,-0.0346697317174403,40.034815919399264,-115.49381535472332,225.5,0.6145833333333334
1176,154140672,3489,44170,,,,,,,,,,,,,,,,
,154271744,,,0.927657924592495,0.2543426513671875,0.2,6.878899200000001e-05,0.006158640142530203,15.785419464111328,7.560927441716194,0.8272683024406433,7790,0.021978542,0.053566361600000015,-0.03482690798555268,36.18196187019348,-106.73459936711174,226.44791666666666,0.6041666666666666
1177,154271744,3489,44205,,,,,,,,,,,,,,,,
,154402816,,,0.9252762794494629,0.26651458740234374,0.2,6.859238399999998e-05,0.0061605749651789665,12.431106567382812,7.578209882974624,0.8642258644104004,7795,0.026171315,0.05344184319999999,-0.03427519254910294,34.67202719449997,-111.28785092100604,220.64583333333334,0.5833333333333334
1178,154402816,3490,44240,,,,,,,,,,,,,,,,
,154533888,,,0.9292416125535965,0.2418731689453125,0.2,6.839577599999997e-05,0.006161236669868231,15.443455696105957,7.572517928481102,0.8360518217086792,7800,0.022087006,0.053317324799999996,-0.03317979050043505,36.43176298141479,-108.99958892703135,212.16666666666666,0.5833333333333334
1179,154533888,3490,44276,,,,,,,,,,,,,,,,
,154664960,,,0.931091658771038,0.25783538818359375,0.2,6.819916799999998e-05,0.006163518875837326,16.744857788085938,7.547337672114372,0.840371310710907,7805,0.024618879,0.053192806399999994,-0.03467606758058537,36.81773624420166,-114.68604535774664,231.08333333333334,0.59375
1180,154664960,3490,44311,,,,,,,,,,,,,,,,
,154796032,,,0.9205650687217712,0.2443817138671875,0.2,6.800255999999999e-05,0.0061637116596102715,18.318811416625977,7.495124199986458,0.8088213801383972,7810,0.021830417,0.053068288,-0.032385837938636544,41.79803856611252,-115.3617669514113,230.61458333333334,0.5729166666666666
1181,154796032,3490,44347,,,,,,,,,,,,,,,,
,154927104,,,0.9283800646662712,0.25988311767578126,0.2,6.780595199999998e-05,0.006159660406410694,13.156131744384766,7.579819822311402,0.8263033628463745,7815,0.025289001,0.052943769599999996,-0.03675797276082449,32.54581497907638,-112.29011514498495,235.10416666666666,0.5833333333333334
1182,154927104,3490,44383,,,,,,,,,,,,,,,,
,155058176,,,0.924257442355156,0.25037841796875,0.2,6.760934399999999e-05,0.006158248987048864,14.819822311401367,7.586648386716843,0.8111532926559448,7820,0.02447474,0.0528192512,-0.03538919686398003,33.54217969179153,-109.52033331986335,240.77083333333334,0.5520833333333334
1183,155058176,3490,44419,,,,,,,,,,,,,,,,
,155189248,,,0.9324031844735146,0.24726409912109376,0.2,6.741273599999998e-05,0.006158170755952597,17.53054428100586,7.509761068224907,0.8270337581634521,7825,0.022250433,0.0526947328,-0.03469498721533455,36.64650657176971,-104.12768703123042,216.66666666666666,0.6458333333333334
1184,155189248,3490,44454,,,,,,,,,,,,,,,,
,155320320,,,0.9294103607535362,0.25237579345703126,0.2,6.721612799999999e-05,0.006158704869449139,18.439401626586914,7.556790852546692,0.8381503820419312,7830,0.02164992,0.0525702144,-0.03464361851365538,35.94753328561783,-96.66321628789171,212.48958333333334,0.6666666666666666
1185,155320320,3491,44489,,,,,,,,,,,,,,,,
,155451392,,,0.934804193675518,0.2239501953125,0.2,6.701952e-05,0.006159655284136534,15.616604804992676,7.558057498931885,0.8443549871444702,7835,0.021001812,0.052445696,-0.03261863556399476,34.24409236907959,-93.25099790188047,196.47916666666666,0.7083333333333334
1186,155451392,3491,44524,,,,,,,,,,,,,,,,
,155582464,,,0.9258725941181183,0.24204559326171876,0.2,6.682291199999999e-05,0.0061590163968503475,14.956620216369629,7.593092542886734,0.8255984783172607,7840,0.022661466,0.052321177600000005,-0.03429617975780275,37.17989823818207,-102.81517537608765,215.3125,0.6875
1187,155582464,3491,44559,,,,,,,,,,,,,,,,
,155713536,,,0.9245698302984238,0.2467620849609375,0.2,6.6626304e-05,0.006156749092042446,16.408044815063477,7.602320116758347,0.8352031707763672,7845,0.022452129,0.0521966592,-0.034279210650129247,37.692803466320036,-120.07395924379337,260.28125,0.5
1188,155713536,3491,44596,,,,,,,,,,,,,,,,
,155844608,,,0.9183337613940239,0.25613250732421877,0.2,6.6429696e-05,0.00615542009472847,14.126786231994629,7.5830488979816435,0.8151211142539978,7850,0.02455627,0.05207214080000001,-0.03653886542742839,38.43594616651535,-94.39938209139932,203.27083333333334,0.7083333333333334
1189,155844608,3491,44631,,,,,,,,,,,,,,,,
,155975680,,,0.9287386536598206,0.26002960205078124,0.2,6.6233088e-05,0.006152554415166378,14.577654838562012,7.612852168083191,0.8298740386962891,7855,0.025127618,0.051947622400000004,-0.035907437832793224,32.13437834978104,-113.60421719545506,242.35416666666666,0.5833333333333334
1190,155975680,3491,44666,,,,,,,,,,,,,,,,
,156106752,,,0.9342565312981606,0.2550872802734375,0.2,6.603648000000001e-05,0.006150331348180771,15.833380699157715,7.564983141422272,0.8349975943565369,7860,0.023152107,0.05182310400000001,-0.03578618947940413,31.909170758724212,-112.11187084859996,236.54166666666666,0.6145833333333334
1191,156106752,3492,44703,,,,,,,,,,,,,,,,
,156237824,,,0.9327355325222015,0.2473297119140625,0.2,6.5839872e-05,0.006149387918412685,15.730193138122559,7.562267243862152,0.8328866958618164,7865,0.025236808,0.051698585600000006,-0.034937550185713914,35.12424796819687,-103.74073258899296,209.04166666666666,0.6666666666666666
1192,156237824,3492,44738,,,,,,,,,,,,,,,,
,156368896,,,0.9186645224690437,0.24948272705078126,0.2,6.564326400000001e-05,0.0061500342562794685,16.372390747070312,7.532263633608818,0.8152422904968262,7870,0.021843253,0.05157406720000001,-0.03283780285564717,38.761372244358064,-110.82317664549235,242.69791666666666,0.5625
1193,156368896,3492,44775,,,,,,,,,,,,,,,,
,156499968,,,0.9250570833683014,0.26236419677734374,0.2,6.5446656e-05,0.006148395594209433,15.440276145935059,7.543640670180321,0.813728928565979,7875,0.023668306,0.05144954880000001,-0.03639374686172232,33.42005059719086,-120.12207927428416,244.13541666666666,0.5416666666666666
1194,156499968,3492,44812,,,,,,,,,,,,,,,,
,156631040,,,0.9341992884874344,0.25041961669921875,0.2,6.525004800000001e-05,0.006147682201117277,16.240440368652344,7.571200588345528,0.7873052358627319,7880,0.022108415,0.05132503040000001,-0.03226579597248928,33.56072821617126,-121.1095159176855,239.94791666666666,0.5
1195,156631040,3492,44847,,,,,,,,,,,,,,,,
,156762112,,,0.9255617335438728,0.214666748046875,0.2,6.505343999999998e-05,0.0061466870829463005,17.115602493286133,7.593869599699974,0.8368183970451355,7885,0.020359613,0.05120051199999999,-0.03185647298232652,35.823127317428586,-113.16816757239492,221.5,0.59375
1196,156762112,3492,44881,,,,,,,,,,,,,,,,
,156893184,,,0.9321290403604507,0.25956268310546876,0.2,6.485683199999999e-05,0.006147076841443777,13.949811935424805,7.605269801616669,0.8269515037536621,7890,0.022782065,0.051075993599999994,-0.03594909746025223,35.78663221597672,-102.91700029181452,207.91666666666666,0.6666666666666666
1197,156893184,3492,44919,,,,,,,,,,,,,,,,
,157024256,,,0.9260235950350761,0.243310546875,0.2,6.466022399999998e-05,0.006144584622234106,15.898283004760742,7.546472457051277,0.8048965334892273,7895,0.021507546,0.05095147519999999,-0.03455289569828892,36.7485648393631,-104.91272138338825,219.53125,0.6354166666666666
1198,157024256,3492,44955,,,,,,,,,,,,,,,,
,157155328,,,0.9361144304275513,0.25103759765625,0.2,6.446361599999999e-05,0.006144226994365454,13.541632652282715,7.561526092886925,0.8292067050933838,7900,0.020866593,0.050826956799999996,-0.03579675467044581,33.52124834060669,-118.76357021958484,241.78125,0.5104166666666666
1199,157155328,3492,44991,,,,,,,,,,,,,,,,
,157286400,,,0.9223748594522476,0.23713226318359376,0.2,6.426700799999998e-05,0.006145173218101263,18.355276107788086,7.525482019782066,0.8418168425559998,7905,0.018734181,0.0507024384,-0.03366711286653299,41.85178170204163,-101.91003807940217,205.60416666666666,0.6666666666666666
1200,157286400,3493,45025,,,,,,,,,,,,,,,,
,157417472,,,0.9288142174482346,0.226007080078125,0.2,6.407039999999999e-05,0.0061417873948812485,13.848749160766602,7.595513540506363,0.8505418300628662,7910,0.021121087,0.05057792,-0.03294883464259328,35.534100806713106,-117.20018155070977,229.10416666666666,0.5625
1201,157417472,3493,45062,,,,,,,,,,,,,,,,
,157548544,,,0.9204466640949249,0.23958587646484375,0.2,6.3873792e-05,0.006140308454632759,16.219398498535156,7.641002252697945,0.8138715624809265,7915,0.021139301,0.0504534016,-0.03486336397472769,37.959113204479216,-118.10026546694765,242.57291666666666,0.53125
1202,157548544,3493,45098,,,,,,,,,,,,,,,,
,157679616,,,0.9333498403429985,0.22871856689453124,0.2,6.367718399999999e-05,0.006140081211924553,12.28543758392334,7.638443058729171,0.8018183708190918,7920,0.019919246,0.0503288832,-0.03440189738175832,29.941450440883635,-119.5708723311767,246.15625,0.5104166666666666
1203,157679616,3493,45134,,,,,,,,,,,,,,,,
,157810688,,,0.9200371280312538,0.256365966796875,0.2,6.3480576e-05,0.006138828583061695,18.399188995361328,7.570770445466041,0.855565071105957,7925,0.02169498,0.050204364800000005,-0.03667627166432794,38.141399919986725,-119.04505028098514,240.76041666666666,0.5520833333333334
1204,157810688,3493,45170,,,,,,,,,,,,,,,,
,157941760,,,0.9290571212768555,0.26251068115234377,0.2,6.328396799999999e-05,0.006136640440672636,15.176423072814941,7.599133050441742,0.8460556864738464,7930,0.024875335,0.0500798464,-0.03730430594296195,34.05830366611481,-98.4207928626224,208.32291666666666,0.6875
1205,157941760,3493,45206,,,,,,,,,,,,,,,,
,158072832,,,0.9264689013361931,0.23402862548828124,0.2,6.308736e-05,0.0061387717723846436,16.395414352416992,7.614827835559845,0.8613869547843933,7935,0.020272527,0.04995532800000001,-0.033472800083109176,36.159127378463744,-105.45801141565245,218.08333333333334,0.625
1206,158072832,3493,45241,,,,,,,,,,,,,,,,
,158203904,,,0.929060161113739,0.2438201904296875,0.2,6.2890752e-05,0.0061402227729558945,16.467430114746094,7.498582914471626,0.8433361053466797,7940,0.022129524,0.049830809600000005,-0.036960606690263374,34.742784917354584,-113.1246771082332,224.33333333333334,0.5625
1207,158203904,3494,45276,,,,,,,,,,,,,,,,
,158334976,,,0.9307728633284569,0.23748016357421875,0.2,6.2694144e-05,0.00613847142085433,14.0390625,7.513252928853035,0.8592294454574585,7945,0.021111123,0.04970629120000001,-0.03615026018524077,33.004086029529574,-101.55972428564313,210.19791666666666,0.6666666666666666
1208,158334976,3494,45311,,,,,,,,,,,,,,,,
,158466048,,,0.9124295711517334,0.22668609619140626,0.2,6.249753600000001e-05,0.006134734954684973,18.587738037109375,7.576413032412529,0.8796248435974121,7950,0.021132056,0.04958177280000001,-0.033206587003951425,42.98035151958466,-105.39493445019673,226.67708333333334,0.5833333333333334
1209,158466048,3494,45346,,,,,,,,,,,,,,,,
,158597120,,,0.9285408109426498,0.2412872314453125,0.2,6.2300928e-05,0.006132227834314108,16.164154052734375,7.558012393116951,0.8236854076385498,7955,0.02162626,0.04945725440000001,-0.033579424637719055,36.12007967233658,-120.29725110919196,247.125,0.5416666666666666
1210,158597120,3494,45383,,,,,,,,,,,,,,,,
,158728192,,,0.9245635643601418,0.2425811767578125,0.2,6.210432000000001e-05,0.006130218505859375,15.3611421585083,7.497761419415474,0.8569434881210327,7960,0.021019505,0.04933273600000001,-0.03571345062518958,35.8447406411171,-106.57946348248156,231.07291666666666,0.6041666666666666
1211,158728192,3494,45419,,,,,,,,,,,,,,,,
,158859264,,,0.9116285815834999,0.2108367919921875,0.2,6.1907712e-05,0.00612748134881258,18.26836585998535,7.606471884250641,0.8569245338439941,7965,0.019853935,0.049208217600000013,-0.03305174923298182,41.16146545410156,-114.99681186796103,236.04166666666666,0.6145833333333334
1212,158859264,3494,45455,,,,,,,,,,,,,,,,
,158990336,,,0.9300701841711998,0.24105072021484375,0.2,6.171110400000001e-05,0.006126485764980316,15.313836097717285,7.562217184901238,0.8275504112243652,7970,0.021223959,0.04908369920000001,-0.035772937088040635,33.437827384471895,-100.04715118001263,213.54166666666666,0.6770833333333334
1213,158990336,3495,45490,,,,,,,,,,,,,,,,
,159121408,,,0.9293287992477417,0.241546630859375,0.2,6.151449599999998e-05,0.006126361899077892,16.154809951782227,7.572745817899704,0.848249614238739,7975,0.021286547,0.048959180799999995,-0.03554796385942609,34.39394804239273,-114.2438975070644,220.30208333333334,0.5833333333333334
1214,159121408,3495,45526,,,,,,,,,,,,,,,,
,159252480,,,0.9140108227729797,0.2231536865234375,0.2,6.131788799999998e-05,0.006127439439296722,21.09238624572754,7.578313684463501,0.8643803596496582,7980,0.019801753,0.04883466239999999,-0.03243104989087442,39.710059356689456,-104.28500291939935,219.08333333333334,0.6354166666666666
1215,159252480,3495,45562,,,,,,,,,,,,,,,,
,159383552,,,0.9172548353672028,0.2172332763671875,0.2,6.112127999999998e-05,0.006126856431365013,18.59243392944336,7.604789850115776,0.8430134654045105,7985,0.020273305,0.048710144,-0.03299189228564501,42.829851388931274,-104.74531794491651,211.89583333333334,0.6666666666666666
1216,159383552,3495,45597,,,,,,,,,,,,,,,,
,159514624,,,0.9200629889965057,0.2247802734375,0.2,6.0924671999999986e-05,0.00612556841224432,17.11161231994629,7.622278442978859,0.8620960116386414,7990,0.020988006,0.048585625599999994,-0.03242921355558792,38.94315453767776,-104.98354918878074,210.27083333333334,0.65625
1217,159514624,3495,45632,,,,,,,,,,,,,,,,
,159645696,,,0.9269779697060585,0.25136566162109375,0.2,6.072806399999999e-05,0.0061241453513503075,15.590120315551758,7.623806411027909,0.8578656911849976,7995,0.026191758,0.0484611072,-0.03492856777447741,35.67093036174774,-119.87147835461603,240.3125,0.5104166666666666
1218,159645696,3495,45668,,,,,,,,,,,,,,,,
,159776768,,,0.9267329201102257,0.21137237548828125,0.2,6.053145599999999e-05,0.006122977938503027,18.951141357421875,7.470300528407097,0.8752802610397339,8000,0.018361319,0.0483365888,-0.030015184736112133,41.28763725757599,-103.90913510773821,216.57291666666666,0.6145833333333334
1219,159776768,3495,45705,,,,,,,,,,,,,,,,
,159907840,,,0.9317907094955444,0.253546142578125,0.2,6.033484799999999e-05,0.006121920421719551,14.90532112121582,7.640953341126442,0.8019477725028992,8005,0.022173196,0.0482120704,-0.03314978389244061,33.03061093091965,-96.88155023736014,207.55208333333334,0.6354166666666666
1220,159907840,3495,45740,,,,,,,,,,,,,,,,
,160038912,,,0.9288745746016502,0.24664306640625,0.2,6.0138239999999996e-05,0.006124256178736687,16.748382568359375,7.616720491647721,0.848749041557312,8010,0.02345404,0.048087552,-0.035953276508371344,36.2252615571022,-105.52859038199324,211.3125,0.6354166666666666
1221,160038912,3496,45774,,,,,,,,,,,,,,,,
,160169984,,,0.9311029091477394,0.24876251220703124,0.2,5.9941631999999996e-05,0.00612227339297533,14.902542114257812,7.637365591526032,0.8980547785758972,8015,0.021233812,0.0479630336,-0.03644440619100351,38.148388957977296,-118.73186131065638,242.25,0.59375
1222,160169984,3496,45811,,,,,,,,,,,,,,,,
,160301056,,,0.9242402389645576,0.2200653076171875,0.2,5.9745024e-05,0.00612035533413291,16.342557907104492,7.582496443390847,0.8750591278076172,8020,0.02062137,0.0478385152,-0.0343534156359965,36.90235778093338,-117.73777196264473,231.17708333333334,0.5416666666666666
1223,160301056,3496,45846,,,,,,,,,,,,,,,,
,160432128,,,0.9351859092712402,0.23322601318359376,0.2,5.9548416e-05,0.006118682213127613,16.045780181884766,7.535860008001327,0.9069927930831909,8025,0.022624472,0.047713996800000005,-0.03355154794990085,37.48007729053497,-111.54624063420965,230.1875,0.5833333333333334
1224,160432128,3496,45881,,,,,,,,,,,,,,,,
,160563200,,,0.93772017583251,0.240093994140625,0.2,5.9351808e-05,0.00611482560634613,12.483524322509766,7.587739092111588,0.9052366614341736,8030,0.02009778,0.0475894784,-0.03400500211573672,32.562951827049254,-107.10949903627359,219.63541666666666,0.6145833333333334
1225,160563200,3496,45917,,,,,,,,,,,,,,,,
,160694272,,,0.925178237259388,0.21947479248046875,0.2,5.9155200000000006e-05,0.0061125122010707855,19.05608367919922,7.614719039201736,0.9152507185935974,8035,0.019288,0.04746496000000001,-0.030959309032186865,40.30885342359543,-106.35451355773087,219.44791666666666,0.6458333333333334
1226,160694272,3496,45952,,,,,,,,,,,,,,,,
,160825344,,,0.9137961491942406,0.22823028564453124,0.2,5.8958592000000006e-05,0.006111700087785721,18.462350845336914,7.575472381711006,0.9018267393112183,8040,0.019215468,0.04734044160000001,-0.033936754323076454,45.676795470714566,-109.34235800923125,226.28125,0.59375
1227,160825344,3496,45989,,,,,,,,,,,,,,,,
,160956416,,,0.9184664115309715,0.24771728515625,0.2,5.876198400000001e-05,0.0061096251010894775,18.559720993041992,7.636280524730682,0.9167340993881226,8045,0.022121187,0.04721592320000001,-0.03693503256799886,39.28053252696991,-108.37918482699995,228.03125,0.625
1228,160956416,3497,46025,,,,,,,,,,,,,,,,
,161087488,,,0.9240398183465004,0.2449127197265625,0.2,5.856537600000001e-05,0.006107880733907223,17.430334091186523,7.580656468868256,0.9022215604782104,8050,0.02323857,0.047091404800000014,-0.03548392032389529,39.439661633968356,-108.49086174252518,204.82291666666666,0.6458333333333334
1229,161087488,3497,46060,,,,,,,,,,,,,,,,
,161218560,,,0.9233549386262894,0.23556365966796874,0.2,5.836876800000001e-05,0.006106847431510687,19.418170928955078,7.628325200080871,0.8913576602935791,8055,0.020520922,0.04696688640000001,-0.034877202024654254,38.09355164766312,-103.20147256589894,207.0625,0.6354166666666666
1230,161218560,3497,46097,,,,,,,,,,,,,,,,
,161349632,,,0.9233404844999313,0.2194580078125,0.2,5.817215999999998e-05,0.006107481196522713,17.32500457763672,7.61601115167141,0.9034174680709839,8060,0.019239949,0.046842367999999995,-0.035157392884866565,38.84714537858963,-103.17199819871662,211.09375,0.6354166666666666
1231,161349632,3497,46131,,,,,,,,,,,,,,,,
,161480704,,,0.932459868490696,0.24511260986328126,0.2,5.797555199999998e-05,0.0061074900440871716,16.67158317565918,7.641780272126198,0.8886212706565857,8065,0.022395182,0.04671784959999999,-0.03526092482352396,33.712587010860446,-111.21705171522508,224.17708333333334,0.59375
1232,161480704,3497,46168,,,,,,,,,,,,,,,,
,161611776,,,0.9309499263763428,0.2509185791015625,0.2,5.7778943999999983e-05,0.006109632086008787,14.037976264953613,7.600067222118378,0.9098705053329468,8070,0.02194982,0.0465933312,-0.0332556530891452,33.852281498908994,-99.10424392944897,198.41666666666666,0.6666666666666666
1233,161611776,3497,46202,,,,,,,,,,,,,,,,
,161742848,,,0.9110603332519531,0.2259521484375,0.2,5.7582335999999984e-05,0.006110216490924358,22.881635665893555,7.562711191177368,0.8805806040763855,8075,0.019051278,0.046468812799999995,-0.03242351599910762,46.30920886993408,-113.99053098083773,231.44791666666666,0.5729166666666666
1234,161742848,3498,46238,,,,,,,,,,,,,,,,
,161873920,,,0.9267968907952309,0.22946624755859374,0.2,5.7385727999999985e-05,0.006111638154834509,16.139925003051758,7.579783171415329,0.932191014289856,8080,0.020630699,0.0463442944,-0.03396260669833282,39.7850328207016,-115.08528796696872,232.22916666666666,0.5833333333333334
1235,161873920,3498,46274,,,,,,,,,,,,,,,,
,162004992,,,0.9310130253434181,0.2380218505859375,0.2,5.7189119999999985e-05,0.00611282279714942,12.401148796081543,7.6216780006885525,0.9164447784423828,8085,0.020827644,0.046219776,-0.03412354379834141,33.3635555267334,-103.31831520039107,207.88541666666666,0.6458333333333334
1236,162004992,3498,46310,,,,,,,,,,,,,,,,
,162136064,,,0.9255510419607162,0.234490966796875,0.2,5.699251199999999e-05,0.0061111245304346085,16.406644821166992,7.570653775334359,0.8775858879089355,8090,0.021370923,0.0460952576,-0.03327754478959832,38.48699902296066,-113.25933356681662,229.16666666666666,0.5833333333333334
1237,162136064,3498,46347,,,,,,,,,,,,,,,,
,162267136,,,0.9326169267296791,0.2432525634765625,0.2,5.6795903999999994e-05,0.006110094487667084,14.529378890991211,7.639702093601227,0.8799484968185425,8095,0.021756537,0.0459707392,-0.032949190824001565,33.2398276925087,-107.51753544618481,216.0,0.59375
1238,162267136,3498,46382,,,,,,,,,,,,,,,,
,162398208,,,0.9296766519546509,0.25028839111328127,0.2,5.6599295999999994e-05,0.0061082239262759686,15.793135643005371,7.657252651453018,0.8979815244674683,8100,0.02146503,0.045846220800000004,-0.034244138358917556,37.389745998382566,-107.40008357035053,220.60416666666666,0.6041666666666666
1239,162398208,3498,46417,,,,,,,,,,,,,,,,
,162529280,,,0.9305199906229973,0.2373992919921875,0.2,5.6402687999999995e-05,0.0061094677075743675,18.282468795776367,7.555475413799286,0.9054142832756042,8105,0.020294722,0.0457217024,-0.032302143996639644,35.45823576450348,-115.23835012669237,214.33333333333334,0.625
1240,162529280,3498,46453,,,,,,,,,,,,,,,,
,162660352,,,0.9334543719887733,0.23286285400390624,0.2,5.6206079999999996e-05,0.006109493784606457,15.040752410888672,7.598530915379524,0.9046701192855835,8110,0.020957865,0.045597184000000006,-0.0330951943033142,33.037726891040805,-110.15497256466035,228.54166666666666,0.5729166666666666
1241,162660352,3499,46487,,,,,,,,,,,,,,,,
,162791424,,,0.9387147799134254,0.21927490234375,0.2,5.6009471999999996e-05,0.0061063338071107864,12.661089897155762,7.5970487803220745,0.9295779466629028,8115,0.019853823,0.0454726656,-0.0364073984339484,31.85559626817703,-114.74823838789649,230.71875,0.5729166666666666
1242,162791424,3499,46524,,,,,,,,,,,,,,,,
,162922496,,,0.9243165925145149,0.21970977783203124,0.2,5.5812864000000004e-05,0.0061043910682201385,17.84130859375,7.62774806022644,0.9146589040756226,8120,0.019069292,0.04534814720000001,-0.03366993957315571,36.530518364906314,-104.18480441624983,219.61458333333334,0.625
1243,162922496,3499,46560,,,,,,,,,,,,,,,,
,163053568,,,0.9184270948171616,0.22254791259765624,0.2,5.5616256000000004e-05,0.00610514497384429,15.060210227966309,7.634506598114967,0.9259390234947205,8125,0.018557174,0.045223628800000006,-0.03322648934845347,38.35017768144608,-101.6290253931964,212.1875,0.6666666666666666
1244,163053568,3499,46596,,,,,,,,,,,,,,,,
,163184640,,,0.93357352912426,0.239111328125,0.2,5.5419648000000005e-05,0.0061053200624883175,14.805808067321777,7.609663021564484,0.9071553945541382,8130,0.021966832,0.04509911040000001,-0.03399202128202887,33.93617445230484,-104.05110848671973,219.90625,0.6354166666666666
1245,163184640,3499,46632,,,,,,,,,,,,,,,,
,163315712,,,0.9331759214401245,0.2257537841796875,0.2,5.5223040000000006e-05,0.006101950537413359,13.163325309753418,7.588895633816719,0.8704589605331421,8135,0.021293934,0.04497459200000001,-0.03266556431626668,33.87927693128586,-112.22472164420351,216.73958333333334,0.5729166666666666
1246,163315712,3499,46667,,,,,,,,,,,,,,,,
,163446784,,,0.9280883967876434,0.20755462646484374,0.2,5.5026432000000007e-05,0.006100902333855629,15.473339080810547,7.577939501404762,0.8927697539329529,8140,0.018166509,0.04485007360000001,-0.03159582909720484,35.147373628616336,-106.76010587655809,214.64583333333334,0.5833333333333334
1247,163446784,3499,46704,,,,,,,,,,,,,,,,
,163577856,,,0.9275902956724167,0.2552490234375,0.2,5.4829824000000014e-05,0.006102517247200012,15.590360641479492,7.669235876202583,0.8712561130523682,8145,0.021336649,0.04472555520000001,-0.033986746359732936,35.62858856916428,-123.11599143622175,233.77083333333334,0.5416666666666666
1248,163577856,3499,46739,,,,,,,,,,,,,,,,
,163708928,,,0.942240085452795,0.24145355224609374,0.2,5.463321599999998e-05,0.006103053689002991,14.364103317260742,7.599888828396797,0.8985583782196045,8150,0.022190493,0.044601036799999993,-0.033714589846204034,29.359799909591676,-101.27459403715777,207.92708333333334,0.6770833333333334
1249,163708928,3499,46774,,,,,,,,,,,,,,,,
,163840000,,,0.9225136563181877,0.226336669921875,0.2,5.443660799999998e-05,0.00610099732875824,15.278081893920898,7.618994134664535,0.8949927091598511,8155,0.020253547,0.04447651839999999,-0.03309731907793321,39.400193858146665,-112.38425080685697,226.375,0.5729166666666666
1250,163840000,3499,46811,,,,,,,,,,,,,,,,
,163971072,,,0.9243932291865349,0.229681396484375,0.2,5.423999999999998e-05,0.0061015537939965725,16.29168701171875,7.597523874044418,0.906273365020752,8160,0.020578293,0.044351999999999996,-0.034965262401965444,36.79448717832565,-105.89725819316898,221.33333333333334,0.6041666666666666
1251,163971072,3500,46846,,,,,,,,,,,,,,,,
,164102144,,,0.92756587266922,0.22594451904296875,0.2,5.404339199999998e-05,0.006101752631366253,15.1946382522583,7.641558721661568,0.8698581457138062,8165,0.019220442,0.04422748159999999,-0.03317090121854562,35.30593590736389,-106.59454310673283,229.55208333333334,0.6041666666666666
1252,164102144,3500,46881,,,,,,,,,,,,,,,,
,164233216,,,0.924533948302269,0.2259490966796875,0.2,5.384678399999999e-05,0.00609804829582572,16.941753387451172,7.588905367255211,0.9040845632553101,8170,0.019572051,0.0441029632,-0.03333096258720616,37.47973946332932,-108.1331230406261,221.27083333333334,0.6145833333333334
1253,164233216,3500,46917,,,,,,,,,,,,,,,,
,164364288,,,0.9312380477786064,0.2258819580078125,0.2,5.365017599999999e-05,0.006098044570535421,14.069436073303223,7.569281017780304,0.897833526134491,8175,0.020926762,0.043978444799999995,-0.031046314719424116,33.679998552799226,-107.60130459863626,206.59375,0.6354166666666666
1254,164364288,3500,46953,,,,,,,,,,,,,,,,
,164495360,,,0.9374333396553993,0.23221435546875,0.2,5.345356799999999e-05,0.006099342368543148,14.870341300964355,7.501445850729942,0.9138984084129333,8180,0.019894937,0.0438539264,-0.03195776420761831,32.9083175778389,-108.79364841838738,226.69791666666666,0.59375
1255,164495360,3500,46989,,,,,,,,,,,,,,,,
,164626432,,,0.9346008747816086,0.2427978515625,0.2,5.325695999999999e-05,0.006099025718867779,11.003094673156738,7.57824060022831,0.8915616869926453,8185,0.021793056,0.043729408,-0.033152011506899726,31.679032969474793,-108.28037253196078,216.15625,0.6041666666666666
1256,164626432,3500,47025,,,,,,,,,,,,,,,,
,164757504,,,0.9275905415415764,0.22792816162109375,0.2,5.306035199999999e-05,0.006101042032241821,15.245206832885742,7.55435588657856,0.9195444583892822,8190,0.022369292,0.0436048896,-0.03287253109738231,35.455437529087064,-101.11635632207488,209.52083333333334,0.6666666666666666
1257,164757504,3500,47060,,,,,,,,,,,,,,,,
,164888576,,,0.9256298169493675,0.2075958251953125,0.2,5.2863743999999994e-05,0.0060999952256679535,16.20357894897461,7.471817216277122,0.9028948545455933,8195,0.018266726,0.043480371200000006,-0.03131488573853858,37.30039248466492,-103.00050749231332,216.63541666666666,0.6458333333333334
1258,164888576,3501,47095,,,,,,,,,,,,,,,,
,165019648,,,0.9305043071508408,0.238861083984375,0.2,5.2667136e-05,0.006100749131292105,15.252228736877441,7.600569948554039,0.9086313247680664,8200,0.02077055,0.043355852800000004,-0.03370769527100492,32.14487942457199,-101.52793835247128,214.0,0.6458333333333334
1259,165019648,3501,47129,,,,,,,,,,,,,,,,
,165150720,,,0.921532392501831,0.21170806884765625,0.2,5.2470528e-05,0.006098422221839428,19.384920120239258,7.549504789710045,0.9171673655509949,8205,0.018771052,0.04323133440000001,-0.03110073775751516,38.956941437721255,-100.47472697441792,216.66666666666666,0.625
1260,165150720,3501,47164,,,,,,,,,,,,,,,,
,165281792,,,0.930166095495224,0.22286834716796874,0.2,5.227392e-05,0.006096992641687393,14.568988800048828,7.562728828191757,0.9112139940261841,8210,0.018554954,0.043106816000000006,-0.0332960530751734,33.974064075946806,-115.67878353681681,230.46875,0.5729166666666666
1261,165281792,3501,47201,,,,,,,,,,,,,,,,
,165412864,,,0.9293178245425224,0.223321533203125,0.2,5.2077312e-05,0.006094399839639664,17.219188690185547,7.566164055466652,0.9013986587524414,8215,0.020277541,0.04298229760000001,-0.032897707549273035,35.520992887020114,-91.93462256597184,204.23958333333334,0.7083333333333334
1262,165412864,3501,47234,,,,,,,,,,,,,,,,
,165543936,,,0.9237531274557114,0.2245452880859375,0.2,5.1880704000000004e-05,0.006091603543609381,18.120237350463867,7.5569018691778185,0.9402928352355957,8220,0.019682169,0.04285777920000001,-0.032811917255457956,38.429423582553866,-121.90173578328567,243.17708333333334,0.5104166666666666
1263,165543936,3502,47271,,,,,,,,,,,,,,,,
,165675008,,,0.9246082678437233,0.234234619140625,0.2,5.168409600000001e-05,0.006088847294449806,16.526165008544922,7.5659439951181415,0.9242314100265503,8225,0.0217092,0.04273326080000001,-0.033975539857055995,37.125849676132205,-110.98965082072822,227.63541666666666,0.5729166666666666
1264,165675008,3502,47307,,,,,,,,,,,,,,,,
,165806080,,,0.9224127307534218,0.232733154296875,0.2,5.148748800000001e-05,0.006088580004870892,18.522157669067383,7.599031007289886,0.9110557436943054,8230,0.02110298,0.04260874240000001,-0.033438898096210326,38.77697644233704,-110.79303755052759,222.69791666666666,0.59375
1265,165806080,3502,47342,,,,,,,,,,,,,,,,
,165937152,,,0.9345206767320633,0.21314544677734376,0.2,5.129088000000001e-05,0.006086687557399273,14.509346961975098,7.549055108428002,0.9225825071334839,8235,0.018748619,0.042484224000000015,-0.03142886561981868,34.41486439704895,-117.28917139188229,238.5,0.5729166666666666
1266,165937152,3502,47378,,,,,,,,,,,,,,,,
,166068224,,,0.9257409572601318,0.23498382568359374,0.2,5.109427199999998e-05,0.006085626315325499,13.531147956848145,7.610992041230202,0.9033229351043701,8240,0.019945849,0.04235970559999999,-0.033786289396812205,34.63528151512146,-117.75842030593314,237.6875,0.5625
1267,166068224,3502,47413,,,,,,,,,,,,,,,,
,166199296,,,0.9186538308858871,0.2267608642578125,0.2,5.089766399999998e-05,0.006082705222070217,18.654449462890625,7.572935581207275,0.9021151065826416,8245,0.019200802,0.042235187199999996,-0.03209561727417167,41.873789358139035,-112.48188015849003,224.52083333333334,0.59375
1268,166199296,3502,47450,,,,,,,,,,,,,,,,
,166330368,,,0.9295027330517769,0.213812255859375,0.2,5.070105599999999e-05,0.006081602536141872,18.364276885986328,7.627420291304588,0.9096680879592896,8250,0.018741118,0.042110668799999994,-0.03299786483112257,34.17021938562393,-110.91565562750554,218.22916666666666,0.5833333333333334
1269,166330368,3502,47486,,,,,,,,,,,,,,,,
,166461440,,,0.9267374649643898,0.220086669921875,0.2,5.050444799999999e-05,0.0060818977653980255,15.1092529296875,7.567699602246284,0.9088529348373413,8255,0.02022016,0.0419861504,-0.033013865668908696,37.25615072250366,-111.67736275681426,231.23958333333334,0.59375
1270,166461440,3502,47522,,,,,,,,,,,,,,,,
,166592512,,,0.9261191412806511,0.2271270751953125,0.2,5.030783999999999e-05,0.0060816565528512,16.394773483276367,7.590002501010895,0.9115812182426453,8260,0.02042408,0.041861631999999996,-0.03274755060483585,36.084952652454376,-103.62490129511873,216.125,0.6041666666666666
1271,166592512,3503,47556,,,,,,,,,,,,,,,,
,166723584,,,0.932580478489399,0.229150390625,0.2,5.011123199999999e-05,0.006082269363105297,14.267870903015137,7.576332145929337,0.9348735213279724,8265,0.01989426,0.0417371136,-0.03502290289034136,33.145969212055206,-116.99056774263852,238.04166666666666,0.53125
1272,166723584,3503,47592,,,,,,,,,,,,,,,,
,166854656,,,0.9277813211083412,0.23290863037109374,0.2,4.991462399999999e-05,0.006081820465624332,15.604687690734863,7.553690809011459,0.9625223875045776,8270,0.020570345,0.0416125952,-0.03336146429064683,36.08407500982285,-94.06648898638996,204.28125,0.6875
1273,166854656,3503,47627,,,,,,,,,,,,,,,,
,166985728,,,0.9293629676103592,0.22191162109375,0.2,4.971801599999999e-05,0.006080003455281258,13.675289154052734,7.593293544650078,0.9126542806625366,8275,0.020271191,0.0414880768,-0.032831704264390284,31.914200270175932,-101.73866468220712,214.11458333333334,0.6458333333333334
1274,166985728,3503,47663,,,,,,,,,,,,,,,,
,167116800,,,0.9331166222691536,0.21843109130859376,0.2,4.9521408e-05,0.006076592020690441,13.269613265991211,7.562705925107002,0.9296516180038452,8280,0.018514276,0.0413635584,-0.03276705729367677,33.57754119634628,-109.49700612990544,224.69791666666666,0.6145833333333334
1275,167116800,3503,47698,,,,,,,,,,,,,,,,
,167247872,,,0.9362705796957016,0.225836181640625,0.2,4.93248e-05,0.006074102129787207,15.57415771484375,7.569260582327843,0.9554693698883057,8285,0.019875336,0.041239040000000005,-0.032722228027705566,32.290304565429686,-111.9538662589046,238.21875,0.5833333333333334
1276,167247872,3503,47735,,,,,,,,,,,,,,,,
,167378944,,,0.9316235184669495,0.2324066162109375,0.2,4.9128192e-05,0.006072876043617725,13.769635200500488,7.541083669662475,0.921491801738739,8290,0.020779662,0.0411145216,-0.035014252476685215,34.44054874181747,-104.71623955935316,222.19791666666666,0.6041666666666666
1277,167378944,3503,47771,,,,,,,,,,,,,,,,
,167510016,,,0.9303401112556458,0.22222442626953126,0.2,4.8931584e-05,0.006073215510696173,16.22022819519043,7.643330746889115,0.9462255239486694,8295,0.020502282,0.04099000320000001,-0.030545728787546977,35.92026752233505,-117.41657591677328,231.4375,0.5520833333333334
1278,167510016,3503,47807,,,,,,,,,,,,,,,,
,167641088,,,0.9172227829694748,0.2025634765625,0.2,4.8734976e-05,0.006072916090488434,19.469770431518555,7.588987085223198,0.9671899676322937,8300,0.017550927,0.040865484800000004,-0.03012228647567099,40.42132177352905,-114.36314225956517,237.47916666666666,0.5520833333333334
1279,167641088,3503,47843,,,,,,,,,,,,,,,,
,167772160,,,0.9306526556611061,0.216094970703125,0.2,4.853836800000001e-05,0.006072246469557285,17.22867202758789,7.5577790349721905,0.9386216998100281,8305,0.018878844,0.04074096640000001,-0.03140065411716932,35.37238339185715,-103.73747140870749,209.63541666666666,0.65625
1280,167772160,3504,47879,,,,,,,,,,,,,,,,
,167903232,,,0.9418315030634403,0.23253326416015624,0.2,4.834176000000001e-05,0.006069384515285492,12.61256217956543,7.604461434483528,0.9745796918869019,8310,0.019805133,0.040616448000000006,-0.03377643736021128,29.717444276809694,-101.26030126550408,206.95833333333334,0.6875
1281,167903232,3504,47916,,,,,,,,,,,,,,,,
,168034304,,,0.9320527762174606,0.220928955078125,0.2,4.814515200000001e-05,0.006067928858101368,12.901015281677246,7.623898795247078,0.9195288419723511,8315,0.018783594,0.04049192960000001,-0.03238606445956975,34.015394723415376,-108.55951825063558,236.96875,0.6145833333333334
1282,168034304,3504,47952,,,,,,,,,,,,,,,,
,168165376,,,0.9256382137537003,0.21085205078125,0.2,4.794854400000001e-05,0.006067442707717419,15.911762237548828,7.60234201848507,0.9188895225524902,8320,0.019937186,0.04036741120000001,-0.030938079848419876,33.96681522130966,-98.38049950601605,207.10416666666666,0.6666666666666666
1283,168165376,3504,47988,,,,,,,,,,,,,,,,
,168296448,,,0.9262727499008179,0.219464111328125,0.2,4.775193599999998e-05,0.00606380682438612,19.76418113708496,7.580202794075012,0.9261643290519714,8325,0.018128905,0.04024289279999999,-0.03193834525445709,36.55040593147278,-113.14786903055905,238.28125,0.5625
1284,168296448,3504,48022,,,,,,,,,,,,,,,,
,168427520,,,0.9362532198429108,0.245477294921875,0.2,4.755532799999998e-05,0.006061845924705267,16.598026275634766,7.571980154514312,0.9718282222747803,8330,0.021428809,0.04011837439999999,-0.034772127897304016,32.15917086601257,-110.37416422195622,232.21875,0.625
1285,168427520,3504,48058,,,,,,,,,,,,,,,,
,168558592,,,0.9387939907610416,0.23082427978515624,0.2,4.7358719999999986e-05,0.006062127649784088,14.667243003845215,7.571119931340218,0.9703295230865479,8335,0.01925424,0.039993855999999994,-0.035037198451755104,32.08971985578537,-100.00622018561812,207.52083333333334,0.6875
1286,168558592,3504,48094,,,,,,,,,,,,,,,,
,168689664,,,0.93109080940485,0.21269378662109376,0.2,4.7162111999999986e-05,0.006060328334569931,12.523401260375977,7.586612033843994,0.961338996887207,8340,0.01937265,0.03986933759999999,-0.03238817526435014,32.46065139770508,-102.88246417739894,217.45833333333334,0.65625
1287,168689664,3504,48128,,,,,,,,,,,,,,,,
,168820736,,,0.9307042136788368,0.22749481201171876,0.2,4.696550399999999e-05,0.006059559993445873,15.728760719299316,7.604002052545548,0.9601327776908875,8345,0.01896033,0.039744819199999996,-0.033947528373391836,35.42267415523529,-105.8570383391351,214.44791666666666,0.6041666666666666
1288,168820736,3505,48163,,,,,,,,,,,,,,,,
,168951808,,,0.9322535023093224,0.2064788818359375,0.2,4.676889599999999e-05,0.006059483624994755,15.268755912780762,7.607820698618889,0.9598399996757507,8350,0.018849581,0.039620300799999994,-0.0318094619360636,33.02326029539108,-99.02956900680726,200.55208333333334,0.6770833333333334
1289,168951808,3505,48198,,,,,,,,,,,,,,,,
,169082880,,,0.9286288172006607,0.21340789794921874,0.2,4.657228799999999e-05,0.006060084328055382,14.303648948669434,7.577555698156357,0.9354976415634155,8355,0.01838705,0.0394957824,-0.030894022749271242,35.433550679683684,-105.82468421900897,226.52083333333334,0.6354166666666666
1290,169082880,3505,48233,,,,,,,,,,,,,,,,
,169213952,,,0.9266290441155434,0.21109466552734374,0.2,4.6375679999999996e-05,0.006059675943106413,18.899274826049805,7.559018528461456,0.9209291338920593,8360,0.019855822,0.039371263999999996,-0.03140643185906811,37.70695855617523,-112.15722866445383,228.72916666666666,0.59375
1291,169213952,3505,48270,,,,,,,,,,,,,,,,
,169345024,,,0.9256869703531265,0.21784820556640624,0.2,4.6179071999999996e-05,0.006057774648070335,13.96617317199707,7.580029255151748,0.9496581554412842,8365,0.018212844,0.0392467456,-0.031888136436464265,37.32365036010742,-105.08565586912228,223.57291666666666,0.6458333333333334
1292,169345024,3505,48304,,,,,,,,,,,,,,,,
,169476096,,,0.9310391321778297,0.2186859130859375,0.2,4.5982464e-05,0.00605745380744338,16.2121639251709,7.551739466190338,0.950152575969696,8370,0.0189585,0.0391222272,-0.0323090279722237,34.05129315853119,-98.45935478289728,207.59375,0.6770833333333334
1293,169476096,3505,48339,,,,,,,,,,,,,,,,
,169607168,,,0.9358534663915634,0.23201446533203124,0.2,4.5785856e-05,0.00605554785579443,12.465686798095703,7.6263784855604175,0.954211413860321,8375,0.019729529,0.0389977088,-0.0326199476927286,30.764900350570677,-106.47263786468163,227.26041666666666,0.59375
1294,169607168,3505,48376,,,,,,,,,,,,,,,,
,169738240,,,0.9331651255488396,0.22421417236328126,0.2,4.5589248e-05,0.006055365316569805,15.105834007263184,7.599567639827728,0.9561642408370972,8380,0.020424299,0.0388731904,-0.03203449358989019,33.4069198012352,-102.67416513068514,223.45833333333334,0.65625
1295,169738240,3506,48410,,,,,,,,,,,,,,,,
,169869312,,,0.9256475418806076,0.2170654296875,0.2,4.539264e-05,0.00605564471334219,14.766275405883789,7.51509900689125,0.9872519373893738,8385,0.01986958,0.038748672000000005,-0.03240387026453391,35.189256846904755,-105.84193846258465,216.03125,0.6145833333333334
1296,169869312,3506,48444,,,,,,,,,,,,,,,,
,170000384,,,0.9312299191951752,0.21814727783203125,0.2,4.5196032000000007e-05,0.006057797931134701,15.31337833404541,7.569898480176926,0.9852733612060547,8390,0.019464599,0.0386241536,-0.0337733451029635,34.36255838871002,-126.79324433590551,253.67708333333334,0.5104166666666666
1297,170000384,3506,48480,,,,,,,,,,,,,,,,
,170131456,,,0.9268414825201035,0.2016693115234375,0.2,4.499942400000001e-05,0.006057734601199627,15.534714698791504,7.544269156455994,0.9785196185112,8395,0.017872455,0.03849963520000001,-0.030567925269133413,39.03649090528488,-101.13625220524919,213.94791666666666,0.6458333333333334
1298,170131456,3506,48515,,,,,,,,,,,,,,,,
,170262528,,,0.9214835241436958,0.21611328125,0.2,4.480281600000001e-05,0.00605663051828742,17.299367904663086,7.568508869409561,0.9916448593139648,8400,0.018992811,0.03837511680000001,-0.0322623125553946,37.65676065683365,-102.4407674024075,219.80208333333334,0.6666666666666666
1299,170262528,3506,48550,,,,,,,,,,,,,,,,
,170393600,,,0.9338982328772545,0.2180511474609375,0.2,4.460620800000001e-05,0.0060552433133125305,16.96133804321289,7.564874601364136,0.9801448583602905,8405,0.018969674,0.03825059840000001,-0.030977159879694228,35.04866417646408,-100.04762671223686,213.22916666666666,0.6666666666666666
1300,170393600,3506,48587,,,,,,,,,,,,,,,,
,170524672,,,0.9278395175933838,0.22020721435546875,0.2,4.440960000000001e-05,0.006052716635167599,14.142900466918945,7.529056471586228,0.9856090545654297,8410,0.01901678,0.038126080000000014,-0.03261746739008231,35.41046787500382,-112.20197801150859,226.14583333333334,0.6145833333333334
1301,170524672,3507,48622,,,,,,,,,,,,,,,,
,170655744,,,0.9224755987524986,0.22215423583984376,0.2,4.421299199999998e-05,0.006053111515939236,15.652444839477539,7.552403336763382,0.9989830851554871,8415,0.01931677,0.03800156159999999,-0.030300259428622668,37.32271536588669,-99.94876761154427,214.91666666666666,0.6354166666666666
1302,170655744,3507,48658,,,,,,,,,,,,,,,,
,170786816,,,0.9259482622146606,0.22215118408203124,0.2,4.4016383999999984e-05,0.006051966920495033,12.970039367675781,7.631431186199189,0.9836429953575134,8420,0.019305533,0.037877043199999995,-0.030836950411321597,33.035328435897824,-98.4527251986641,222.55208333333334,0.6458333333333334
1303,170786816,3507,48694,,,,,,,,,,,,,,,,
,170917888,,,0.9253035560250282,0.19472198486328124,0.2,4.3819775999999984e-05,0.006050866097211838,19.145124435424805,7.6394738286733626,1.0086921453475952,8425,0.016865332,0.03775252479999999,-0.030813824944198133,36.75219348669052,-100.12649715537368,215.14583333333334,0.6875
1304,170917888,3507,48729,,,,,,,,,,,,,,,,
,171048960,,,0.9245786517858505,0.2129425048828125,0.2,4.3623167999999985e-05,0.0060504525899887085,16.289457321166992,7.587306287884712,1.001431941986084,8430,0.019657068,0.0376280064,-0.03164348415302811,35.62531400918961,-96.20133367993667,215.9375,0.6770833333333334
1305,171048960,3507,48765,,,,,,,,,,,,,,,,
,171180032,,,0.9357855394482613,0.2353485107421875,0.2,4.3426559999999986e-05,0.006048803683370352,14.303955078125,7.620325669646263,1.0117195844650269,8435,0.021328658,0.037503487999999995,-0.03441651560133323,32.73065226078033,-103.90634505828797,220.41666666666666,0.6979166666666666
1306,171180032,3507,48799,,,,,,,,,,,,,,,,
,171311104,,,0.9282495900988579,0.2063140869140625,0.2,4.322995199999999e-05,0.00604888703674078,15.486480712890625,7.5790879964828495,1.017758846282959,8440,0.018685404,0.0373789696,-0.03152860563423019,35.396679651737216,-108.6273143402179,226.1875,0.5833333333333334
1307,171311104,3507,48836,,,,,,,,,,,,,,,,
,171442176,,,0.9362886920571327,0.21109161376953126,0.2,4.3033343999999994e-05,0.006047373171895742,17.329784393310547,7.498462107777596,1.021106481552124,8445,0.019143995,0.0372544512,-0.03158878704707604,36.82186890840531,-107.33548477778602,225.35416666666666,0.6041666666666666
1308,171442176,3507,48872,,,,,,,,,,,,,,,,
,171573248,,,0.9349993839859962,0.22195281982421874,0.2,4.2836735999999994e-05,0.0060480572283267975,17.093158721923828,7.545241576433182,1.0203633308410645,8450,0.019774545,0.0371299328,-0.03152154716080986,34.74679764509201,-104.17870983115175,214.59375,0.6458333333333334
1309,171573248,3508,48907,,,,,,,,,,,,,,,,
,171704320,,,0.9348122775554657,0.20338897705078124,0.2,4.2640127999999995e-05,0.006044631823897362,14.515484809875488,7.682892000675201,0.991895854473114,8455,0.018039176,0.0370054144,-0.030812180001521482,32.75915733575821,-110.01679088687092,217.33333333333334,0.6458333333333334
1310,171704320,3508,48944,,,,,,,,,,,,,,,,
,171835392,,,0.9267045632004738,0.212677001953125,0.2,4.2443519999999996e-05,0.006042934954166412,17.155132293701172,7.560568848252297,1.0076192617416382,8460,0.017817877,0.036880896,-0.030496226047398524,38.81795661449432,-114.20627556284155,233.83333333333334,0.6041666666666666
1311,171835392,3508,48980,,,,,,,,,,,,,,,,
,171966464,,,0.9334685802459717,0.22662353515625,0.2,4.2246911999999996e-05,0.006040660198777914,15.230454444885254,7.53483909368515,0.9893853664398193,8465,0.020185892,0.0367563776,-0.03289028193539707,33.17901432514191,-104.53223165525218,216.32291666666666,0.6354166666666666
1312,171966464,3508,49016,,,,,,,,,,,,,,,,
,172097536,,,0.9355742856860161,0.207489013671875,0.2,4.2050304000000004e-05,0.00603885855525732,16.44675636291504,7.55160413980484,1.0243743658065796,8470,0.01827615,0.036631859200000005,-0.031952880206517875,34.875718557834624,-100.88820599431206,212.42708333333334,0.6875
1313,172097536,3508,49051,,,,,,,,,,,,,,,,
,172228608,,,0.938821978867054,0.22386932373046875,0.2,4.1853696000000005e-05,0.0060382988303899765,14.55046558380127,7.531065911054611,1.0419979095458984,8475,0.020508433,0.0365073408,-0.0334059883687587,31.16338268518448,-103.09559294528587,219.39583333333334,0.6458333333333334
1314,172228608,3508,49087,,,,,,,,,,,,,,,,
,172359680,,,0.9155504405498505,0.18143768310546876,0.2,4.1657088000000005e-05,0.006034755613654852,21.64967155456543,7.572441902756691,1.029707431793213,8480,0.016560579,0.03638282240000001,-0.029191734132473356,43.768493509292604,-94.82958421282876,201.16666666666666,0.71875
1315,172359680,3508,49121,,,,,,,,,,,,,,,,
,172490752,,,0.9327932819724083,0.21798553466796874,0.2,4.1460480000000006e-05,0.006033780984580517,14.906715393066406,7.560982936620713,1.016099214553833,8485,0.018918741,0.036258304000000005,-0.03232005104364362,34.9755922794342,-97.35350538208155,208.5625,0.6666666666666666
1316,172490752,3508,49157,,,,,,,,,,,,,,,,
,172621824,,,0.925581768155098,0.21999359130859375,0.2,4.1263872000000007e-05,0.006033211015164852,13.999856948852539,7.543062484264373,0.9644107818603516,8490,0.019487541,0.03613378560000001,-0.032045888391439806,36.591724967956544,-108.94675549979324,219.875,0.6145833333333334
1317,172621824,3509,49192,,,,,,,,,,,,,,,,
,172752896,,,0.9255964979529381,0.20955810546875,0.2,4.1067264000000014e-05,0.006029941141605377,17.195783615112305,7.644944095611573,1.00081205368042,8495,0.017619053,0.03600926720000001,-0.032200359270791526,36.61919298171997,-110.74370599890983,228.94791666666666,0.59375
1318,172752896,3509,49228,,,,,,,,,,,,,,,,
,172883968,,,0.9301909804344177,0.221026611328125,0.2,4.0870656000000015e-05,0.006029143929481506,14.204917907714844,7.5872656345367435,1.0516051054000854,8500,0.019432105,0.03588474880000001,-0.03258922699969844,33.45584772825241,-97.96178243741508,197.07291666666666,0.71875
1319,172883968,3509,49265,,,,,,,,,,,,,,,,
,173015040,,,0.925912655889988,0.22440643310546876,0.2,4.067404799999998e-05,0.006027414463460445,17.533954620361328,7.666834953427315,0.9979262351989746,8505,0.019276865,0.03576023039999999,-0.033616305260511584,34.7537123799324,-101.7203819161406,210.97916666666666,0.6979166666666666
1320,173015040,3509,49300,,,,,,,,,,,,,,,,
,173146112,,,0.9255528301000595,0.2167236328125,0.2,4.047743999999998e-05,0.006022059358656406,18.4074764251709,7.581871804594994,1.042183756828308,8510,0.019646468,0.03563571199999999,-0.03232240905344952,36.89992206096649,-108.147872060226,211.38541666666666,0.6041666666666666
1321,173146112,3509,49335,,,,,,,,,,,,,,,,
,173277184,,,0.9287499710917473,0.199560546875,0.2,4.028083199999998e-05,0.00602173013612628,14.705405235290527,7.6360568642616276,1.0199718475341797,8515,0.01859561,0.03551119359999999,-0.030439690366620198,34.72963800430298,-110.46936196279567,227.40625,0.5833333333333334
1322,173277184,3509,49370,,,,,,,,,,,,,,,,
,173408256,,,0.9269231036305428,0.20119781494140626,0.2,4.008422399999999e-05,0.006020685657858849,20.081912994384766,7.5942858248949054,1.0379680395126343,8520,0.01747508,0.035386675199999995,-0.029101521224947646,38.13081111907959,-109.04202586221989,217.88541666666666,0.6458333333333334
1323,173408256,3509,49406,,,,,,,,,,,,,,,,
,173539328,,,0.9278455153107643,0.19584197998046876,0.2,3.988761599999999e-05,0.006018581800162792,16.126890182495117,7.566089728474617,1.0208073854446411,8525,0.018800322,0.03526215679999999,-0.030733409736421892,35.65476291179657,-112.33903555420322,232.40625,0.59375
1324,173539328,3509,49441,,,,,,,,,,,,,,,,
,173670400,,,0.9210496097803116,0.19629058837890626,0.2,3.969100799999999e-05,0.006016386207193136,15.015625,7.6044423609972,1.0228755474090576,8530,0.017487664,0.0351376384,-0.030489933943317737,37.14077035188675,-98.47561135320667,211.73958333333334,0.6770833333333334
1325,173670400,3510,49477,,,,,,,,,,,,,,,,
,173801472,,,0.9287497699260712,0.2250244140625,0.2,3.949439999999999e-05,0.006014303769916296,14.64717960357666,7.621694111824036,1.0295354127883911,8535,0.019078184,0.035013119999999995,-0.03407402627635747,33.026852059364316,-111.64401027793231,239.4375,0.6041666666666666
1326,173801472,3510,49512,,,,,,,,,,,,,,,,
,173932544,,,0.9326382949948311,0.2021575927734375,0.2,3.929779199999999e-05,0.006012457422912121,15.062280654907227,7.660868766903877,1.050567865371704,8540,0.016624235,0.0348886016,-0.02996001356514171,34.859494912624356,-105.59940776619595,212.28125,0.625
1327,173932544,3510,49547,,,,,,,,,,,,,,,,
,174063616,,,0.9421729296445847,0.23226776123046874,0.2,3.9101183999999994e-05,0.0060122255235910416,12.623486518859863,7.6442443311214445,1.004167914390564,8545,0.020741217,0.034764083200000004,-0.03292789277038537,28.18974871635437,-107.69563413854223,226.48958333333334,0.5729166666666666
1328,174063616,3510,49584,,,,,,,,,,,,,,,,
,174194688,,,0.924436442553997,0.18568572998046876,0.2,3.8904576e-05,0.006009153090417385,16.884611129760742,7.62438405752182,1.0389693975448608,8550,0.015462805,0.0346395648,-0.02951403700863011,36.55406388044357,-99.94492940945962,217.71875,0.6770833333333334
1329,174194688,3510,49620,,,,,,,,,,,,,,,,
,174325760,,,0.922336682677269,0.21522216796875,0.2,3.8707968e-05,0.006009708158671856,16.848508834838867,7.608916211128235,1.08622407913208,8555,0.018484354,0.034515046400000006,-0.02909161452262197,40.15966268777847,-108.38779033114537,230.39583333333334,0.6145833333333334
1330,174325760,3510,49656,,,,,,,,,,,,,,,,
,174456832,,,0.9313510283827782,0.19521484375,0.2,3.851136e-05,0.006008266471326351,15.178851127624512,7.622851032018661,1.0289459228515625,8560,0.0168752,0.034390528000000004,-0.028540532928309402,36.72577053308487,-105.38640154233927,214.98958333333334,0.625
1331,174456832,3510,49692,,,,,,,,,,,,,,,,
,174587904,,,0.9420744553208351,0.18373565673828124,0.2,3.8314752e-05,0.006004107650369406,15.377172470092773,7.638328889012337,1.0558518171310425,8565,0.017066646,0.03426600960000001,-0.029958793854166287,32.5196793794632,-98.43883759971624,202.10416666666666,0.6666666666666666
1332,174587904,3510,49727,,,,,,,,,,,,,,,,
,174718976,,,0.9346430376172066,0.21709442138671875,0.2,3.8118144000000004e-05,0.006002364214509726,17.17210578918457,7.605073216557503,1.031389832496643,8570,0.01810189,0.034141491200000006,-0.03056959919631481,33.76942753791809,-104.25965844274985,217.96875,0.6041666666666666
1333,174718976,3511,49762,,,,,,,,,,,,,,,,
,174850048,,,0.9359007403254509,0.20167236328125,0.2,3.7921536000000005e-05,0.005999769549816847,15.05212688446045,7.594203606247902,1.053998351097107,8575,0.016407162,0.03401697280000001,-0.030362334723758978,32.00196636915207,-102.90673488492358,215.53125,0.6458333333333334
1334,174850048,3511,49799,,,,,,,,,,,,,,,,
,174981120,,,0.9266317114233971,0.2102325439453125,0.2,3.772492800000001e-05,0.005999465938657522,17.83914566040039,7.648539221286773,1.0999135971069336,8580,0.017484257,0.03389245440000001,-0.03192614970903378,37.77007234096527,-120.06579102613482,235.38541666666666,0.5416666666666666
1335,174981120,3511,49835,,,,,,,,,,,,,,,,
,175112192,,,0.9298000186681747,0.214483642578125,0.2,3.752832000000001e-05,0.0059971935115754604,16.701332092285156,7.548366576433182,1.0069286823272705,8585,0.019048909,0.03376793600000001,-0.031214805063791574,34.468950188159944,-105.07882254624614,215.66666666666666,0.65625
1336,175112192,3511,49871,,,,,,,,,,,,,,,,
,175243264,,,0.9341111034154892,0.21303558349609375,0.2,3.733171199999998e-05,0.005997199099510908,13.627897262573242,7.650257954001427,1.0526213645935059,8590,0.018149862,0.03364341759999999,-0.0322398873307975,32.07613117694855,-107.66384282929054,220.73958333333334,0.6354166666666666
1337,175243264,3511,49907,,,,,,,,,,,,,,,,
,175374336,,,0.9362075999379158,0.22755584716796876,0.2,3.713510399999998e-05,0.005997819826006889,14.427616119384766,7.6217856973409654,1.036848545074463,8595,0.020491278,0.033518899199999994,-0.03174767512100516,32.90373896360397,-96.7083870756223,204.92708333333334,0.6875
1338,175374336,3511,49942,,,,,,,,,,,,,,,,
,175505408,,,0.9357099831104279,0.2186553955078125,0.2,3.693849599999998e-05,0.005996835883706808,15.615006446838379,7.590201994776725,1.0496480464935303,8600,0.01762139,0.03339438079999999,-0.032482177928613964,33.82592839002609,-98.004700465582,211.64583333333334,0.6875
1339,175505408,3511,49979,,,,,,,,,,,,,,,,
,175636480,,,0.9339576065540314,0.18619232177734374,0.2,3.674188799999999e-05,0.005995017942041159,12.505967140197754,7.642260041832924,1.055691123008728,8605,0.016596984,0.033269862399999996,-0.026901157951215282,32.9163578748703,-95.77623208521442,206.34375,0.6354166666666666
1340,175636480,3511,50014,,,,,,,,,,,,,,,,
,175767552,,,0.9363554194569588,0.2004150390625,0.2,3.654527999999999e-05,0.00599317904561758,13.820637702941895,7.561603856086731,1.0740742683410645,8610,0.017313097,0.03314534399999999,-0.030766503392078447,34.19304231405258,-101.04875626975554,221.04166666666666,0.6458333333333334
1341,175767552,3511,50050,,,,,,,,,,,,,,,,
,175898624,,,0.9461684711277485,0.232916259765625,0.2,3.634867199999999e-05,0.005991250276565552,10.679967880249023,7.634025800228119,1.035038948059082,8615,0.021595504,0.0330208256,-0.034404821463976984,24.69016499519348,-102.07210733945392,212.03125,0.6666666666666666
1342,175898624,3512,50084,,,,,,,,,,,,,,,,
,176029696,,,0.9378760531544685,0.1975738525390625,0.2,3.615206399999999e-05,0.00598982535302639,14.25219440460205,7.563321030139923,1.095909833908081,8620,0.016999658,0.032896307199999995,-0.029462499669170937,33.1185488820076,-93.08604368810654,192.4375,0.7291666666666666
1343,176029696,3512,50121,,,,,,,,,,,,,,,,
,176160768,,,0.9365660399198532,0.19962158203125,0.2,3.595545599999999e-05,0.005988727789372206,18.21295166015625,7.560236242413521,1.0999608039855957,8625,0.01640887,0.0327717888,-0.02960748364275787,34.16359955072403,-109.3845263510985,227.53125,0.6041666666666666
1344,176160768,3512,50156,,,,,,,,,,,,,,,,
,176291840,,,0.933008685708046,0.195556640625,0.2,3.5758848e-05,0.005986872129142284,14.5468111038208,7.580893132090568,1.1012158393859863,8630,0.016601935,0.0326472704,-0.02889668826101115,33.9060099363327,-109.49802123958308,220.95833333333334,0.59375
1345,176291840,3512,50191,,,,,,,,,,,,,,,,
,176422912,,,0.9362245723605156,0.20099945068359376,0.2,3.556224e-05,0.005985628347843885,14.363883972167969,7.5189838200807575,1.0602234601974487,8635,0.018436097,0.032522752,-0.029985355942335444,31.685589838027955,-92.93422790480766,195.67708333333334,0.6875
1346,176422912,3512,50225,,,,,,,,,,,,,,,,
,176553984,,,0.9379086121916771,0.18811492919921874,0.2,3.5365632e-05,0.005984724499285221,15.656752586364746,7.640109983086586,1.1180624961853027,8640,0.016854875,0.0323982336,-0.030627313409058842,32.111086583137514,-105.06865690307365,212.13541666666666,0.6354166666666666
1347,176553984,3512,50261,,,,,,,,,,,,,,,,
,176685056,,,0.93343485891819,0.1990020751953125,0.2,3.5169024e-05,0.005982494913041592,15.283390998840332,7.61761466562748,1.074689507484436,8645,0.01691579,0.032273715200000004,-0.030085248877003323,33.773731768131256,-109.92159665178734,222.67708333333334,0.625
1348,176685056,3512,50297,,,,,,,,,,,,,,,,
,176816128,,,0.9366104677319527,0.203546142578125,0.2,3.4972416e-05,0.00598121015354991,14.48975944519043,7.625838419795036,1.0643486976623535,8650,0.017466336,0.0321491968,-0.030144509226374794,30.89499579668045,-111.70993627510863,236.14583333333334,0.5625
1349,176816128,3513,50331,,,,,,,,,,,,,,,,
,176947200,,,0.9293028935790062,0.2231201171875,0.2,3.4775808e-05,0.005980156362056732,17.490989685058594,7.6626594960689545,1.0825945138931274,8655,0.01850706,0.032024678400000006,-0.03228453688061563,36.45091773271561,-108.30843589632423,225.54166666666666,0.6145833333333334
1350,176947200,3513,50366,,,,,,,,,,,,,,,,
,177078272,,,0.9320390820503235,0.1960235595703125,0.2,3.457920000000001e-05,0.005978904198855162,14.382787704467773,7.633833941817284,1.1219679117202759,8660,0.01623971,0.031900160000000004,-0.03199635806522565,35.25956324338913,-101.98483603335234,205.65625,0.6979166666666666
1351,177078272,3513,50402,,,,,,,,,,,,,,,,
,177209344,,,0.9203009679913521,0.17564697265625,0.2,3.438259200000001e-05,0.005978057160973549,17.217655181884766,7.649239417910576,1.0891903638839722,8665,0.015529987,0.03177564160000001,-0.02867654702567961,38.89403038024902,-104.1289457645989,215.22916666666666,0.65625
1352,177209344,3513,50436,,,,,,,,,,,,,,,,
,177340416,,,0.9395943842828274,0.1897705078125,0.2,3.418598400000001e-05,0.005977383814752102,14.67154312133789,7.631385201215744,1.0860388278961182,8670,0.015849236,0.031651123200000006,-0.028980769809277263,32.69988927841187,-108.2072914122594,227.4375,0.6145833333333334
1353,177340416,3513,50472,,,,,,,,,,,,,,,,
,177471488,,,0.9293026849627495,0.2008819580078125,0.2,3.398937600000001e-05,0.005975957028567791,16.086410522460938,7.660611754655838,1.1032730340957642,8675,0.018981976,0.03152660480000001,-0.03139856845373288,34.196977984905246,-112.53216182576023,232.28125,0.5729166666666666
1354,177471488,3513,50508,,,,,,,,,,,,,,,,
,177602560,,,0.9327581748366356,0.2158782958984375,0.2,3.379276799999998e-05,0.005973611027002335,12.927929878234863,7.686316603422165,1.118938684463501,8680,0.017566817,0.03140208639999999,-0.03264195130759617,32.66903946399689,-107.51496520277345,220.08333333333334,0.6354166666666666
1355,177602560,3513,50544,,,,,,,,,,,,,,,,
,177733632,,,0.9352474063634872,0.22135009765625,0.2,3.3596159999999986e-05,0.005973712541162968,13.472014427185059,7.656020522117615,1.0955051183700562,8685,0.019108798,0.03127756799999999,-0.028721170939388686,31.70751143693924,-115.5044876003734,234.48958333333334,0.59375
1356,177733632,3513,50580,,,,,,,,,,,,,,,,
,177864704,,,0.9305542558431625,0.16935272216796876,0.2,3.3399551999999986e-05,0.005974068306386471,15.83253288269043,7.622812402248383,1.1675820350646973,8690,0.015355435,0.031153049599999996,-0.027146945559070445,36.5407919049263,-108.80032960038103,228.40625,0.5625
1357,177864704,3513,50617,,,,,,,,,,,,,,,,
,177995776,,,0.924093134701252,0.1885772705078125,0.2,3.320294399999999e-05,0.005972601473331451,18.07813262939453,7.65253923535347,1.1460041999816895,8695,0.01623068,0.031028531199999994,-0.028847449010936544,37.38210195302963,-113.70916510373381,224.10416666666666,0.59375
1358,177995776,3514,50652,,,,,,,,,,,,,,,,
,178126848,,,0.9355975463986397,0.21319580078125,0.2,3.300633599999999e-05,0.005971632432192564,19.62505340576172,7.652252826094627,1.1493065357208252,8700,0.018473657,0.0309040128,-0.02997055860760156,36.473551428318025,-92.86517413520399,207.52083333333334,0.6979166666666666
1359,178126848,3514,50688,,,,,,,,,,,,,,,,
,178257920,,,0.9295292869210243,0.1832427978515625,0.2,3.280972799999999e-05,0.005970356520265341,15.164135932922363,7.647029721736908,1.179306149482727,8705,0.015541784,0.030779494399999996,-0.030013768444769086,33.30298771858215,-96.66327463807443,200.72916666666666,0.7083333333333334
1360,178257920,3514,50722,,,,,,,,,,,,,,,,
,178388992,,,0.9324978291988373,0.17656707763671875,0.2,3.2613119999999996e-05,0.005969437770545483,15.746891975402832,7.660283422470092,1.1938209533691406,8710,0.015173141,0.030654976,-0.028917959675891326,34.31109962463379,-96.38744577943424,205.90625,0.6875
1361,178388992,3514,50758,,,,,,,,,,,,,,,,
,178520064,,,0.9345741644501686,0.20491485595703124,0.2,3.2416511999999997e-05,0.0059688761830329895,13.567463874816895,7.654161018133164,1.1853926181793213,8715,0.017175866,0.030530457599999998,-0.031463900655217,31.024220514297486,-101.92135493405642,212.67708333333334,0.65625
1362,178520064,3514,50793,,,,,,,,,,,,,,,,
,178651136,,,0.9299052208662033,0.2153900146484375,0.2,3.2219904e-05,0.005966713186353445,14.97927474975586,7.644857406616211,1.1895217895507812,8720,0.018453788,0.030405939200000003,-0.032401763112284244,33.98990775346756,-99.48999285577186,215.63541666666666,0.6770833333333334
1363,178651136,3514,50829,,,,,,,,,,,,,,,,
,178782208,,,0.9247335493564606,0.1853973388671875,0.2,3.2023296e-05,0.005966387689113617,21.13677406311035,7.61105822622776,1.1991305351257324,8725,0.016094076,0.0302814208,-0.02652580419817241,38.934065353870395,-110.56999488944301,230.16666666666666,0.6041666666666666
1364,178782208,3514,50866,,,,,,,,,,,,,,,,
,178913280,,,0.9309361428022385,0.17877655029296874,0.2,3.1826688e-05,0.005965008866041899,17.31642723083496,7.665577208995819,1.2216907739639282,8730,0.016113598,0.030156902400000005,-0.02936921001091832,34.88538855314255,-112.29285100054521,236.35416666666666,0.5625
1365,178913280,3514,50902,,,,,,,,,,,,,,,,
,179044352,,,0.9306713938713074,0.192059326171875,0.2,3.163008e-05,0.00596571434289217,14.801753044128418,7.537923130393028,1.1690692901611328,8735,0.016122835,0.030032384000000002,-0.026945000537671147,37.62406530380249,-106.42638519192802,218.32291666666666,0.6354166666666666
1366,179044352,3514,50938,,,,,,,,,,,,,,,,
,179175424,,,0.9307713955640793,0.1881988525390625,0.2,3.143347200000001e-05,0.005963838659226894,15.84108829498291,7.567535910010338,1.1977614164352417,8740,0.016736537,0.029907865600000007,-0.03003107376571279,33.9578693151474,-102.28437666364285,212.30208333333334,0.6875
1367,179175424,3515,50973,,,,,,,,,,,,,,,,
,179306496,,,0.9315202385187149,0.212347412109375,0.2,3.123686400000001e-05,0.005963058676570654,12.729689598083496,7.6444640278816225,1.2123596668243408,8745,0.017453283,0.029783347200000004,-0.030285315941728185,33.59339293241501,-105.44368320239164,220.03125,0.65625
1368,179306496,3515,51010,,,,,,,,,,,,,,,,
,179437568,,,0.9309854954481125,0.20444183349609374,0.2,3.104025600000001e-05,0.0059612467885017395,14.3936767578125,7.665280336141587,1.1754413843154907,8750,0.017273571,0.02965882880000001,-0.031257035461021584,33.02382727861404,-95.15819994282803,200.30208333333334,0.6875
1369,179437568,3515,51045,,,,,,,,,,,,,,,,
,179568640,,,0.9315093904733658,0.17818145751953124,0.2,3.084364800000001e-05,0.005959654226899147,15.452800750732422,7.628856953978539,1.1670053005218506,8755,0.015756018,0.029534310400000006,-0.02847085175453685,35.086357951164246,-112.68905011701621,229.0625,0.5833333333333334
1370,179568640,3515,51080,,,,,,,,,,,,,,,,
,179699712,,,0.9383137263357639,0.19790802001953126,0.2,3.064704000000001e-05,0.005960163660347462,15.539670944213867,7.601616871356964,1.2518327236175537,8760,0.016874239,0.02940979200000001,-0.03075118077249499,30.86479195356369,-101.32174207212405,215.6875,0.625
1371,179699712,3515,51115,,,,,,,,,,,,,,,,
,179830784,,,0.9230575039982796,0.18611907958984375,0.2,3.0450432000000013e-05,0.005958828143775463,17.919397354125977,7.571977898478508,1.2539260387420654,8765,0.016135752,0.02928527360000001,-0.028457952341705096,39.09305974245071,-112.49267244381944,229.29166666666666,0.59375
1372,179830784,3515,51151,,,,,,,,,,,,,,,,
,179961856,,,0.934761680662632,0.18904571533203124,0.2,3.0253823999999984e-05,0.005957805551588535,18.072114944458008,7.5721531212329865,1.2671631574630737,8770,0.015452942,0.029160755199999992,-0.029690985703200567,36.97013729810715,-107.01878983252011,215.90625,0.6354166666666666
1373,179961856,3515,51187,,,,,,,,,,,,,,,,
,180092928,,,0.928178995847702,0.1652191162109375,0.2,3.0057215999999984e-05,0.0059574018232524395,16.43963050842285,7.599220296740532,1.2126635313034058,8775,0.014294682,0.02903623679999999,-0.027300591830862687,36.88758333921432,-97.42789130648015,193.29166666666666,0.71875
1374,180092928,3515,51223,,,,,,,,,,,,,,,,
,180224000,,,0.9236684441566467,0.19025115966796874,0.2,2.9860607999999985e-05,0.005956730805337429,16.054819107055664,7.6071727722883224,1.2123709917068481,8780,0.016016107,0.028911718399999994,-0.028130754956509917,39.483462798595426,-103.45151763660071,213.46875,0.6458333333333334
1375,180224000,3516,51257,,,,,,,,,,,,,,,,
,180355072,,,0.9260394275188446,0.18395538330078126,0.2,2.966399999999999e-05,0.005955502390861511,15.646585464477539,7.637998577952385,1.2202942371368408,8785,0.016223036,0.028787199999999992,-0.028399166383314876,36.02015269994736,-102.41217277198909,225.35416666666666,0.6145833333333334
1376,180355072,3516,51293,,,,,,,,,,,,,,,,
,180486144,,,0.9370380491018295,0.18196258544921876,0.2,2.946739199999999e-05,0.005953652318567038,14.774889945983887,7.608986264467239,1.184373378753662,8790,0.015382652,0.028662681599999996,-0.02786132475011982,32.238409626483914,-100.77416510326223,208.08333333333334,0.6666666666666666
1377,180486144,3516,51329,,,,,,,,,,,,,,,,
,180617216,,,0.9384548217058182,0.17254638671875,0.2,2.927078399999999e-05,0.005952151026576757,16.762557983398438,7.533647140860557,1.2237223386764526,8795,0.016028678,0.028538163199999994,-0.026055163079581688,33.575552344322205,-97.59813994951519,207.69791666666666,0.65625
1378,180617216,3516,51365,,,,,,,,,,,,,,,,
,180748288,,,0.9363123998045921,0.1884674072265625,0.2,2.9074175999999994e-05,0.005951715167611837,13.726310729980469,7.633574050664902,1.2108628749847412,8800,0.016306644,0.0284136448,-0.029775186043116263,33.2441100358963,-105.04199414918571,220.80208333333334,0.6354166666666666
1379,180748288,3516,51402,,,,,,,,,,,,,,,,
,180879360,,,0.9246966540813446,0.1857452392578125,0.2,2.8877567999999995e-05,0.005950210615992546,15.942773818969727,7.618895810842514,1.208916425704956,8805,0.015888613,0.028289126399999996,-0.02735715413436992,37.20777742862701,-122.28207375926901,239.02083333333334,0.4895833333333333
1380,180879360,3516,51437,,,,,,,,,,,,,,,,
,181010432,,,0.930502787232399,0.1935455322265625,0.2,2.8680959999999996e-05,0.005948266945779324,12.546223640441895,7.692339614033699,1.2659090757369995,8810,0.016430806,0.028164608,-0.028415989264613018,33.638106846809386,-110.72091470941636,233.35416666666666,0.5729166666666666
1381,181010432,3516,51474,,,,,,,,,,,,,,,,
,181141504,,,0.9401458092033863,0.1751007080078125,0.2,2.8484352e-05,0.0059461831115186214,13.07702350616455,7.711612939834595,1.1688692569732666,8815,0.01566037,0.0280400896,-0.02776270497852238,28.872642529010772,-98.0445161767038,217.20833333333334,0.65625
1382,181141504,3516,51508,,,,,,,,,,,,,,,,
,181272576,,,0.9370470494031906,0.1796875,0.2,2.8287744e-05,0.005945789627730846,13.565997123718262,7.643748211860657,1.219120740890503,8820,0.015836127,0.027915571200000003,-0.029126832076872233,32.94212579727173,-103.5931689166656,217.41666666666666,0.65625
1383,181272576,3516,51543,,,,,,,,,,,,,,,,
,181403648,,,0.9304826185107231,0.173065185546875,0.2,2.8091136000000005e-05,0.005945175886154175,14.589213371276855,7.636306908726692,1.2458083629608154,8825,0.015047132,0.0277910528,-0.02844651664054254,33.360042941570285,-110.03596191254518,219.58333333333334,0.6145833333333334
1384,181403648,3517,51578,,,,,,,,,,,,,,,,
,181534720,,,0.9336040914058685,0.18632354736328124,0.2,2.7894528000000005e-05,0.005944711156189442,14.485015869140625,7.641854476928711,1.2605986595153809,8830,0.016302321,0.027666534400000005,-0.02931251252593938,32.81274248361588,-107.02003847759086,220.44791666666666,0.6041666666666666
1385,181534720,3517,51614,,,,,,,,,,,,,,,,
,181665792,,,0.9279451221227646,0.17641754150390626,0.2,2.7697920000000006e-05,0.005944295786321163,15.119234085083008,7.6171997636556625,1.2238731384277344,8835,0.014587769,0.02754201600000001,-0.028459457599092276,36.78264298439026,-95.49755121121132,207.58333333333334,0.6875
1386,181665792,3517,51650,,,,,,,,,,,,,,,,
,181796864,,,0.9330535531044006,0.18574066162109376,0.2,2.750131200000001e-05,0.005942207761108875,15.273649215698242,7.689477121829986,1.2305185794830322,8840,0.015416751,0.027417497600000007,-0.029420288442634047,33.170755779743196,-112.8528818653618,228.32291666666666,0.5833333333333334
1387,181796864,3517,51685,,,,,,,,,,,,,,,,
,181927936,,,0.9320731684565544,0.1845001220703125,0.2,2.730470400000001e-05,0.005941135808825493,14.964573860168457,7.6709459781646725,1.2168294191360474,8845,0.01673407,0.02729297920000001,-0.027349197046714836,34.96010731458664,-101.18590951456444,203.89583333333334,0.65625
1388,181927936,3517,51720,,,,,,,,,,,,,,,,
,182059008,,,0.9365191161632538,0.18649444580078126,0.2,2.710809600000001e-05,0.005940972827374935,13.291688919067383,7.631862950325012,1.2282378673553467,8850,0.01585051,0.02716846080000001,-0.02975896710413508,32.14990531206131,-100.64066984619429,213.26041666666666,0.6458333333333334
1389,182059008,3517,51756,,,,,,,,,,,,,,,,
,182190080,,,0.9226949885487556,0.1825836181640625,0.2,2.691148799999998e-05,0.005940498784184456,15.66057300567627,7.617951130867004,1.3131407499313354,8855,0.0144183505,0.027043942399999993,-0.028372475451033097,37.98812732696533,-118.3699243661958,249.54166666666666,0.5
1390,182190080,3517,51791,,,,,,,,,,,,,,,,
,182321152,,,0.9311699271202087,0.2044158935546875,0.2,2.6714879999999982e-05,0.005939004477113485,15.983715057373047,7.56400283575058,1.2488588094711304,8860,0.017360538,0.02691942399999999,-0.028839926511864178,34.78618824481964,-106.17755866827589,217.91666666666666,0.6145833333333334
1391,182321152,3517,51827,,,,,,,,,,,,,,,,
,182452224,,,0.9397317580878735,0.17690277099609375,0.2,2.6518271999999986e-05,0.005938142538070679,13.604793548583984,7.679541420936585,1.2654026746749878,8865,0.015476055,0.026794905599999995,-0.026716217174543998,30.36317273378372,-105.32463873182992,220.85416666666666,0.6145833333333334
1392,182452224,3517,51863,,,,,,,,,,,,,,,,
,182583296,,,0.931719146668911,0.1754486083984375,0.2,2.6321663999999987e-05,0.005937347188591957,14.229472160339355,7.7190205454826355,1.2215615510940552,8870,0.014270322,0.026670387199999993,-0.026050206655054354,35.96647487878799,-109.8588254477916,223.69791666666666,0.6145833333333334
1393,182583296,3518,51899,,,,,,,,,,,,,,,,
,182714368,,,0.9386967346072197,0.18124542236328126,0.2,2.6125055999999988e-05,0.005936275701969862,11.852028846740723,7.703426906466484,1.1979920864105225,8875,0.015277563,0.026545868799999997,-0.029050855731475166,31.137210869789122,-104.74636216620509,217.52083333333334,0.6354166666666666
1394,182714368,3518,51934,,,,,,,,,,,,,,,,
,182845440,,,0.9411262013018131,0.17581024169921874,0.2,2.5928447999999992e-05,0.00593552365899086,15.350570678710938,7.608879700303078,1.270188331604004,8880,0.0153450025,0.026421350399999995,-0.028204623429337515,31.78801519870758,-105.31151279822171,220.69791666666666,0.6666666666666666
1395,182845440,3518,51970,,,,,,,,,,,,,,,,
,182976512,,,0.9391277693212032,0.17378082275390624,0.2,2.5731839999999992e-05,0.005934284534305334,14.473732948303223,7.663030332326889,1.2479168176651,8885,0.015089121,0.026296832,-0.0272402548143873,31.973168790340424,-110.22775595206355,222.97916666666666,0.6145833333333334
1396,182976512,3518,52005,,,,,,,,,,,,,,,,
,183107584,,,0.9324793890118599,0.17698974609375,0.2,2.5535231999999993e-05,0.0059333741664886475,13.539966583251953,7.5951085686683655,1.270842432975769,8890,0.014621864,0.026172313599999997,-0.02698508982139174,35.1204114317894,-102.35532555069214,220.5,0.6354166666666666
1397,183107584,3518,52041,,,,,,,,,,,,,,,,
,183238656,,,0.9162799715995789,0.169805908203125,0.2,2.5338623999999997e-05,0.005932049360126257,15.883541107177734,7.607755160331726,1.2561452388763428,8895,0.014342926,0.0260477952,-0.02703529899008572,42.50687979459762,-98.34646088458517,210.78125,0.6770833333333334
1398,183238656,3518,52076,,,,,,,,,,,,,,,,
,183369728,,,0.9316787421703339,0.1830078125,0.2,2.5142015999999998e-05,0.005930998828262091,15.017730712890625,7.715403768420219,1.2085682153701782,8900,0.014574087,0.0259232768,-0.02750061551196268,33.92424432039261,-107.73532177067023,232.98958333333334,0.5833333333333334
1399,183369728,3518,52111,,,,,,,,,,,,,,,,
,183500800,,,0.9370401501655579,0.1743011474609375,0.2,2.4945408e-05,0.005930245853960514,15.401090621948242,7.592699807882309,1.2622939348220825,8905,0.015275767,0.025798758400000003,-0.03001617847039597,32.81065813302994,-109.45010755655062,221.80208333333334,0.6041666666666666
1400,183500800,3518,52148,,,,,,,,,,,,,,,,
,183631872,,,0.9365391656756401,0.16510467529296874,0.2,2.4748800000000003e-05,0.005929172039031982,13.851926803588867,7.616517215967178,1.249314546585083,8910,0.014311841,0.02567424,-0.026208281675644686,32.9113810300827,-105.74259983286612,221.40625,0.6354166666666666
1401,183631872,3518,52182,,,,,,,,,,,,,,,,
,183762944,,,0.9276751801371574,0.17646942138671876,0.2,2.4552192000000003e-05,0.005929081700742245,18.711591720581055,7.664526170492172,1.252023458480835,8915,0.015149249,0.025549721600000005,-0.029488485190086067,34.96488481760025,-100.81762979786788,211.98958333333334,0.6666666666666666
1402,183762944,3519,52219,,,,,,,,,,,,,,,,
,183894016,,,0.9396815486252308,0.16995849609375,0.2,2.4355584000000007e-05,0.005928849335759878,11.690879821777344,7.57330836057663,1.2653000354766846,8920,0.015487141,0.025425203200000003,-0.027386181365000085,29.26432387828827,-118.30085255339414,256.3645833333333,0.5
1403,183894016,3519,52255,,,,,,,,,,,,,,,,
,184025088,,,0.930488109588623,0.150396728515625,0.2,2.4158976000000008e-05,0.005928374826908112,17.01213836669922,7.58486056625843,1.2487660646438599,8925,0.0128741,0.025300684800000008,-0.025931861887511332,35.15447981357575,-104.13512740963331,222.26041666666666,0.6354166666666666
1404,184025088,3519,52290,,,,,,,,,,,,,,,,
,184156160,,,0.9432307220995426,0.1559814453125,0.2,2.396236800000001e-05,0.00592778017744422,13.067606925964355,7.589702007174492,1.2875932455062866,8930,0.014140973,0.02517616640000001,-0.025916836279793642,28.346678972244263,-124.64818951903708,261.3229166666667,0.5
1405,184156160,3519,52327,,,,,,,,,,,,,,,,
,184287232,,,0.9320685938000679,0.1829742431640625,0.2,2.3765760000000013e-05,0.005927163641899824,17.290510177612305,7.668800202012062,1.281837821006775,8935,0.0152786095,0.02505164800000001,-0.028756682100356555,34.27169352769852,-105.28198969462566,225.76041666666666,0.6666666666666666
1406,184287232,3519,52361,,,,,,,,,,,,,,,,
,184418304,,,0.9313085004687309,0.17413177490234374,0.2,2.3569152000000014e-05,0.005925850477069616,16.780452728271484,7.61672694683075,1.305878758430481,8940,0.01488751,0.02492712960000001,-0.028785150454496033,34.94799848794937,-103.4805543526129,217.53125,0.6354166666666666
1407,184418304,3519,52399,,,,,,,,,,,,,,,,
,184549376,,,0.9331854581832886,0.18125152587890625,0.2,2.337254399999998e-05,0.0059257796965539455,13.307381629943848,7.742635431885719,1.27544105052948,8945,0.015290864,0.02480261119999999,-0.028958721553499343,30.807726502418518,-107.8532587794869,226.17708333333334,0.59375
1408,184549376,3519,52432,,,,,,,,,,,,,,,,
,184680448,,,0.9317416176199913,0.17922821044921874,0.2,2.3175935999999984e-05,0.005926158279180527,16.320308685302734,7.683587276935578,1.3170708417892456,8950,0.014174002,0.024678092799999992,-0.02566389275234542,33.921682357788086,-109.02382370567666,229.8125,0.59375
1409,184680448,3519,52469,,,,,,,,,,,,,,,,
,184811520,,,0.9268856048583984,0.1593841552734375,0.2,2.2979327999999985e-05,0.005927094724029303,16.795381546020508,7.603949305415154,1.2731659412384033,8955,0.01352773,0.024553574399999993,-0.02484712657460477,38.122554981708525,-102.57455862796411,217.53125,0.6770833333333334
1410,184811520,3519,52505,,,,,,,,,,,,,,,,
,184942592,,,0.9321701005101204,0.1839080810546875,0.2,2.278271999999999e-05,0.005926205776631832,16.000391006469727,7.660077077150345,1.2831220626831055,8960,0.015273791,0.024429055999999994,-0.02780804731446551,33.46301953792572,-89.56872753307414,195.28125,0.7395833333333334
1411,184942592,3520,52539,,,,,,,,,,,,,,,,
,185073664,,,0.9302027076482773,0.17483367919921874,0.2,2.258611199999999e-05,0.005925071891397238,15.262598991394043,7.715616762638092,1.3236939907073975,8965,0.014138807,0.024304537599999995,-0.026199341405299493,32.742998850345614,-109.85488654195872,233.57291666666666,0.6354166666666666
1412,185073664,3520,52575,,,,,,,,,,,,,,,,
,185204736,,,0.9348473101854324,0.16434326171875,0.2,2.238950399999999e-05,0.0059242770075798035,14.792217254638672,7.6354345113039015,1.3043888807296753,8970,0.014993758,0.024180019199999996,-0.028327507337962743,32.70084329843521,-100.84095433896782,206.94791666666666,0.6666666666666666
1413,185204736,3520,52612,,,,,,,,,,,,,,,,
,185335808,,,0.937879417091608,0.18616790771484376,0.2,2.2192895999999995e-05,0.005923123564571142,13.758126258850098,7.660784560441971,1.3581750392913818,8975,0.015913308,0.024055500799999997,-0.025604898322490043,30.489628410339357,-102.99231395180557,210.6875,0.625
1414,185335808,3520,52647,,,,,,,,,,,,,,,,
,185466880,,,0.9291667565703392,0.16758575439453124,0.2,2.1996287999999995e-05,0.005922946613281965,14.750926971435547,7.659422072768211,1.3365068435668945,8980,0.014979772,0.0239309824,-0.026436334091704337,34.94395759105682,-90.96873624700832,197.1875,0.71875
1415,185466880,3520,52682,,,,,,,,,,,,,,,,
,185597952,,,0.9342025071382523,0.17273712158203125,0.2,2.1799679999999996e-05,0.0059232283383607864,14.9285306930542,7.565700322389603,1.31483793258667,8985,0.014936736,0.023806464,-0.0279533339155023,33.656158685684204,-101.73807678116636,212.73958333333334,0.6458333333333334
1416,185597952,3520,52716,,,,,,,,,,,,,,,,
,185729024,,,0.9362743571400642,0.18519439697265624,0.2,2.1603072e-05,0.005923039745539427,15.32918930053711,7.641478696465493,1.3019360303878784,8990,0.015743926,0.0236819456,-0.028361714869970456,31.546510684490205,-101.43286836755983,218.54166666666666,0.6354166666666666
1417,185729024,3520,52752,,,,,,,,,,,,,,,,
,185860096,,,0.9412897527217865,0.178570556640625,0.2,2.1406464e-05,0.005922338925302029,15.532881736755371,7.660652133822441,1.3524761199951172,8995,0.015557831,0.0235574272,-0.02754806279554032,31.988162672519685,-98.32789918963532,208.77083333333334,0.6666666666666666
1418,185860096,3520,52788,,,,,,,,,,,,,,,,
,185991168,,,0.933026060461998,0.16337432861328124,0.2,2.1209856e-05,0.005921454634517431,16.42424774169922,7.656665647029877,1.3032195568084717,9000,0.013542186,0.023432908800000003,-0.02541037682458409,34.49910596609116,-97.1008222695187,202.57291666666666,0.65625
1419,185991168,3521,52823,,,,,,,,,,,,,,,,
,186122240,,,0.9333987385034561,0.17413330078125,0.2,2.1013248000000005e-05,0.00592060899361968,17.475502014160156,7.645020714402198,1.353032112121582,9005,0.014076294,0.023308390400000004,-0.026735524111427367,33.20245523452759,-107.60104925340323,227.40625,0.6458333333333334
1420,186122240,3521,52859,,,,,,,,,,,,,,,,
,186253312,,,0.9407781697809696,0.17151031494140626,0.2,2.0816640000000006e-05,0.005920271389186382,13.834029197692871,7.613532108068466,1.3522531986236572,9010,0.014663931,0.023183872000000008,-0.025720539776375517,31.50340493917465,-103.9768445519632,228.98958333333334,0.59375
1421,186253312,3521,52895,,,,,,,,,,,,,,,,
,186384384,,,0.9284327626228333,0.1789764404296875,0.2,2.062003200000001e-05,0.005919058807194233,18.66278076171875,7.720320320129394,1.3690621852874756,9015,0.014905423,0.023059353600000006,-0.027155672416120068,35.7950031042099,-93.77348350351485,197.66666666666666,0.7291666666666666
1422,186384384,3521,52930,,,,,,,,,,,,,,,,
,186515456,,,0.934815064072609,0.17111053466796874,0.2,2.042342400000001e-05,0.005918399430811405,15.305999755859375,7.631003025174141,1.3589328527450562,9020,0.014257914,0.02293483520000001,-0.02594010221364442,33.49586861133575,-93.6944225882534,198.27083333333334,0.7083333333333334
1423,186515456,3521,52967,,,,,,,,,,,,,,,,
,186646528,,,0.9303760081529617,0.168023681640625,0.2,2.022681600000001e-05,0.005917299538850784,12.369834899902344,7.659807354211807,1.4040817022323608,9025,0.014467736,0.022810316800000008,-0.02531039243476698,35.41445525884628,-104.52125694669678,230.17708333333334,0.6145833333333334
1424,186646528,3521,53002,,,,,,,,,,,,,,,,
,186777600,,,0.9279830455780029,0.16992645263671874,0.2,2.0030208000000016e-05,0.005915656685829163,20.16254234313965,7.6068047195672985,1.3953989744186401,9030,0.013617598,0.022685798400000012,-0.02650162265927065,37.46668313741684,-105.63457082617451,226.58333333333334,0.65625
1425,186777600,3521,53038,,,,,,,,,,,,,,,,
,186908672,,,0.9481416121125221,0.15738525390625,0.2,1.9833599999999982e-05,0.005915382876992226,13.072163581848145,7.6794121861457825,1.447467565536499,9035,0.013608933,0.02256127999999999,-0.02620361398876412,27.424519968032836,-101.63059966420735,212.95833333333334,0.625
1426,186908672,3521,53075,,,,,,,,,,,,,,,,
,187039744,,,0.9281510040163994,0.1434539794921875,0.2,1.9636991999999986e-05,0.005914120934903622,13.13429069519043,7.658224323391915,1.2857507467269897,9040,0.012059928,0.022436761599999994,-0.024328739617340035,37.366324555873874,-107.48434169477359,222.19791666666666,0.59375
1427,187039744,3521,53110,,,,,,,,,,,,,,,,
,187170816,,,0.9328664168715477,0.16444854736328124,0.2,1.9440383999999987e-05,0.005912415683269501,14.184853553771973,7.743561100959778,1.3731648921966553,9045,0.013674226,0.02231224319999999,-0.025855664582923054,31.183317911624908,-96.9796866775434,204.89583333333334,0.6979166666666666
1428,187170816,3521,53146,,,,,,,,,,,,,,,,
,187301888,,,0.9310018122196198,0.16212921142578124,0.2,1.9243775999999988e-05,0.005912048276513815,16.303316116333008,7.725615260004997,1.4232501983642578,9050,0.014049372,0.022187724799999996,-0.028099647068302147,32.79556428194046,-104.05537015601021,213.5,0.6354166666666666
1429,187301888,3521,53182,,,,,,,,,,,,,,,,
,187432960,,,0.9246359467506409,0.152789306640625,0.2,1.9047167999999992e-05,0.005911251530051231,18.7164363861084,7.701615625619889,1.3536570072174072,9055,0.0134939775,0.022063206399999993,-0.02598226917325519,35.49844083786011,-111.99012211272964,233.1875,0.6041666666666666
1430,187432960,3521,53218,,,,,,,,,,,,,,,,
,187564032,,,0.9404066540300846,0.15219573974609374,0.2,1.8850559999999993e-05,0.005910220555961132,12.61453914642334,7.703657850623131,1.3502957820892334,9060,0.013782547,0.021938687999999998,-0.024967732900404372,28.95072560310364,-91.76762588808316,208.13541666666666,0.7395833333333334
1431,187564032,3521,53255,,,,,,,,,,,,,,,,
,187695104,,,0.9370392933487892,0.16818389892578126,0.2,1.8653951999999993e-05,0.005909924861043692,15.386401176452637,7.655315944552422,1.36376953125,9065,0.014275929,0.021814169599999995,-0.025980525076738557,33.32418693304062,-96.04191005319484,205.16666666666666,0.6875
1432,187695104,3522,53291,,,,,,,,,,,,,,,,
,187826176,,,0.9339143708348274,0.1756683349609375,0.2,1.8457343999999997e-05,0.005909332539886236,15.594173431396484,7.699930492043495,1.4080743789672852,9070,0.014530661,0.0216896512,-0.025970978397526778,31.249898731708527,-93.7318945546612,193.72916666666666,0.71875
1433,187826176,3522,53326,,,,,,,,,,,,,,,,
,187957248,,,0.9319756329059601,0.15476837158203124,0.2,1.8260735999999998e-05,0.005909314379096031,14.586625099182129,7.662965562939644,1.3396663665771484,9075,0.013347381,0.021565132799999998,-0.025810910129803234,36.419895792007445,-95.82963180823752,203.39583333333334,0.6979166666666666
1434,187957248,3522,53360,,,,,,,,,,,,,,,,
,188088320,,,0.9335162490606308,0.15842437744140625,0.2,1.8064128e-05,0.0059083569794893265,15.772543907165527,7.609346297383309,1.4488252401351929,9080,0.014691906,0.021440614400000002,-0.027190996648278086,33.90167989730835,-108.96996082570111,211.0625,0.6354166666666666
1435,188088320,3522,53395,,,,,,,,,,,,,,,,
,188219392,,,0.9370750710368156,0.1714111328125,0.2,1.7867520000000003e-05,0.005907365120947361,15.148948669433594,7.620199805498123,1.3659942150115967,9085,0.014506405,0.021316096000000003,-0.025432799680856988,33.28792929649353,-105.3862884813257,223.25,0.6354166666666666
1436,188219392,3522,53432,,,,,,,,,,,,,,,,
,188350464,,,0.9368259906768799,0.17548675537109376,0.2,1.7670912000000003e-05,0.005907220765948296,14.40998363494873,7.641833457350731,1.406083345413208,9090,0.01530724,0.021191577600000004,-0.02849633644655114,33.641073346138,-85.73011658585813,172.41666666666666,0.78125
1437,188350464,3522,53466,,,,,,,,,,,,,,,,
,188481536,,,0.93412846326828,0.15947265625,0.2,1.7474304000000004e-05,0.0059072403237223625,17.699134826660156,7.594588989019394,1.4163202047348022,9095,0.013292821,0.021067059200000005,-0.025488126568961888,34.12493928670883,-103.36732138093983,212.01041666666666,0.625
1438,188481536,3522,53500,,,,,,,,,,,,,,,,
,188612608,,,0.9319532960653305,0.1506866455078125,0.2,1.7277696000000008e-05,0.005906197242438793,18.643749237060547,7.675884699821472,1.4911611080169678,9100,0.012927485,0.020942540800000006,-0.024543727150012275,34.650184631347656,-105.83300471569639,221.27083333333334,0.625
1439,188612608,3523,53536,,,,,,,,,,,,,,,,
,188743680,,,0.9425349235534668,0.160894775390625,0.2,1.708108800000001e-05,0.005905463360249996,12.287856101989746,7.60900414288044,1.4080312252044678,9105,0.014241071,0.020818022400000007,-0.025308583700098097,29.88366585969925,-104.49562567647793,211.08333333333334,0.6875
1440,188743680,3523,53573,,,,,,,,,,,,,,,,
,188874752,,,0.9240300357341766,0.158367919921875,0.2,1.6884480000000013e-05,0.005905706435441971,16.540122985839844,7.6880228370428085,1.4524099826812744,9110,0.013156719,0.02069350400000001,-0.024609570135362448,39.268218064308165,-98.02380479275139,202.5,0.6770833333333334
1441,188874752,3523,53609,,,,,,,,,,,,,,,,
,189005824,,,0.936427041888237,0.1598724365234375,0.2,1.6687872000000014e-05,0.0059044864028692245,16.444568634033203,7.645164451003074,1.482257604598999,9115,0.01374363,0.02056898560000001,-0.026628150396572892,32.1246715426445,-110.5565322580893,225.73958333333334,0.6041666666666666
1442,189005824,3523,53644,,,,,,,,,,,,,,,,
,189136896,,,0.929110512137413,0.1780670166015625,0.2,1.6491264000000014e-05,0.005904094781726599,15.9881591796875,7.679093900322914,1.4797956943511963,9120,0.01616521,0.02044446720000001,-0.027173185152787483,37.877698516845705,-111.93024677529216,237.26041666666666,0.6041666666666666
1443,189136896,3523,53679,,,,,,,,,,,,,,,,
,189267968,,,0.941393256187439,0.16925506591796874,0.2,1.6294655999999984e-05,0.005903863348066807,15.806876182556152,7.696108865737915,1.422818899154663,9125,0.013743919,0.02031994879999999,-0.026455664727836847,31.48950971364975,-106.52706325687272,223.42708333333334,0.6354166666666666
1444,189267968,3523,53716,,,,,,,,,,,,,,,,
,189399040,,,0.9294624403119087,0.15592193603515625,0.2,1.6098047999999985e-05,0.0059043895453214645,16.352954864501953,7.646853569149971,1.4362772703170776,9130,0.013506968,0.020195430399999992,-0.025234120307140985,38.00817512273788,-111.08405334973673,235.07291666666666,0.59375
1445,189399040,3523,53751,,,,,,,,,,,,,,,,
,189530112,,,0.9313197210431099,0.14666900634765626,0.2,1.590143999999999e-05,0.005903073586523533,15.699746131896973,7.701207768917084,1.4530563354492188,9135,0.012956129,0.020070911999999993,-0.025002265494549647,34.819799304008484,-104.69346164279484,216.3125,0.65625
1446,189530112,3523,53786,,,,,,,,,,,,,,,,
,189661184,,,0.932199515402317,0.1627899169921875,0.2,1.570483199999999e-05,0.005901643540710211,13.389494895935059,7.650579783320427,1.4594711065292358,9140,0.013277134,0.019946393599999994,-0.026239319535670803,34.66129797697067,-100.68316685439049,215.89583333333334,0.65625
1447,189661184,3523,53822,,,,,,,,,,,,,,,,
,189792256,,,0.9281417429447174,0.14794464111328126,0.2,1.550822399999999e-05,0.005900383926928043,14.435179710388184,7.716001066565513,1.4608129262924194,9145,0.0128907,0.019821875199999995,-0.024411795227206313,36.042873930931094,-102.95698721755825,220.46875,0.6458333333333334
1448,189792256,3523,53858,,,,,,,,,,,,,,,,
,189923328,,,0.9371264800429344,0.1446533203125,0.2,1.5311615999999995e-05,0.00590016832575202,11.94112491607666,7.620541876554489,1.5179131031036377,9150,0.012667583,0.019697356799999996,-0.024366098167956807,32.4387707233429,-104.16295749984549,223.55208333333334,0.6041666666666666
1449,189923328,3523,53895,,,,,,,,,,,,,,,,
,190054400,,,0.9457128942012787,0.1352569580078125,0.2,1.5115007999999995e-05,0.005899894516915083,16.577213287353516,7.674513053894043,1.4613330364227295,9155,0.011939628,0.0195728384,-0.02347610556462314,30.07509195804596,-102.31475480191104,212.0,0.65625
1450,190054400,3524,53931,,,,,,,,,,,,,,,,
,190185472,,,0.9245769530534744,0.13421478271484374,0.2,1.4918399999999998e-05,0.005899648182094097,15.753217697143555,7.647436186671257,1.4324216842651367,9160,0.011942113,0.019448319999999998,-0.023857303045224397,39.511539041996,-96.69247766830172,210.83333333333334,0.6666666666666666
1451,190185472,3524,53967,,,,,,,,,,,,,,,,
,190316544,,,0.9277476146817207,0.14277191162109376,0.2,1.4721791999999998e-05,0.0058982218615710735,15.43551254272461,7.7520774632692335,1.4120209217071533,9165,0.012824298,0.019323801600000003,-0.02474473592155846,35.04475964307785,-89.29179420819037,183.54166666666666,0.75
1452,190316544,3524,54001,,,,,,,,,,,,,,,,
,190447616,,,0.9339410588145256,0.1454437255859375,0.2,1.4525184e-05,0.005897713825106621,15.278045654296875,7.660750690102577,1.463547706604004,9170,0.012512876,0.0191992832,-0.024867962732969318,33.463583171367645,-96.01820561579775,204.84375,0.7083333333333334
1453,190447616,3524,54036,,,,,,,,,,,,,,,,
,190578688,,,0.929919920861721,0.1581817626953125,0.2,1.4328576000000003e-05,0.005897387396544218,16.501976013183594,7.623371008038521,1.4952037334442139,9175,0.014095662,0.019074764800000005,-0.025999009456427302,35.73073092699051,-108.75938134549044,217.125,0.6041666666666666
1454,190578688,3524,54071,,,,,,,,,,,,,,,,
,190709760,,,0.9275476485490799,0.14029541015625,0.2,1.4131968000000005e-05,0.005896845366805792,18.190216064453125,7.664620599150657,1.4382518529891968,9180,0.011707188,0.018950246400000002,-0.024250545640825294,37.356112408638,-102.19411572537933,216.79166666666666,0.625
1455,190709760,3524,54107,,,,,,,,,,,,,,,,
,190840832,,,0.9390905201435089,0.162548828125,0.2,1.3935360000000006e-05,0.005895627196878195,13.919260025024414,7.632008364796638,1.4679150581359863,9185,0.014418301,0.018825728000000007,-0.026564927664003334,29.493231701850892,-91.86816125576262,200.375,0.71875
1456,190840832,3524,54143,,,,,,,,,,,,,,,,
,190971904,,,0.9365889132022858,0.15148468017578126,0.2,1.3738752000000008e-05,0.00589501578360796,15.815852165222168,7.64861820936203,1.4757097959518433,9190,0.013310116,0.018701209600000004,-0.025928395937080496,33.83622177839279,-93.21745662215046,197.08333333333334,0.7395833333333334
1457,190971904,3524,54178,,,,,,,,,,,,,,,,
,191102976,,,0.9422346316277981,0.14759063720703125,0.2,1.3542144000000011e-05,0.005894831381738186,11.815614700317383,7.6678124338388445,1.514035940170288,9195,0.013589185,0.01857669120000001,-0.02342857961775735,31.500097250938417,-98.37643180966715,208.44791666666666,0.6666666666666666
1458,191102976,3524,54214,,,,,,,,,,,,,,,,
,191234048,,,0.9440031386911869,0.14684906005859374,0.2,1.3345536000000012e-05,0.005894440691918135,13.381471633911133,7.681424099206924,1.4452159404754639,9200,0.012495799,0.018452172800000007,-0.026577998390712308,29.38871808052063,-93.405638781177,202.5625,0.7083333333333334
1459,191234048,3525,54249,,,,,,,,,,,,,,,,
,191365120,,,0.9299712255597115,0.1353607177734375,0.2,1.3148928000000014e-05,0.0058938018046319485,16.941205978393555,7.656335973739624,1.4942768812179565,9205,0.011405713,0.01832765440000001,-0.023300828562059905,38.07289614677429,-79.96561847370788,180.57291666666666,0.8020833333333334
1460,191365120,3525,54285,,,,,,,,,,,,,,,,
,191496192,,,0.9368124455213547,0.14341583251953124,0.2,1.2952319999999982e-05,0.005893021356314421,14.690770149230957,7.661772760748863,1.5200245380401611,9210,0.012544433,0.018203135999999988,-0.023865467456926127,32.66275728940964,-101.13126590767702,209.54166666666666,0.6666666666666666
1461,191496192,3525,54321,,,,,,,,,,,,,,,,
,191627264,,,0.9403594769537449,0.15127410888671874,0.2,1.2755711999999985e-05,0.005892622750252485,11.882394790649414,7.709838730096817,1.4635558128356934,9215,0.012980418,0.018078617599999992,-0.0239550755431992,30.676168859004974,-100.39701486880888,204.59375,0.6979166666666666
1462,191627264,3525,54356,,,,,,,,,,,,,,,,
,191758336,,,0.9352571442723274,0.137213134765625,0.2,1.2559103999999987e-05,0.00589207885786891,17.124818801879883,7.6853288352489475,1.5074379444122314,9220,0.012177773,0.01795409919999999,-0.022859303134464427,34.311216831207275,-98.38540482711848,209.76041666666666,0.6770833333333334
1463,191758336,3525,54391,,,,,,,,,,,,,,,,
,191889408,,,0.9424437656998634,0.1451568603515625,0.2,1.2362495999999988e-05,0.0058923340402543545,14.652094841003418,7.650666001439094,1.6062908172607422,9225,0.013001053,0.017829580799999994,-0.022578572329075543,30.96384233236313,-110.77847514403065,222.13541666666666,0.6145833333333334
1464,191889408,3525,54426,,,,,,,,,,,,,,,,
,192020480,,,0.9437347128987312,0.14582366943359376,0.2,1.216588799999999e-05,0.00589205976575613,13.277691841125488,7.599697157740593,1.4704760313034058,9230,0.012960455,0.017705062399999996,-0.022768390081182588,29.179734301567077,-104.28947939818603,223.44791666666666,0.6041666666666666
1465,192020480,3525,54462,,,,,,,,,,,,,,,,
,192151552,,,0.9308086782693863,0.14445343017578124,0.2,1.1969279999999993e-05,0.005891196429729462,18.599353790283203,7.589386999607086,1.5001904964447021,9235,0.012709418,0.017580543999999997,-0.02470430922403466,37.74380190372467,-95.86420331000254,200.82291666666666,0.71875
1466,192151552,3525,54495,,,,,,,,,,,,,,,,
,192282624,,,0.9388700984418392,0.140179443359375,0.2,1.1772671999999995e-05,0.00589099433273077,14.214947700500488,7.64334429204464,1.4916280508041382,9240,0.012757972,0.017456025599999998,-0.023500517671345734,33.225771236419675,-100.87562090561032,222.34375,0.6458333333333334
1467,192282624,3526,54531,,,,,,,,,,,,,,,,
,192413696,,,0.9290329813957214,0.1216400146484375,0.2,1.1576063999999996e-05,0.005891127046197653,15.580184936523438,7.589849403500557,1.5265417098999023,9245,0.0108182505,0.0173315072,-0.02244388840481406,37.95771644115448,-99.16393792410709,212.53125,0.65625
1468,192413696,3526,54567,,,,,,,,,,,,,,,,
,192544768,,,0.9391600899398327,0.1413787841796875,0.2,1.1379455999999998e-05,0.0058904169127345085,15.035258293151855,7.634431034326553,1.498863935470581,9250,0.012122644,0.0172069888,-0.02243195646587992,31.726052939891815,-106.32532395960123,221.65625,0.625
1469,192544768,3526,54604,,,,,,,,,,,,,,,,
,192675840,,,0.9267950505018234,0.13998870849609374,0.2,1.1182848e-05,0.005890677683055401,19.333106994628906,7.637241330742836,1.5233958959579468,9255,0.011523095,0.0170824704,-0.022057295302511194,37.84958426952362,-109.72685942766513,226.26041666666666,0.59375
1470,192675840,3526,54640,,,,,,,,,,,,,,,,
,192806912,,,0.9295264706015587,0.114398193359375,0.2,1.0986240000000001e-05,0.0058904048055410385,17.138652801513672,7.587151286005974,1.5709543228149414,9260,0.01073966,0.016957952000000002,-0.020020405684772414,39.90917255878448,-99.91978687887111,212.17708333333334,0.6666666666666666
1471,192806912,3526,54675,,,,,,,,,,,,,,,,
,192937984,,,0.9311483129858971,0.139044189453125,0.2,1.0789632000000003e-05,0.005890158005058765,17.56935691833496,7.629763039946556,1.5682429075241089,9265,0.012000985,0.016833433600000003,-0.022410998604027555,35.57458460330963,-93.59198642265852,193.21875,0.7083333333333334
1472,192937984,3526,54708,,,,,,,,,,,,,,,,
,193069056,,,0.9363599717617035,0.126629638671875,0.2,1.0593024000000006e-05,0.0058897873386740685,14.116336822509766,7.669569534063339,1.4933419227600098,9270,0.011343672,0.016708915200000004,-0.021448030693863984,33.72477879524231,-113.19073141416003,225.80208333333334,0.625
1473,193069056,3526,54744,,,,,,,,,,,,,,,,
,193200128,,,0.9344372674822807,0.13987579345703124,0.2,1.0396416000000008e-05,0.005889238324016333,17.855464935302734,7.560299590229988,1.5559756755828857,9275,0.012426849,0.016584396800000005,-0.021632320902426727,35.8746693611145,-97.04181469673445,213.28125,0.6666666666666666
1474,193200128,3526,54781,,,,,,,,,,,,,,,,
,193331200,,,0.9333499222993851,0.1310821533203125,0.2,1.0199808000000009e-05,0.005889212246984243,18.826784133911133,7.699036484956741,1.5143698453903198,9280,0.011494818,0.016459878400000006,-0.020839127864746843,35.22135350704193,-104.19077639596662,217.71875,0.6458333333333334
1475,193331200,3526,54817,,,,,,,,,,,,,,,,
,193462272,,,0.9318616315722466,0.11667022705078126,0.2,1.0003200000000011e-05,0.005888998508453369,17.68524169921875,7.606678566336631,1.5421556234359741,9285,0.010931609,0.016335360000000007,-0.023554863019671756,35.81965622901917,-93.98016572531894,195.13541666666666,0.71875
1476,193462272,3526,54853,,,,,,,,,,,,,,,,
,193593344,,,0.9302714541554451,0.142022705078125,0.2,9.806592000000014e-06,0.005889217834919691,22.268321990966797,7.649100026488304,1.5734727382659912,9290,0.012180761,0.016210841600000008,-0.022702501545427366,34.36782153844833,-107.66180377776102,223.52083333333334,0.59375
1477,193593344,3526,54889,,,,,,,,,,,,,,,,
,193724416,,,0.9396607168018818,0.124713134765625,0.2,9.609984000000014e-06,0.005888518877327442,15.095724105834961,7.618739512562752,1.5685608386993408,9295,0.011408043,0.01608632320000001,-0.021722502865304704,33.55537421703339,-105.80025700856818,205.70833333333334,0.625
1478,193724416,3527,54922,,,,,,,,,,,,,,,,
,193855488,,,0.9380108490586281,0.129071044921875,0.2,9.413375999999983e-06,0.005887789186090231,16.142967224121094,7.679761832952499,1.5778874158859253,9300,0.011610638,0.01596180479999999,-0.020934616462909617,32.13219670057297,-106.54859508841913,227.34375,0.625
1479,193855488,3527,54959,,,,,,,,,,,,,,,,
,193986560,,,0.937467448413372,0.115753173828125,0.2,9.216767999999985e-06,0.005887119099497795,15.587386131286621,7.615365070104599,1.580863356590271,9305,0.011338372,0.01583728639999999,-0.021163638902362437,31.51178934574127,-104.13664740997416,219.86458333333334,0.6354166666666666
1480,193986560,3527,54993,,,,,,,,,,,,,,,,
,194117632,,,0.9295995309948921,0.117669677734375,0.2,9.020159999999988e-06,0.005886356811970472,19.894502639770508,7.618877556920052,1.5824832916259766,9310,0.010819264,0.01571276799999999,-0.021834655437851326,36.86927597522735,-101.28376732368906,219.19791666666666,0.6666666666666666
1481,194117632,3527,55028,,,,,,,,,,,,,,,,
,194248704,,,0.9292920008301735,0.12653350830078125,0.2,8.82355199999999e-06,0.005886137019842863,16.698591232299805,7.63892126083374,1.6013234853744507,9315,0.010104964,0.015588249599999994,-0.022035664427676238,35.91615989208221,-102.72632547550813,215.13541666666666,0.6458333333333334
1482,194248704,3527,55064,,,,,,,,,,,,,,,,
,194379776,,,0.9340289458632469,0.127191162109375,0.2,8.62694399999999e-06,0.005885518621653318,15.742060661315918,7.606330093741417,1.571587324142456,9320,0.011395622,0.015463731199999995,-0.021126651750819292,34.91253477334976,-101.997544103486,215.66666666666666,0.6770833333333334
1483,194379776,3527,55099,,,,,,,,,,,,,,,,
,194510848,,,0.9384680464863777,0.11123199462890625,0.2,8.430335999999993e-06,0.005884963553398848,15.947639465332031,7.629346150159836,1.5894365310668945,9325,0.009922996,0.015339212799999996,-0.02166935890854802,33.0527645945549,-102.53815216681353,213.6875,0.6458333333333334
1484,194510848,3527,55134,,,,,,,,,,,,,,,,
,194641920,,,0.939005870372057,0.12512054443359374,0.2,8.233727999999995e-06,0.0058846138417720795,17.83426856994629,7.675917825102806,1.6372182369232178,9330,0.011004345,0.015214694399999997,-0.021966283215442674,33.074047923088074,-99.14510007829233,204.72916666666666,0.6770833333333334
1485,194641920,3528,55169,,,,,,,,,,,,,,,,
,194772992,,,0.9378816112875938,0.13194427490234376,0.2,8.037119999999998e-06,0.0058845533058047295,13.739501953125,7.7152441293001175,1.6151050329208374,9335,0.0113651585,0.015090175999999999,-0.021532037112046966,30.391273152828216,-98.986971596652,218.07291666666666,0.65625
1486,194772992,3528,55204,,,,,,,,,,,,,,,,
,194904064,,,0.9399940073490143,0.1253173828125,0.2,7.840511999999998e-06,0.005883747711777687,17.65900421142578,7.644304576516151,1.6568573713302612,9340,0.010500578,0.0149656576,-0.021225079154828564,34.253932213783266,-111.94596570122262,230.14583333333334,0.5729166666666666
1487,194904064,3528,55240,,,,,,,,,,,,,,,,
,195035136,,,0.9421813786029816,0.11251373291015625,0.2,7.643904e-06,0.005883536301553249,13.125008583068848,7.736453175544739,1.6335176229476929,9345,0.010724267,0.014841139200000002,-0.019972859474364668,30.121910405158996,-103.62930155954814,212.35416666666666,0.6458333333333334
1488,195035136,3528,55276,,,,,,,,,,,,,,,,
,195166208,,,0.9339637532830238,0.12135162353515624,0.2,7.447296000000002e-06,0.005883003585040569,22.551374435424805,7.728709802031517,1.5775188207626343,9350,0.010279546,0.014716620800000003,-0.020488246088643792,37.17572808265686,-104.04267097913221,210.03125,0.6354166666666666
1489,195166208,3528,55310,,,,,,,,,,,,,,,,
,195297280,,,0.9268469735980034,0.122174072265625,0.2,7.250688000000005e-06,0.00588275957852602,19.003128051757812,7.693050447106361,1.6534678936004639,9355,0.010944676,0.014592102400000004,-0.021299913327675314,38.26611125469208,-107.60684675400864,218.17708333333334,0.6354166666666666
1490,195297280,3528,55345,,,,,,,,,,,,,,,,
,195428352,,,0.9352176338434219,0.11089935302734374,0.2,7.054080000000006e-06,0.0058822110295295715,16.0794620513916,7.646863541007042,1.6390571594238281,9360,0.0101430435,0.014467584000000006,-0.019695289264200257,32.96092555522919,-100.52826800928104,221.90625,0.6354166666666666
1491,195428352,3528,55381,,,,,,,,,,,,,,,,
,195559424,,,0.9327737241983414,0.112176513671875,0.2,6.8574720000000085e-06,0.005881230812519789,15.18999195098877,7.526529842615128,1.659246802330017,9365,0.010291299,0.014343065600000007,-0.021030173654435203,35.67240753173828,-109.33783034776066,226.98958333333334,0.6458333333333334
1492,195559424,3528,55417,,,,,,,,,,,,,,,,
,195690496,,,0.9367707744240761,0.10752105712890625,0.2,6.66086400000001e-06,0.0058807856403291225,13.505722999572754,7.660943603515625,1.6462643146514893,9370,0.009959119,0.014218547200000008,-0.018749072606442495,32.92182884216309,-91.88974659396011,198.52083333333334,0.7604166666666666
1493,195690496,3528,55452,,,,,,,,,,,,,,,,
,195821568,,,0.9389180801808834,0.11179351806640625,0.2,6.4642560000000124e-06,0.005880394484847784,14.562786102294922,7.67656617462635,1.6401780843734741,9375,0.010600753,0.014094028800000009,-0.017856091308931354,33.323909270763394,-98.20529003893505,217.875,0.65625
1494,195821568,3528,55489,,,,,,,,,,,,,,,,
,195952640,,,0.9383092671632767,0.12045745849609375,0.2,6.267648000000014e-06,0.005879743956029415,14.520272254943848,7.65068798661232,1.649715781211853,9380,0.010892395,0.01396951040000001,-0.020165287199779412,33.90188596248627,-93.50065994740538,196.34375,0.6979166666666666
1495,195952640,3529,55525,,,,,,,,,,,,,,,,
,196083712,,,0.9387863390147686,0.1085784912109375,0.2,6.0710400000000155e-06,0.005879594944417477,17.27541160583496,7.603884068131447,1.683093547821045,9385,0.010613961,0.01384499200000001,-0.02044073477445636,32.10234289169311,-101.99823282350974,215.14583333333334,0.625
1496,196083712,3529,55562,,,,,,,,,,,,,,,,
,196214784,,,0.9325653240084648,0.1055450439453125,0.2,5.874431999999985e-06,0.005879764445126057,15.434030532836914,7.635537099838257,1.6473230123519897,9390,0.009874276,0.013720473599999991,-0.01845978331693914,34.41383073329926,-110.28088847179492,219.91666666666666,0.625
1497,196214784,3529,55597,,,,,,,,,,,,,,,,
,196345856,,,0.9342331066727638,0.11561126708984375,0.2,5.677823999999986e-06,0.005879743956029415,17.538650512695312,7.6983703762292865,1.6789014339447021,9395,0.010289807,0.013595955199999992,-0.01897880844771862,34.22094212770462,-102.92870059582056,232.19791666666666,0.6145833333333334
1498,196345856,3529,55633,,,,,,,,,,,,,,,,
,196476928,,,0.9366843998432159,0.1165008544921875,0.2,5.481215999999988e-06,0.005879655014723539,16.18990707397461,7.724449408054352,1.668005347251892,9400,0.009887638,0.013471436799999993,-0.019071065552270738,33.92081791162491,-91.8789721478626,197.27083333333334,0.75
1499,196476928,3529,55667,,,,,,,,,,,,,,,,
,196608000,,,0.9399603120982647,0.11113433837890625,0.2,5.28460799999999e-06,0.005879382602870464,12.716706275939941,7.734533095359803,1.640976905822754,9405,0.010161515,0.013346918399999994,-0.02036474797714618,29.93605355024338,-95.9433464842981,210.3125,0.6875
1500,196608000,3529,55703,,,,,,,,,,,,,,,,
,196739072,,,0.9362783133983612,0.1116668701171875,0.2,5.087999999999992e-06,0.005878861993551254,19.19223976135254,7.589908933639526,1.8036893606185913,9410,0.009771745,0.013222399999999995,-0.01923613517865306,34.5363557100296,-99.32295336005477,204.97916666666666,0.71875
1501,196739072,3529,55738,,,,,,,,,,,,,,,,
,196870144,,,0.942389227449894,0.10390777587890625,0.2,4.891391999999994e-06,0.005878735333681107,14.749250411987305,7.6779994577169415,1.7274078130722046,9415,0.009654496,0.013097881599999996,-0.018663640375598332,30.176407194137575,-109.60396822469697,226.83333333333334,0.5833333333333334
1502,196870144,3529,55774,,,,,,,,,,,,,,,,
,197001216,,,0.9288035482168198,0.10380096435546875,0.2,4.694783999999996e-06,0.005878652911633253,21.65091896057129,7.640772527456283,1.686464786529541,9420,0.009235524,0.012973363199999997,-0.016295875652576796,38.47151641845703,-108.63467344519448,223.70833333333334,0.6041666666666666
1503,197001216,3529,55808,,,,,,,,,,,,,,,,
,197132288,,,0.9397443346679211,0.08824462890625,0.2,4.498175999999998e-06,0.005878101568669081,16.057464599609375,7.644707384705543,1.7326667308807373,9425,0.008833736,0.012848844799999998,-0.015684945258544757,31.971130037307738,-106.65325341413102,229.14583333333334,0.59375
1504,197132288,3530,55843,,,,,,,,,,,,,,,,
,197263360,,,0.9478248804807663,0.08266448974609375,0.2,4.3015679999999996e-06,0.005877777002751827,11.413445472717285,7.733966031670571,1.6923516988754272,9430,0.008469145,0.0127243264,-0.015887485435814596,26.726252937316893,-92.58062397319112,200.10416666666666,0.6979166666666666
1505,197263360,3530,55879,,,,,,,,,,,,,,,,
,197394432,,,0.9389691203832626,0.07815399169921874,0.2,4.104960000000002e-06,0.005877436604350805,14.354939460754395,7.597356623411178,1.6865047216415405,9435,0.0079350835,0.012599808,-0.015527438125718617,32.65745049715042,-109.55484924257924,232.32291666666666,0.5416666666666666
1506,197394432,3530,55914,,,,,,,,,,,,,,,,
,197525504,,,0.9323480501770973,0.06820068359375,0.2,3.9083520000000035e-06,0.00587710365653038,16.373661041259766,7.639600500464439,1.7511546611785889,9440,0.007358465,0.012475289600000002,-0.014515871585172136,36.965895485877994,-100.34845426973459,213.92708333333334,0.6875
1507,197525504,3530,55951,,,,,,,,,,,,,,,,
,197656576,,,0.9301100298762321,0.0682037353515625,0.2,3.7117440000000054e-06,0.005876809358596802,23.008089065551758,7.702269956469536,1.7470654249191284,9445,0.007429318,0.012350771200000004,-0.01471694218198536,37.15637722015381,-92.7869297013774,186.45833333333334,0.75
1508,197656576,3530,55985,,,,,,,,,,,,,,,,
,197787648,,,0.9372781068086624,0.0744110107421875,0.2,3.5151360000000074e-06,0.005876529961824417,15.282330513000488,7.5882838606834415,1.751504898071289,9450,0.007985486,0.012226252800000005,-0.016348588308028413,33.68540409803391,-100.35698255256152,210.54166666666666,0.6666666666666666
1509,197787648,3530,56021,,,,,,,,,,,,,,,,
,197918720,,,0.9470447078347206,0.08990936279296875,0.2,3.3185280000000093e-06,0.005875951610505581,15.17344856262207,7.634222549200058,1.78507661819458,9455,0.00868234,0.012101734400000006,-0.015830500132869928,29.843767058849334,-94.00439174287798,195.35416666666666,0.71875
1510,197918720,3530,56056,,,,,,,,,,,,,,,,
,198049792,,,0.9252284243702888,0.0795623779296875,0.2,3.1219200000000113e-06,0.005875729955732822,18.669212341308594,7.603342378139496,1.7421077489852905,9460,0.0076041515,0.011977216000000008,-0.013939294268493541,40.88666578531265,-95.196254365779,202.32291666666666,0.71875
1511,198049792,3530,56091,,,,,,,,,,,,,,,,
,198180864,,,0.9377636089920998,0.0623138427734375,0.2,2.925312000000013e-06,0.005875661037862301,16.47459602355957,7.625944796204567,1.7319263219833374,9465,0.0071969293,0.011852697600000009,-0.014314282385021216,32.305743992328644,-101.41467323831752,222.27083333333334,0.6458333333333334
1512,198180864,3530,56127,,,,,,,,,,,,,,,,
,198311936,,,0.9399857483804226,0.0674041748046875,0.2,2.7287040000000147e-06,0.005875576287508011,15.839627265930176,7.616076663136482,1.7444324493408203,9470,0.0074100825,0.01172817920000001,-0.013414124835981056,32.318610680103305,-90.90214846665673,198.0625,0.6979166666666666
1513,198311936,3530,56163,,,,,,,,,,,,,,,,
,198443008,,,0.9346671923995018,0.07651824951171875,0.2,2.5320959999999837e-06,0.005875442177057266,19.21700096130371,7.6407098978757855,1.7640289068222046,9475,0.0073725292,0.01160366079999999,-0.01421504883255693,36.131431663036345,-101.87079607364952,214.46875,0.6875
1514,198443008,3530,56200,,,,,,,,,,,,,,,,
,198574080,,,0.9324920624494553,0.06539764404296874,0.2,2.335487999999985e-06,0.005875205621123314,15.417437553405762,7.6716011554002765,1.7663993835449219,9480,0.007517279,0.011479142399999991,-0.014055976709641982,35.442751789093016,-101.3879291297518,205.38541666666666,0.6770833333333334
1515,198574080,3531,56236,,,,,,,,,,,,,,,,
,198705152,,,0.9345177859067917,0.0731170654296875,0.2,2.138879999999987e-06,0.005875084549188614,17.286083221435547,7.691166269779205,1.8234485387802124,9485,0.0072966227,0.011354623999999992,-0.013288523539085873,34.10714244842529,-98.83196664860185,219.04166666666666,0.6666666666666666
1516,198705152,3531,56272,,,,,,,,,,,,,,,,
,198836224,,,0.9354124739766121,0.06207427978515625,0.2,1.942271999999989e-06,0.005874936934560537,13.067524909973145,7.710009536147117,1.7733640670776367,9490,0.0069599533,0.011230105599999993,-0.011164787376765161,33.83482911586761,-96.14167741377484,207.11458333333334,0.6875
1517,198836224,3531,56308,,,,,,,,,,,,,,,,
,198967296,,,0.9373471364378929,0.07349090576171875,0.2,1.745663999999991e-06,0.005874841473996639,15.332688331604004,7.682018235325813,1.7194955348968506,9495,0.0073151775,0.011105587199999994,-0.012486297596478835,33.77526495456696,-91.56316013811094,200.76041666666666,0.6875
1518,198967296,3531,56343,,,,,,,,,,,,,,,,
,199098368,,,0.9359112307429314,0.04865570068359375,0.2,1.549055999999993e-06,0.005874762311577797,20.434986114501953,7.661153438687324,1.791261076927185,9500,0.006848206,0.010981068799999995,-0.011530094006593572,36.447902262210846,-100.46993541483566,208.80208333333334,0.6875
1519,199098368,3531,56379,,,,,,,,,,,,,,,,
,199229440,,,0.9408448748290539,0.0509735107421875,0.2,1.352447999999995e-06,0.005874675698578358,15.319112777709961,7.674944838881492,1.7535322904586792,9505,0.006032468,0.010856550399999998,-0.010803450556704775,33.07524198293686,-96.40263217157094,206.54166666666666,0.65625
1520,199229440,3531,56413,,,,,,,,,,,,,,,,
,199360512,,,0.9318779334425926,0.04466094970703125,0.2,1.1558399999999967e-06,0.0058745271526277065,20.157163619995117,7.664831069111824,1.759089708328247,9510,0.0052934736,0.010732031999999999,-0.009069383412133902,37.96847738027573,-106.47872586425039,221.52083333333334,0.625
1521,199360512,3531,56450,,,,,,,,,,,,,,,,
,199491584,,,0.9343000650405884,0.03011474609375,0.2,9.592319999999986e-07,0.00587444007396698,18.375234603881836,7.660115501284599,1.7652556896209717,9515,0.004951314,0.0106075136,-0.008951600799628067,36.41409024000168,-101.55171928127936,211.11458333333334,0.6979166666666666
1522,199491584,3531,56486,,,,,,,,,,,,,,,,
,199622656,,,0.942005779594183,0.026666259765625,0.2,7.626240000000006e-07,0.005874350666999817,15.322354316711426,7.685587319731712,1.7831518650054932,9520,0.0043184296,0.010482995200000001,-0.007616617849271279,33.25882968902588,-102.47135189892528,208.22916666666666,0.6770833333333334
1523,199622656,3531,56522,,,,,,,,,,,,,,,,
,199753728,,,0.9417006447911263,0.0304656982421875,0.2,5.660160000000025e-07,0.005874366499483585,14.414146423339844,7.675807484984398,1.7671679258346558,9525,0.0042685363,0.010358476800000002,-0.007748324837302789,33.373854744434354,-91.53703697435417,192.65625,0.7291666666666666
1524,199753728,3531,56558,,,,,,,,,,,,,,,,
,199884800,,,0.93406031280756,0.01115570068359375,0.2,3.6940800000000436e-07,0.005874341353774071,17.882835388183594,7.682340911030769,1.8023419380187988,9530,0.002614966,0.010233958400000003,-0.00545501833257731,37.411535394191745,-103.74010573696425,216.83333333333334,0.65625
1525,199884800,3531,56593,,,,,,,,,,,,,,,,
,200015872,,,0.9383052065968513,0.006158447265625,0.2,1.7280000000000626e-07,0.005874333903193474,14.562355041503906,7.62887624502182,1.7440342903137207,9535,0.0029467884,0.010109440000000004,-0.0034718889597570523,35.629248917102814,-95.02377049279279,200.9375,0.7083333333333334
1526,200015872,3531,56630,,,,,,,,,,,,,,,,
