time/iterations,time/fps,time/time_elapsed,time/total_timesteps,train/kl_loss_with_bc_model,train/value_loss,train/explained_variance,train/kl_coef,train/std,train/n_updates,train/clip_fraction,train/clip_range,train/policy_gradient_loss,train/entropy_loss,train/loss,train/learning_rate,train/approx_kl,eval/success_rate,eval/mean_reward,eval/mean_ep_length
1,3108,42,131072,,,,,,,,,,,,,,,,
2,2945,88,262144,0.0009099788730964065,77.39226984977722,-0.0028395652770996094,0.001,0.002907427027821541,5,0.00535430908203125,0.2,0.0005653631727909669,11.51234878897667,32.54880905151367,0.00029213568,0.002220495,,,
3,2865,137,393216,0.00372852711006999,74.83965883255004,0.30392318964004517,0.001,0.0028922201599925756,10,0.00537261962890625,0.2,-0.00010623875932651572,11.524748933315276,34.01044464111328,0.00028427136,0.002170885,,,
4,2832,185,524288,0.008212892338633537,56.791227507591245,0.5485664010047913,0.001,0.0028755315579473972,15,0.00579833984375,0.2,-0.0005980079928121995,11.63240357041359,25.647314071655273,0.00027640703999999995,0.0022791147,,,
5,2805,233,655360,0.01397210918366909,48.075417447090146,0.6942960023880005,0.001,0.002869941992685199,20,0.00357513427734375,0.2,-0.001613270073721651,11.67590285539627,16.005401611328125,0.00026854272,0.0019106263,,,
6,2786,282,786432,0.021359559148550034,52.32212867736816,0.7509485930204391,0.001,0.002863999456167221,25,0.00482025146484375,0.2,-0.0004915795776469168,11.645409846305848,20.98413848876953,0.0002606784,0.001954478,,,
7,2772,330,917504,0.03128667175769806,40.37434449195862,0.8484302163124084,0.001,0.0028505499940365553,30,0.0081695556640625,0.2,-0.0010561178154603113,11.677536147832871,15.199328422546387,0.00025281408,0.0027007377,,,
8,2764,379,1048576,0.041932716965675354,36.97546795606613,0.8757496476173401,0.001,0.002835635794326663,35,0.00437164306640625,0.2,-0.00018765513159451074,11.751465731859208,16.483642578125,0.00024494975999999995,0.0019155542,,,
9,2757,427,1179648,0.05332332104444504,34.42588832378387,0.8984731957316399,0.001,0.002837704261764884,40,0.0058746337890625,0.2,0.0010015399158874061,11.645204776525498,14.015313148498535,0.00023708543999999997,0.0024419005,,,
10,2750,476,1310720,0.07967400550842285,33.65159264802933,0.9166888445615768,0.001,0.0028390628285706043,45,0.006939697265625,0.2,-4.667267348850146e-05,11.683458650112152,13.023329734802246,0.00022922112,0.0022362676,,,
11,2742,525,1441792,0.09014634788036346,36.23657025098801,0.9181777387857437,0.001,0.0028350939974188805,50,0.0046356201171875,0.2,-0.0010620070657751056,11.583965694904327,18.027557373046875,0.0002213568,0.0020021102,,,
12,2735,574,1572864,0.11352496594190598,32.08393629789352,0.93575119972229,0.001,0.0028316830284893513,55,0.0026031494140625,0.2,-0.0005138768177857855,11.687010884284973,14.810816764831543,0.00021349247999999997,0.001506007,,,
13,2731,623,1703936,0.12384261935949326,29.818202364444733,0.9409640282392502,0.001,0.002831980586051941,60,0.001800537109375,0.2,0.0007997864340723027,11.709900170564651,12.319083213806152,0.00020562815999999997,0.0013436887,,,
14,2729,672,1835008,0.15076632797718048,33.16941874027252,0.9421179555356503,0.001,0.002832136582583189,65,0.00581207275390625,0.2,2.2645197896054013e-05,11.63683865070343,14.656259536743164,0.00019776383999999997,0.0021713057,,,
15,2726,721,1966080,0.16679245233535767,30.024415063858033,0.9500739760696888,0.001,0.0028287905734032393,70,0.00463104248046875,0.2,-8.164699211192783e-05,11.673927712440491,14.319982528686523,0.00018989951999999997,0.0019449088,,,
16,2724,769,2097152,0.19914138317108154,26.372147500514984,0.9583688899874687,0.001,0.0028286315500736237,75,0.00578460693359375,0.2,0.0005865926039405167,11.749465811252595,12.62108325958252,0.00018203519999999997,0.002045154,,,
17,2721,818,2228224,0.2329014241695404,29.44479283094406,0.9525238424539566,0.001,0.0028307591564953327,80,0.00348358154296875,0.2,-0.0009265282758860848,11.712195712327958,15.235161781311035,0.00017417088,0.0016135509,,,
18,2721,866,2359296,0.24836556613445282,27.361787104606627,0.9597128108143806,0.001,0.0028237071819603443,85,0.00165863037109375,0.2,-0.00045382388270809315,11.717000710964204,12.546232223510742,0.00016630656,0.0012659415,,,
19,2719,915,2490368,0.2596997320652008,28.25694681406021,0.9586246348917484,0.001,0.0028222217224538326,90,0.0040313720703125,0.2,-0.0004131771151151042,11.650423860549926,12.86105728149414,0.00015844224,0.001772976,,,
20,2712,966,2621440,0.3042440712451935,26.28439292907715,0.9640631526708603,0.001,0.002817190019413829,95,0.00438690185546875,0.2,0.0002884994144551456,11.851901465654374,12.53151798248291,0.00015057791999999997,0.0017627999,,,
21,2712,1014,2752512,0.3604238033294678,25.01550289392471,0.9638544954359531,0.001,0.002811466110870242,100,0.002215576171875,0.2,0.000280005485547008,11.761976200342179,11.634295463562012,0.0001427136,0.0013947916,,,
22,2712,1063,2883584,0.35168370604515076,23.533004677295686,0.9695753138512373,0.001,0.002811834681779146,105,0.006231689453125,0.2,0.000669102856045356,11.734813410043717,10.67892837524414,0.00013484928,0.0021520967,,,
23,2711,1111,3014656,0.3803776204586029,24.91406613588333,0.9686262123286724,0.001,0.0028083152137696743,110,0.00607757568359375,0.2,-4.095469230378512e-05,11.646611750125885,11.93604564666748,0.00012698495999999997,0.002163839,,,
24,2712,1159,3145728,0.44118064641952515,22.978895699977876,0.9679158963263035,0.001,0.0028116432949900627,115,0.00487213134765625,0.2,0.0003033925651834579,11.861717873811722,8.653258323669434,0.00011912063999999999,0.0017895938,,,
25,2712,1207,3276800,0.48359644412994385,26.867128467559816,0.9665126726031303,0.001,0.0028113480657339096,120,0.00387420654296875,0.2,-0.0006172714485728648,11.589872884750367,12.554542541503906,0.00011125632,0.0016706357,,,
26,2713,1256,3407872,0.5162834525108337,22.521957802772523,0.970643512904644,0.001,0.0028082742355763912,125,0.0054107666015625,0.2,0.0006023382651619613,11.672167265415192,9.842334747314453,0.00010339199999999998,0.0020296439,,,
27,2712,1304,3538944,0.5553181171417236,23.489398729801177,0.9710471965372562,0.001,0.002805907279253006,130,0.00242919921875,0.2,-6.408043300325517e-05,11.728293579816818,10.85830307006836,9.552767999999999e-05,0.0014356391,,,
28,2711,1353,3670016,0.594359278678894,21.53044010400772,0.9719029981642962,0.001,0.002803548239171505,135,0.00167388916015625,0.2,-0.0002383569757512305,11.917913049459457,9.860111236572266,8.766335999999999e-05,0.0012074255,,,
29,2710,1402,3801088,0.6048357486724854,24.725870144367217,0.9701729379594326,0.001,0.0028002671897411346,140,0.00756072998046875,0.2,0.0002941821156127844,11.72666364312172,11.921709060668945,7.979904e-05,0.0022759796,,,
30,2709,1451,3932160,0.6905272006988525,24.796397924423218,0.9681785739958286,0.001,0.002798361238092184,145,0.00278472900390625,0.2,-0.00014389402786036954,11.806379914283752,10.569704055786133,7.193471999999998e-05,0.0015420167,,,
31,2708,1500,4063232,0.6819256544113159,24.72217960357666,0.9693652652204037,0.001,0.0027961076702922583,150,0.00176544189453125,0.2,0.0005628787381283473,11.805683219432831,10.786845207214355,6.407039999999999e-05,0.0011601836,,,
32,2708,1548,4194304,0.7764606475830078,22.073437809944153,0.9726460352540016,0.001,0.0027971244417130947,155,0.0048370361328125,0.2,7.48138852941338e-05,11.820741468667984,8.642282485961914,5.6206079999999996e-05,0.0018765626,,,
33,2707,1597,4325376,0.9089474081993103,23.99436984062195,0.969603231176734,0.001,0.0027949539944529533,160,0.0037445068359375,0.2,4.529914440354332e-05,11.721312284469604,12.840446472167969,4.834176000000001e-05,0.0017784992,,,
34,2706,1646,4456448,0.9229781031608582,23.213942849636076,0.9708692692220211,0.001,0.0027904058806598186,165,0.00404205322265625,0.2,-0.0004110640009457711,11.821448081731797,12.931822776794434,4.047743999999998e-05,0.0015680918,,,
35,2706,1695,4587520,0.9959599375724792,24.216935777664183,0.9713686648756266,0.001,0.0027869436889886856,170,0.0040252685546875,0.2,0.0003287522526079556,11.864400774240494,10.650160789489746,3.2613119999999996e-05,0.0016843006,,,
36,2705,1743,4718592,0.8949650526046753,23.40046422481537,0.972322229295969,0.001,0.0027861054986715317,175,0.0033843994140625,0.2,-0.0004804498174053151,11.848287057876586,11.049965858459473,2.4748800000000003e-05,0.0014970541,,,
37,2704,1792,4849664,0.9919952154159546,23.313999009132385,0.973112253472209,0.001,0.002785535529255867,180,0.0047332763671875,0.2,-0.00047019759331305976,11.809310150146484,9.59655475616455,1.6884480000000013e-05,0.001660207,,,
38,2704,1841,4980736,1.1796767711639404,22.794115257263183,0.9742355197668076,0.001,0.0027849681209772825,185,0.004254150390625,0.2,0.001162959140492603,11.927528661489486,10.984041213989258,9.020159999999988e-06,0.0015826769,,,
39,2703,1890,5111808,1.1673617362976074,26.091309094429015,0.9712653122842312,0.001,0.002784955082461238,190,0.0038116455078125,0.2,0.0006752142195182387,11.857116740942,12.994505882263184,1.1558399999999967e-06,0.0015576753,,,
,,,131072,1.3662818670272827,2173.273039543629,0.9737812168896198,0.001,0.0027849720790982246,195,0.00175933837890625,0.2,-0.00042670350303524173,11.968538832664489,2773.861572265625,-6.708479999999994e-06,0.0012448918,0.125,-196.43393717637232,324.0208333333333
1,2055,63,131072,,,,,,,,,,,,,,,,
,,,262144,1.5050756931304932,301.0008016586304,0.9287038668990135,0.001,0.0027742802631109953,200,0.8388031005859375,0.2,0.013180184467637445,11.904079848527909,31.201305389404297,0.00029980339199999997,2.5430257,0.14583333333333334,-188.77783794918597,330.3854166666667
2,2028,129,262144,,,,,,,,,,,,,,,,
,,,393216,2.1421008110046387,52.25061537027359,0.9515802673995495,0.001,0.002766176825389266,205,0.7467559814453125,0.2,-0.04888303446932696,12.134735482931138,21.780162811279297,0.00029960678399999996,1.7481049,0.13541666666666666,-193.69003734797522,339.625
3,2003,196,393216,,,,,,,,,,,,,,,,
,,,524288,3.291442394256592,49.65415911674499,0.9502511918544769,0.001,0.0027531818486750126,210,0.753900146484375,0.2,-0.04584002243354916,11.993258500099182,22.891332626342773,0.00029941017599999996,2.5655842,0.08333333333333333,-203.0994781278969,345.8958333333333
4,2010,260,524288,,,,,,,,,,,,,,,,
,,,655360,2.5354292392730713,36.42724050283432,0.9500960670411587,0.001,0.0027458248659968376,215,0.7995010375976562,0.2,-0.03196195759519469,12.152694272994996,17.198713302612305,0.000299213568,2.2248044,0.09375,-191.55048704667811,358.53125
5,1998,327,655360,,,,,,,,,,,,,,,,
,,,786432,2.9467408657073975,40.4724475979805,0.9470838457345963,0.001,0.0027323372196406126,220,0.7703201293945312,0.2,-0.03618081994645763,12.1213407933712,14.83283519744873,0.00029901696,2.1573367,0.09375,-200.21138481816334,327.875
6,1992,394,786432,,,,,,,,,,,,,,,,
,,,917504,3.774829864501953,34.518058598041534,0.9583626687526703,0.001,0.0027268945705145597,225,0.780682373046875,0.2,-0.021320064488099887,11.914778739213943,13.695578575134277,0.000298820352,2.1035328,0.10416666666666667,-190.38650305586575,332.1145833333333
7,1996,459,917504,,,,,,,,,,,,,,,,
,,,1048576,4.555100440979004,38.566594302654266,0.9410519003868103,0.001,0.0027208111714571714,230,0.6994171142578125,0.2,-0.04287974632898113,12.069038820266723,16.064992904663086,0.000298623744,1.3041803,0.09375,-195.97997910721975,331.5208333333333
8,1989,527,1048576,,,,,,,,,,,,,,,,
,,,1179648,3.813678503036499,31.401479709148408,0.9484176449477673,0.001,0.0027099447324872017,235,0.7601303100585938,0.2,-0.021075216912140603,12.116954272985458,12.976249694824219,0.000298427136,2.4596379,0.14583333333333334,-192.37752061838464,336.1041666666667
9,1992,592,1179648,,,,,,,,,,,,,,,,
,,,1310720,3.961651563644409,22.35303663611412,0.961470190435648,0.001,0.002703232690691948,240,0.7474365234375,0.2,-0.028165949178219307,12.118804812431335,9.598172187805176,0.000298230528,1.414605,0.08333333333333333,-201.10966900109693,337.7916666666667
10,1985,660,1310720,,,,,,,,,,,,,,,,
,,,1441792,4.340679168701172,23.789893329143524,0.9548245593905449,0.001,0.0026963993441313505,245,0.7572433471679687,0.2,-0.018906487054482567,11.971333891153336,11.810245513916016,0.00029803391999999997,1.468075,0.052083333333333336,-201.2210491990137,350.8333333333333
11,1989,724,1441792,,,,,,,,,,,,,,,,
,,,1572864,4.1861186027526855,24.897525942325593,0.9588438384234905,0.001,0.0026886898558586836,250,0.7338211059570312,0.2,-0.028180412968504244,12.082391738891602,12.289140701293945,0.00029783731199999996,0.9715822,0.15625,-188.81412060784385,329.9166666666667
12,1984,792,1572864,,,,,,,,,,,,,,,,
,,,1703936,4.433466911315918,23.72149565219879,0.9601073078811169,0.001,0.0026812348514795303,255,0.7614852905273437,0.2,-0.003912518284050748,12.053660643100738,11.114198684692383,0.00029764070399999995,1.6617407,0.10416666666666667,-195.51197254556462,343.4166666666667
13,1985,858,1703936,,,,,,,,,,,,,,,,
,,,1835008,5.683579921722412,22.05567342042923,0.9624897055327892,0.001,0.002674700692296028,260,0.7588973999023437,0.2,-0.007741696443918045,12.162492728233337,8.161154747009277,0.00029744409599999995,1.3270924,0.14583333333333334,-188.42491837780474,340.0416666666667
14,1982,925,1835008,,,,,,,,,,,,,,,,
,,,1966080,6.043642997741699,20.79636404514313,0.9655075185000896,0.001,0.002670419868081808,265,0.7567626953125,0.2,-0.00352496131308726,12.1319460272789,8.198969841003418,0.00029724748799999994,1.4698318,0.11458333333333333,-192.16256498339325,336.5104166666667
15,1981,992,1966080,,,,,,,,,,,,,,,,
,,,2097152,6.569002151489258,20.67117530107498,0.9637483358383179,0.001,0.0026701311580836773,270,0.78450927734375,0.2,0.013504527292388957,12.220922768115997,10.55493450164795,0.00029705088,1.0656163,0.125,-186.74460972000745,343.0625
16,1981,1058,2097152,,,,,,,,,,,,,,,,
,,,2228224,6.450068950653076,19.021720659732818,0.9692001808434725,0.001,0.0026777253951877356,275,0.7857223510742187,0.2,0.00834493327056407,12.144689166545868,8.957304954528809,0.000296854272,1.0958825,0.10416666666666667,-189.06116174902152,338.6770833333333
17,1980,1125,2228224,,,,,,,,,,,,,,,,
,,,2359296,6.3859357833862305,21.345496040582656,0.9646577015519142,0.001,0.00267656147480011,280,0.74320068359375,0.2,-0.0076150432461872695,12.12956906557083,10.45457935333252,0.000296657664,0.9147273,0.08333333333333333,-199.02706580077088,335.5625
18,1982,1189,2359296,,,,,,,,,,,,,,,,
,,,2490368,6.652113914489746,18.679342579841613,0.9698184430599213,0.001,0.002670918358489871,285,0.731524658203125,0.2,-0.0043573270828346725,12.208906960487365,8.639004707336426,0.00029646105599999997,0.5308224,0.17708333333333334,-174.75554844860355,345.6770833333333
19,1980,1257,2490368,,,,,,,,,,,,,,,,
,,,2621440,7.088193416595459,19.76125928759575,0.969777537509799,0.001,0.0026723253540694714,290,0.7623016357421875,0.2,0.015178166585974396,12.00686976313591,10.324503898620605,0.00029626444799999997,0.52400064,0.11458333333333333,-190.36473155170657,339.1979166666667
20,1982,1322,2621440,,,,,,,,,,,,,,,,
,,,2752512,7.374930381774902,19.616988015174865,0.9697142522782087,0.001,0.0026750541292130947,295,0.7383041381835938,0.2,-0.0006902941495354753,12.010745650529861,7.772604942321777,0.00029606783999999996,0.5721975,0.13541666666666666,-179.22645460411914,349.53125
21,1978,1390,2752512,,,,,,,,,,,,,,,,
,,,2883584,7.254586219787598,22.72092924118042,0.9653256870806217,0.001,0.002678212244063616,300,0.748876953125,0.2,0.008352029128582216,11.932376265525818,8.872608184814453,0.00029587123199999995,0.8285594,0.125,-186.58541937134473,343.9479166666667
22,1979,1456,2883584,,,,,,,,,,,,,,,,
,,,3014656,8.166996002197266,18.828019016981123,0.971911333501339,0.001,0.002677935641258955,305,0.703228759765625,0.2,-0.002124241589626763,12.054499131441116,9.163256645202637,0.000295674624,0.27145362,0.09375,-190.233182933851,349.8541666666667
23,1978,1523,3014656,,,,,,,,,,,,,,,,
,,,3145728,7.284659385681152,19.448439824581147,0.9705381747335196,0.001,0.0026810425333678722,310,0.7623184204101563,0.2,0.020212752332008678,11.988429719209671,9.172174453735352,0.000295478016,1.0055207,0.07291666666666667,-194.92737374794842,355.6666666666667
24,1977,1590,3145728,,,,,,,,,,,,,,,,
,,,3276800,6.8135881423950195,19.502637577056884,0.9711849167943001,0.001,0.00268040644004941,315,0.7083084106445312,0.2,-0.00014300501788966358,12.092549997568131,8.686573028564453,0.000295281408,0.2703759,0.10416666666666667,-182.97270690456693,358.4583333333333
25,1978,1656,3276800,,,,,,,,,,,,,,,,
,,,3407872,6.965112209320068,20.44793416261673,0.9698983933776617,0.001,0.0026864937972277403,320,0.6923965454101563,0.2,-0.0008827333753288258,11.810576468706131,10.382532119750977,0.0002950848,0.46949893,0.11458333333333333,-189.90043656240974,340.4375
26,1976,1724,3407872,,,,,,,,,,,,,,,,
,,,3538944,7.997897148132324,24.223784828186034,0.9618440605700016,0.001,0.002690258203074336,325,0.6526931762695313,0.2,-0.01540303812798811,12.003744494915008,9.52590274810791,0.000294888192,0.20448074,0.0625,-194.99601277633397,349.28125
27,1978,1788,3538944,,,,,,,,,,,,,,,,
,,,3670016,7.123597621917725,20.70629984140396,0.9680106900632381,0.001,0.0026902463287115097,330,0.7001815795898437,0.2,-0.0014063194481423124,11.934141302108765,8.936394691467285,0.00029469158399999997,0.26870555,0.11458333333333333,-181.63577521004882,348.5520833333333
28,1977,1856,3670016,,,,,,,,,,,,,,,,
,,,3801088,8.174243927001953,20.050791370868684,0.9682688154280186,0.001,0.0027018494438380003,335,0.809149169921875,0.2,0.06771074252901599,11.970450866222382,9.845352172851562,0.00029449497599999997,1.1253911,0.10416666666666667,-190.8792450351268,351.3854166666667
29,1977,1922,3801088,,,,,,,,,,,,,,,,
,,,3932160,8.010065078735352,17.668168526887893,0.9721624962985516,0.001,0.0027045372407883406,340,0.7563125610351562,0.2,0.024991506358492187,11.919982159137726,8.792067527770996,0.00029429836799999996,0.65961534,0.10416666666666667,-187.02168799076378,348.9270833333333
30,1974,1991,3932160,,,,,,,,,,,,,,,,
,,,4063232,7.76971960067749,21.239295876026155,0.9702832400798798,0.001,0.002709845080971718,345,0.6972991943359375,0.2,0.009909930525464006,11.912100422382355,9.957204818725586,0.00029410175999999995,1.3393599,0.07291666666666667,-195.51702465464928,339.0729166666667
31,1973,2058,4063232,,,,,,,,,,,,,,,,
,,,4194304,8.593437194824219,21.180755770206453,0.9694032277911901,0.001,0.00271211052313447,350,0.716644287109375,0.2,0.013168288899760228,11.681861317157745,10.617680549621582,0.00029390515199999995,0.24556558,0.10416666666666667,-184.9412602706041,343.71875
32,1973,2125,4194304,,,,,,,,,,,,,,,,
,,,4325376,10.928561210632324,19.037331157922743,0.9730596635490656,0.001,0.002720068208873272,355,0.7580551147460938,0.2,0.04895364391850308,11.797859990596772,7.285759449005127,0.00029370854399999994,18.320007,0.09375,-193.91486284178484,342.9895833333333
33,1972,2192,4325376,,,,,,,,,,,,,,,,
,,,4456448,11.15261459350586,24.779147303104402,0.9626134559512138,0.001,0.002730469685047865,360,0.7572708129882812,0.2,0.03533976604812779,12.000194782018662,11.310029983520508,0.000293511936,0.35796964,0.10416666666666667,-184.25878005904738,344.71875
34,1973,2257,4456448,,,,,,,,,,,,,,,,
,,,4587520,10.06218147277832,23.510252398252486,0.9654051885008812,0.001,0.0027390061877667904,365,0.8101287841796875,0.2,0.06301922746933997,11.91865399479866,12.592062950134277,0.000293315328,2.1252842,0.13541666666666666,-180.54136600492401,344.4791666666667
35,1973,2324,4587520,,,,,,,,,,,,,,,,
,,,4718592,10.797903060913086,21.052603715658186,0.9685681313276291,0.001,0.0027435719966888428,370,0.7712936401367188,0.2,0.05660304173215991,11.835170942544938,9.857754707336426,0.00029311872,0.3427915,0.0625,-190.38794264253133,340.9791666666667
36,1973,2390,4718592,,,,,,,,,,,,,,,,
,,,4849664,10.516921997070312,20.954388231039047,0.9694020226597786,0.001,0.0027518896386027336,375,0.8097869873046875,0.2,0.05155568174523069,11.901013147830962,11.253170013427734,0.00029292211199999997,0.28207597,0.125,-183.7463230985783,339.1666666666667
37,1973,2458,4849664,,,,,,,,,,,,,,,,
,,,4980736,10.956863403320312,25.158147668838502,0.9612855613231659,0.001,0.0027529399376362562,380,0.6985992431640625,0.2,0.002990459826833103,11.849725025892258,11.670524597167969,0.00029272550399999996,0.39616066,0.052083333333333336,-198.34281399363462,361.3020833333333
38,1973,2523,4980736,,,,,,,,,,,,,,,,
,,,5111808,10.190312385559082,22.297883558273316,0.9677437134087086,0.001,0.0027573115658015013,385,0.7119735717773438,0.2,0.010805145886843092,11.758631277084351,9.744243621826172,0.00029252889599999996,0.22242597,0.11458333333333333,-181.61818326285416,337.8229166666667
39,1973,2590,5111808,,,,,,,,,,,,,,,,
,,,5242880,10.88794994354248,24.4296986579895,0.9618741944432259,0.001,0.002758599352091551,390,0.7213470458984375,0.2,0.008736314169800608,11.916350078582763,12.08586311340332,0.000292332288,0.26598608,0.0625,-185.83978611215818,355.53125
40,1972,2657,5242880,,,,,,,,,,,,,,,,
,,,5373952,11.604951858520508,22.336383664608,0.9669024720788002,0.001,0.0027682026848196983,395,0.7868667602539062,0.2,0.04256800844887039,11.928546130657196,10.061327934265137,0.00029213568,1.199566,0.09375,-187.62632257122127,354.0416666666667
41,1972,2724,5373952,,,,,,,,,,,,,,,,
,,,5505024,12.319456100463867,23.760983777046203,0.9610973820090294,0.001,0.002775283297523856,400,0.74140625,0.2,0.016504068092035595,11.878689366579056,8.59023380279541,0.000291939072,0.6679694,0.0625,-193.73928534476235,351.0104166666667
42,1972,2791,5505024,,,,,,,,,,,,,,,,
,,,5636096,12.44022274017334,24.22525911331177,0.9619048945605755,0.001,0.002783943433314562,405,0.7600082397460938,0.2,0.037867925530008506,11.84867891073227,10.992871284484863,0.000291742464,0.61654806,0.14583333333333334,-179.65327485218668,341.4791666666667
43,1971,2858,5636096,,,,,,,,,,,,,,,,
,,,5767168,10.944537162780762,22.01844209432602,0.9653912149369717,0.001,0.002790068043395877,410,0.7645797729492188,0.2,0.03031510734144831,11.897099047899246,12.722990036010742,0.000291545856,0.7117099,0.08333333333333333,-193.2975566929789,346.21875
44,1970,2927,5767168,,,,,,,,,,,,,,,,
,,,5898240,12.791518211364746,24.587379968166353,0.9595842473208904,0.001,0.0027959353756159544,415,0.6924819946289062,0.2,0.006675089974305592,11.802424591779708,11.252167701721191,0.000291349248,0.37560531,0.09375,-184.86781226954608,351.78125
45,1969,2994,5898240,,,,,,,,,,,,,,,,
,,,6029312,11.910314559936523,25.138296556472778,0.9592888243496418,0.001,0.0027928915806114674,420,0.66292724609375,0.2,-0.0052554674264683856,11.756970518827439,13.57155990600586,0.00029115263999999997,0.412645,0.09375,-188.9046058063105,341.0416666666667
46,1969,3061,6029312,,,,,,,,,,,,,,,,
,,,6160384,12.534368515014648,21.072975897789,0.9678358845412731,0.001,0.0027922652661800385,425,0.6867568969726563,0.2,0.007905171757738572,11.885285943746567,9.504242897033691,0.00029095603199999996,0.71597475,0.14583333333333334,-182.89121401333205,334.7604166666667
47,1969,3127,6160384,,,,,,,,,,,,,,,,
,,,6291456,13.233763694763184,18.142434424161912,0.9699838999658823,0.001,0.0028005712665617466,430,0.7471954345703125,0.2,0.018080007162643595,11.915016758441926,8.380090713500977,0.00029075942399999996,0.6220567,0.07291666666666667,-184.08117793495123,358.375
48,1969,3194,6291456,,,,,,,,,,,,,,,,
,,,6422528,12.040092468261719,17.543695634603502,0.9716196674853563,0.001,0.0028067021630704403,435,0.6925094604492188,0.2,0.018191902554826812,11.87979969382286,6.350581645965576,0.00029056281599999995,0.17749998,0.09375,-186.41007196480356,352.1979166666667
49,1969,3261,6422528,,,,,,,,,,,,,,,,
,,,6553600,23.489255905151367,18.117203217744827,0.9687586110085249,0.001,0.0028137443587183952,440,0.7461212158203125,0.2,0.04450967612065142,11.834878516197204,10.099365234375,0.00029036620799999995,42.74694,0.03125,-204.01404572365826,338.3645833333333
50,1968,3328,6553600,,,,,,,,,,,,,,,,
,,,6684672,23.737075805664062,39.03408018350601,0.917244978249073,0.001,0.002814672654494643,445,0.6431121826171875,0.2,-0.017069218786491546,11.618362832069398,17.478954315185547,0.0002901696,0.34640828,0.052083333333333336,-205.4761652302628,318.1145833333333
51,1968,3395,6684672,,,,,,,,,,,,,,,,
,,,6815744,23.431167602539062,33.14180575609207,0.9352762848138809,0.001,0.002815218409523368,450,0.6839645385742188,0.2,-0.00813130232563708,11.649222683906554,14.41122055053711,0.000289972992,0.32730764,0.08333333333333333,-196.5322738089983,339.0104166666667
52,1968,3461,6815744,,,,,,,,,,,,,,,,
,,,6946816,22.824493408203125,29.853536903858185,0.9479775652289391,0.001,0.002817715983837843,455,0.6345458984375,0.2,-0.004390019913262222,11.509215933084487,10.89073657989502,0.000289776384,0.36985224,0.11458333333333333,-192.09801838729595,327.9583333333333
53,1968,3528,6946816,,,,,,,,,,,,,,,,
,,,7077888,22.320602416992188,25.613030588626863,0.9529212862253189,0.001,0.002823262009769678,460,0.6754867553710937,0.2,0.0002747526261373423,11.563857072591782,10.692859649658203,0.000289579776,0.8636173,0.041666666666666664,-200.67062410615617,344.5833333333333
54,1968,3595,7077888,,,,,,,,,,,,,,,,
,,,7208960,24.3175106048584,26.93352093696594,0.9496223665773869,0.001,0.0028358749113976955,465,0.78009033203125,0.2,0.040313867747318,11.57148990035057,13.840861320495605,0.00028938316799999997,11.876126,0.08333333333333333,-189.1096414020113,343.1145833333333
55,1968,3662,7208960,,,,,,,,,,,,,,,,
,,,7340032,22.441421508789062,25.126698088645934,0.9537272900342941,0.001,0.002845949027687311,470,0.8399459838867187,0.2,0.08115469735930674,11.550921601057052,11.12447452545166,0.00028918655999999996,2.29211,0.0625,-193.7401975841387,358.0416666666667
56,1968,3728,7340032,,,,,,,,,,,,,,,,
,,,7471104,24.566360473632812,20.60196197628975,0.9583927318453789,0.001,0.002860912587493658,475,0.7773681640625,0.2,0.03009935978698195,11.79058330655098,10.011959075927734,0.00028898995199999996,0.5986101,0.0625,-189.6110595273716,363.4791666666667
57,1968,3795,7471104,,,,,,,,,,,,,,,,
,,,7602176,22.582067489624023,20.82625507712364,0.9570450186729431,0.001,0.0028756936080753803,480,0.73970947265625,0.2,0.016125720785930754,11.867159456014633,7.294406890869141,0.000288793344,0.80430704,0.13541666666666666,-185.47072655670073,348.09375
58,1968,3861,7602176,,,,,,,,,,,,,,,,
,,,7733248,22.974620819091797,19.611600238084794,0.9574970975518227,0.001,0.0028886906802654266,485,0.7807998657226562,0.2,0.02772496361794765,11.73804475069046,9.513530731201172,0.000288596736,1.0061343,0.09375,-188.02895352470878,351.84375
59,1968,3929,7733248,,,,,,,,,,,,,,,,
,,,7864320,21.51886749267578,22.21724818944931,0.9572164490818977,0.001,0.002896041376516223,490,0.6751480102539062,0.2,-0.004164988645061385,11.735257089138031,9.311891555786133,0.000288400128,0.24346343,0.09375,-183.4560099396057,359.6145833333333
60,1967,3996,7864320,,,,,,,,,,,,,,,,
,,,7995392,20.907913208007812,20.592516714334486,0.9583946913480759,0.001,0.0029086170252412558,495,0.7603424072265625,0.2,-0.0005229226575465873,11.662633281946182,8.890218734741211,0.00028820352,0.5292192,0.13541666666666666,-180.23310268829596,340.71875
61,1967,4063,7995392,,,,,,,,,,,,,,,,
,,,8126464,20.951648712158203,20.147771960496904,0.9619291089475155,0.001,0.0029145923908799887,500,0.6814956665039062,0.2,-0.016744327686319595,11.72771122455597,8.685330390930176,0.000288006912,0.20379657,0.13541666666666666,-178.7107826972851,337.53125
62,1967,4131,8126464,,,,,,,,,,,,,,,,
,,,8257536,17.935537338256836,23.71271723508835,0.9542632512748241,0.001,0.002920792205259204,505,0.6778472900390625,0.2,-0.009701927117566811,11.705171221494675,10.581642150878906,0.000287810304,0.19878508,0.11458333333333333,-188.6755943241726,344.7708333333333
63,1967,4197,8257536,,,,,,,,,,,,,,,,
,,,8388608,18.195777893066406,23.339298939704896,0.9588154666125774,0.001,0.002918154001235962,510,0.6641738891601563,0.2,-0.008860702316451353,11.66991201043129,11.191692352294922,0.00028761369599999997,0.24671496,0.08333333333333333,-194.5339392927183,345.0
64,1967,4264,8388608,,,,,,,,,,,,,,,,
,,,8519680,16.716703414916992,23.94180396795273,0.9580619111657143,0.001,0.0029151428025215864,515,0.6569992065429687,0.2,-0.012260168166540098,11.60935382246971,10.922155380249023,0.00028741708799999996,0.7095692,0.09375,-183.64587336164712,346.1770833333333
65,1967,4331,8519680,,,,,,,,,,,,,,,,
,,,8650752,19.444599151611328,19.31003194451332,0.9675275534391403,0.001,0.002926493762061,520,0.7150146484375,0.2,0.007279520962038077,11.579202485084533,7.930306911468506,0.00028722047999999996,0.59450346,0.08333333333333333,-191.339473810901,351.7291666666667
66,1966,4398,8650752,,,,,,,,,,,,,,,,
,,,8781824,20.33353042602539,18.073399060964583,0.970048114657402,0.001,0.0029340838082134724,525,0.661383056640625,0.2,-0.004717207565408899,11.58191333413124,8.901912689208984,0.00028702387199999995,0.274117,0.125,-180.62040429571584,348.8541666666667
67,1966,4466,8781824,,,,,,,,,,,,,,,,
,,,8912896,18.04265594482422,17.501706993579866,0.9700058232992887,0.001,0.0029475137125700712,530,0.7313461303710938,0.2,0.012103661174478475,11.602785497903824,9.281651496887207,0.00028682726399999994,0.7597839,0.07291666666666667,-193.348804484741,344.1458333333333
68,1965,4533,8912896,,,,,,,,,,,,,,,,
,,,9043968,17.72093963623047,21.000033342838286,0.9636450409889221,0.001,0.0029548238962888718,535,0.6651763916015625,0.2,-0.012135280718212016,11.584096831083297,8.904792785644531,0.000286630656,0.26172307,0.11458333333333333,-191.11875652994868,347.9166666666667
69,1965,4601,9043968,,,,,,,,,,,,,,,,
,,,9175040,18.578296661376953,19.659281152486802,0.9654324054718018,0.001,0.002953236922621727,540,0.6267486572265625,0.2,-0.018430860766238767,11.548664969205856,8.471393585205078,0.000286434048,0.1540412,0.11458333333333333,-176.1087051129891,348.0625
70,1965,4668,9175040,,,,,,,,,,,,,,,,
,,,9306112,19.659717559814453,18.367866265773774,0.96892842464149,0.001,0.00296196062117815,545,0.6535781860351563,0.2,-0.0015426873695105314,11.555430644750595,8.038505554199219,0.00028623744,0.7588997,0.09375,-186.30063627237755,343.7604166666667
71,1964,4736,9306112,,,,,,,,,,,,,,,,
,,,9437184,17.484045028686523,19.617925119400024,0.9689348712563515,0.001,0.002966519445180893,550,0.631573486328125,0.2,-0.013444937226449839,11.411194682121277,8.684443473815918,0.000286040832,0.14979014,0.10416666666666667,-185.35830390985043,340.4479166666667
72,1964,4803,9437184,,,,,,,,,,,,,,,,
,,,9568256,15.984560012817383,20.210622411966323,0.968580100685358,0.001,0.0029697110876441,555,0.6962051391601562,0.2,-0.002555006882175803,11.41747784614563,8.38303279876709,0.00028584422399999997,0.3515081,0.052083333333333336,-195.3157935431077,366.1875
73,1964,4871,9568256,,,,,,,,,,,,,,,,
,,,9699328,18.33596420288086,19.65377350449562,0.9701909329742193,0.001,0.002972380956634879,560,0.6511825561523438,0.2,-0.002310946106445044,11.433199965953827,8.327760696411133,0.00028564761599999996,0.1226966,0.03125,-199.816620932216,364.5208333333333
74,1963,4938,9699328,,,,,,,,,,,,,,,,
,,,9830400,18.90277671813965,20.393326234817504,0.967397652566433,0.001,0.002972429385408759,565,0.641668701171875,0.2,-0.008364030907978303,11.470602291822434,8.082616806030273,0.00028545100799999996,0.34462142,0.052083333333333336,-189.46419829139919,348.9791666666667
75,1963,5006,9830400,,,,,,,,,,,,,,,,
,,,9961472,19.16777801513672,18.16321823000908,0.9731154628098011,0.001,0.002978901844471693,570,0.6767593383789062,0.2,0.011602246195980114,11.572425329685212,7.564099311828613,0.0002852544,0.9271077,0.08333333333333333,-187.29398820540496,338.5416666666667
76,1963,5074,9961472,,,,,,,,,,,,,,,,
,,,10092544,20.271440505981445,17.104427337646484,0.9715782906860113,0.001,0.002986131003126502,575,0.7113250732421875,0.2,0.0075282448378857225,11.52510063648224,10.01154613494873,0.000285057792,0.5233504,0.09375,-190.525168206948,347.0416666666667
77,1963,5141,10092544,,,,,,,,,,,,,,,,
,,,10223616,17.96780014038086,21.993523705005646,0.9632613025605679,0.001,0.002992207184433937,580,0.6840194702148438,0.2,0.0069594291562680155,11.446383041143417,10.818906784057617,0.000284861184,0.14580476,0.07291666666666667,-192.920154214989,345.46875
78,1962,5209,10223616,,,,,,,,,,,,,,,,
,,,10354688,15.82786750793457,20.84471387863159,0.9645462296903133,0.001,0.0030120264273136854,585,0.8351852416992187,0.2,0.061731626139953734,11.383760297298432,10.866348266601562,0.000284664576,0.77689385,0.16666666666666666,-177.35264310308835,337.0416666666667
79,1962,5276,10354688,,,,,,,,,,,,,,,,
,,,10485760,16.31622886657715,19.07625202536583,0.9656262099742889,0.001,0.0030154413543641567,590,0.6448455810546875,0.2,-0.012254299345659091,11.465076684951782,10.553019523620605,0.000284467968,0.14373013,0.052083333333333336,-193.07100040416472,357.6770833333333
80,1961,5344,10485760,,,,,,,,,,,,,,,,
,,,10616832,15.935481071472168,19.838376516103743,0.9656695388257504,0.001,0.0030219722539186478,595,0.66883544921875,0.2,-0.0021828573248058093,11.428595864772797,11.330757141113281,0.00028427136,0.23386163,0.0625,-185.82967844173024,354.9166666666667
81,1961,5412,10616832,,,,,,,,,,,,,,,,
,,,10747904,18.08531951904297,16.676733440160753,0.9673303514719009,0.001,0.0030338438227772713,600,0.7233474731445313,0.2,0.024929333066393156,11.366461771726609,7.566045761108398,0.00028407475199999997,0.41288477,0.11458333333333333,-180.25785244853628,336.0104166666667
82,1961,5480,10747904,,,,,,,,,,,,,,,,
,,,10878976,15.393770217895508,20.763239121437074,0.9664093069732189,0.001,0.0030313783790916204,605,0.6884811401367188,0.2,0.007598672115273075,11.351188558340073,10.705501556396484,0.00028387814399999996,0.32436448,0.08333333333333333,-189.6028527432455,346.65625
83,1960,5548,10878976,,,,,,,,,,,,,,,,
,,,11010048,14.954585075378418,20.017185485363008,0.9671622440218925,0.001,0.0030371611937880516,610,0.6373687744140625,0.2,-0.013838290712010348,11.295209246873856,7.3156633377075195,0.00028368153599999996,0.22124842,0.125,-180.31262791886454,350.0208333333333
84,1960,5615,11010048,,,,,,,,,,,,,,,,
,,,11141120,15.432727813720703,20.592039132118224,0.9656769260764122,0.001,0.003035506932064891,615,0.5641647338867187,0.2,-0.025549403623153923,11.35586149096489,9.614913940429688,0.00028348492799999995,0.13275996,0.08333333333333333,-189.92094993664577,347.9270833333333
85,1960,5683,11141120,,,,,,,,,,,,,,,,
,,,11272192,15.008316040039062,18.241682308912278,0.9715600647032261,0.001,0.003035695292055607,620,0.6671371459960938,0.2,-0.0020530920126475396,11.20538302063942,7.0604939460754395,0.00028328831999999994,0.18703255,0.10416666666666667,-182.11562138787053,343.0833333333333
86,1959,5751,11272192,,,,,,,,,,,,,,,,
,,,11403264,15.788732528686523,19.31577354669571,0.9702796954661608,0.001,0.00304233911447227,625,0.706732177734375,0.2,0.015619487683579791,11.365926086902618,7.517993450164795,0.000283091712,0.4969428,0.10416666666666667,-192.98757844642577,337.9166666666667
87,1959,5818,11403264,,,,,,,,,,,,,,,,
,,,11534336,15.797266006469727,19.52043362855911,0.9688476361334324,0.001,0.0030563650652766228,630,0.6568344116210938,0.2,-0.004404317156149773,11.299994587898254,10.0447416305542,0.000282895104,0.2884027,0.09375,-179.8757540337585,348.5
88,1959,5886,11534336,,,,,,,,,,,,,,,,
,,,11665408,14.903848648071289,18.956828606128692,0.9702973980456591,0.001,0.0030547953210771084,635,0.5559646606445312,0.2,-0.022165212723484727,11.202549827098846,7.34850549697876,0.000282698496,0.2512139,0.0625,-199.78835852796195,344.1875
89,1958,5954,11665408,,,,,,,,,,,,,,,,
,,,11796480,16.073062896728516,20.92743676304817,0.9663756191730499,0.001,0.003058845177292824,640,0.620721435546875,0.2,-0.006934444341459312,11.189838880300522,8.532041549682617,0.000282501888,0.21774963,0.14583333333333334,-176.45015985444164,342.9791666666667
90,1958,6022,11796480,,,,,,,,,,,,,,,,
,,,11927552,15.472582817077637,18.94905052781105,0.9699242636561394,0.001,0.0030639474280178547,645,0.6441116333007812,0.2,-0.007069141609827056,11.225799012184144,6.201058864593506,0.00028230527999999997,0.1571059,0.052083333333333336,-194.53453869128188,367.4895833333333
91,1958,6090,11927552,,,,,,,,,,,,,,,,
,,,12058624,14.138845443725586,23.5485639333725,0.9648450762033463,0.001,0.0030689178965985775,650,0.5613906860351563,0.2,-0.017767405313497873,11.190914505720139,10.313226699829102,0.00028210867199999996,0.11919649,0.03125,-193.76850664032293,350.4270833333333
92,1958,6158,12058624,,,,,,,,,,,,,,,,
,,,12189696,15.607452392578125,21.227448934316634,0.9656676538288593,0.001,0.0030764522962272167,655,0.6138565063476562,0.2,-0.008936747124971589,11.222553998231888,10.861184120178223,0.00028191206399999995,0.27362135,0.08333333333333333,-189.1279501424713,342.4166666666667
93,1957,6226,12189696,,,,,,,,,,,,,,,,
,,,12320768,14.739100456237793,18.802501714229585,0.9689959157258272,0.001,0.003079316345974803,660,0.6721115112304688,0.2,0.0021180571638979018,11.187743151187897,8.63908863067627,0.000281715456,0.3940376,0.041666666666666664,-186.2301619339821,364.9583333333333
94,1957,6294,12320768,,,,,,,,,,,,,,,,
,,,12451840,14.50311279296875,21.785260879993437,0.9704852141439915,0.001,0.0030832416377961636,665,0.6105926513671875,0.2,-0.011068758722103667,11.21517688035965,10.12745475769043,0.000281518848,0.21948528,0.08333333333333333,-185.6074072458595,350.7291666666667
95,1957,6361,12451840,,,,,,,,,,,,,,,,
,,,12582912,15.650351524353027,23.511059761047363,0.9604519084095955,0.001,0.003086243523284793,670,0.6379806518554687,0.2,-0.007413947368331719,11.285188561677932,9.427648544311523,0.00028132224,0.16615245,0.09375,-184.9411694376886,328.25
96,1957,6429,12582912,,,,,,,,,,,,,,,,
,,,12713984,15.483028411865234,23.566464841365814,0.9582924470305443,0.001,0.00309155136346817,675,0.602593994140625,0.2,-0.016943769354838878,11.228555589914322,10.211969375610352,0.000281125632,0.10925284,0.125,-190.2524446872932,336.0833333333333
97,1956,6496,12713984,,,,,,,,,,,,,,,,
,,,12845056,15.598123550415039,20.52657304406166,0.9698240291327238,0.001,0.0031026583164930344,680,0.6395233154296875,0.2,-0.002690488789812662,11.043854588270188,8.813077926635742,0.000280929024,0.13229683,0.052083333333333336,-196.6945213774311,342.2604166666667
98,1956,6564,12845056,,,,,,,,,,,,,,,,
,,,12976128,16.177949905395508,21.42839878797531,0.9662509486079216,0.001,0.003115501254796982,685,0.712451171875,0.2,0.012731806797819444,11.169080871343613,8.039430618286133,0.00028073241599999997,0.6418128,0.11458333333333333,-185.30277795099764,338.9479166666667
99,1956,6632,12976128,,,,,,,,,,,,,,,,
,,,13107200,15.682281494140625,24.387659323215484,0.9615279324352741,0.001,0.0031190230511128902,690,0.6241867065429687,0.2,-0.016010045461007393,11.201270127296448,11.121574401855469,0.00028053580799999997,0.14423466,0.08333333333333333,-192.17301117526756,343.40625
100,1956,6700,13107200,,,,,,,,,,,,,,,,
,,,13238272,15.273009300231934,23.01124300956726,0.9631250239908695,0.001,0.0031224670819938183,695,0.6621261596679687,0.2,-0.005027405080909375,11.251264661550522,9.801918983459473,0.00028033919999999996,0.1462684,0.08333333333333333,-182.88452741069523,364.5416666666667
101,1955,6769,13238272,,,,,,,,,,,,,,,,
,,,13369344,14.61275863647461,19.67522332072258,0.9653569422662258,0.001,0.0031382814049720764,700,0.7393051147460937,0.2,0.016607904927514027,11.160335922241211,10.60615348815918,0.00028014259199999995,0.65732574,0.08333333333333333,-195.72941245607512,332.5
102,1955,6836,13369344,,,,,,,,,,,,,,,,
,,,13500416,15.78177261352539,19.286107265949248,0.9685456305742264,0.001,0.0031418800354003906,705,0.5972885131835938,0.2,-0.01968364484710037,11.087168526649474,7.117098808288574,0.00027994598399999995,0.12437593,0.13541666666666666,-176.70440649671468,341.2083333333333
103,1955,6904,13500416,,,,,,,,,,,,,,,,
,,,13631488,15.733633041381836,19.733647733926773,0.9715334121137857,0.001,0.0031581211369484663,710,0.6824905395507812,0.2,0.011142203135386807,11.233871883153915,8.758827209472656,0.000279749376,0.84266114,0.052083333333333336,-186.72875965692728,364.2604166666667
104,1955,6972,13631488,,,,,,,,,,,,,,,,
,,,13762560,15.126882553100586,22.024090784788132,0.9633254855871201,0.001,0.0031734216026961803,715,0.7176681518554687,0.2,0.005751580533251399,11.143236082792281,9.647360801696777,0.000279552768,0.3463042,0.08333333333333333,-187.51877880158565,347.9479166666667
105,1954,7040,13762560,,,,,,,,,,,,,,,,
,,,13893632,16.495906829833984,19.42843900322914,0.9690150711685419,0.001,0.00317343114875257,720,0.6348678588867187,0.2,-0.012480698400031543,11.092556643486024,7.543654441833496,0.00027935616,0.34090638,0.09375,-179.6329450832603,337.2083333333333
106,1954,7108,13893632,,,,,,,,,,,,,,,,
,,,14024704,15.123390197753906,17.654637545347214,0.9716600310057402,0.001,0.0031850398518145084,725,0.6437637329101562,0.2,-0.013332065852591769,11.089758932590485,7.864609718322754,0.000279159552,0.14206737,0.08333333333333333,-180.94669105585015,363.1041666666667
107,1954,7176,14024704,,,,,,,,,,,,,,,,
,,,14155776,16.44998550415039,18.034840738773347,0.9723474141210318,0.001,0.0031816938426345587,730,0.5619461059570312,0.2,-0.025004506623372436,11.08135066628456,8.169859886169434,0.00027896294399999997,0.14647715,0.08333333333333333,-190.098177169435,349.4479166666667
108,1954,7244,14155776,,,,,,,,,,,,,,,,
,,,14286848,16.402725219726562,16.796041774749757,0.974065512418747,0.001,0.0031945970840752125,735,0.6579177856445313,0.2,-0.012887654561200178,11.163198190927506,8.030165672302246,0.00027876633599999997,0.22880411,0.13541666666666666,-173.27143468753889,352.96875
109,1953,7312,14286848,,,,,,,,,,,,,,,,
,,,14417920,15.835805892944336,17.219734638929367,0.971827944740653,0.001,0.0032016332261264324,740,0.6450546264648438,0.2,-0.004259190370794386,11.139630889892578,7.161287784576416,0.00027856972799999996,0.18764433,0.09375,-186.07900319870967,361.9166666666667
110,1953,7380,14417920,,,,,,,,,,,,,,,,
,,,14548992,16.213274002075195,18.186908274888992,0.9686760827898979,0.001,0.0032083047553896904,745,0.607537841796875,0.2,-0.011277480135322548,11.103269475698472,7.9199442863464355,0.00027837312,0.11391801,0.09375,-192.11775099327951,353.6145833333333
111,1953,7447,14548992,,,,,,,,,,,,,,,,
,,,14680064,16.626436233520508,16.750289571285247,0.9726515337824821,0.001,0.0032055992633104324,750,0.59896240234375,0.2,-0.011324169987346977,11.06257700920105,9.029644966125488,0.000278176512,0.33706594,0.10416666666666667,-182.37526120319959,347.28125
112,1953,7515,14680064,,,,,,,,,,,,,,,,
,,,14811136,17.107070922851562,17.13111305832863,0.9723570682108402,0.001,0.0032122626435011625,755,0.5544692993164062,0.2,-0.02336423059896333,11.162556970119477,6.7781243324279785,0.000277979904,0.13086396,0.052083333333333336,-194.37739632913045,360.6041666666667
113,1953,7583,14811136,,,,,,,,,,,,,,,,
,,,14942208,15.962287902832031,18.693240410089494,0.9724442232400179,0.001,0.0032171725761145353,760,0.5382736206054688,0.2,-0.02054446869151434,10.998259830474854,11.290268898010254,0.000277783296,0.081752226,0.11458333333333333,-195.60541808693324,349.0
114,1952,7651,14942208,,,,,,,,,,,,,,,,
,,,15073280,17.09945297241211,16.276352947950365,0.9748817831277847,0.001,0.0032215926330536604,765,0.617620849609375,0.2,-0.017334249580017058,10.987728291749955,9.430094718933105,0.000277586688,0.15067533,0.13541666666666666,-180.74470894595012,335.0208333333333
115,1952,7719,15073280,,,,,,,,,,,,,,,,
,,,15204352,15.257364273071289,18.147861552238464,0.9703504908829927,0.001,0.0032181190326809883,770,0.5919158935546875,0.2,-0.016927480208687486,11.009200865030289,6.4959001541137695,0.00027739008,0.11195785,0.125,-184.24057803046472,334.65625
116,1952,7786,15204352,,,,,,,,,,,,,,,,
,,,15335424,16.392858505249023,20.349579453468323,0.967784408479929,0.001,0.003220929531380534,775,0.557952880859375,0.2,-0.021817214754992164,10.994820654392242,11.510478019714355,0.00027719347199999997,0.12593812,0.11458333333333333,-180.7645463573617,333.9791666666667
117,1952,7854,15335424,,,,,,,,,,,,,,,,
,,,15466496,15.080362319946289,17.689942294359206,0.969636794179678,0.001,0.003218274097889662,780,0.60430908203125,0.2,-0.010832754900911823,11.033370739221573,7.151906490325928,0.00027699686399999997,0.2078768,0.11458333333333333,-179.41395761866048,346.1041666666667
118,1952,7922,15466496,,,,,,,,,,,,,,,,
,,,15597568,15.732046127319336,21.534137225151063,0.9619436338543892,0.001,0.0032190163619816303,785,0.5716140747070313,0.2,-0.02021201761745033,11.063396674394607,8.783851623535156,0.00027680025599999996,0.14423512,0.07291666666666667,-188.42371554431224,357.3645833333333
119,1951,7990,15597568,,,,,,,,,,,,,,,,
,,,15728640,15.759336471557617,14.237366962432862,0.9767461325973272,0.001,0.003236974123865366,790,0.72322998046875,0.2,0.0332937386498088,10.978748285770417,5.9140424728393555,0.00027660364799999995,0.16104196,0.09375,-178.49124541835147,357.96875
120,1951,8059,15728640,,,,,,,,,,,,,,,,
,,,15859712,14.751258850097656,18.98955082297325,0.969267787411809,0.001,0.0032309978269040585,795,0.5980606079101562,0.2,-0.015370943977904972,10.974096876382827,10.71674919128418,0.00027640703999999995,0.22698334,0.09375,-184.08088065480248,343.125
121,1951,8127,15859712,,,,,,,,,,,,,,,,
,,,15990784,16.37105369567871,16.152078294754027,0.9728475213050842,0.001,0.0032323417253792286,800,0.5479843139648437,0.2,-0.019763410922314505,10.926647275686264,7.495103359222412,0.000276210432,0.12990439,0.052083333333333336,-197.74259405324582,357.5625
122,1951,8195,15990784,,,,,,,,,,,,,,,,
,,,16121856,17.002988815307617,17.828411722183226,0.9712530896067619,0.001,0.003231003414839506,805,0.47249908447265626,0.2,-0.02995939595712116,10.752188020944596,9.611085891723633,0.000276013824,0.07008019,0.11458333333333333,-176.89654467132974,350.3229166666667
123,1950,8264,16121856,,,,,,,,,,,,,,,,
,,,16252928,16.16073226928711,18.552611446380617,0.9672120735049248,0.001,0.003235338255763054,810,0.6041015625,0.2,-0.017149852169677616,10.952242249250412,7.502353668212891,0.000275817216,0.18662077,0.0625,-197.13822132910323,363.03125
124,1950,8332,16252928,,,,,,,,,,,,,,,,
,,,16384000,18.517942428588867,17.542760765552522,0.969979103654623,0.001,0.0032425369136035442,815,0.61527099609375,0.2,-0.01363295208720956,10.915924710035323,8.302560806274414,0.000275620608,0.16369426,0.14583333333333334,-165.49209790889356,332.375
125,1950,8400,16384000,,,,,,,,,,,,,,,,
,,,16515072,19.99280548095703,15.694574743509293,0.9721543081104755,0.001,0.0032349959947168827,820,0.527691650390625,0.2,-0.02756895672355313,10.94697539806366,7.588310718536377,0.00027542399999999997,0.093832724,0.052083333333333336,-184.32347796426723,360.0416666666667
126,1950,8468,16515072,,,,,,,,,,,,,,,,
,,,16646144,17.735797882080078,19.652199977636336,0.9660924002528191,0.001,0.003234227653592825,825,0.533282470703125,0.2,-0.024617340617987794,10.887973719835282,6.932271957397461,0.00027522739199999996,0.15989128,0.052083333333333336,-187.2573790212472,362.21875
127,1949,8537,16646144,,,,,,,,,,,,,,,,
,,,16777216,18.783185958862305,22.18164231777191,0.9608557783067226,0.001,0.0032380949705839157,830,0.6059646606445312,0.2,-0.013169352276599966,10.928641152381896,8.402454376220703,0.00027503078399999996,0.17192692,0.09375,-180.42499695272872,349.1979166666667
128,1949,8605,16777216,,,,,,,,,,,,,,,,
,,,16908288,18.05648422241211,18.168703973293304,0.9655966013669968,0.001,0.0032500065863132477,835,0.6626571655273438,0.2,-0.002143348795652855,10.858496791124344,7.711467742919922,0.000274834176,0.24946845,0.041666666666666664,-184.03124702749423,363.34375
129,1949,8673,16908288,,,,,,,,,,,,,,,,
,,,17039360,19.44319725036621,18.04106201529503,0.9680461324751377,0.001,0.003256438998505473,840,0.6405502319335937,0.2,-0.0012375467849778943,10.82814981341362,6.611355781555176,0.000274637568,0.15024704,0.09375,-185.4668285399558,355.71875
130,1949,8742,17039360,,,,,,,,,,,,,,,,
,,,17170432,17.161405563354492,18.869526904821395,0.9667703397572041,0.001,0.003254889277741313,845,0.5758956909179688,0.2,-0.023800631632911972,10.902161943912507,8.183999061584473,0.00027444096,0.1132377,0.08333333333333333,-189.9879453993996,363.21875
131,1948,8810,17170432,,,,,,,,,,,,,,,,
,,,17301504,20.32560157775879,19.48987159729004,0.9632037058472633,0.001,0.0032581286504864693,850,0.5370269775390625,0.2,-0.026931289085769094,10.916783636808395,8.649985313415527,0.000274244352,0.08721101,0.13541666666666666,-176.877594594354,359.6666666666667
132,1949,8876,17301504,,,,,,,,,,,,,,,,
,,,17432576,20.24352264404297,18.884836393594743,0.9684600122272968,0.001,0.003251278307288885,855,0.5869796752929688,0.2,-0.01892757562600309,10.897780060768127,9.515466690063477,0.000274047744,0.12678957,0.0625,-182.76260695849479,368.9375
133,1949,8943,17432576,,,,,,,,,,,,,,,,
,,,17563648,20.856983184814453,19.855984270572662,0.9671455286443233,0.001,0.003248424269258976,860,0.5374313354492187,0.2,-0.0267364107647154,10.825869852304459,8.03176498413086,0.000273851136,0.12936692,0.10416666666666667,-181.64152492808967,347.0208333333333
134,1949,9010,17563648,,,,,,,,,,,,,,,,
,,,17694720,20.79788589477539,17.006514436006547,0.9697128552943468,0.001,0.003272745292633772,865,0.6457366943359375,0.2,-0.005210004316177219,10.885674107074738,8.690528869628906,0.00027365452799999997,0.18433985,0.11458333333333333,-179.94607250335557,346.8125
135,1949,9077,17694720,,,,,,,,,,,,,,,,
,,,17825792,16.77051544189453,15.894556891918182,0.9730770606547594,0.001,0.0032775187864899635,870,0.613140869140625,0.2,-0.015869240649044512,10.837856578826905,8.029593467712402,0.00027345791999999996,0.25257942,0.09375,-182.16814198613315,360.5208333333333
136,1949,9144,17825792,,,,,,,,,,,,,,,,
,,,17956864,18.905681610107422,20.599869114160537,0.9624500423669815,0.001,0.0032802678178995848,875,0.5840438842773438,0.2,-0.019994037291326094,10.823240810632706,7.206460475921631,0.00027326131199999996,0.09969519,0.09375,-177.69254459665248,352.5416666666667
137,1949,9210,17956864,,,,,,,,,,,,,,,,
,,,18087936,19.32164764404297,16.35721523165703,0.9731888379901648,0.001,0.0032944632694125175,880,0.557073974609375,0.2,-0.023479840951040387,10.838507622480392,7.4087371826171875,0.00027306470399999995,0.12654419,0.052083333333333336,-186.4647111481387,363.40625
138,1949,9278,18087936,,,,,,,,,,,,,,,,
,,,18219008,19.341590881347656,18.352348619699477,0.9684340357780457,0.001,0.0032998453825712204,885,0.5800552368164062,0.2,-0.022074215501197612,10.878543657064437,9.777521133422852,0.00027286809599999995,0.10442346,0.10416666666666667,-180.8114177809491,347.7083333333333
139,1949,9345,18219008,,,,,,,,,,,,,,,,
,,,18350080,19.125732421875,15.915926909446716,0.9732518997043371,0.001,0.003296102164313197,890,0.5825424194335938,0.2,-0.01770612015534425,10.81983267068863,7.0638556480407715,0.000272671488,0.08456523,0.08333333333333333,-178.76569223908555,359.15625
140,1949,9412,18350080,,,,,,,,,,,,,,,,
,,,18481152,20.16004753112793,15.784931075572967,0.9728326629847288,0.001,0.0032981212716549635,895,0.6379653930664062,0.2,4.808545709238388e-05,10.826189082860946,6.162148952484131,0.00027247488,0.16912705,0.10416666666666667,-174.20084058664725,358.8229166666667
141,1949,9480,18481152,,,,,,,,,,,,,,,,
,,,18612224,16.97601318359375,18.969054186344145,0.9663097448647022,0.001,0.003291600849479437,900,0.5632675170898438,0.2,-0.02343858804379124,10.774143266677857,6.874696731567383,0.000272278272,0.1262022,0.09375,-183.41175426414136,347.7916666666667
142,1949,9546,18612224,,,,,,,,,,,,,,,,
,,,18743296,17.992088317871094,20.087161600589752,0.9640306048095226,0.001,0.0032967885490506887,905,0.5368301391601562,0.2,-0.023221163990092462,10.757655876874924,9.502754211425781,0.000272081664,0.12464724,0.07291666666666667,-189.54130033558826,355.1041666666667
143,1949,9614,18743296,,,,,,,,,,,,,,,,
,,,18874368,15.10004711151123,16.923415625095366,0.9662899598479271,0.001,0.003302949480712414,910,0.5618438720703125,0.2,-0.026876539553632027,10.80465388894081,7.026578903198242,0.00027188505599999997,0.12853305,0.10416666666666667,-179.9954066792956,341.5208333333333
144,1949,9680,18874368,,,,,,,,,,,,,,,,
,,,19005440,17.26015853881836,16.855563801527023,0.9679391048848629,0.001,0.0032968036830425262,915,0.5558273315429687,0.2,-0.02433109125267947,10.782303565740586,7.08955717086792,0.00027168844799999996,0.10821889,0.08333333333333333,-183.44718006419035,370.7395833333333
145,1949,9748,19005440,,,,,,,,,,,,,,,,
,,,19136512,16.099807739257812,19.921297979354858,0.9628129713237286,0.001,0.0032978251110762358,920,0.5595199584960937,0.2,-0.024312656084657647,10.799020463228226,8.881718635559082,0.00027149183999999996,0.13062805,0.13541666666666666,-173.77208287931163,348.5208333333333
146,1949,9814,19136512,,,,,,,,,,,,,,,,
,,,19267584,15.592730522155762,18.37096894979477,0.965703446418047,0.001,0.0032998905517160892,925,0.5845626831054688,0.2,-0.019505041500815425,10.801001250743866,7.053787708282471,0.000271295232,0.15679121,0.08333333333333333,-184.72764489874112,354.1666666666667
147,1949,9881,19267584,,,,,,,,,,,,,,,,
,,,19398656,16.012451171875,19.735137629508973,0.9668302722275257,0.001,0.003299723146483302,930,0.5759979248046875,0.2,-0.0211643360889866,10.718215906620026,8.038745880126953,0.000271098624,0.1260157,0.08333333333333333,-180.87189676232654,354.3645833333333
148,1949,9948,19398656,,,,,,,,,,,,,,,,
,,,19529728,15.109334945678711,18.321761280298233,0.9676383882761002,0.001,0.0033114159014075994,935,0.6363204956054688,0.2,-0.017421608150471002,10.760275518894195,8.468828201293945,0.000270902016,0.19380727,0.13541666666666666,-180.08522959255515,346.75
149,1950,10014,19529728,,,,,,,,,,,,,,,,
,,,19660800,17.44440460205078,17.249410212039948,0.9712566081434488,0.001,0.0033146317582577467,940,0.6063858032226562,0.2,-0.0144265466457,10.734729611873627,7.745013236999512,0.000270705408,0.27441514,0.052083333333333336,-183.26944772712577,375.59375
150,1950,10081,19660800,,,,,,,,,,,,,,,,
,,,19791872,17.49514389038086,21.7080359518528,0.9625665433704853,0.001,0.0033163735643029213,945,0.5197463989257812,0.2,-0.024937316014256795,10.652065551280975,9.455724716186523,0.0002705088,0.065516874,0.125,-174.22934559337057,359.0729166666667
151,1950,10148,19791872,,,,,,,,,,,,,,,,
,,,19922944,15.722444534301758,19.71044545173645,0.9670492894947529,0.001,0.0033191933762282133,950,0.5714874267578125,0.2,-0.025829353560402522,10.746891283988953,8.980306625366211,0.000270312192,0.19037515,0.17708333333333334,-168.48631400319317,328.0104166666667
152,1950,10216,19922944,,,,,,,,,,,,,,,,
,,,20054016,16.60938835144043,17.485616630315782,0.9697567205876112,0.001,0.0033209873363375664,955,0.5627151489257812,0.2,-0.02424466031807242,10.727626967430115,6.717345714569092,0.00027011558399999997,0.12947182,0.07291666666666667,-181.5371989172103,365.3958333333333
153,1950,10282,20054016,,,,,,,,,,,,,,,,
,,,20185088,17.14581871032715,17.95989066362381,0.9682212769985199,0.001,0.0033195444848388433,960,0.5488677978515625,0.2,-0.025270390056539326,10.774752712249756,7.5648193359375,0.00026991897599999996,0.100784704,0.10416666666666667,-176.10731388956705,342.2708333333333
154,1950,10350,20185088,,,,,,,,,,,,,,,,
,,,20316160,17.892566680908203,20.686219483613968,0.9623356126248837,0.001,0.0033189121168106794,965,0.5672958374023438,0.2,-0.016558414971223102,10.750183695554734,10.033602714538574,0.00026972236799999996,0.09165646,0.07291666666666667,-181.99802656199213,356.84375
155,1950,10416,20316160,,,,,,,,,,,,,,,,
,,,20447232,17.049564361572266,20.83521760106087,0.9662410728633404,0.001,0.003320930525660515,970,0.5668548583984375,0.2,-0.02420599448523717,10.684913665056229,7.866942882537842,0.00026952575999999995,0.14412391,0.09375,-181.24308524757757,351.8020833333333
156,1950,10483,20447232,,,,,,,,,,,,,,,,
,,,20578304,15.81281566619873,18.204225897789,0.9673447087407112,0.001,0.003313874825835228,975,0.567626953125,0.2,-0.024583060886652675,10.634939354658126,7.61823034286499,0.00026932915199999994,0.09117328,0.07291666666666667,-180.09752730533464,363.4270833333333
157,1950,10550,20578304,,,,,,,,,,,,,,,,
,,,20709376,16.711502075195312,19.800027441978454,0.9646357335150242,0.001,0.003316753078252077,980,0.5760101318359375,0.2,-0.017339228073251434,10.75995215177536,8.719345092773438,0.000269132544,0.1586153,0.15625,-170.63501168219975,336.2291666666667
158,1950,10616,20709376,,,,,,,,,,,,,,,,
,,,20840448,16.618579864501953,19.10097986459732,0.9649600349366665,0.001,0.003320834366604686,985,0.5727996826171875,0.2,-0.02262705962639302,10.602001762390136,7.689652919769287,0.000268935936,0.15138903,0.052083333333333336,-183.95436447836798,366.4375
159,1950,10684,20840448,,,,,,,,,,,,,,,,
,,,20971520,16.257919311523438,24.54772608280182,0.9556281045079231,0.001,0.0033217999152839184,990,0.5613815307617187,0.2,-0.020465247813262977,10.5846759557724,14.001242637634277,0.000268739328,0.11894777,0.0625,-182.13795283477558,360.03125
160,1950,10750,20971520,,,,,,,,,,,,,,,,
,,,21102592,17.415925979614258,19.175615113973617,0.964102741330862,0.001,0.0033219321630895138,995,0.5638885498046875,0.2,-0.023534949430904818,10.590438508987427,9.168861389160156,0.00026854272,0.11537588,0.11458333333333333,-184.2825210177209,338.15625
161,1950,10818,21102592,,,,,,,,,,,,,,,,
,,,21233664,16.178449630737305,18.138917756080627,0.9656070247292519,0.001,0.003311955137178302,1000,0.565692138671875,0.2,-0.027258299106324557,10.636681085824966,9.159272193908691,0.00026834611199999997,0.10343215,0.11458333333333333,-181.87550830017935,348.625
162,1950,10884,21233664,,,,,,,,,,,,,,,,
,,,21364736,16.08926773071289,23.166543424129486,0.9582824818789959,0.001,0.003310282714664936,1005,0.5739303588867187,0.2,-0.0211976543032506,10.64132239818573,11.313026428222656,0.00026814950399999996,0.15787819,0.15625,-168.4160281414872,339.21875
163,1950,10951,21364736,,,,,,,,,,,,,,,,
,,,21495808,17.282386779785156,20.1436507165432,0.9616296142339706,0.001,0.0033226748928427696,1010,0.590020751953125,0.2,-0.01630902185861487,10.557192850112916,7.058411121368408,0.000267952896,0.15236218,0.13541666666666666,-177.78241601183436,338.71875
164,1950,11018,21495808,,,,,,,,,,,,,,,,
,,,21626880,15.845507621765137,22.854247748851776,0.9562500305473804,0.001,0.003322356380522251,1015,0.5569000244140625,0.2,-0.01784181788971182,10.536727374792099,8.759688377380371,0.000267756288,0.09519099,0.16666666666666666,-176.4040433656073,326.4791666666667
165,1950,11085,21626880,,,,,,,,,,,,,,,,
,,,21757952,16.491825103759766,23.505527484416962,0.9577812999486923,0.001,0.0033204618375748396,1020,0.53233642578125,0.2,-0.024047849451017102,10.573680782318116,11.464239120483398,0.00026755968,0.09372007,0.13541666666666666,-182.30367113593957,346.3125
166,1950,11152,21757952,,,,,,,,,,,,,,,,
,,,21889024,16.367692947387695,22.334941643476487,0.9572537168860435,0.001,0.0033144629560410976,1025,0.57635498046875,0.2,-0.01754803407093277,10.66772934794426,11.447554588317871,0.000267363072,0.08468743,0.0625,-177.101323495789,346.3645833333333
167,1950,11219,21889024,,,,,,,,,,,,,,,,
,,,22020096,17.98380470275879,23.863610243797304,0.9528801701962948,0.001,0.0033134641125798225,1030,0.5227584838867188,0.2,-0.027772231311246287,10.60989670753479,12.824326515197754,0.000267166464,0.10443236,0.10416666666666667,-178.76587228772942,345.8020833333333
168,1951,11286,22020096,,,,,,,,,,,,,,,,
,,,22151168,17.3939208984375,24.790535473823546,0.9488699212670326,0.001,0.003318078350275755,1035,0.6236984252929687,0.2,-0.005900631006807089,10.60522836446762,11.892461776733398,0.000266969856,0.13492495,0.07291666666666667,-184.98462341408444,353.8645833333333
169,1951,11352,22151168,,,,,,,,,,,,,,,,
,,,22282240,18.327184677124023,23.422129994630815,0.9576470367610455,0.001,0.0033366214483976364,1040,0.6205154418945312,0.2,-0.01374407989133033,10.619769012928009,9.236754417419434,0.000266773248,0.11901337,0.09375,-181.2784478733216,344.90625
170,1951,11420,22282240,,,,,,,,,,,,,,,,
,,,22413312,17.729642868041992,24.16765832901001,0.9536204785108566,0.001,0.003340398892760277,1045,0.5398773193359375,0.2,-0.02382124743962777,10.578215473890305,11.603259086608887,0.00026657663999999997,0.102386616,0.0625,-188.90067765238027,354.5729166666667
171,1951,11487,22413312,,,,,,,,,,,,,,,,
,,,22544384,17.19446563720703,26.508024096488953,0.946582980453968,0.001,0.003339176531881094,1050,0.5441574096679688,0.2,-0.020549311181457596,10.515135663747788,13.595816612243652,0.00026638003199999996,0.10775739,0.11458333333333333,-170.50770906611038,347.59375
172,1951,11554,22544384,,,,,,,,,,,,,,,,
,,,22675456,16.187549591064453,19.195265340805054,0.9663304910063744,0.001,0.003349538426846266,1055,0.725390625,0.2,0.020192973501980304,10.492588126659394,8.643488883972168,0.00026618342399999995,0.26920688,0.08333333333333333,-183.84760957761833,357.9583333333333
173,1951,11620,22675456,,,,,,,,,,,,,,,,
,,,22806528,16.602157592773438,20.061966091394424,0.9603978022933006,0.001,0.00336151453666389,1060,0.6396286010742187,0.2,-0.012271561227680649,10.46455101966858,8.707681655883789,0.00026598681599999995,0.1117161,0.125,-167.55879925541186,343.15625
174,1951,11688,22806528,,,,,,,,,,,,,,,,
,,,22937600,16.532882690429688,22.08791878223419,0.9539842307567596,0.001,0.003365327138453722,1065,0.6001235961914062,0.2,-0.02366214337089332,10.536646056175233,9.868123054504395,0.000265790208,0.14996044,0.11458333333333333,-169.62705460377867,353.7083333333333
175,1951,11754,22937600,,,,,,,,,,,,,,,,
,,,23068672,16.631511688232422,20.118876653909684,0.9572221301496029,0.001,0.0033672857098281384,1070,0.5721084594726562,0.2,-0.019143068890844005,10.489194267988205,7.294196128845215,0.0002655936,0.09921281,0.10416666666666667,-173.74001641727395,342.8125
176,1951,11821,23068672,,,,,,,,,,,,,,,,
,,,23199744,15.609029769897461,17.050974667072296,0.9655058048665524,0.001,0.0033713621087372303,1075,0.5477371215820312,0.2,-0.02923697654478019,10.574251264333725,6.2464599609375,0.000265396992,0.11248447,0.07291666666666667,-181.07570491157432,356.7083333333333
177,1951,11888,23199744,,,,,,,,,,,,,,,,
,,,23330816,15.219680786132812,19.21455047726631,0.9666970260441303,0.001,0.003370485734194517,1080,0.5819305419921875,0.2,-0.025071133732853922,10.41080583333969,7.581242561340332,0.000265200384,0.13126992,0.09375,-171.97092673943766,350.8541666666667
178,1951,11955,23330816,,,,,,,,,,,,,,,,
,,,23461888,14.916158676147461,18.22009257674217,0.9655377306044102,0.001,0.003372451988980174,1085,0.577490234375,0.2,-0.020232120728178416,10.400062650442123,7.754733085632324,0.00026500377599999997,0.09247179,0.14583333333333334,-174.729071522365,346.4479166666667
179,1951,12022,23461888,,,,,,,,,,,,,,,,
,,,23592960,15.58021354675293,18.49413162469864,0.9676552936434746,0.001,0.0033733341842889786,1090,0.5109161376953125,0.2,-0.028427311673294754,10.388647174835205,9.937853813171387,0.00026480716799999997,0.107975364,0.07291666666666667,-180.9592705301435,357.3333333333333
180,1951,12088,23592960,,,,,,,,,,,,,,,,
,,,23724032,16.736682891845703,20.231744003295898,0.9635031819343567,0.001,0.003381540533155203,1095,0.5882537841796875,0.2,-0.016940384260669815,10.48657717704773,8.148829460144043,0.00026461055999999996,0.09059274,0.09375,-178.7249627693909,355.875
181,1951,12155,23724032,,,,,,,,,,,,,,,,
,,,23855104,18.53584098815918,17.486601263284683,0.9674319922924042,0.001,0.0033828062005341053,1100,0.5445266723632812,0.2,-0.019352818038896658,10.423374378681183,11.99012279510498,0.000264413952,0.09999792,0.15625,-170.10679630855324,349.8020833333333
182,1951,12222,23855104,,,,,,,,,,,,,,,,
,,,23986176,18.291217803955078,18.889716804027557,0.9637965299189091,0.001,0.003386069554835558,1105,0.567401123046875,0.2,-0.020905147313897032,10.524203824996949,7.058256149291992,0.000264217344,0.124863066,0.125,-176.1811807370041,347.9791666666667
183,1951,12289,23986176,,,,,,,,,,,,,,,,
,,,24117248,16.991214752197266,19.237111341953277,0.9609037786722183,0.001,0.003393431194126606,1110,0.6059524536132812,0.2,-0.017025080622988752,10.497801518440246,8.925007820129395,0.000264020736,0.18245398,0.125,-183.09513616074886,342.3645833333333
184,1951,12355,24117248,,,,,,,,,,,,,,,,
,,,24248320,16.9261474609375,19.445478159189225,0.9617083743214607,0.001,0.003397130174562335,1115,0.557696533203125,0.2,-0.027067941849236377,10.42319135069847,8.398151397705078,0.000263824128,0.12123181,0.09375,-177.86773108491852,346.65625
185,1951,12422,24248320,,,,,,,,,,,,,,,,
,,,24379392,18.03421401977539,19.68871229290962,0.9604192152619362,0.001,0.0033907729666680098,1120,0.5050674438476562,0.2,-0.029878358033602125,10.37419244647026,7.672130584716797,0.00026362752,0.09166676,0.125,-169.2645202334174,350.8333333333333
186,1952,12489,24379392,,,,,,,,,,,,,,,,
,,,24510464,18.25692367553711,24.87411448955536,0.9500484690070152,0.001,0.003378299530595541,1125,0.5166824340820313,0.2,-0.029260193271329626,10.359236311912536,8.485177993774414,0.000263430912,0.085344665,0.14583333333333334,-173.80139514662915,337.9479166666667
187,1952,12556,24510464,,,,,,,,,,,,,,,,
,,,24641536,15.841952323913574,21.60034300684929,0.9556943885982037,0.001,0.0033822464756667614,1130,0.5431930541992187,0.2,-0.024484830084838906,10.360810631513596,12.279486656188965,0.00026323430399999997,0.11094769,0.10416666666666667,-178.285851155634,349.78125
188,1952,12623,24641536,,,,,,,,,,,,,,,,
,,,24772608,17.483440399169922,19.67343518137932,0.961565874516964,0.001,0.0033808748703449965,1135,0.5406509399414062,0.2,-0.02577947685640538,10.329867118597031,8.875226974487305,0.00026303769599999997,0.081501156,0.14583333333333334,-176.32899046979128,339.8229166666667
189,1952,12690,24772608,,,,,,,,,,,,,,,,
,,,24903680,17.860641479492188,16.273592042922974,0.966748159378767,0.001,0.003378606168553233,1140,0.5527175903320313,0.2,-0.02520559545082506,10.365955990552902,7.024627685546875,0.00026284108799999996,0.11934977,0.14583333333333334,-171.11717282185705,337.5625
190,1952,12757,24903680,,,,,,,,,,,,,,,,
,,,25034752,17.894699096679688,18.843183362483977,0.9631102569401264,0.001,0.0033790254965424538,1145,0.5590621948242187,0.2,-0.026258459262317048,10.308134335279465,7.236097812652588,0.00026264447999999995,0.0795511,0.10416666666666667,-184.45578821349002,345.6770833333333
191,1952,12824,25034752,,,,,,,,,,,,,,,,
,,,25165824,18.049287796020508,18.94059776067734,0.9613196589052677,0.001,0.003388483775779605,1150,0.6295135498046875,0.2,-0.007776833383832127,10.323927342891693,7.9086527824401855,0.00026244787199999995,0.123922825,0.052083333333333336,-186.66961042838344,368.125
192,1952,12891,25165824,,,,,,,,,,,,,,,,
,,,25296896,17.25467300415039,17.848087191581726,0.9626327604055405,0.001,0.003383939154446125,1155,0.5226409912109375,0.2,-0.029464684925915207,10.286574018001556,7.593498706817627,0.000262251264,0.075965084,0.08333333333333333,-185.30483477553204,360.40625
193,1952,12958,25296896,,,,,,,,,,,,,,,,
,,,25427968,19.7000732421875,21.296640813350677,0.9548998102545738,0.001,0.003386969678103924,1160,0.5876434326171875,0.2,-0.016421873158833478,10.30314012169838,11.272483825683594,0.000262054656,0.2099793,0.125,-182.19167302862675,346.875
194,1952,13025,25427968,,,,,,,,,,,,,,,,
,,,25559040,17.993366241455078,23.09112399816513,0.9532623589038849,0.001,0.003388113807886839,1165,0.5517852783203125,0.2,-0.02307267608193797,10.361843794584274,11.594691276550293,0.000261858048,0.13126224,0.11458333333333333,-176.46161543867333,350.5416666666667
195,1952,13092,25559040,,,,,,,,,,,,,,,,
,,,25690112,17.654050827026367,17.336318004131318,0.9641227051615715,0.001,0.0033865440636873245,1170,0.5707611083984375,0.2,-0.01835701355303172,10.286220633983612,7.821086883544922,0.00026166144,0.1117351,0.13541666666666666,-171.35725036293425,346.4895833333333
196,1952,13159,25690112,,,,,,,,,,,,,,,,
,,,25821184,19.13852310180664,16.825965052843095,0.9664954841136932,0.001,0.0033785046543926,1175,0.5132980346679688,0.2,-0.027617439898313022,10.263135015964508,6.43755578994751,0.00026146483199999997,0.08681469,0.13541666666666666,-176.33060537631536,335.03125
197,1952,13227,25821184,,,,,,,,,,,,,,,,
,,,25952256,18.52227020263672,20.1465214908123,0.9613834246993065,0.001,0.0033779707737267017,1180,0.5409942626953125,0.2,-0.022970144143619108,10.213025307655334,10.115618705749512,0.00026126822399999997,0.07733359,0.125,-177.51405639712866,344.5
198,1952,13294,25952256,,,,,,,,,,,,,,,,
,,,26083328,19.628690719604492,18.12925469279289,0.9632361643016338,0.001,0.003394237719476223,1185,0.5438308715820312,0.2,-0.025966754188993947,10.309378987550735,9.399752616882324,0.00026107161599999996,0.10489294,0.16666666666666666,-172.69908053905132,341.21875
199,1952,13361,26083328,,,,,,,,,,,,,,,,
,,,26214400,20.02423858642578,19.701336205005646,0.9646240994334221,0.001,0.003397693857550621,1190,0.5339157104492187,0.2,-0.019369979990005958,10.293853282928467,9.589550018310547,0.000260875008,0.104372874,0.14583333333333334,-181.1234295945491,348.5104166666667
200,1952,13428,26214400,,,,,,,,,,,,,,,,
,,,26345472,18.93226432800293,19.75722764134407,0.9625974036753178,0.001,0.003394715255126357,1195,0.5666366577148437,0.2,-0.020984887620579686,10.364276373386383,10.574337005615234,0.0002606784,0.15894625,0.11458333333333333,-177.63146502275376,353.34375
201,1952,13495,26345472,,,,,,,,,,,,,,,,
,,,26476544,17.649742126464844,18.984196746349333,0.9661718793213367,0.001,0.003385579213500023,1200,0.5377914428710937,0.2,-0.017165416071657093,10.2810545027256,7.871336460113525,0.000260481792,0.114484385,0.15625,-175.81401489268856,341.7708333333333
202,1952,13562,26476544,,,,,,,,,,,,,,,,
,,,26607616,19.105220794677734,20.616396266222,0.9625912234187126,0.001,0.003383903531357646,1205,0.6033782958984375,0.2,-0.020162347456789576,10.346305149793626,10.6714448928833,0.00026028518399999993,0.11935466,0.10416666666666667,-181.86734068832013,354.21875
203,1952,13629,26607616,,,,,,,,,,,,,,,,
,,,26738688,17.9490966796875,18.92910306453705,0.9624417088925838,0.001,0.003384592942893505,1210,0.5898849487304687,0.2,-0.017295594591996633,10.261668217182159,9.292245864868164,0.000260088576,0.08327709,0.13541666666666666,-171.10050417481287,344.625
204,1952,13696,26738688,,,,,,,,,,,,,,,,
,,,26869760,15.898048400878906,19.164600294828414,0.9636489227414131,0.001,0.0033887927420437336,1215,0.6890243530273438,0.2,0.017658722183841746,10.316772520542145,8.663647651672363,0.000259891968,0.2053158,0.13541666666666666,-174.7513021882544,342.3229166666667
205,1952,13762,26869760,,,,,,,,,,,,,,,,
,,,27000832,17.809803009033203,17.287846076488496,0.9682082906365395,0.001,0.003392823040485382,1220,0.5331344604492188,0.2,-0.027333381158678095,10.170343083143234,6.945154190063477,0.00025969535999999997,0.08433479,0.16666666666666666,-166.60224741510095,353.25
206,1952,13830,27000832,,,,,,,,,,,,,,,,
,,,27131904,17.96890640258789,20.172796273231505,0.958350196480751,0.001,0.003389276098459959,1225,0.5224639892578125,0.2,-0.029619844481931067,10.191058880090713,8.135048866271973,0.00025949875199999996,0.08767646,0.09375,-176.65321626196737,358.2395833333333
207,1952,13896,27131904,,,,,,,,,,,,,,,,
,,,27262976,17.582523345947266,19.43039408326149,0.9615429267287254,0.001,0.0033949706703424454,1230,0.5616561889648437,0.2,-0.01977028535111458,10.257735300064088,8.13848876953125,0.00025930214399999996,0.08191165,0.15625,-171.97065534271147,329.9270833333333
208,1952,13964,27262976,,,,,,,,,,,,,,,,
,,,27394048,15.981120109558105,18.8252113699913,0.9661320485174656,0.001,0.0033917035907506943,1235,0.5294403076171875,0.2,-0.025501785562664737,10.219737762212754,8.523088455200195,0.00025910553599999995,0.07971446,0.07291666666666667,-181.25134647501088,353.4895833333333
209,1952,14030,27394048,,,,,,,,,,,,,,,,
,,,27525120,18.63878059387207,18.717413794994354,0.9609447568655014,0.001,0.0033927150070667267,1240,0.50986328125,0.2,-0.02678772082872456,10.24499170780182,8.435391426086426,0.00025890892799999995,0.080940165,0.08333333333333333,-185.17609122762107,361.0520833333333
210,1952,14097,27525120,,,,,,,,,,,,,,,,
,,,27656192,17.601139068603516,21.891478687524796,0.9574279114603996,0.001,0.0033876467496156693,1245,0.5309646606445313,0.2,-0.02915550961624831,10.310642832517624,12.59274673461914,0.00025871232,0.12126017,0.22916666666666666,-170.80877708221314,327.3854166666667
211,1952,14163,27656192,,,,,,,,,,,,,,,,
,,,27787264,18.156341552734375,17.816352438926696,0.9649946130812168,0.001,0.003391122445464134,1250,0.548663330078125,0.2,-0.0225886893356801,10.279599785804749,8.345841407775879,0.000258515712,0.11820624,0.1875,-163.0301085820743,334.3125
212,1952,14230,27787264,,,,,,,,,,,,,,,,
,,,27918336,16.398006439208984,18.63004475235939,0.96185352653265,0.001,0.0033951697405427694,1255,0.5474929809570312,0.2,-0.01975677219306817,10.229083061218262,9.485965728759766,0.000258319104,0.10118279,0.13541666666666666,-179.82786639157447,345.7083333333333
213,1952,14297,27918336,,,,,,,,,,,,,,,,
,,,28049408,17.47500228881836,19.459684008359908,0.9633312709629536,0.001,0.003392706159502268,1260,0.5717147827148438,0.2,-0.020382205408532174,10.17696863412857,7.844505310058594,0.000258122496,0.12842034,0.16666666666666666,-171.33880802085423,333.4270833333333
214,1952,14363,28049408,,,,,,,,,,,,,,,,
,,,28180480,17.450101852416992,19.41686081290245,0.9627124629914761,0.001,0.0033901582937687635,1265,0.509442138671875,0.2,-0.029919114477525,10.152832418680191,7.719862461090088,0.00025792588799999997,0.07156959,0.125,-179.77180977909936,352.25
215,1952,14431,28180480,,,,,,,,,,,,,,,,
,,,28311552,16.02911949157715,21.387806457281112,0.9580271318554878,0.001,0.003379345405846834,1270,0.5166015625,0.2,-0.026233700885495637,10.144654655456543,8.882430076599121,0.00025772927999999996,0.08846592,0.08333333333333333,-179.06277793618958,359.2083333333333
216,1952,14497,28311552,,,,,,,,,,,,,,,,
,,,28442624,16.881444931030273,16.571595507860184,0.9659846238791943,0.001,0.0033837943337857723,1275,0.5693023681640625,0.2,-0.02614287704927847,10.287423396110535,8.267501831054688,0.00025753267199999996,0.10858101,0.10416666666666667,-180.78842914033945,362.0729166666667
217,1952,14564,28442624,,,,,,,,,,,,,,,,
,,,28573696,16.07952308654785,18.47930364012718,0.969634223729372,0.001,0.003384291660040617,1280,0.56090087890625,0.2,-0.022084006488148587,10.14659166932106,9.730030059814453,0.000257336064,0.10606049,0.10416666666666667,-178.06794753532847,350.4583333333333
218,1952,14631,28573696,,,,,,,,,,,,,,,,
,,,28704768,15.86291790008545,16.890502518415452,0.9657040424644947,0.001,0.0033847647719085217,1285,0.5753814697265625,0.2,-0.024036681484722065,10.224896651506423,6.7816996574401855,0.000257139456,0.12336892,0.10416666666666667,-174.59799967730103,351.0833333333333
219,1952,14698,28704768,,,,,,,,,,,,,,,,
,,,28835840,16.93935775756836,22.75259884595871,0.9552829265594482,0.001,0.0033845664002001286,1290,0.54283447265625,0.2,-0.02521698577183997,10.131005972623825,9.037383079528809,0.00025694284799999994,0.08275965,0.25,-151.9300853933947,325.28125
220,1952,14765,28835840,,,,,,,,,,,,,,,,
,,,28966912,16.275447845458984,19.58478573560715,0.9577072449028492,0.001,0.0033880402334034443,1295,0.565496826171875,0.2,-0.025306796340737493,10.115280359983444,10.255083084106445,0.00025674624,0.10443462,0.08333333333333333,-183.68619684956602,349.65625
221,1952,14832,28966912,,,,,,,,,,,,,,,,
,,,29097984,16.918678283691406,22.24101546406746,0.9520461075007915,0.001,0.003391892183572054,1300,0.5590484619140625,0.2,-0.02374173761345446,10.171276152133942,9.092171669006348,0.000256549632,0.090645015,0.125,-178.90770201369955,345.0208333333333
222,1952,14899,29097984,,,,,,,,,,,,,,,,
,,,29229056,16.698745727539062,22.381926202774046,0.9536654576659203,0.001,0.0033883266150951385,1305,0.5151626586914062,0.2,-0.025520555628463625,10.133962911367416,10.758142471313477,0.000256353024,0.13558242,0.10416666666666667,-181.95892093045634,353.1354166666667
223,1953,14966,29229056,,,,,,,,,,,,,,,,
,,,29360128,16.89630126953125,19.946968334913254,0.9577779024839401,0.001,0.0033817454241216183,1310,0.48253173828125,0.2,-0.03183944754855474,10.172094303369523,9.458935737609863,0.00025615641599999997,0.06315717,0.14583333333333334,-173.83016170839355,339.2604166666667
224,1953,15033,29360128,,,,,,,,,,,,,,,,
,,,29491200,16.852293014526367,24.10236124396324,0.9527501352131367,0.001,0.003382553346455097,1315,0.54432373046875,0.2,-0.025377000216394663,10.17887756228447,11.54990291595459,0.00025595980799999996,0.10363733,0.09375,-182.6360293192196,333.3125
225,1953,15100,29491200,,,,,,,,,,,,,,,,
,,,29622272,18.197559356689453,21.054799246788026,0.9555436335504055,0.001,0.0033808357547968626,1320,0.5275115966796875,0.2,-0.022210698088747448,10.20582355260849,11.011336326599121,0.00025576319999999996,0.13073148,0.11458333333333333,-180.90903123834258,348.34375
226,1952,15167,29622272,,,,,,,,,,,,,,,,
,,,29753344,16.98828125,21.382863050699235,0.9565873704850674,0.001,0.0033842837437987328,1325,0.5377914428710937,0.2,-0.02263228344672825,10.118492114543916,9.006767272949219,0.00025556659199999995,0.11811736,0.13541666666666666,-178.00575521169836,343.1145833333333
227,1953,15234,29753344,,,,,,,,,,,,,,,,
,,,29884416,18.623703002929688,20.832425451278688,0.9572685398161411,0.001,0.0033783894032239914,1330,0.5511810302734375,0.2,-0.02567484419851098,10.15018060207367,11.873246192932129,0.00025536998399999994,0.07542995,0.08333333333333333,-174.3590620983374,359.4270833333333
228,1953,15301,29884416,,,,,,,,,,,,,,,,
,,,30015488,16.547422409057617,20.680642825365066,0.9582270830869675,0.001,0.0033804867416620255,1335,0.5601699829101563,0.2,-0.019082120017264968,10.125587725639344,8.816919326782227,0.000255173376,0.07963986,0.125,-179.3449625702618,342.7916666666667
229,1953,15368,30015488,,,,,,,,,,,,,,,,
,,,30146560,17.6873779296875,21.59507597088814,0.9557361528277397,0.001,0.003392340149730444,1340,0.5776809692382813,0.2,-0.019157457386609168,10.146840554475784,10.181696891784668,0.000254976768,0.11990274,0.10416666666666667,-175.26171145799353,353.8645833333333
230,1953,15435,30146560,,,,,,,,,,,,,,,,
,,,30277632,16.63666534423828,17.511449509859084,0.9634669125080109,0.001,0.003393785795196891,1345,0.5658843994140625,0.2,-0.02387378185376292,10.18223071694374,7.960624694824219,0.00025478016,0.16014192,0.11458333333333333,-178.5552813352102,350.5520833333333
231,1953,15502,30277632,,,,,,,,,,,,,,,,
,,,30408704,16.624588012695312,19.212602937221526,0.9642518498003483,0.001,0.0033917701803147793,1350,0.5222259521484375,0.2,-0.025391714200668502,10.05210611820221,8.705815315246582,0.000254583552,0.10744414,0.15625,-171.64237729134427,350.8333333333333
232,1953,15569,30408704,,,,,,,,,,,,,,,,
,,,30539776,18.19269561767578,21.68698928952217,0.9612060151994228,0.001,0.0033821207471191883,1355,0.5075210571289063,0.2,-0.026191711393767036,10.09170154929161,8.756780624389648,0.00025438694399999997,0.08878292,0.09375,-184.19908715965235,359.8229166666667
233,1953,15636,30539776,,,,,,,,,,,,,,,,
,,,30670848,16.60329818725586,22.877781683206557,0.9565602540969849,0.001,0.00337606156244874,1360,0.5232772827148438,0.2,-0.027350361699063797,10.026977527141572,13.257692337036133,0.00025419033599999996,0.09569518,0.17708333333333334,-170.10417813944548,335.8125
234,1953,15702,30670848,,,,,,,,,,,,,,,,
,,,30801920,17.55829620361328,19.437764424085618,0.9632723219692707,0.001,0.003380546346306801,1365,0.52945556640625,0.2,-0.02702884851169074,10.070135635137557,7.82283353805542,0.000253993728,0.09604806,0.13541666666666666,-178.9181421974738,344.1770833333333
235,1953,15770,30801920,,,,,,,,,,,,,,,,
,,,30932992,18.087596893310547,22.157411658763884,0.9564653038978577,0.001,0.0033852513879537582,1370,0.5491043090820312,0.2,-0.02573176006844733,10.122270411252975,8.478569984436035,0.00025379712,0.09238525,0.041666666666666664,-189.96949206698733,359.2708333333333
236,1953,15836,30932992,,,,,,,,,,,,,,,,
,,,31064064,17.96833038330078,20.511539191007614,0.959803931415081,0.001,0.003378434106707573,1375,0.5763702392578125,0.2,-0.02225477818865329,10.067698109149934,9.529518127441406,0.000253600512,0.1157403,0.09375,-182.9735838113098,356.6145833333333
237,1953,15903,31064064,,,,,,,,,,,,,,,,
,,,31195136,17.37834930419922,22.04980440735817,0.9572432152926922,0.001,0.00337810511700809,1380,0.587432861328125,0.2,-0.018810118593683,10.084520280361176,9.712825775146484,0.000253403904,0.1231569,0.11458333333333333,-171.13746022877442,344.4895833333333
238,1953,15970,31195136,,,,,,,,,,,,,,,,
,,,31326208,16.531301498413086,20.96078813672066,0.9575321152806282,0.001,0.003378730034455657,1385,0.5728424072265625,0.2,-0.023972004384268074,10.123087859153747,8.444071769714355,0.000253207296,0.11952125,0.125,-172.01637584720493,348.0625
239,1953,16036,31326208,,,,,,,,,,,,,,,,
,,,31457280,17.1424560546875,19.799100720882414,0.9610897786915302,0.001,0.003378693014383316,1390,0.5232269287109375,0.2,-0.028788870142307132,10.12383713722229,9.054793357849121,0.000253010688,0.11409153,0.11458333333333333,-173.25232897377123,343.1770833333333
240,1953,16104,31457280,,,,,,,,,,,,,,,,
,,,31588352,17.637556076049805,20.48574025630951,0.9617724753916264,0.001,0.003370331134647131,1395,0.4801025390625,0.2,-0.032422671723907115,10.0695885181427,9.728361129760742,0.00025281408,0.10897903,0.125,-183.52981790846533,339.9375
241,1953,16171,31588352,,,,,,,,,,,,,,,,
,,,31719424,18.688251495361328,19.667856127023697,0.9629913531243801,0.001,0.0033637378364801407,1400,0.507757568359375,0.2,-0.03139983068685979,10.084654414653778,8.85097599029541,0.000252617472,0.10972669,0.07291666666666667,-182.35370495924818,361.5208333333333
242,1953,16238,31719424,,,,,,,,,,,,,,,,
,,,31850496,17.806072235107422,23.00951787829399,0.9589605815708637,0.001,0.00336439348757267,1405,0.5627456665039062,0.2,-0.025627737773174886,9.988616514205933,11.452815055847168,0.00025242086399999996,0.16279915,0.125,-170.06726772987352,356.8333333333333
243,1953,16305,31850496,,,,,,,,,,,,,,,,
,,,31981568,17.10248374938965,19.177414786815643,0.9633611403405666,0.001,0.003365443553775549,1410,0.5497451782226562,0.2,-0.02518229390552733,10.042805284261703,9.357053756713867,0.00025222425599999996,0.09366998,0.16666666666666666,-163.5629144886029,336.3020833333333
244,1953,16372,31981568,,,,,,,,,,,,,,,,
,,,32112640,16.915607452392578,20.687548828125,0.9564292915165424,0.001,0.0033567710779607296,1415,0.5085006713867187,0.2,-0.02694635505322367,10.076445609331131,9.90077018737793,0.00025202764799999995,0.12790768,0.125,-180.91090400088146,356.03125
245,1953,16439,32112640,,,,,,,,,,,,,,,,
,,,32243712,16.934154510498047,16.969002616405486,0.9656278006732464,0.001,0.003351235296577215,1420,0.545965576171875,0.2,-0.029957211870350876,10.010282260179519,7.046977996826172,0.00025183104,0.09482062,0.0625,-186.5707679778603,359.1875
246,1953,16507,32243712,,,,,,,,,,,,,,,,
,,,32374784,17.191570281982422,19.35499496459961,0.961771734058857,0.001,0.0033507365733385086,1425,0.5060287475585937,0.2,-0.030824256823689212,10.019902640581131,8.292813301086426,0.000251634432,0.069324486,0.08333333333333333,-176.62639045970664,367.4375
247,1953,16574,32374784,,,,,,,,,,,,,,,,
,,,32505856,16.973918914794922,24.23405853509903,0.9505077376961708,0.001,0.003342712763696909,1430,0.4962677001953125,0.2,-0.03244106117344927,10.078122395277024,10.229994773864746,0.000251437824,0.107350655,0.1875,-167.38854281265552,337.3854166666667
248,1953,16641,32505856,,,,,,,,,,,,,,,,
,,,32636928,17.036251068115234,16.85048927664757,0.9634420052170753,0.001,0.003341016825288534,1435,0.5023880004882812,0.2,-0.03201096898992546,10.109664881229401,6.9705305099487305,0.000251241216,0.07828335,0.09375,-179.23988354574726,356.7083333333333
249,1953,16708,32636928,,,,,,,,,,,,,,,,
,,,32768000,16.457183837890625,18.17353092432022,0.9620519280433655,0.001,0.0033435148652642965,1440,0.5658599853515625,0.2,-0.023020636468572775,10.050883245468139,6.882742404937744,0.000251044608,0.091900446,0.09375,-179.16993195562472,364.1770833333333
250,1953,16775,32768000,,,,,,,,,,,,,,,,
,,,32899072,18.520915985107422,20.216293823719024,0.9586357958614826,0.001,0.0033391504548490047,1445,0.5130889892578125,0.2,-0.02534484359639464,10.073412495851517,6.72003698348999,0.00025084799999999997,0.12285387,0.17708333333333334,-163.19437034771482,343.78125
251,1953,16842,32899072,,,,,,,,,,,,,,,,
,,,33030144,17.285966873168945,18.551774388551713,0.9609148651361465,0.001,0.003338409122079611,1450,0.58759765625,0.2,-0.015975069153500953,10.068774008750916,7.276307582855225,0.00025065139199999996,0.09551783,0.20833333333333334,-163.20706168505612,338.4895833333333
252,1953,16909,33030144,,,,,,,,,,,,,,,,
,,,33161216,18.452970504760742,21.867163729667663,0.9603121131658554,0.001,0.00334401847794652,1455,0.5613677978515625,0.2,-0.018174022831954063,9.990502089262009,9.797901153564453,0.000250454784,0.123968326,0.0625,-190.87574849380792,366.0729166666667
253,1953,16976,33161216,,,,,,,,,,,,,,,,
,,,33292288,18.37253761291504,15.669597339630126,0.9690969176590443,0.001,0.003342694602906704,1460,0.542803955078125,0.2,-0.022606431294116193,10.004147046804428,5.913877964019775,0.000250258176,0.0777646,0.23958333333333334,-160.03790239217054,330.7395833333333
254,1953,17042,33292288,,,,,,,,,,,,,,,,
,,,33423360,17.265825271606445,18.55115419626236,0.9605452194809914,0.001,0.003345165401697159,1465,0.5774734497070313,0.2,-0.018462629480927716,10.091119879484177,9.163317680358887,0.000250061568,0.09873755,0.19791666666666666,-165.88923229156146,337.6979166666667
255,1953,17109,33423360,,,,,,,,,,,,,,,,
,,,33554432,16.433141708374023,19.300977337360383,0.957571879029274,0.001,0.003343055723235011,1470,0.518359375,0.2,-0.03148808690020814,10.051290571689606,7.462596416473389,0.00024986495999999994,0.07445949,0.16666666666666666,-164.63291200364537,344.3020833333333
256,1953,17176,33554432,,,,,,,,,,,,,,,,
,,,33685504,16.873327255249023,17.45608929991722,0.9632378928363323,0.001,0.003338487818837166,1475,0.5714187622070312,0.2,-0.025558935730805386,10.068591642379761,7.126223087310791,0.000249668352,0.08914603,0.07291666666666667,-178.34134537003953,361.5416666666667
257,1953,17243,33685504,,,,,,,,,,,,,,,,
,,,33816576,17.800228118896484,20.439769303798677,0.9586237445473671,0.001,0.0033376445062458515,1480,0.5714736938476562,0.2,-0.014595256004395197,10.047004336118698,10.389741897583008,0.000249471744,0.08508788,0.15625,-167.6680054608087,350.8541666666667
258,1953,17310,33816576,,,,,,,,,,,,,,,,
,,,33947648,18.331096649169922,18.98032574057579,0.9623399674892426,0.001,0.003342551179230213,1485,0.5692916870117187,0.2,-0.014898855710634961,10.07483321428299,10.029501914978027,0.00024927513599999997,0.06920433,0.17708333333333334,-164.27584286612534,327.8125
259,1953,17377,33947648,,,,,,,,,,,,,,,,
,,,34078720,17.413124084472656,23.36641318798065,0.9541187137365341,0.001,0.003340063150972128,1490,0.54014892578125,0.2,-0.025182874787424224,10.136610102653503,12.031304359436035,0.00024907852799999997,0.10731025,0.17708333333333334,-173.1258886640464,332.9479166666667
260,1953,17445,34078720,,,,,,,,,,,,,,,,
,,,34209792,16.1832332611084,18.59874228835106,0.9610148258507252,0.001,0.003339774440973997,1495,0.5354476928710937,0.2,-0.02530704480886925,10.040664619207382,7.398918628692627,0.00024888191999999996,0.1383779,0.08333333333333333,-173.34597277174058,358.6875
261,1953,17511,34209792,,,,,,,,,,,,,,,,
,,,34340864,17.800945281982422,20.400733834505083,0.9590369462966919,0.001,0.003342838492244482,1500,0.5318878173828125,0.2,-0.021952182869426906,10.02797634601593,8.625906944274902,0.00024868531199999995,0.10281512,0.11458333333333333,-182.2954891898852,357.7291666666667
262,1953,17578,34340864,,,,,,,,,,,,,,,,
,,,34471936,17.970916748046875,20.525555098056792,0.9529329314827919,0.001,0.0033354046754539013,1505,0.508172607421875,0.2,-0.029366310547629837,10.102195131778718,12.204361915588379,0.00024848870399999995,0.07367114,0.14583333333333334,-178.79608666126566,352.3645833333333
263,1953,17644,34471936,,,,,,,,,,,,,,,,
,,,34603008,17.339324951171875,21.45078876018524,0.9533451795578003,0.001,0.0033235743176192045,1510,0.5465621948242188,0.2,-0.0201929780858336,10.106978338956832,7.783353328704834,0.000248292096,0.093605444,0.09375,-179.52551266166938,360.625
264,1953,17712,34603008,,,,,,,,,,,,,,,,
,,,34734080,17.830249786376953,19.558004462718962,0.9580499306321144,0.001,0.0033161237370222807,1515,0.5118484497070312,0.2,-0.02942456452001352,10.061852419376374,8.645715713500977,0.000248095488,0.09026356,0.10416666666666667,-174.01134666701947,361.3020833333333
265,1953,17779,34734080,,,,,,,,,,,,,,,,
,,,34865152,16.358665466308594,19.626132863759995,0.9564997479319572,0.001,0.003321175230666995,1520,0.5494583129882813,0.2,-0.027418539038626476,10.083103960752487,9.429716110229492,0.00024789888,0.09922904,0.13541666666666666,-171.081522249542,347.84375
266,1953,17846,34865152,,,,,,,,,,,,,,,,
,,,34996224,17.891292572021484,21.734742319583894,0.9561025872826576,0.001,0.0033229212276637554,1525,0.520684814453125,0.2,-0.030809122731443494,10.081202507019043,10.752833366394043,0.000247702272,0.105943866,0.1875,-163.23182657231862,335.1770833333333
267,1953,17914,34996224,,,,,,,,,,,,,,,,
,,,35127296,19.352779388427734,23.462954849004745,0.9516422972083092,0.001,0.0033185151405632496,1530,0.4869903564453125,0.2,-0.03324152915738523,10.058014851808547,10.53050708770752,0.00024750566399999997,0.10240503,0.125,-174.73711680997084,353.0104166666667
268,1953,17980,35127296,,,,,,,,,,,,,,,,
,,,35258368,18.75261878967285,20.7220916390419,0.9561909288167953,0.001,0.0033192913979291916,1535,0.514166259765625,0.2,-0.03157346295847674,10.032766699790955,7.317077159881592,0.00024730905599999997,0.082221344,0.17708333333333334,-170.65670591095952,349.3020833333333
269,1953,18047,35258368,,,,,,,,,,,,,,,,
,,,35389440,19.764867782592773,21.42213218808174,0.9567954279482365,0.001,0.003322866279631853,1540,0.574615478515625,0.2,-0.0129821016889764,9.932241886854172,10.542638778686523,0.00024711244799999996,0.11854325,0.14583333333333334,-165.10055404780164,340.6979166666667
270,1953,18113,35389440,,,,,,,,,,,,,,,,
,,,35520512,21.626811981201172,20.314804488420485,0.9574588090181351,0.001,0.0033207579981535673,1545,0.5562026977539063,0.2,-0.01666710988647537,10.007659238576888,9.782011985778809,0.00024691584,0.11580953,0.125,-179.27384050399746,344.46875
271,1953,18181,35520512,,,,,,,,,,,,,,,,
,,,35651584,20.50664520263672,22.16396920681,0.9563728123903275,0.001,0.003321466501802206,1550,0.5096771240234375,0.2,-0.028094170289114116,10.005561816692353,11.693706512451172,0.000246719232,0.11105633,0.13541666666666666,-179.79382702013996,341.9583333333333
272,1953,18248,35651584,,,,,,,,,,,,,,,,
,,,35782656,16.941513061523438,22.050022292137147,0.9566651880741119,0.001,0.0033199102617800236,1555,0.5232147216796875,0.2,-0.026569376418774483,10.063374441862106,9.513605117797852,0.000246522624,0.12671581,0.15625,-164.972232129878,337.6354166666667
273,1953,18314,35782656,,,,,,,,,,,,,,,,
,,,35913728,18.38815689086914,24.143266707658768,0.9504101015627384,0.001,0.0033207680098712444,1560,0.518890380859375,0.2,-0.025541801608051175,10.068060684204102,9.923227310180664,0.000246326016,0.12418062,0.125,-173.8366562966925,338.7291666666667
274,1953,18380,35913728,,,,,,,,,,,,,,,,
,,,36044800,18.941030502319336,18.19269087910652,0.9635487869381905,0.001,0.0033246164675801992,1565,0.5866180419921875,0.2,-0.015613490979012568,10.086837416887283,7.6390299797058105,0.000246129408,0.17451069,0.09375,-181.51482187564224,351.1875
275,1953,18447,36044800,,,,,,,,,,,,,,,,
,,,36175872,18.124576568603516,24.52318023443222,0.9560157284140587,0.001,0.003330439329147339,1570,0.5345382690429688,0.2,-0.022157084112404846,10.053047311305999,11.350631713867188,0.0002459328,0.0768663,0.14583333333333334,-171.76756116436297,345.2604166666667
276,1953,18514,36175872,,,,,,,,,,,,,,,,
,,,36306944,18.56867027282715,22.03173543214798,0.9576623737812042,0.001,0.003334642853587866,1575,0.5206985473632812,0.2,-0.026112467524944803,10.061752331256866,8.98488712310791,0.00024573619199999997,0.077048436,0.0625,-182.4820701993747,350.0
277,1953,18581,36306944,,,,,,,,,,,,,,,,
,,,36438016,17.278348922729492,24.128707933425904,0.9515271559357643,0.001,0.003332223277539015,1580,0.51600341796875,0.2,-0.026502468327817042,10.075597083568573,11.437536239624023,0.00024553958399999997,0.092108384,0.15625,-165.34575373067378,336.21875
278,1953,18648,36438016,,,,,,,,,,,,,,,,
,,,36569088,18.92224884033203,22.156877905130386,0.9562911130487919,0.001,0.00333036994561553,1585,0.5256439208984375,0.2,-0.027123066304193345,10.030809569358826,10.07844352722168,0.00024534297599999996,0.08944769,0.125,-169.08266016630907,341.5208333333333
279,1954,18714,36569088,,,,,,,,,,,,,,,,
,,,36700160,19.508634567260742,22.551955127716063,0.9582214206457138,0.001,0.0033309473656117916,1590,0.5525970458984375,0.2,-0.025702916865702717,9.958276987075806,10.270612716674805,0.00024514636799999995,0.09370594,0.1875,-165.93378087506508,329.2083333333333
280,1954,18781,36700160,,,,,,,,,,,,,,,,
,,,36831232,19.841793060302734,22.96701411008835,0.9532501883804798,0.001,0.003329418133944273,1595,0.5641403198242188,0.2,-0.023407586140820058,10.033849358558655,11.087101936340332,0.00024494975999999995,0.12322237,0.11458333333333333,-174.71549712533806,349.875
281,1954,18848,36831232,,,,,,,,,,,,,,,,
,,,36962304,19.99305534362793,26.097859609127045,0.9462000206112862,0.001,0.003336520865559578,1600,0.5199630737304688,0.2,-0.026608646125532688,10.012014782428741,12.642068862915039,0.000244753152,0.073289,0.15625,-164.99961363829792,344.4375
282,1954,18915,36962304,,,,,,,,,,,,,,,,
,,,37093376,19.647510528564453,23.0958172082901,0.9548726491630077,0.001,0.0033328253775835037,1605,0.5031845092773437,0.2,-0.025412965424766298,9.978910952806473,9.544831275939941,0.000244556544,0.0905643,0.1875,-163.96641141806663,337.0729166666667
283,1954,18981,37093376,,,,,,,,,,,,,,,,
,,,37224448,18.890518188476562,23.265872037410738,0.9543330185115337,0.001,0.0033304886892437935,1610,0.48963470458984376,0.2,-0.0263608249661047,9.917699253559112,10.530177116394043,0.000244359936,0.076145284,0.14583333333333334,-175.77796608259743,335.3229166666667
284,1954,19048,37224448,,,,,,,,,,,,,,,,
,,,37355520,17.812255859375,23.617857587337493,0.9526244774460793,0.001,0.0033374277409166098,1615,0.5315078735351563,0.2,-0.024421834733220748,9.957995361089706,9.289931297302246,0.000244163328,0.067632586,0.11458333333333333,-174.3913489100164,354.1354166666667
285,1954,19116,37355520,,,,,,,,,,,,,,,,
,,,37486592,20.061246871948242,21.230755764245988,0.9587154351174831,0.001,0.0033402058761566877,1620,0.51688232421875,0.2,-0.025912118192354682,10.064900857210159,10.238439559936523,0.00024396671999999997,0.1059957,0.125,-172.89171626279335,349.9479166666667
286,1954,19183,37486592,,,,,,,,,,,,,,,,
,,,37617664,18.891738891601562,17.312935841083526,0.9633885324001312,0.001,0.0033378046937286854,1625,0.5443634033203125,0.2,-0.020701004352304153,10.023150187730788,9.194808006286621,0.000243770112,0.14088175,0.17708333333333334,-170.55581270064408,323.6041666666667
287,1954,19250,37617664,,,,,,,,,,,,,,,,
,,,37748736,19.486846923828125,21.124839556217193,0.9583490006625652,0.001,0.0033385655842721462,1630,0.51805419921875,0.2,-0.02788168006154592,9.904516291618346,8.708233833312988,0.00024357350399999999,0.090647,0.07291666666666667,-184.15428619289273,361.03125
288,1954,19317,37748736,,,,,,,,,,,,,,,,
,,,37879808,18.929075241088867,22.828372609615325,0.9560609720647335,0.001,0.003334634006023407,1635,0.5145538330078125,0.2,-0.029499546815350185,9.959337854385376,10.407133102416992,0.00024337689599999998,0.095098786,0.13541666666666666,-171.8131131488157,354.96875
289,1954,19384,37879808,,,,,,,,,,,,,,,,
,,,38010880,18.408626556396484,21.675201803445816,0.9598159268498421,0.001,0.0033335748594254255,1640,0.5132461547851562,0.2,-0.023613840593316126,9.940248572826386,11.073122024536133,0.000243180288,0.07573743,0.125,-172.46164165235845,347.65625
290,1954,19450,38010880,,,,,,,,,,,,,,,,
,,,38141952,17.53118133544922,23.915747034549714,0.9544667862355709,0.001,0.00333874742500484,1645,0.49061737060546873,0.2,-0.028695739070826676,9.959134072065353,9.152161598205566,0.00024298368,0.08999729,0.14583333333333334,-173.56039253326432,342.1666666666667
291,1954,19518,38141952,,,,,,,,,,,,,,,,
,,,38273024,18.362442016601562,21.967607063055038,0.9535715579986572,0.001,0.0033368226140737534,1650,0.5181838989257812,0.2,-0.02868558710324578,10.051732337474823,11.084145545959473,0.00024278707199999996,0.07771674,0.125,-177.89774239158137,352.6666666666667
292,1954,19585,38273024,,,,,,,,,,,,,,,,
,,,38404096,18.574832916259766,21.189863920211792,0.9574910961091518,0.001,0.0033405767753720284,1655,0.53726806640625,0.2,-0.018261250061914324,9.960990327596665,10.275944709777832,0.00024259046399999998,0.08329238,0.125,-171.76298501192719,345.96875
293,1954,19652,38404096,,,,,,,,,,,,,,,,
,,,38535168,19.03611183166504,23.45715810060501,0.9563810899853706,0.001,0.0033400505781173706,1660,0.556011962890625,0.2,-0.018179103053262223,10.01515736579895,10.148356437683105,0.00024239385599999998,0.12270425,0.20833333333333334,-157.43539825748326,324.1979166666667
294,1954,19719,38535168,,,,,,,,,,,,,,,,
,,,38666240,19.479341506958008,20.17160007953644,0.9586043618619442,0.001,0.0033464001026004553,1665,0.48978424072265625,0.2,-0.02680761412339052,9.978355568647384,9.721954345703125,0.000242197248,0.07236206,0.13541666666666666,-176.93018435592535,348.53125
295,1954,19787,38666240,,,,,,,,,,,,,,,,
,,,38797312,18.354093551635742,18.246943837404253,0.9645885191857815,0.001,0.003343410324305296,1670,0.5679656982421875,0.2,-0.013968975486204727,9.993122726678848,7.9508185386657715,0.00024200063999999996,0.105078846,0.09375,-177.7740370417223,361.1354166666667
296,1954,19853,38797312,,,,,,,,,,,,,,,,
,,,38928384,19.05765151977539,21.235750567913055,0.9594754800200462,0.001,0.0033540953882038593,1675,0.5859649658203125,0.2,-0.013339235456078314,10.065264010429383,8.749787330627441,0.00024180403199999996,0.12444855,0.1875,-165.90436100170277,340.9375
297,1954,19920,38928384,,,,,,,,,,,,,,,,
,,,39059456,20.229400634765625,19.893512541055678,0.9620787650346756,0.001,0.0033569461666047573,1680,0.5478302001953125,0.2,-0.01637933895253809,9.981596928834914,9.448332786560059,0.00024160742399999998,0.118343666,0.10416666666666667,-182.56279079809178,344.5104166666667
298,1954,19986,39059456,,,,,,,,,,,,,,,,
,,,39190528,20.150012969970703,23.10402070879936,0.9588100835680962,0.001,0.0033618356101214886,1685,0.5448257446289062,0.2,-0.027058258985925933,9.928729379177094,11.426863670349121,0.00024141081599999997,0.15136623,0.15625,-164.90478415818038,345.9791666666667
299,1954,20053,39190528,,,,,,,,,,,,,,,,
,,,39321600,19.428470611572266,20.304153627157213,0.9599064029753208,0.001,0.0033629934769123793,1690,0.5077499389648438,0.2,-0.030644766430486924,9.994796055555344,9.263269424438477,0.00024121420799999997,0.10570824,0.09375,-180.05017167914093,351.0520833333333
300,1954,20121,39321600,,,,,,,,,,,,,,,,
,,,39452672,18.87395668029785,22.736805200576782,0.9581362865865231,0.001,0.0033612879924476147,1695,0.49662017822265625,0.2,-0.032743833177664786,9.974078351259232,11.461024284362793,0.0002410176,0.07887862,0.09375,-179.79824418714807,356.2708333333333
301,1954,20188,39452672,,,,,,,,,,,,,,,,
,,,39583744,19.26105499267578,21.297292441129684,0.9573864452540874,0.001,0.0033636577427387238,1700,0.52060546875,0.2,-0.02718140634242445,10.008729827404022,9.48435115814209,0.00024082099199999998,0.13223681,0.10416666666666667,-176.5995960781835,346.0416666666667
302,1954,20256,39583744,,,,,,,,,,,,,,,,
,,,39714816,18.932165145874023,17.351808404922487,0.9667168110609055,0.001,0.003372172825038433,1705,0.5601715087890625,0.2,-0.018278529519739094,9.987176877260207,9.690690040588379,0.00024062438399999998,0.13835274,0.125,-171.85781299726094,343.34375
303,1954,20322,39714816,,,,,,,,,,,,,,,,
,,,39845888,20.115821838378906,17.782882273197174,0.9680517762899399,0.001,0.0033745679538697004,1710,0.5761306762695313,0.2,-0.01792209648701828,9.96351479291916,7.143853664398193,0.000240427776,0.120764494,0.11458333333333333,-174.55338383847632,349.0104166666667
304,1954,20390,39845888,,,,,,,,,,,,,,,,
,,,39976960,18.208786010742188,20.35418711900711,0.9610778242349625,0.001,0.003373790066689253,1715,0.5210693359375,0.2,-0.027238210475479717,10.048040908575057,10.588202476501465,0.000240231168,0.08474289,0.11458333333333333,-174.0040480541919,337.125
305,1954,20457,39976960,,,,,,,,,,,,,,,,
,,,40108032,19.23207664489746,19.59364868402481,0.9613958485424519,0.001,0.003367871046066284,1720,0.5124847412109375,0.2,-0.036133530737424736,9.983167147636413,9.20518684387207,0.00024003455999999998,0.08247405,0.10416666666666667,-178.07333559051676,345.53125
306,1954,20524,40108032,,,,,,,,,,,,,,,,
,,,40239104,21.74573516845703,18.275036388635634,0.964145053178072,0.001,0.0033656074665486813,1725,0.5175308227539063,0.2,-0.03124077085230965,10.005898016691209,7.455718040466309,0.00023983795199999998,0.0693916,0.14583333333333334,-168.2435579665204,336.125
307,1954,20591,40239104,,,,,,,,,,,,,,,,
,,,40370176,20.405319213867188,20.858158242702483,0.9608566164970398,0.001,0.0033762273378670216,1730,0.5614334106445312,0.2,-0.019949678430566564,10.014347434043884,10.501333236694336,0.000239641344,0.20964904,0.11458333333333333,-178.83733858244253,346.9583333333333
308,1954,20658,40370176,,,,,,,,,,,,,,,,
,,,40501248,19.58912467956543,16.760561054944993,0.9680775552988052,0.001,0.00337476609274745,1735,0.5324615478515625,0.2,-0.02666425083298236,9.97344475388527,5.302788257598877,0.00023944473599999997,0.12948713,0.16666666666666666,-165.52525225073762,343.0625
309,1954,20724,40501248,,,,,,,,,,,,,,,,
,,,40632320,20.225004196166992,20.352731156349183,0.9605815634131432,0.001,0.0033717870246618986,1740,0.5063446044921875,0.2,-0.025957518181530758,9.942273890972137,8.518386840820312,0.000239248128,0.07296251,0.09375,-178.43074489482947,346.4791666666667
310,1954,20791,40632320,,,,,,,,,,,,,,,,
,,,40763392,17.782203674316406,19.669855934381484,0.964281402528286,0.001,0.0033781323581933975,1745,0.5799591064453125,0.2,-0.026753685345465784,9.978768825531006,8.6642427444458,0.00023905151999999995,0.12846582,0.16666666666666666,-168.84051227551188,328.125
311,1954,20858,40763392,,,,,,,,,,,,,,,,
,,,40894464,19.800579071044922,22.22935417890549,0.9562890008091927,0.001,0.00338333984836936,1750,0.5201980590820312,0.2,-0.030131471299682744,9.976954817771912,8.229384422302246,0.000238854912,0.08452748,0.16666666666666666,-173.37453204778117,335.0208333333333
312,1954,20924,40894464,,,,,,,,,,,,,,,,
,,,41025536,20.896167755126953,20.8718239068985,0.9602608941495419,0.001,0.003386465832591057,1755,0.5223541259765625,0.2,-0.020872081008565146,9.91144693493843,7.602760314941406,0.00023865830399999997,0.09889737,0.07291666666666667,-182.46092255557366,361.6979166666667
313,1954,20991,41025536,,,,,,,,,,,,,,,,
,,,41156608,18.416030883789062,21.156554651260375,0.9582438990473747,0.001,0.0033898032270371914,1760,0.5224777221679687,0.2,-0.02430628405418247,9.96843386888504,9.93082332611084,0.00023846169599999996,0.07391075,0.11458333333333333,-166.85506827525205,346.3958333333333
314,1954,21058,41156608,,,,,,,,,,,,,,,,
,,,41287680,21.99110984802246,22.968488842248917,0.9548557549715042,0.001,0.0033914162777364254,1765,0.5677703857421875,0.2,-0.021778858745528852,10.047528487443923,10.384377479553223,0.00023826508799999998,0.13727105,0.15625,-168.4351023713019,349.125
315,1954,21125,41287680,,,,,,,,,,,,,,,,
,,,41418752,20.80946922302246,18.884414649009706,0.9642966166138649,0.001,0.0033860558178275824,1770,0.48479156494140624,0.2,-0.030011291394475847,9.991395026445389,7.361952781677246,0.00023806847999999998,0.06594314,0.11458333333333333,-177.4461171155633,350.8229166666667
316,1954,21191,41418752,,,,,,,,,,,,,,,,
,,,41549824,22.26665496826172,18.279567629098892,0.9622716829180717,0.001,0.003379442263394594,1775,0.5581710815429688,0.2,-0.020630855097260793,9.946352201700211,7.643605709075928,0.00023787187199999997,0.101770684,0.10416666666666667,-179.53784781068734,351.2708333333333
317,1954,21259,41549824,,,,,,,,,,,,,,,,
,,,41680896,20.37259292602539,19.74386550784111,0.9600472934544086,0.001,0.003375377506017685,1780,0.584149169921875,0.2,-0.014617884616018272,9.942132365703582,7.800288677215576,0.00023767526399999997,0.15749592,0.07291666666666667,-175.7439210760232,366.4270833333333
318,1954,21326,41680896,,,,,,,,,,,,,,,,
,,,41811968,21.38576889038086,20.081747192144395,0.9602414444088936,0.001,0.0033669299446046352,1785,0.47830963134765625,0.2,-0.0310462378183729,9.981995660066605,7.210177421569824,0.00023747865599999999,0.064548485,0.10416666666666667,-177.5128046395836,348.1458333333333
319,1954,21393,41811968,,,,,,,,,,,,,,,,
,,,41943040,19.556703567504883,19.570351600646973,0.964542344212532,0.001,0.0033685672096908092,1790,0.5444747924804687,0.2,-0.02389393087796634,9.893150156736374,8.442537307739258,0.00023728204799999998,0.11414266,0.10416666666666667,-176.63175747016317,351.90625
320,1954,21459,41943040,,,,,,,,,,,,,,,,
,,,42074112,18.879989624023438,20.908303171396255,0.956825278699398,0.001,0.003373651532456279,1795,0.5076858520507812,0.2,-0.031100088749371934,10.05107114315033,8.529537200927734,0.00023708543999999997,0.081397966,0.14583333333333334,-174.10417333102023,349.6770833333333
321,1954,21526,42074112,,,,,,,,,,,,,,,,
,,,42205184,19.84491539001465,17.835726141929626,0.9648352898657322,0.001,0.003375813364982605,1800,0.5039779663085937,0.2,-0.03022881813813001,10.017205822467805,6.812623977661133,0.000236888832,0.074963726,0.14583333333333334,-170.23896122342208,342.2083333333333
322,1954,21593,42205184,,,,,,,,,,,,,,,,
,,,42336256,19.79800033569336,18.980332446098327,0.9621432833373547,0.001,0.0033769640140235424,1805,0.540570068359375,0.2,-0.024214230990037323,9.962026005983352,10.883869171142578,0.000236692224,0.08246413,0.11458333333333333,-172.52527864242975,351.4375
323,1954,21659,42336256,,,,,,,,,,,,,,,,
,,,42467328,20.236522674560547,18.02699006199837,0.9642268605530262,0.001,0.0033833745401352644,1810,0.60565185546875,0.2,-0.015295565937412903,9.98979709148407,8.968023300170898,0.00023649561599999998,0.10949081,0.041666666666666664,-185.89530119244273,361.8854166666667
324,1954,21727,42467328,,,,,,,,,,,,,,,,
,,,42598400,22.103538513183594,22.04685747027397,0.9619166739284992,0.001,0.003388514742255211,1815,0.5520034790039062,0.2,-0.014693392765184398,9.917540210485459,9.164681434631348,0.00023629900799999998,0.11354254,0.10416666666666667,-169.9701471428696,350.0416666666667
325,1954,21793,42598400,,,,,,,,,,,,,,,,
,,,42729472,21.822484970092773,18.789245426654816,0.9646035321056843,0.001,0.003395684761926532,1820,0.5562393188476562,0.2,-0.024982117741456023,10.04834520816803,8.429411888122559,0.0002361024,0.1091461,0.14583333333333334,-166.51240554730796,348.2708333333333
326,1954,21860,42729472,,,,,,,,,,,,,,,,
,,,42860544,21.53218650817871,17.596380043029786,0.9614870473742485,0.001,0.0033946679905056953,1825,0.52972412109375,0.2,-0.0278542267929879,9.974932706356048,7.251405715942383,0.000235905792,0.109477766,0.11458333333333333,-173.4744379851442,349.4583333333333
327,1954,21927,42860544,,,,,,,,,,,,,,,,
,,,42991616,20.97171401977539,19.831224846839905,0.9640127383172512,0.001,0.003399175126105547,1830,0.5611328125,0.2,-0.023123207938624546,9.873214489221573,7.3504791259765625,0.00023570918399999996,0.10817237,0.17708333333333334,-165.30837607700792,335.8854166666667
328,1954,21994,42991616,,,,,,,,,,,,,,,,
,,,43122688,21.877172470092773,23.02519381046295,0.9573331698775291,0.001,0.003395607229322195,1835,0.49135589599609375,0.2,-0.030204801644867985,9.890223413705826,9.163176536560059,0.000235512576,0.113461636,0.15625,-171.1149098040341,329.34375
329,1954,22062,43122688,,,,,,,,,,,,,,,,
,,,43253760,20.89777374267578,24.15467928647995,0.9549258127808571,0.001,0.0033826143480837345,1840,0.55008544921875,0.2,-0.02547852394200163,9.957922708988189,13.232589721679688,0.00023531596799999997,0.13419653,0.125,-165.0949037245699,348.6354166666667
330,1954,22128,43253760,,,,,,,,,,,,,,,,
,,,43384832,21.63302993774414,18.96035867333412,0.9640443250536919,0.001,0.003383088391274214,1845,0.547442626953125,0.2,-0.02298496962466743,9.973723953962326,8.193324089050293,0.00023511935999999997,0.10689453,0.17708333333333334,-163.8332794976831,338.7916666666667
331,1954,22196,43384832,,,,,,,,,,,,,,,,
,,,43515904,20.567350387573242,18.1276644051075,0.9645171388983727,0.001,0.0033835023641586304,1850,0.5284332275390625,0.2,-0.028512802274781278,9.93568064570427,7.372437953948975,0.00023492275199999996,0.08945825,0.16666666666666666,-164.57530872518444,328.09375
332,1954,22262,43515904,,,,,,,,,,,,,,,,
,,,43646976,20.4857177734375,20.37313217520714,0.9573324136435986,0.001,0.0033707849215716124,1855,0.5048660278320313,0.2,-0.03049367031198926,9.96400573849678,7.71867561340332,0.00023472614399999998,0.083558224,0.19791666666666666,-169.06993185719045,334.5104166666667
333,1954,22329,43646976,,,,,,,,,,,,,,,,
,,,43778048,21.847570419311523,19.27389560341835,0.9612935930490494,0.001,0.0033743707463145256,1860,0.5469573974609375,0.2,-0.02618150595735642,9.880169665813446,8.39455509185791,0.00023452953599999998,0.13164338,0.10416666666666667,-180.19688941504774,366.6666666666667
334,1954,22396,43778048,,,,,,,,,,,,,,,,
,,,43909120,21.57990264892578,17.314736902713776,0.9671238586306572,0.001,0.003376259468495846,1865,0.5366363525390625,0.2,-0.022644628363195807,9.920300501585007,7.047807693481445,0.00023433292799999997,0.077349365,0.14583333333333334,-172.2765136274671,350.0520833333333
335,1954,22463,43909120,,,,,,,,,,,,,,,,
,,,44040192,19.52097511291504,17.145759218931197,0.9654983058571815,0.001,0.0033710214775055647,1870,0.5465408325195312,0.2,-0.02443633209113614,9.940064525604248,8.218585014343262,0.00023413631999999996,0.09878855,0.10416666666666667,-176.34367235916338,348.7395833333333
336,1954,22531,44040192,,,,,,,,,,,,,,,,
,,,44171264,19.5955753326416,23.199830907583237,0.9536171555519104,0.001,0.0033717972692102194,1875,0.5222549438476562,0.2,-0.02815363695990527,10.047229623794555,8.952033996582031,0.00023393971199999999,0.13705644,0.23958333333333334,-166.62344626934518,320.5520833333333
337,1954,22597,44171264,,,,,,,,,,,,,,,,
,,,44302336,19.41677474975586,16.88869422674179,0.9624803178012371,0.001,0.0033705951645970345,1880,0.5450088500976562,0.2,-0.025036005978108733,9.992219752073288,6.610074996948242,0.00023374310399999998,0.12010646,0.11458333333333333,-173.90152961326748,342.1041666666667
338,1954,22665,44302336,,,,,,,,,,,,,,,,
,,,44433408,19.606849670410156,18.64628693461418,0.9645778462290764,0.001,0.0033779190853238106,1885,0.5828933715820312,0.2,-0.014222320483531803,9.892141669988632,8.946681022644043,0.00023354649599999997,0.13304678,0.10416666666666667,-178.2793282967872,353.2708333333333
339,1954,22731,44433408,,,,,,,,,,,,,,,,
,,,44564480,20.44866180419922,17.499591058492662,0.9623111374676228,0.001,0.003377794986590743,1890,0.4553070068359375,0.2,-0.03425451778675779,9.90068577528,6.688417434692383,0.000233349888,0.07447512,0.11458333333333333,-174.7997842549686,350.4583333333333
340,1954,22799,44564480,,,,,,,,,,,,,,,,
,,,44695552,21.187984466552734,17.126132982969285,0.9638040103018284,0.001,0.003371145110577345,1895,0.5012832641601562,0.2,-0.027583534642326414,9.914858907461166,8.913426399230957,0.00023315328,0.083771445,0.11458333333333333,-175.3657381788512,338.5208333333333
341,1954,22865,44695552,,,,,,,,,,,,,,,,
,,,44826624,21.437788009643555,19.606779849529268,0.9580393694341183,0.001,0.003375645726919174,1900,0.537481689453125,0.2,-0.028016673349338817,9.969904136657714,8.7467041015625,0.00023295667199999998,0.11428383,0.08333333333333333,-188.47677064914956,345.8020833333333
342,1954,22932,44826624,,,,,,,,,,,,,,,,
,,,44957696,21.156734466552734,21.11028927564621,0.9554548673331738,0.001,0.003381493268534541,1905,0.5612228393554688,0.2,-0.017037032072403237,9.968857526779175,9.066073417663574,0.000232760064,0.09454024,0.07291666666666667,-182.26858451931142,351.96875
343,1954,22999,44957696,,,,,,,,,,,,,,,,
,,,45088768,20.706642150878906,21.30508159995079,0.9566727317869663,0.001,0.0033794990740716457,1910,0.5110931396484375,0.2,-0.030925735110940877,9.950517004728317,8.385948181152344,0.000232563456,0.06549467,0.0625,-178.15508585047928,356.5208333333333
344,1954,23066,45088768,,,,,,,,,,,,,,,,
,,,45219840,20.321491241455078,22.03767696619034,0.95497015863657,0.001,0.003374501597136259,1915,0.5396697998046875,0.2,-0.026104215050872882,9.825456786155701,9.093935012817383,0.00023236684799999996,0.11957509,0.16666666666666666,-170.68956013849302,330.5104166666667
345,1954,23133,45219840,,,,,,,,,,,,,,,,
,,,45350912,21.6095027923584,22.607503795623778,0.9510612785816193,0.001,0.003367194440215826,1920,0.5268325805664062,0.2,-0.025085916330863257,9.970002114772797,9.512798309326172,0.00023217023999999998,0.10766938,0.125,-174.1558709510383,345.7604166666667
346,1954,23200,45350912,,,,,,,,,,,,,,,,
,,,45481984,22.56622886657715,22.90857478380203,0.9534330815076828,0.001,0.0033682547509670258,1925,0.4820770263671875,0.2,-0.03211574968954665,9.918253284692764,9.29061222076416,0.00023197363199999998,0.06665203,0.13541666666666666,-175.36057517596524,352.1041666666667
347,1954,23268,45481984,,,,,,,,,,,,,,,,
,,,45613056,21.550655364990234,18.385340386629103,0.9615194723010063,0.001,0.003364868462085724,1930,0.49414520263671874,0.2,-0.035324593271070626,9.906328469514847,9.605110168457031,0.000231777024,0.065378755,0.16666666666666666,-163.25146642718036,329.8020833333333
348,1954,23335,45613056,,,,,,,,,,,,,,,,
,,,45744128,21.323453903198242,21.205017161369323,0.9584201574325562,0.001,0.0033681350760161877,1935,0.52371826171875,0.2,-0.02884636854432756,9.903458309173583,10.470203399658203,0.00023158041599999997,0.105601445,0.19791666666666666,-160.47710450912214,336.34375
349,1954,23403,45744128,,,,,,,,,,,,,,,,
,,,45875200,20.376876831054688,20.802958697080612,0.9547477476298809,0.001,0.0033700314816087484,1940,0.55587158203125,0.2,-0.02585487400792772,9.893303561210633,8.312969207763672,0.00023138380799999996,0.12897572,0.17708333333333334,-165.94595660166036,342.1666666666667
350,1954,23469,45875200,,,,,,,,,,,,,,,,
,,,46006272,22.98065185546875,22.236836230754854,0.9558640494942665,0.001,0.0033737709745764732,1945,0.5312484741210938,0.2,-0.02474742723570671,9.898300331830978,8.442672729492188,0.00023118719999999998,0.11244423,0.14583333333333334,-169.32766011192894,335.4166666666667
351,1954,23536,46006272,,,,,,,,,,,,,,,,
,,,46137344,22.196409225463867,22.901497852802276,0.9555085338652134,0.001,0.0033737588673830032,1950,0.5649612426757813,0.2,-0.027308964534313418,9.963781863451004,12.700142860412598,0.00023099059199999997,0.10470372,0.10416666666666667,-177.53467481079804,351.9791666666667
352,1954,23602,46137344,,,,,,,,,,,,,,,,
,,,46268416,22.088613510131836,19.049584966897964,0.9633343778550625,0.001,0.003376675769686699,1955,0.5054168701171875,0.2,-0.028176154931134078,9.927746224403382,10.648256301879883,0.00023079398399999997,0.11397773,0.21875,-163.323108990129,325.9479166666667
353,1954,23669,46268416,,,,,,,,,,,,,,,,
,,,46399488,24.58504867553711,22.022331964969634,0.9546918161213398,0.001,0.003380888607352972,1960,0.5279876708984375,0.2,-0.02712959249620326,9.903530687093735,10.255647659301758,0.000230597376,0.09461787,0.11458333333333333,-173.10781977394632,347.9270833333333
354,1954,23736,46399488,,,,,,,,,,,,,,,,
,,,46530560,23.180280685424805,18.13561707139015,0.9645596817135811,0.001,0.0033871266059577465,1965,0.5569931030273437,0.2,-0.02424807803472504,9.861788582801818,8.35183334350586,0.00023040076799999998,0.107235,0.08333333333333333,-179.3049080240016,352.5208333333333
355,1954,23803,46530560,,,,,,,,,,,,,,,,
,,,46661632,23.843379974365234,21.612817847728728,0.9547489434480667,0.001,0.0034005194902420044,1970,0.5207443237304688,0.2,-0.02698713474383112,9.931963300704956,9.384923934936523,0.00023020415999999998,0.080812305,0.20833333333333334,-158.24780138288438,332.34375
356,1954,23869,46661632,,,,,,,,,,,,,,,,
,,,46792704,22.153663635253906,19.324905532598496,0.9602537043392658,0.001,0.0034022589679807425,1975,0.5394241333007812,0.2,-0.026510715496260672,9.849810582399368,11.585819244384766,0.00023000755199999997,0.12892802,0.14583333333333334,-170.50953106688652,344.15625
357,1954,23937,46792704,,,,,,,,,,,,,,,,
,,,46923776,21.81755828857422,16.00520654916763,0.9652386642992496,0.001,0.0034021474421024323,1980,0.5101791381835937,0.2,-0.031193600468395744,9.97398208975792,6.510472297668457,0.000229810944,0.08521958,0.17708333333333334,-159.8077800239101,333.1770833333333
358,1954,24003,46923776,,,,,,,,,,,,,,,,
,,,47054848,22.415390014648438,19.548722207546234,0.9641529358923435,0.001,0.0034010554663836956,1985,0.5280075073242188,0.2,-0.022192358277970926,9.835960799455643,7.591297149658203,0.00022961433599999999,0.08841699,0.125,-174.07348431557656,339.71875
359,1954,24070,47054848,,,,,,,,,,,,,,,,
,,,47185920,22.47566795349121,17.023316860198975,0.9639059491455555,0.001,0.0034042545594274998,1990,0.5749969482421875,0.2,-0.021648801141418518,10.002870500087738,7.8926310539245605,0.00022941772799999998,0.1363779,0.10416666666666667,-171.24416118326602,346.0104166666667
360,1954,24137,47185920,,,,,,,,,,,,,,,,
,,,47316992,22.92354965209961,23.01208100914955,0.9534634947776794,0.001,0.0033994640689343214,1995,0.46756591796875,0.2,-0.030481025620247237,9.863264399766923,11.322338104248047,0.00022922112,0.057318114,0.11458333333333333,-176.33095470550265,334.3020833333333
361,1954,24204,47316992,,,,,,,,,,,,,,,,
,,,47448064,21.90530014038086,16.98261637687683,0.9647010006010532,0.001,0.0034056208096444607,2000,0.5683639526367188,0.2,-0.023442504566628487,9.829742223024368,5.810585975646973,0.00022902451199999997,0.12377758,0.10416666666666667,-164.78264595753754,351.0520833333333
362,1954,24271,47448064,,,,,,,,,,,,,,,,
,,,47579136,20.907718658447266,19.83837519288063,0.960045862942934,0.001,0.003398001194000244,2005,0.505780029296875,0.2,-0.028944500829675236,9.833533746004104,8.098469734191895,0.000228827904,0.074160844,0.08333333333333333,-175.60122814011086,360.03125
363,1954,24337,47579136,,,,,,,,,,,,,,,,
,,,47710208,22.290821075439453,18.12860433459282,0.9609162397682667,0.001,0.0034007884096354246,2010,0.5434295654296875,0.2,-0.02705564613279421,9.89044721722603,8.4149808883667,0.00022863129599999996,0.10086056,0.13541666666666666,-165.89027400566602,347.3125
364,1954,24405,47710208,,,,,,,,,,,,,,,,
,,,47841280,21.092422485351562,23.298346042633057,0.9563107676804066,0.001,0.0034010373055934906,2015,0.4855133056640625,0.2,-0.028401613410096616,9.886516505479813,9.13733959197998,0.000228434688,0.06757447,0.13541666666666666,-167.093866027934,349.1770833333333
365,1954,24472,47841280,,,,,,,,,,,,,,,,
,,,47972352,20.70354461669922,22.92591259479523,0.9563320241868496,0.001,0.0034041337203234434,2020,0.5485015869140625,0.2,-0.02183357448229799,9.849828052520753,9.572640419006348,0.00022823807999999997,0.09791757,0.14583333333333334,-167.73513719904943,336.1979166666667
366,1954,24538,47972352,,,,,,,,,,,,,,,,
,,,48103424,23.013103485107422,19.914767158031463,0.9599465280771255,0.001,0.0034083914943039417,2025,0.5620285034179687,0.2,-0.023707287899742368,9.91631714105606,8.7900972366333,0.00022804147199999996,0.17936471,0.16666666666666666,-169.25761110498658,337.2083333333333
367,1954,24605,48103424,,,,,,,,,,,,,,,,
,,,48234496,21.38630485534668,18.56501034498215,0.9623434580862522,0.001,0.0034139312338083982,2030,0.5555465698242188,0.2,-0.020322806990589016,9.878192096948624,7.089303970336914,0.00022784486399999996,0.117679454,0.11458333333333333,-170.81543624089727,364.75
368,1954,24672,48234496,,,,,,,,,,,,,,,,
,,,48365568,23.2653865814209,24.964645767211913,0.9487936794757843,0.001,0.003423915710300207,2035,0.5733230590820313,0.2,-0.016857655650528613,9.9333405315876,11.141192436218262,0.00022764825599999998,0.13789633,0.1875,-161.94394601150805,322.625
369,1954,24739,48365568,,,,,,,,,,,,,,,,
,,,48496640,20.910884857177734,24.61178457736969,0.9493046216666698,0.001,0.003423770423978567,2040,0.5148696899414062,0.2,-0.02748080690507777,9.858462995290756,11.628148078918457,0.00022745164799999997,0.08092004,0.16666666666666666,-166.17895799733014,332.1041666666667
370,1954,24806,48496640,,,,,,,,,,,,,,,,
,,,48627712,22.628326416015625,19.821859896183014,0.9597029946744442,0.001,0.003433212172240019,2045,0.5510238647460938,0.2,-0.02438949410279747,9.8655311524868,9.0022611618042,0.00022725503999999997,0.11146683,0.09375,-184.52645382517372,334.78125
371,1955,24873,48627712,,,,,,,,,,,,,,,,
,,,48758784,22.62533187866211,19.06714063286781,0.9615146070718765,0.001,0.0034405775368213654,2050,0.50113525390625,0.2,-0.031005291992914862,9.86514722108841,9.545255661010742,0.000227058432,0.09993445,0.10416666666666667,-167.51416700831402,354.3333333333333
372,1955,24940,48758784,,,,,,,,,,,,,,,,
,,,48889856,19.864524841308594,18.94317113161087,0.9565532840788364,0.001,0.003446638584136963,2055,0.5264602661132812,0.2,-0.027895944591000442,9.873381835222244,7.655916213989258,0.00022686182399999998,0.115289494,0.125,-171.08316696108974,342.34375
373,1955,25006,48889856,,,,,,,,,,,,,,,,
,,,49020928,20.949352264404297,17.94329286813736,0.9606390371918678,0.001,0.0034493550192564726,2060,0.52645263671875,0.2,-0.02421817828435451,9.80690895318985,7.530166149139404,0.00022666521599999998,0.15154691,0.19791666666666666,-163.48583139616878,332.8125
374,1955,25073,49020928,,,,,,,,,,,,,,,,
,,,49152000,20.527204513549805,16.14937537908554,0.967943798750639,0.001,0.0034502167254686356,2065,0.4979278564453125,0.2,-0.025651284711784683,9.778716659545898,8.693544387817383,0.000226468608,0.10178529,0.16666666666666666,-163.8576559081928,320.8333333333333
375,1955,25140,49152000,,,,,,,,,,,,,,,,
,,,49283072,19.52199363708496,18.612058728933334,0.959103100001812,0.001,0.003455698024481535,2070,0.527337646484375,0.2,-0.022157004005566704,9.773592251539231,7.7686309814453125,0.000226272,0.089331865,0.125,-171.08771192294634,339.59375
376,1955,25207,49283072,,,,,,,,,,,,,,,,
,,,49414144,21.186491012573242,26.714361226558687,0.9496679231524467,0.001,0.0034593003802001476,2075,0.48586578369140626,0.2,-0.02944809870532481,9.751749527454376,9.444698333740234,0.00022607539199999999,0.061596163,0.13541666666666666,-169.78980170936234,341.9895833333333
377,1955,25274,49414144,,,,,,,,,,,,,,,,
,,,49545216,20.228139877319336,21.46774080991745,0.9585244096815586,0.001,0.003460382577031851,2080,0.5261993408203125,0.2,-0.0289104700772441,9.727933710813522,8.203533172607422,0.00022587878399999998,0.07114743,0.125,-177.82447690317358,341.7083333333333
378,1955,25341,49545216,,,,,,,,,,,,,,,,
,,,49676288,19.880218505859375,20.093494331836702,0.9575207568705082,0.001,0.003460197476670146,2085,0.48838043212890625,0.2,-0.031419595159241,9.770780205726624,8.06136417388916,0.000225682176,0.09145574,0.1875,-160.27378045015658,339.15625
379,1955,25409,49676288,,,,,,,,,,,,,,,,
,,,49807360,20.536922454833984,17.690547955036163,0.9625393711030483,0.001,0.0034623215906322002,2090,0.5487548828125,0.2,-0.026067948337004054,9.756496912240982,8.343060493469238,0.000225485568,0.07738225,0.125,-173.37414567790475,352.3854166666667
380,1955,25476,49807360,,,,,,,,,,,,,,,,
,,,49938432,20.14891815185547,19.24745813012123,0.9619797356426716,0.001,0.0034590959548950195,2095,0.5072113037109375,0.2,-0.02625151465763338,9.710167151689529,9.309147834777832,0.00022528895999999996,0.09128876,0.20833333333333334,-159.16144421226616,327.375
381,1955,25542,49938432,,,,,,,,,,,,,,,,
,,,50069504,21.794292449951172,20.070473128557204,0.9575118236243725,0.001,0.0034576631151139736,2100,0.5213592529296875,0.2,-0.028550027051824144,9.808100026845931,9.055813789367676,0.000225092352,0.09258844,0.19791666666666666,-160.49442708414864,321.3541666666667
382,1955,25609,50069504,,,,,,,,,,,,,,,,
,,,50200576,21.37356185913086,24.180710637569426,0.9482248574495316,0.001,0.0034599655773490667,2105,0.521942138671875,0.2,-0.029344888534978963,9.756700265407563,12.52067756652832,0.00022489574399999998,0.10165557,0.1875,-166.25667431729198,316.9166666666667
383,1955,25676,50200576,,,,,,,,,,,,,,,,
,,,50331648,22.172344207763672,22.290264511108397,0.9565657675266266,0.001,0.003460436826571822,2110,0.5350723266601562,0.2,-0.02963531532295747,9.63621719479561,11.704567909240723,0.000224699136,0.095572926,0.125,-176.6012356904431,352.0520833333333
384,1955,25743,50331648,,,,,,,,,,,,,,,,
,,,50462720,20.93838119506836,17.01380947828293,0.9646436274051666,0.001,0.003462333930656314,2115,0.5227676391601562,0.2,-0.028406678738247138,9.746226966381073,7.286189556121826,0.00022450252799999996,0.094971,0.15625,-167.84975958511976,341.7604166666667
385,1955,25810,50462720,,,,,,,,,,,,,,,,
,,,50593792,21.880443572998047,19.893133068084715,0.9571163468062878,0.001,0.003471832722425461,2120,0.5195404052734375,0.2,-0.030037300614640116,9.702854168415069,9.065165519714355,0.00022430591999999998,0.08634322,0.13541666666666666,-173.2578275457108,348.6770833333333
386,1955,25877,50593792,,,,,,,,,,,,,,,,
,,,50724864,21.85443115234375,18.06111087799072,0.9642633646726608,0.001,0.003472903510555625,2125,0.48662261962890624,0.2,-0.03138510800563381,9.59862905740738,6.560497283935547,0.00022410931199999998,0.10851821,0.15625,-167.94986377157537,314.3958333333333
387,1955,25944,50724864,,,,,,,,,,,,,,,,
,,,50855936,20.995025634765625,20.790613734722136,0.958408311009407,0.001,0.003470993135124445,2130,0.49544525146484375,0.2,-0.020982840467331697,9.630377823114395,7.779699802398682,0.00022391270399999997,0.10683745,0.10416666666666667,-170.52632335084147,347.8020833333333
388,1955,26011,50855936,,,,,,,,,,,,,,,,
,,,50987008,23.186626434326172,21.628161203861236,0.9537393264472485,0.001,0.003474719589576125,2135,0.5030166625976562,0.2,-0.026110031935968437,9.716557550430299,10.486330032348633,0.00022371609599999997,0.06996429,0.125,-169.58067650130866,344.1041666666667
389,1955,26078,50987008,,,,,,,,,,,,,,,,
,,,51118080,21.765478134155273,22.4830179810524,0.9560315944254398,0.001,0.0034793594386428595,2140,0.47689056396484375,0.2,-0.03132557726639788,9.652973252534867,9.58447551727295,0.000223519488,0.06182585,0.14583333333333334,-173.21730757132823,326.25
390,1955,26145,51118080,,,,,,,,,,,,,,,,
,,,51249152,21.959484100341797,21.22012256383896,0.9518472850322723,0.001,0.003477280493825674,2145,0.4922637939453125,0.2,-0.033574357596808116,9.628059619665146,9.762742042541504,0.00022332287999999998,0.07236334,0.19791666666666666,-160.0188212351986,331.375
391,1955,26212,51249152,,,,,,,,,,,,,,,,
,,,51380224,21.656314849853516,20.410493564605712,0.9549715183675289,0.001,0.0034767272882163525,2150,0.5155029296875,0.2,-0.02134728292003274,9.592781615257262,7.9459662437438965,0.00022312627199999997,0.085026786,0.13541666666666666,-169.66436241449384,336.15625
392,1955,26279,51380224,,,,,,,,,,,,,,,,
,,,51511296,22.098651885986328,21.58585978150368,0.9563782550394535,0.001,0.003469027578830719,2155,0.47136383056640624,0.2,-0.030940908985212446,9.610531967878341,8.846205711364746,0.000222929664,0.068468876,0.17708333333333334,-168.21777875782328,329.7708333333333
393,1955,26346,51511296,,,,,,,,,,,,,,,,
,,,51642368,21.060283660888672,19.612384259700775,0.9606345631182194,0.001,0.003468088572844863,2160,0.47773590087890627,0.2,-0.027589624388201627,9.658151227235795,8.84189510345459,0.000222733056,0.062255878,0.19791666666666666,-158.9440070466469,325.5520833333333
394,1955,26413,51642368,,,,,,,,,,,,,,,,
,,,51773440,21.30093002319336,17.9765962600708,0.965391967445612,0.001,0.0034751645289361477,2165,0.5468093872070312,0.2,-0.02007140564674046,9.676751637458802,8.936171531677246,0.00022253644799999998,0.110524744,0.125,-176.06242704895263,355.7708333333333
395,1955,26480,51773440,,,,,,,,,,,,,,,,
,,,51904512,22.047622680664062,22.361393386125563,0.9607463926076889,0.001,0.003479394596070051,2170,0.5514739990234375,0.2,-0.010863582165620755,9.708400386571885,9.290938377380371,0.00022233983999999995,0.12096486,0.17708333333333334,-165.02682441407936,316.15625
396,1955,26547,51904512,,,,,,,,,,,,,,,,
,,,52035584,22.360965728759766,23.30216603279114,0.9551044777035713,0.001,0.0034814891405403614,2175,0.51778564453125,0.2,-0.023348097613779827,9.607010471820832,10.318519592285156,0.000222143232,0.13015929,0.08333333333333333,-171.3886829038464,357.8645833333333
397,1955,26615,52035584,,,,,,,,,,,,,,,,
,,,52166656,21.310226440429688,21.881115305423737,0.9576667845249176,0.001,0.003475810866802931,2180,0.5161788940429688,0.2,-0.026587573348660954,9.700755470991135,9.245706558227539,0.00022194662399999997,0.11507185,0.23958333333333334,-151.60509592365466,317.4583333333333
398,1955,26681,52166656,,,,,,,,,,,,,,,,
,,,52297728,20.742881774902344,23.276062953472138,0.9535335935652256,0.001,0.003475030418485403,2185,0.5330886840820312,0.2,-0.021623218921740774,9.76353759765625,9.801460266113281,0.00022175001599999999,0.10705152,0.14583333333333334,-165.88872501186606,340.2916666666667
399,1955,26749,52297728,,,,,,,,,,,,,,,,
,,,52428800,21.69558334350586,25.034176939725874,0.9485756419599056,0.001,0.003476277692243457,2190,0.49105377197265626,0.2,-0.031939038813288786,9.700931090116502,11.503552436828613,0.00022155340799999995,0.07487835,0.17708333333333334,-166.92314855629186,330.1041666666667
400,1955,26815,52428800,,,,,,,,,,,,,,,,
,,,52559872,20.244789123535156,23.891344130039215,0.9532397948205471,0.001,0.0034736364614218473,2195,0.5156524658203125,0.2,-0.025641814094706207,9.680546456575394,11.207530975341797,0.0002213568,0.075746514,0.20833333333333334,-149.77657713959644,317.3229166666667
401,1955,26882,52559872,,,,,,,,,,,,,,,,
,,,52690944,21.512022018432617,22.722205781936644,0.9532527886331081,0.001,0.0034705623984336853,2200,0.483929443359375,0.2,-0.03024440217996016,9.71061596274376,9.517125129699707,0.00022116019199999997,0.07083219,0.17708333333333334,-162.8057342649594,327.28125
402,1955,26948,52690944,,,,,,,,,,,,,,,,
,,,52822016,20.472354888916016,22.191705870628358,0.9538523964583874,0.001,0.0034592142328619957,2205,0.4995361328125,0.2,-0.03088261882367078,9.664024943113327,10.279572486877441,0.00022096358400000002,0.093452156,0.13541666666666666,-172.00711735996947,337.1145833333333
403,1955,27015,52822016,,,,,,,,,,,,,,,,
,,,52953088,20.18282127380371,24.792905831336974,0.948945976793766,0.001,0.00345623679459095,2210,0.5689208984375,0.2,-0.025592005885846446,9.673979467153549,12.758307456970215,0.00022076697599999998,0.13145415,0.125,-168.34571824466803,337.625
404,1955,27082,52953088,,,,,,,,,,,,,,,,
,,,53084160,20.01351547241211,19.552318358421324,0.9625645540654659,0.001,0.0034517699386924505,2215,0.437115478515625,0.2,-0.03260926813818514,9.566496676206588,8.909364700317383,0.00022057036799999998,0.061820462,0.17708333333333334,-165.48059107557125,344.3020833333333
405,1955,27149,53084160,,,,,,,,,,,,,,,,
,,,53215232,21.180585861206055,21.33252372145653,0.9548121616244316,0.001,0.0034598964266479015,2220,0.520782470703125,0.2,-0.023068238658015616,9.678725492954253,7.212718963623047,0.00022037375999999997,0.1177025,0.20833333333333334,-166.20576283551156,325.1875
406,1955,27216,53215232,,,,,,,,,,,,,,,,
,,,53346304,20.193191528320312,23.972101986408234,0.9542158730328083,0.001,0.0034611294977366924,2225,0.4862945556640625,0.2,-0.03280672669934574,9.594528770446777,10.155699729919434,0.000220177152,0.06983001,0.14583333333333334,-171.0392844775312,326.8229166666667
407,1955,27283,53346304,,,,,,,,,,,,,,,,
,,,53477376,18.91999626159668,21.58337198495865,0.9582110568881035,0.001,0.0034681549295783043,2230,0.511163330078125,0.2,-0.019619830379087943,9.640387958288192,9.971320152282715,0.00021998054399999999,0.13119519,0.15625,-168.0571048039252,341.78125
408,1955,27350,53477376,,,,,,,,,,,,,,,,
,,,53608448,21.245685577392578,19.849316513538362,0.959434051066637,0.001,0.0034737444948405027,2235,0.5016937255859375,0.2,-0.02911028982780408,9.713926237821578,9.06496810913086,0.00021978393599999998,0.08405477,0.20833333333333334,-160.63954683513407,325.0104166666667
409,1955,27417,53608448,,,,,,,,,,,,,,,,
,,,53739520,20.429059982299805,17.70413495898247,0.9639769047498703,0.001,0.00347535009495914,2240,0.517822265625,0.2,-0.02745078174339142,9.626023030281067,6.9824676513671875,0.00021958732799999997,0.07841493,0.15625,-167.50933505990872,338.8645833333333
410,1955,27484,53739520,,,,,,,,,,,,,,,,
,,,53870592,18.806617736816406,25.019313907623292,0.9475532956421375,0.001,0.0034745659213513136,2245,0.4882476806640625,0.2,-0.02353007039055228,9.673097491264343,11.376380920410156,0.00021939072,0.07926673,0.19791666666666666,-168.74186647796333,309.7604166666667
411,1955,27551,53870592,,,,,,,,,,,,,,,,
,,,54001664,20.30168342590332,21.342122936248778,0.9567654095590115,0.001,0.003473917953670025,2250,0.4929046630859375,0.2,-0.026437595482275356,9.58723458647728,9.717803955078125,0.000219194112,0.097125575,0.14583333333333334,-167.81871530116914,341.625
412,1955,27617,54001664,,,,,,,,,,,,,,,,
,,,54132736,19.760677337646484,25.301690459251404,0.9493870474398136,0.001,0.0034695591311901808,2255,0.45051116943359376,0.2,-0.028430724474310408,9.663076132535934,11.834141731262207,0.00021899750399999996,0.08115882,0.11458333333333333,-171.23939636953594,338.5625
413,1955,27684,54132736,,,,,,,,,,,,,,,,
,,,54263808,19.72520637512207,22.52338465452194,0.9512349255383015,0.001,0.00347067485563457,2260,0.485308837890625,0.2,-0.0272657273511868,9.677239525318146,10.206957817077637,0.000218800896,0.07470855,0.21875,-158.0423438555876,311.9166666666667
414,1955,27752,54263808,,,,,,,,,,,,,,,,
,,,54394880,20.639942169189453,15.839027148485183,0.9663223922252655,0.001,0.0034648417495191097,2265,0.46570281982421874,0.2,-0.03263152939907741,9.57900402545929,6.834598064422607,0.00021860428799999997,0.07846634,0.125,-170.6426482913976,329.8541666666667
415,1955,27818,54394880,,,,,,,,,,,,,,,,
,,,54525952,18.496702194213867,21.493193328380585,0.9527346789836884,0.001,0.003464899957180023,2270,0.49235992431640624,0.2,-0.03075897209928371,9.609093463420868,8.185123443603516,0.00021840768,0.08713628,0.10416666666666667,-174.41335476877703,343.21875
416,1955,27885,54525952,,,,,,,,,,,,,,,,
,,,54657024,20.141563415527344,25.677094948291778,0.9485027082264423,0.001,0.0034636780619621277,2275,0.43840789794921875,0.2,-0.030958826336427592,9.536800271272659,9.607152938842773,0.00021821107199999996,0.06939103,0.125,-171.40958632513946,338.7083333333333
417,1955,27952,54657024,,,,,,,,,,,,,,,,
,,,54788096,18.932144165039062,25.225164473056793,0.9496903382241726,0.001,0.0034664771519601345,2280,0.5229202270507812,0.2,-0.02640180781309027,9.591618543863296,11.611281394958496,0.000218014464,0.084360495,0.16666666666666666,-164.36653371990278,325.4583333333333
418,1955,28019,54788096,,,,,,,,,,,,,,,,
,,,54919168,19.873859405517578,24.653973573446272,0.9478541910648346,0.001,0.003461922286078334,2285,0.5123565673828125,0.2,-0.026230802421923726,9.613404548168182,9.480916976928711,0.00021781785599999997,0.06200924,0.15625,-169.73880115819205,330.7708333333333
419,1955,28086,54919168,,,,,,,,,,,,,,,,
,,,55050240,20.22244644165039,20.17171139717102,0.9535475447773933,0.001,0.0034580181818455458,2290,0.4596038818359375,0.2,-0.035866878266097045,9.613427209854127,10.347819328308105,0.000217621248,0.06759314,0.13541666666666666,-169.58627833387698,339.0
420,1955,28152,55050240,,,,,,,,,,,,,,,,
,,,55181312,20.17858123779297,27.939547872543336,0.9416408129036427,0.001,0.003454304300248623,2295,0.5005386352539063,0.2,-0.030886071897111834,9.66352790594101,11.300390243530273,0.00021742463999999996,0.07362111,0.15625,-164.6224428421552,340.6875
421,1955,28219,55181312,,,,,,,,,,,,,,,,
,,,55312384,20.33554458618164,23.088419234752656,0.9500207379460335,0.001,0.0034563865046948195,2300,0.5575042724609375,0.2,-0.02265633860733942,9.649858951568604,11.379012107849121,0.00021722803199999998,0.2075662,0.16666666666666666,-166.39117110170488,334.7291666666667
422,1955,28285,55312384,,,,,,,,,,,,,,,,
,,,55443456,20.496131896972656,20.597137838602066,0.9558959379792213,0.001,0.0034667886793613434,2305,0.47327423095703125,0.2,-0.030239761353004723,9.560339051485062,9.219303131103516,0.00021703142399999998,0.059237324,0.11458333333333333,-172.3730315100463,336.4166666666667
423,1955,28352,55443456,,,,,,,,,,,,,,,,
,,,55574528,19.33935546875,18.3552403151989,0.9571044258773327,0.001,0.003469172865152359,2310,0.5358993530273437,0.2,-0.028758779853524173,9.626065522432327,8.881498336791992,0.00021683481599999997,0.108747214,0.15625,-164.4214526244059,334.3333333333333
424,1955,28419,55574528,,,,,,,,,,,,,,,,
,,,55705600,19.74050521850586,21.10898613333702,0.9536116272211075,0.001,0.003471826668828726,2315,0.46614227294921873,0.2,-0.030746396603353786,9.558700489997864,8.005987167358398,0.000216638208,0.07630931,0.08333333333333333,-178.66256118894967,331.90625
425,1955,28487,55705600,,,,,,,,,,,,,,,,
,,,55836672,20.48552703857422,18.8891843020916,0.9603957980871201,0.001,0.003472317475825548,2320,0.5011123657226563,0.2,-0.02738938118563965,9.588047879934312,10.04305648803711,0.00021644159999999998,0.07641749,0.11458333333333333,-173.85486560408663,347.1770833333333
426,1955,28553,55836672,,,,,,,,,,,,,,,,
,,,55967744,18.84395980834961,18.020390623807906,0.9621958062052727,0.001,0.003470152383670211,2325,0.512420654296875,0.2,-0.02377705167309614,9.64286454319954,7.1169867515563965,0.00021624499199999998,0.08096549,0.19791666666666666,-164.22743234137712,329.8333333333333
427,1955,28620,55967744,,,,,,,,,,,,,,,,
,,,56098816,19.251413345336914,18.850009268522264,0.9580910429358482,0.001,0.0034722951240837574,2330,0.531072998046875,0.2,-0.025213093421189114,9.670645582675935,8.587554931640625,0.00021604838399999997,0.074971125,0.14583333333333334,-169.26114343057455,331.8958333333333
428,1955,28688,56098816,,,,,,,,,,,,,,,,
,,,56229888,19.05724334716797,18.649762207269667,0.9586409106850624,0.001,0.0034729652106761932,2335,0.5108322143554688,0.2,-0.02522418104636017,9.66553092598915,7.242376804351807,0.000215851776,0.0913205,0.17708333333333334,-163.15807257595682,330.2916666666667
429,1955,28755,56229888,,,,,,,,,,,,,,,,
,,,56360960,19.591201782226562,15.37326421737671,0.9660910069942474,0.001,0.003471026197075844,2340,0.49383544921875,0.2,-0.030632102400704752,9.57473377585411,7.211978435516357,0.000215655168,0.09038503,0.07291666666666667,-181.62099220499843,354.0104166666667
430,1955,28823,56360960,,,,,,,,,,,,,,,,
,,,56492032,19.931785583496094,17.45146608352661,0.9633339792490005,0.001,0.0034792504739016294,2345,0.5539642333984375,0.2,-0.018002634556614792,9.550080722570419,8.42473316192627,0.00021545855999999998,0.22497556,0.21875,-161.1288742840591,322.6666666666667
431,1955,28889,56492032,,,,,,,,,,,,,,,,
,,,56623104,20.27520751953125,18.680519753694533,0.9605976603925228,0.001,0.0034775035455822945,2350,0.50501708984375,0.2,-0.034137609304161744,9.56649819612503,6.522618293762207,0.00021526195199999995,0.09745041,0.15625,-165.60554908752286,351.65625
432,1955,28956,56623104,,,,,,,,,,,,,,,,
,,,56754176,21.183813095092773,23.026246279478073,0.9549019522964954,0.001,0.0034810155630111694,2355,0.5698165893554688,0.2,-0.015909937776450535,9.708074814081192,9.046926498413086,0.000215065344,0.13175948,0.14583333333333334,-163.20304753989464,338.1979166666667
433,1955,29022,56754176,,,,,,,,,,,,,,,,
,,,56885248,20.78499412536621,20.87034957408905,0.9602082036435604,0.001,0.0034820172004401684,2360,0.4847442626953125,0.2,-0.024255208161775954,9.562924325466156,9.049968719482422,0.00021486873599999996,0.1348882,0.10416666666666667,-171.83643994667895,343.3958333333333
434,1955,29089,56885248,,,,,,,,,,,,,,,,
,,,57016320,20.435583114624023,19.53133370280266,0.9599928744137287,0.001,0.0034807331394404173,2365,0.5093948364257812,0.2,-0.027455350989475845,9.682198619842529,8.305241584777832,0.000214672128,0.07784184,0.08333333333333333,-178.12221203652993,341.8020833333333
435,1955,29156,57016320,,,,,,,,,,,,,,,,
,,,57147392,18.94910430908203,16.823501920700075,0.9630417749285698,0.001,0.003483138047158718,2370,0.5553939819335938,0.2,-0.02268054885644233,9.694679003953933,6.378963947296143,0.00021447551999999998,0.13476813,0.14583333333333334,-167.05391289712003,336.3854166666667
436,1955,29222,57147392,,,,,,,,,,,,,,,,
,,,57278464,19.25197410583496,17.880324149131773,0.9619010165333748,0.001,0.003478993196040392,2375,0.5442794799804688,0.2,-0.02531997890691855,9.65200895667076,7.28363561630249,0.000214278912,0.08865914,0.23958333333333334,-158.53164235220638,312.4583333333333
437,1955,29290,57278464,,,,,,,,,,,,,,,,
,,,57409536,19.985261917114258,15.830380034446716,0.9658587016165257,0.001,0.003481518942862749,2380,0.5007064819335938,0.2,-0.027458987539284864,9.597623497247696,6.1513166427612305,0.00021408230399999997,0.079696655,0.09375,-173.6591429171358,351.125
438,1955,29355,57409536,,,,,,,,,,,,,,,,
,,,57540608,19.603923797607422,14.924265420436859,0.9687381684780121,0.001,0.003482287749648094,2385,0.48857879638671875,0.2,-0.027710405341349543,9.678167420625687,7.134779453277588,0.000213885696,0.06991324,0.16666666666666666,-162.80938180145108,338.90625
439,1955,29423,57540608,,,,,,,,,,,,,,,,
,,,57671680,19.687530517578125,15.510823684930802,0.9647430628538132,0.001,0.0034944850485771894,2390,0.561358642578125,0.2,-0.022727846907218918,9.591461569070816,6.343921661376953,0.00021368908799999998,0.19297057,0.14583333333333334,-165.50293874479226,344.6145833333333
440,1955,29489,57671680,,,,,,,,,,,,,,,,
,,,57802752,20.288822174072266,21.2258873462677,0.9569313898682594,0.001,0.003500792197883129,2395,0.46380157470703126,0.2,-0.029887740021513308,9.54347295165062,7.957324504852295,0.00021349247999999997,0.06478139,0.11458333333333333,-171.68024962007033,349.6770833333333
441,1955,29556,57802752,,,,,,,,,,,,,,,,
,,,57933824,20.14522933959961,18.33477676510811,0.9601478017866611,0.001,0.003500120248645544,2400,0.5131973266601563,0.2,-0.0279641225701198,9.53983941078186,9.600176811218262,0.00021329587199999997,0.081831746,0.17708333333333334,-159.53671451596705,337.3854166666667
442,1955,29623,57933824,,,,,,,,,,,,,,,,
,,,58064896,20.54905128479004,19.624903762340544,0.9534183889627457,0.001,0.0035037982743233442,2405,0.5177719116210937,0.2,-0.026461703634413424,9.615401309728622,10.364612579345703,0.000213099264,0.0782253,0.15625,-168.52734224465019,344.5208333333333
443,1955,29691,58064896,,,,,,,,,,,,,,,,
,,,58195968,19.936986923217773,19.419910365343092,0.9588455818593502,0.001,0.0035113641060888767,2410,0.501312255859375,0.2,-0.028521345488843507,9.613903921842574,10.505084037780762,0.00021290265599999998,0.125005,0.17708333333333334,-163.71290381927233,332.5833333333333
444,1955,29758,58195968,,,,,,,,,,,,,,,,
,,,58327040,20.515872955322266,18.66037886738777,0.9579838030040264,0.001,0.0035032834857702255,2415,0.49952545166015627,0.2,-0.02922510098578641,9.578128373622894,7.462875843048096,0.00021270604799999998,0.06798719,0.125,-170.52569291130817,339.28125
445,1955,29825,58327040,,,,,,,,,,,,,,,,
,,,58458112,20.759769439697266,16.303752726316453,0.9646027721464634,0.001,0.003505357075482607,2420,0.4869476318359375,0.2,-0.033168921238393524,9.569323229789735,8.806740760803223,0.00021250944,0.088164985,0.17708333333333334,-168.3428853542226,332.2916666666667
446,1955,29892,58458112,,,,,,,,,,,,,,,,
,,,58589184,19.378719329833984,18.156328469514847,0.9604702480137348,0.001,0.0034985137172043324,2425,0.5016204833984375,0.2,-0.024892457673922765,9.654200237989425,7.513589859008789,0.000212312832,0.063673824,0.19791666666666666,-163.69910983377346,325.3125
447,1955,29958,58589184,,,,,,,,,,,,,,,,
,,,58720256,20.99254608154297,19.13971554040909,0.95899423584342,0.001,0.0035025416873395443,2430,0.5015762329101563,0.2,-0.025091231339320074,9.601125639677047,9.63782024383545,0.00021211622399999999,0.088092275,0.11458333333333333,-170.09766398809398,346.0208333333333
448,1955,30025,58720256,,,,,,,,,,,,,,,,
,,,58851328,20.596006393432617,17.026341599225997,0.9612632431089878,0.001,0.0035021472722291946,2435,0.5396820068359375,0.2,-0.030655177662265488,9.662862986326218,7.68126916885376,0.00021191961599999995,0.10286401,0.125,-173.89486585658008,339.0625
449,1955,30092,58851328,,,,,,,,,,,,,,,,
,,,58982400,19.489330291748047,19.257088124752045,0.9581908956170082,0.001,0.0034994324669241905,2440,0.5200286865234375,0.2,-0.030465400048706216,9.67524174451828,8.017481803894043,0.000211723008,0.11305019,0.15625,-169.32334403234213,332.3645833333333
450,1955,30159,58982400,,,,,,,,,,,,,,,,
,,,59113472,19.337656021118164,18.91197490096092,0.9599147289991379,0.001,0.003502361476421356,2445,0.4878082275390625,0.2,-0.03770765709195985,9.646146392822265,8.28488540649414,0.00021152639999999997,0.06726197,0.23958333333333334,-151.54655274978825,317.5208333333333
451,1955,30226,59113472,,,,,,,,,,,,,,,,
,,,59244544,19.727506637573242,19.265600198507308,0.9619314335286617,0.001,0.0034976336173713207,2450,0.5127426147460937,0.2,-0.0273230859398609,9.545624482631684,8.4998779296875,0.000211329792,0.074491225,0.19791666666666666,-159.70609640670438,326.9791666666667
452,1955,30293,59244544,,,,,,,,,,,,,,,,
,,,59375616,20.332794189453125,19.836352187395097,0.9582039602100849,0.001,0.0034898805897682905,2455,0.487078857421875,0.2,-0.034962220501620324,9.64282010793686,7.875736713409424,0.00021113318399999996,0.077157885,0.13541666666666666,-163.0293014295045,339.4375
453,1955,30359,59375616,,,,,,,,,,,,,,,,
,,,59506688,20.92146873474121,18.4317425429821,0.9578467644751072,0.001,0.003495866898447275,2460,0.535888671875,0.2,-0.025599609399068867,9.66174932718277,7.098297595977783,0.000210936576,0.10222772,0.1875,-165.39500499207853,330.1875
454,1955,30427,59506688,,,,,,,,,,,,,,,,
,,,59637760,21.61944580078125,23.15395611524582,0.948981124907732,0.001,0.0034970655106008053,2465,0.46768341064453123,0.2,-0.031516779762750954,9.568643033504486,11.075642585754395,0.00021073996799999997,0.06650938,0.13541666666666666,-172.80569495556668,338.0
455,1955,30494,59637760,,,,,,,,,,,,,,,,
,,,59768832,20.51674461364746,19.043182915449144,0.9588248059153557,0.001,0.0034905048087239265,2470,0.4781707763671875,0.2,-0.03187772538512945,9.55905140042305,8.538077354431152,0.00021054336000000002,0.06844573,0.1875,-162.3433752319045,318.5520833333333
456,1955,30561,59768832,,,,,,,,,,,,,,,,
,,,59899904,21.461315155029297,18.31964443922043,0.9628160670399666,0.001,0.003488552523776889,2475,0.5323883056640625,0.2,-0.02284788019678672,9.532568579912185,7.581552982330322,0.00021034675199999999,0.08684633,0.125,-172.43749172708507,335.6770833333333
457,1955,30628,59899904,,,,,,,,,,,,,,,,
,,,60030976,21.39217185974121,23.521983087062836,0.9491337686777115,0.001,0.003485170193016529,2480,0.4595184326171875,0.2,-0.031997581109317254,9.602251547574998,12.482108116149902,0.00021015014399999998,0.06925966,0.15625,-161.64179275722265,327.9791666666667
458,1955,30695,60030976,,,,,,,,,,,,,,,,
,,,60162048,20.14845085144043,21.893849384784698,0.9492173753678799,0.001,0.003480775747448206,2485,0.47119903564453125,0.2,-0.026781018017209134,9.653162974119187,9.727798461914062,0.00020995353599999997,0.060126655,0.11458333333333333,-174.55801259422068,335.6458333333333
459,1955,30762,60162048,,,,,,,,,,,,,,,,
,,,60293120,21.234006881713867,20.113600021600725,0.9508441612124443,0.001,0.0034756939858198166,2490,0.49872589111328125,0.2,-0.02931660228932742,9.630601286888123,10.358458518981934,0.00020975692799999997,0.09647913,0.15625,-171.92187488657086,339.1666666666667
460,1955,30829,60293120,,,,,,,,,,,,,,,,
,,,60424192,20.89211654663086,15.309351468086243,0.9655334055423737,0.001,0.003476883051916957,2495,0.5105453491210937,0.2,-0.02575209750793874,9.57597706913948,6.129297733306885,0.00020956032,0.11135389,0.16666666666666666,-159.65968293853825,351.6770833333333
461,1955,30895,60424192,,,,,,,,,,,,,,,,
,,,60555264,20.749862670898438,20.74316354393959,0.952764380723238,0.001,0.0034776784013956785,2500,0.5201889038085937,0.2,-0.025610658766527194,9.62184860110283,8.926213264465332,0.00020936371199999998,0.10103643,0.07291666666666667,-171.8574134929894,357.0625
462,1955,30963,60555264,,,,,,,,,,,,,,,,
,,,60686336,21.807205200195312,21.47920828461647,0.9521694965660572,0.001,0.003479513805359602,2505,0.5084686279296875,0.2,-0.029894462999072856,9.675342029333114,9.675500869750977,0.00020916710399999998,0.089434795,0.19791666666666666,-153.41458693939043,332.1770833333333
463,1955,31029,60686336,,,,,,,,,,,,,,,,
,,,60817408,21.042348861694336,24.44812992811203,0.9469287768006325,0.001,0.003484480082988739,2510,0.5397872924804688,0.2,-0.027857702612527645,9.6335664331913,10.810562133789062,0.000208970496,0.08182567,0.11458333333333333,-168.29248698310013,338.28125
464,1955,31097,60817408,,,,,,,,,,,,,,,,
,,,60948480,20.857803344726562,18.68697997331619,0.9563571624457836,0.001,0.003484121523797512,2515,0.4612884521484375,0.2,-0.03232456294499571,9.539232963323593,8.455235481262207,0.000208773888,0.068317935,0.15625,-163.0668568043211,335.2291666666667
465,1955,31163,60948480,,,,,,,,,,,,,,,,
,,,61079552,20.056114196777344,17.57207301259041,0.9579555131494999,0.001,0.003483770415186882,2520,0.5415252685546875,0.2,-0.028030130088154692,9.636792981624604,8.187193870544434,0.00020857727999999996,0.08794178,0.10416666666666667,-175.18201359515652,346.8854166666667
466,1955,31231,61079552,,,,,,,,,,,,,,,,
,,,61210624,20.878890991210938,20.101347273588182,0.9571840092539787,0.001,0.003477244172245264,2525,0.5042709350585938,0.2,-0.029113598370167894,9.67763385772705,10.138437271118164,0.000208380672,0.10725946,0.16666666666666666,-159.5723929058885,342.25
467,1955,31297,61210624,,,,,,,,,,,,,,,,
,,,61341696,22.097158432006836,20.254142355918884,0.9564612060785294,0.001,0.0034673090558499098,2530,0.4821380615234375,0.2,-0.029297696422145237,9.609508919715882,8.949377059936523,0.00020818406399999997,0.107899904,0.11458333333333333,-169.64551716076005,342.2291666666667
468,1955,31364,61341696,,,,,,,,,,,,,,,,
,,,61472768,23.632686614990234,18.313773536682127,0.9606154002249241,0.001,0.003472462296485901,2535,0.5465286254882813,0.2,-0.025085885883891025,9.642586904764176,6.482232093811035,0.000207987456,0.10735957,0.11458333333333333,-175.0650158946206,343.1875
469,1955,31431,61472768,,,,,,,,,,,,,,,,
,,,61603840,22.18442153930664,19.519809746742247,0.9573180340230465,0.001,0.0034703146666288376,2540,0.5153839111328125,0.2,-0.025063074044010137,9.559863495826722,8.517541885375977,0.00020779084799999996,0.09322125,0.14583333333333334,-169.0320165238236,336.1458333333333
470,1955,31498,61603840,,,,,,,,,,,,,,,,
,,,61734912,21.331884384155273,20.302048659324647,0.9531881958246231,0.001,0.0034698466770350933,2545,0.472955322265625,0.2,-0.023905401719093788,9.628073024749757,8.647398948669434,0.00020759424,0.073575385,0.10416666666666667,-177.79166450199227,341.4270833333333
471,1955,31565,61734912,,,,,,,,,,,,,,,,
,,,61865984,22.052139282226562,18.09125312566757,0.9605530798435211,0.001,0.0034757708199322224,2550,0.48558349609375,0.2,-0.03344471985474229,9.610193908214569,7.316191673278809,0.00020739763199999998,0.068203576,0.16666666666666666,-162.7185685991038,335.25
472,1955,31632,61865984,,,,,,,,,,,,,,,,
,,,61997056,22.7259578704834,19.13137692809105,0.9589484184980392,0.001,0.0034831631928682327,2555,0.5232437133789063,0.2,-0.029954040388111024,9.648038291931153,8.351354598999023,0.000207201024,0.10389603,0.25,-148.57459570444598,308.7395833333333
473,1955,31699,61997056,,,,,,,,,,,,,,,,
,,,62128128,21.02964973449707,21.35306382775307,0.9540895409882069,0.001,0.003488509450107813,2560,0.4726287841796875,0.2,-0.031218843017995823,9.601373594999313,9.471524238586426,0.00020700441599999996,0.090085834,0.15625,-167.1549751335452,324.0416666666667
474,1955,31766,62128128,,,,,,,,,,,,,,,,
,,,62259200,21.450725555419922,17.22561646103859,0.962962418794632,0.001,0.003493191674351692,2565,0.5696853637695313,0.2,-0.021858151283231562,9.580457365512848,7.701146602630615,0.00020680780799999998,0.1220855,0.22916666666666666,-155.690949230245,313.7083333333333
475,1955,31833,62259200,,,,,,,,,,,,,,,,
,,,62390272,21.155601501464844,17.978103601932524,0.9607784263789654,0.001,0.003482561558485031,2570,0.463995361328125,0.2,-0.030294878882705233,9.600513249635696,9.511980056762695,0.00020661119999999998,0.06787844,0.23958333333333334,-153.2362275765852,308.5
476,1955,31899,62390272,,,,,,,,,,,,,,,,
,,,62521344,23.878360748291016,18.556871354579926,0.9629193805158138,0.001,0.003491738811135292,2575,0.5059127807617188,0.2,-0.028683741425629704,9.512284511327744,9.146137237548828,0.00020641459199999997,0.098875254,0.14583333333333334,-171.4647306751822,328.53125
477,1955,31966,62521344,,,,,,,,,,,,,,,,
,,,62652416,21.733182907104492,17.77448389530182,0.960475217550993,0.001,0.00349337887018919,2580,0.449456787109375,0.2,-0.032395511252252616,9.536901867389679,9.645962715148926,0.000206217984,0.07214008,0.10416666666666667,-175.9247156986947,354.125
478,1955,32033,62652416,,,,,,,,,,,,,,,,
,,,62783488,20.563100814819336,20.680835020542144,0.9566987045109272,0.001,0.0034964079968631268,2585,0.5064529418945313,0.2,-0.02792743624158902,9.602030962705612,9.009936332702637,0.000206021376,0.06813647,0.16666666666666666,-164.46380062659975,333.0208333333333
479,1955,32100,62783488,,,,,,,,,,,,,,,,
,,,62914560,20.6637020111084,19.83450774550438,0.956245232373476,0.001,0.0034949963446706533,2590,0.47933197021484375,0.2,-0.032206786001916045,9.622568494081497,8.934947967529297,0.00020582476799999998,0.06884713,0.14583333333333334,-169.61166534093232,336.1354166666667
480,1955,32168,62914560,,,,,,,,,,,,,,,,
,,,63045632,21.25371551513672,19.05065264701843,0.9595165774226189,0.001,0.003499178681522608,2595,0.515985107421875,0.2,-0.02589731472544372,9.531129199266434,8.324599266052246,0.00020562815999999997,0.078032136,0.10416666666666667,-170.94695650669485,342.4166666666667
481,1955,32234,63045632,,,,,,,,,,,,,,,,
,,,63176704,20.906692504882812,17.053068602085112,0.964272640645504,0.001,0.0035008559934794903,2600,0.48526611328125,0.2,-0.032755927419930234,9.562663680315017,6.374931335449219,0.000205431552,0.07003784,0.1875,-159.36961340693992,325.6458333333333
482,1955,32302,63176704,,,,,,,,,,,,,,,,
,,,63307776,21.553955078125,17.417305821180342,0.9624701850116253,0.001,0.003494415432214737,2605,0.49240875244140625,0.2,-0.02746294876851607,9.570597267150879,7.848601818084717,0.000205234944,0.091593124,0.16666666666666666,-166.06467919165854,323.1666666666667
483,1955,32368,63307776,,,,,,,,,,,,,,,,
,,,63438848,22.0721492767334,19.91482852101326,0.9544472396373749,0.001,0.0034896903671324253,2610,0.47261810302734375,0.2,-0.035998344918334625,9.679118555784225,10.846014022827148,0.00020503833599999998,0.07532261,0.19791666666666666,-165.0065799750944,326.3125
484,1955,32435,63438848,,,,,,,,,,,,,,,,
,,,63569920,20.999454498291016,16.37238773703575,0.9652689211070538,0.001,0.0034911620896309614,2615,0.49294281005859375,0.2,-0.031841043682652524,9.600416916608811,7.8717827796936035,0.00020484172799999995,0.07577462,0.14583333333333334,-165.71405979203044,336.96875
485,1955,32502,63569920,,,,,,,,,,,,,,,,
,,,63700992,22.864269256591797,16.32507472038269,0.9639055095613003,0.001,0.0034961707424372435,2620,0.5026763916015625,0.2,-0.031633719336241484,9.725303387641906,7.471796989440918,0.00020464512,0.08646514,0.125,-172.8416858423607,337.3958333333333
486,1955,32570,63700992,,,,,,,,,,,,,,,,
,,,63832064,21.519094467163086,17.771007281541824,0.9612715095281601,0.001,0.0034977502655237913,2625,0.5084747314453125,0.2,-0.029257734275597615,9.644505953788757,8.930643081665039,0.00020444851199999996,0.084048666,0.13541666666666666,-168.5841780535579,344.8229166666667
487,1955,32637,63832064,,,,,,,,,,,,,,,,
,,,63963136,21.464859008789062,19.589963847398757,0.9583430998027325,0.001,0.0034873983822762966,2630,0.48698883056640624,0.2,-0.03231288806709927,9.59946026802063,8.263882637023926,0.000204251904,0.08839151,0.17708333333333334,-162.2521561256937,331.9583333333333
488,1955,32704,63963136,,,,,,,,,,,,,,,,
,,,64094208,23.57391357421875,17.18633742928505,0.9644275866448879,0.001,0.003487418172881007,2635,0.481494140625,0.2,-0.03195723106910009,9.620723646879195,7.9464874267578125,0.00020405529599999998,0.07794513,0.21875,-150.4372431215603,317.2604166666667
489,1955,32772,64094208,,,,,,,,,,,,,,,,
,,,64225280,22.191875457763672,17.56567090153694,0.9603717401623726,0.001,0.003491485957056284,2640,0.5396987915039062,0.2,-0.02010287880839314,9.593403238058091,7.745411396026611,0.000203858688,0.1220934,0.22916666666666666,-160.53029246849977,320.3645833333333
490,1955,32839,64225280,,,,,,,,,,,,,,,,
,,,64356352,21.73858642578125,17.139094167947768,0.9622362405061722,0.001,0.003491227515041828,2645,0.509027099609375,0.2,-0.02996888013003627,9.667488503456116,9.554896354675293,0.00020366207999999997,0.08478804,0.16666666666666666,-161.3649242031506,327.5729166666667
491,1955,32906,64356352,,,,,,,,,,,,,,,,
,,,64487424,22.512126922607422,16.510460716485976,0.9627155847847462,0.001,0.0034961297642439604,2650,0.5252685546875,0.2,-0.026432144055434037,9.645988303422929,6.574005126953125,0.00020346547200000002,0.10671093,0.2916666666666667,-151.34063649506228,293.09375
492,1955,32973,64487424,,,,,,,,,,,,,,,,
,,,64618496,22.504287719726562,21.15674334168434,0.9524456262588501,0.001,0.003495006589218974,2655,0.44839630126953123,0.2,-0.03260364347370341,9.602755385637284,9.364836692810059,0.00020326886399999998,0.06764905,0.16666666666666666,-163.68225319336162,325.6145833333333
493,1955,33040,64618496,,,,,,,,,,,,,,,,
,,,64749568,23.066253662109375,19.421689248085023,0.9597879573702812,0.001,0.0035042609088122845,2660,0.4927520751953125,0.2,-0.03084150182985468,9.628144413232803,7.677390098571777,0.00020307225599999998,0.08236224,0.16666666666666666,-163.3473747731174,342.2083333333333
494,1955,33106,64749568,,,,,,,,,,,,,,,,
,,,64880640,22.291595458984375,21.987655055522918,0.9516724832355976,0.001,0.0034997034817934036,2665,0.4449310302734375,0.2,-0.03215183271095157,9.53721752166748,9.845475196838379,0.00020287564799999997,0.06660877,0.10416666666666667,-178.42369284154833,335.5625
495,1955,33172,64880640,,,,,,,,,,,,,,,,
,,,65011712,25.190841674804688,17.353478986024857,0.9628516621887684,0.001,0.003505418775603175,2670,0.5370101928710938,0.2,-0.020915862124820706,9.598751389980317,8.69118595123291,0.00020267904,0.08638449,0.125,-167.31847019234735,342.09375
496,1955,33240,65011712,,,,,,,,,,,,,,,,
,,,65142784,25.6157283782959,16.82375979423523,0.9655354842543602,0.001,0.003504804102703929,2675,0.5140457153320312,0.2,-0.02952869193541119,9.576314616203309,7.943154811859131,0.00020248243199999999,0.09443804,0.19791666666666666,-162.4348969663637,319.7395833333333
497,1955,33307,65142784,,,,,,,,,,,,,,,,
,,,65273856,24.46338653564453,22.7995521068573,0.9527953080832958,0.001,0.0035079498775303364,2680,0.48674163818359373,0.2,-0.030853444641979876,9.542291355133056,9.410768508911133,0.00020228582399999998,0.06784361,0.15625,-169.92745547658464,322.78125
498,1955,33374,65273856,,,,,,,,,,,,,,,,
,,,65404928,25.07269859313965,25.278030240535735,0.9484168514609337,0.001,0.003504142165184021,2685,0.46718902587890626,0.2,-0.034085835597943516,9.629207533597945,10.20874309539795,0.000202089216,0.07396388,0.17708333333333334,-164.3454997128877,332.8125
499,1955,33440,65404928,,,,,,,,,,,,,,,,
,,,65536000,24.591419219970703,20.407524758577345,0.9576030187308788,0.001,0.0034993046429008245,2690,0.47892303466796876,0.2,-0.031613676800043324,9.588793396949768,9.488986015319824,0.000201892608,0.08478001,0.19791666666666666,-165.72967577931374,321.9270833333333
500,1955,33507,65536000,,,,,,,,,,,,,,,,
,,,65667072,25.179668426513672,19.80359741449356,0.9593499824404716,0.001,0.0034946580417454243,2695,0.49963226318359377,0.2,-0.02924092843895778,9.60943815112114,8.806640625,0.000201696,0.1138957,0.19791666666666666,-162.45242727769391,325.84375
501,1955,33574,65667072,,,,,,,,,,,,,,,,
,,,65798144,22.858844757080078,22.963001078367235,0.9472943432629108,0.001,0.0034877124708145857,2700,0.45175628662109374,0.2,-0.034642117585462984,9.67965504527092,11.043255805969238,0.00020149939199999995,0.07496123,0.15625,-164.75546719476165,334.6666666666667
502,1955,33641,65798144,,,,,,,,,,,,,,,,
,,,65929216,22.421062469482422,17.369387674331666,0.9618578739464283,0.001,0.0034813738893717527,2705,0.46761627197265626,0.2,-0.03282077378826216,9.703884369134903,6.923830986022949,0.000201302784,0.067297086,0.0625,-180.70895628114363,343.2708333333333
503,1955,33708,65929216,,,,,,,,,,,,,,,,
,,,66060288,23.20267105102539,21.655764591693877,0.9507444053888321,0.001,0.003481068415567279,2710,0.4926849365234375,0.2,-0.030014568923797925,9.658386915922165,8.462329864501953,0.00020110617599999997,0.06321008,0.19791666666666666,-164.27218997735727,320.8541666666667
504,1955,33774,66060288,,,,,,,,,,,,,,,,
,,,66191360,24.482437133789062,22.262132740020753,0.9471765644848347,0.001,0.0034807806368917227,2715,0.5108535766601563,0.2,-0.03061136481410358,9.716021794080735,11.289847373962402,0.000200909568,0.08714998,0.19791666666666666,-160.47856685318916,330.9479166666667
505,1955,33842,66191360,,,,,,,,,,,,,,,,
,,,66322432,23.88202476501465,23.383598101139068,0.9496745616197586,0.001,0.0034823704045265913,2720,0.5500015258789063,0.2,-0.020731198054272683,9.59771108031273,8.86106014251709,0.00020071295999999996,0.097913146,0.13541666666666666,-175.51311425611289,338.375
506,1955,33908,66322432,,,,,,,,,,,,,,,,
,,,66453504,23.282100677490234,17.989176046848296,0.9598689340054989,0.001,0.003479750594124198,2725,0.4311553955078125,0.2,-0.03286638964927988,9.629545593261719,8.35420036315918,0.000200516352,0.061995164,0.17708333333333334,-161.07979494241107,317.5
507,1955,33976,66453504,,,,,,,,,,,,,,,,
,,,66584576,20.368867874145508,22.041086769104005,0.9501864984631538,0.001,0.003481237217783928,2730,0.4848785400390625,0.2,-0.027991586038842796,9.572491425275803,8.268387794494629,0.00020031974399999997,0.075571075,0.21875,-158.06848654973567,317.9791666666667
508,1955,34043,66584576,,,,,,,,,,,,,,,,
,,,66715648,23.118995666503906,16.6663596868515,0.9623181335628033,0.001,0.0034774532541632652,2735,0.4802825927734375,0.2,-0.03001065671996912,9.660403144359588,6.809983730316162,0.000200123136,0.08833203,0.11458333333333333,-172.19081386704696,347.3125
509,1955,34111,66715648,,,,,,,,,,,,,,,,
,,,66846720,22.791105270385742,20.681847280263902,0.9540364481508732,0.001,0.0034775035455822945,2740,0.4979522705078125,0.2,-0.030427628487814218,9.669998669624329,6.861727237701416,0.000199926528,0.07876266,0.21875,-158.480247943324,329.1041666666667
510,1955,34177,66846720,,,,,,,,,,,,,,,,
,,,66977792,22.614477157592773,18.85273969769478,0.9554916396737099,0.001,0.0034759051632136106,2745,0.5287994384765625,0.2,-0.026638373947935178,9.633119821548462,6.8774333000183105,0.00019972991999999998,0.1071862,0.19791666666666666,-162.22253666680058,322.6041666666667
511,1955,34245,66977792,,,,,,,,,,,,,,,,
,,,67108864,21.980083465576172,19.02961015701294,0.9592424146831036,0.001,0.0034700799733400345,2750,0.498211669921875,0.2,-0.03079241606174037,9.622704845666885,8.176219940185547,0.00019953331199999998,0.10269587,0.1875,-161.6868600976444,334.3854166666667
512,1955,34311,67108864,,,,,,,,,,,,,,,,
,,,67239936,22.870811462402344,23.606523084640504,0.9455210790038109,0.001,0.003469866467639804,2755,0.546038818359375,0.2,-0.021578878054424423,9.664166808128357,13.117096900939941,0.00019933670399999997,0.091921486,0.17708333333333334,-164.79701683878898,323.8020833333333
513,1955,34378,67239936,,,,,,,,,,,,,,,,
,,,67371008,22.4918212890625,16.756481778621673,0.9610104486346245,0.001,0.0034725244622677565,2760,0.5340164184570313,0.2,-0.028430778566689695,9.669311600923539,8.173713684082031,0.000199140096,0.12252759,0.16666666666666666,-164.09679841737545,345.0
514,1955,34445,67371008,,,,,,,,,,,,,,,,
,,,67502080,23.94949722290039,23.235680508613587,0.945476595312357,0.001,0.003476181533187628,2765,0.4876739501953125,0.2,-0.030945181014976696,9.636073839664459,7.551753520965576,0.00019894348799999998,0.09357642,0.17708333333333334,-157.58312224001136,330.6354166666667
515,1955,34511,67502080,,,,,,,,,,,,,,,,
,,,67633152,23.300323486328125,17.80304410457611,0.9606485478579998,0.001,0.003478339407593012,2770,0.5083343505859375,0.2,-0.03357260914199287,9.694185560941696,7.746013164520264,0.00019874687999999998,0.08590038,0.125,-169.8250773172147,348.7916666666667
516,1955,34579,67633152,,,,,,,,,,,,,,,,
,,,67764224,25.3256893157959,18.360109752416612,0.9588610231876373,0.001,0.003482199739664793,2775,0.502728271484375,0.2,-0.03306656612257939,9.6001240670681,7.317690372467041,0.000198550272,0.0879415,0.1875,-163.84569079671226,330.3229166666667
517,1955,34645,67764224,,,,,,,,,,,,,,,,
,,,67895296,21.821155548095703,23.116545629501342,0.9496793895959854,0.001,0.0034859278239309788,2780,0.4892578125,0.2,-0.029579197718703654,9.662155079841614,10.205389976501465,0.000198353664,0.07248126,0.14583333333333334,-166.74319266085504,333.6354166666667
518,1955,34713,67895296,,,,,,,,,,,,,,,,
,,,68026368,23.277355194091797,18.38124737739563,0.9569028727710247,0.001,0.0034845625050365925,2785,0.46139984130859374,0.2,-0.03252367449895246,9.68143355846405,7.366970062255859,0.00019815705599999996,0.08443978,0.15625,-163.30111480677297,337.875
519,1955,34779,68026368,,,,,,,,,,,,,,,,
,,,68157440,22.313627243041992,22.49737909436226,0.9521189294755459,0.001,0.0034819962456822395,2790,0.45683441162109373,0.2,-0.03068955654889578,9.674590665102006,9.259991645812988,0.00019796044799999998,0.08669251,0.08333333333333333,-178.7057362133497,345.53125
520,1955,34846,68157440,,,,,,,,,,,,,,,,
,,,68288512,22.936965942382812,22.68082364797592,0.9524114988744259,0.001,0.003482753410935402,2795,0.501873779296875,0.2,-0.027010291005717592,9.662879717350005,9.162495613098145,0.00019776383999999997,0.096567705,0.1875,-160.7919235156825,331.5729166666667
521,1955,34913,68288512,,,,,,,,,,,,,,,,
,,,68419584,21.756376266479492,20.805472642183304,0.9551693759858608,0.001,0.0034906133078038692,2800,0.5493560791015625,0.2,-0.026246420749521347,9.612492895126342,10.054252624511719,0.000197567232,0.102619946,0.20833333333333334,-158.99162876752632,335.0625
522,1955,34979,68419584,,,,,,,,,,,,,,,,
,,,68550656,21.306041717529297,22.09151901602745,0.9510679207742214,0.001,0.0034913490526378155,2805,0.46077880859375,0.2,-0.034399779312661846,9.576770603656769,9.528051376342773,0.00019737062399999996,0.06278137,0.19791666666666666,-161.06602025267844,323.2395833333333
523,1955,35047,68550656,,,,,,,,,,,,,,,,
,,,68681728,22.196285247802734,19.388719660043716,0.9578126929700375,0.001,0.003483064007014036,2810,0.47339630126953125,0.2,-0.03266066606011009,9.603544527292252,11.77609634399414,0.000197174016,0.07495575,0.16666666666666666,-165.06254947160426,328.25
524,1955,35114,68681728,,,,,,,,,,,,,,,,
,,,68812800,22.670013427734375,18.296905243396758,0.9597400054335594,0.001,0.003490128554403782,2815,0.5253524780273438,0.2,-0.028061113307194317,9.588560163974762,7.743206977844238,0.00019697740799999998,0.106614664,0.15625,-165.03313359660245,335.1979166666667
525,1955,35181,68812800,,,,,,,,,,,,,,,,
,,,68943872,22.571210861206055,19.976212894916536,0.9521227218210697,0.001,0.003485505934804678,2820,0.46305084228515625,0.2,-0.03154885539552197,9.598300659656525,7.947474002838135,0.0001967808,0.06494789,0.2604166666666667,-153.67031584351332,295.125
526,1955,35248,68943872,,,,,,,,,,,,,,,,
,,,69074944,22.433027267456055,19.826598250865935,0.9558031857013702,0.001,0.003484919434413314,2825,0.46573028564453123,0.2,-0.02977508211770328,9.610815119743346,9.700800895690918,0.00019658419199999996,0.09926708,0.14583333333333334,-173.18286452222785,330.1145833333333
527,1955,35315,69074944,,,,,,,,,,,,,,,,
,,,69206016,22.91521453857422,20.416118997335435,0.9482478722929955,0.001,0.0034804826136678457,2830,0.44807281494140627,0.2,-0.033293469036289026,9.57427358031273,10.985767364501953,0.00019638758399999999,0.061159566,0.2708333333333333,-149.70178819470323,305.1354166666667
528,1955,35381,69206016,,,,,,,,,,,,,,,,
,,,69337088,23.239566802978516,22.283759772777557,0.9475209452211857,0.001,0.0034827599301934242,2835,0.5163299560546875,0.2,-0.02699881244334392,9.730366134643555,10.416651725769043,0.00019619097599999998,0.08815663,0.21875,-159.91370642311338,325.1041666666667
529,1955,35448,69337088,,,,,,,,,,,,,,,,
,,,69468160,22.1973934173584,21.209466272592543,0.9549290724098682,0.001,0.003488972783088684,2840,0.4722198486328125,0.2,-0.032355830263986717,9.710458147525788,9.349245071411133,0.00019599436799999997,0.06715743,0.10416666666666667,-171.77946512443364,346.8229166666667
530,1956,35515,69468160,,,,,,,,,,,,,,,,
,,,69599232,23.293529510498047,20.811627399921417,0.9534375108778477,0.001,0.003496758406981826,2845,0.485723876953125,0.2,-0.030950523204228374,9.670283854007721,7.530927658081055,0.00019579776,0.072094455,0.16666666666666666,-163.53192604273374,318.875
531,1955,35582,69599232,,,,,,,,,,,,,,,,
,,,69730304,22.1439266204834,22.518907880783082,0.9499455317854881,0.001,0.0034968601539731026,2850,0.46775054931640625,0.2,-0.03256601854664041,9.615124839544297,11.269267082214355,0.000195601152,0.08102007,0.1875,-163.93815007922214,328.3125
532,1955,35649,69730304,,,,,,,,,,,,,,,,
,,,69861376,21.899343490600586,21.364385092258452,0.954060286283493,0.001,0.0035018823109567165,2855,0.44356536865234375,0.2,-0.030930800290661864,9.536170244216919,8.120661735534668,0.00019540454399999998,0.06605713,0.11458333333333333,-174.68460974551553,325.5416666666667
533,1955,35716,69861376,,,,,,,,,,,,,,,,
,,,69992448,22.013113021850586,19.399147766828538,0.958807747811079,0.001,0.0034984834492206573,2860,0.5234664916992188,0.2,-0.02906536520313239,9.58898115158081,8.295730590820312,0.00019520793599999998,0.09672196,0.20833333333333334,-162.29931111437259,310.9270833333333
534,1955,35783,69992448,,,,,,,,,,,,,,,,
,,,70123520,23.423641204833984,24.120196366310118,0.944835901260376,0.001,0.0034954077564179897,2865,0.51243896484375,0.2,-0.024034713450237177,9.623740500211715,12.549139022827148,0.000195011328,0.10849369,0.1875,-167.43843329343588,324.3645833333333
535,1955,35850,70123520,,,,,,,,,,,,,,,,
,,,70254592,22.511268615722656,20.416260755062105,0.9499705843627453,0.001,0.003499107901006937,2870,0.485601806640625,0.2,-0.02741171362431487,9.681986755132675,8.103291511535645,0.00019481472,0.14134881,0.19791666666666666,-164.77948600419953,320.875
536,1956,35917,70254592,,,,,,,,,,,,,,,,
,,,70385664,22.98529052734375,23.956566667556764,0.9464077055454254,0.001,0.003496755613014102,2875,0.5107223510742187,0.2,-0.031417937786318365,9.623383802175521,10.731483459472656,0.00019461811199999999,0.087601714,0.17708333333333334,-158.42468045263647,325.875
537,1956,35983,70385664,,,,,,,,,,,,,,,,
,,,70516736,23.23190689086914,21.821953964233398,0.9492066763341427,0.001,0.0034878612495958805,2880,0.46190643310546875,0.2,-0.03399165589653421,9.6355674803257,10.15374755859375,0.00019442150399999995,0.06972687,0.19791666666666666,-168.6994278011515,317.5625
538,1956,36050,70516736,,,,,,,,,,,,,,,,
,,,70647808,23.69061851501465,19.636852926015855,0.9527294971048832,0.001,0.0034938491880893707,2885,0.4677215576171875,0.2,-0.03139008150465088,9.59885107278824,9.622782707214355,0.000194224896,0.06523957,0.14583333333333334,-169.72088759717695,329.1979166666667
539,1956,36117,70647808,,,,,,,,,,,,,,,,
,,,70778880,22.515186309814453,23.616376852989198,0.9441498033702374,0.001,0.0034975316375494003,2890,0.4806732177734375,0.2,-0.03094328394945478,9.622167998552323,10.747977256774902,0.00019402828799999997,0.08331496,0.11458333333333333,-177.46686166623533,338.6354166666667
540,1956,36183,70778880,,,,,,,,,,,,,,,,
,,,70909952,23.139148712158203,21.880778431892395,0.9507064335048199,0.001,0.0035007435362786055,2895,0.47017364501953124,0.2,-0.030328375173849054,9.633299654722213,10.466053009033203,0.00019383168,0.09333247,0.23958333333333334,-154.37560226941693,316.9479166666667
541,1956,36250,70909952,,,,,,,,,,,,,,,,
,,,71041024,24.670141220092773,23.75719133615494,0.944026630371809,0.001,0.0035108868032693863,2900,0.5273040771484375,0.2,-0.02374854430963751,9.618913704156876,10.264657020568848,0.00019363507199999998,0.0912385,0.14583333333333334,-165.20164668206928,338.9583333333333
542,1956,36317,71041024,,,,,,,,,,,,,,,,
,,,71172096,23.09442138671875,21.31046748161316,0.9529352337121964,0.001,0.003517687786370516,2905,0.5068756103515625,0.2,-0.031082009195233695,9.606810921430588,7.9455671310424805,0.000193438464,0.08754308,0.16666666666666666,-166.75593953420548,328.6354166666667
543,1956,36384,71172096,,,,,,,,,,,,,,,,
,,,71303168,23.996374130249023,21.319774520397186,0.9515864253044128,0.001,0.003515115473419428,2910,0.5413345336914063,0.2,-0.024554848761181348,9.641778230667114,8.264962196350098,0.00019324185599999997,0.082804956,0.1875,-162.42314514187942,327.7604166666667
544,1956,36451,71303168,,,,,,,,,,,,,,,,
,,,71434240,23.54671287536621,22.738352847099303,0.9531395621597767,0.001,0.003518611891195178,2915,0.470123291015625,0.2,-0.029419686720939354,9.624817019701004,10.717926025390625,0.00019304524800000002,0.0842827,0.21875,-160.36132900593157,301.6979166666667
545,1956,36519,71434240,,,,,,,,,,,,,,,,
,,,71565312,25.325363159179688,25.767728316783906,0.9420820735394955,0.001,0.0035165692679584026,2920,0.4585235595703125,0.2,-0.029972245734825265,9.639448171854019,9.867462158203125,0.00019284863999999998,0.08513385,0.1875,-164.96504278533038,332.1875
546,1956,36585,71565312,,,,,,,,,,,,,,,,
,,,71696384,22.535085678100586,24.28355929851532,0.9442408233880997,0.001,0.0035183194559067488,2925,0.4907012939453125,0.2,-0.03354120303993113,9.631616759300233,10.410321235656738,0.00019265203199999998,0.07218735,0.19791666666666666,-158.6228199688987,314.6458333333333
547,1956,36652,71696384,,,,,,,,,,,,,,,,
,,,71827456,23.147811889648438,22.18394055366516,0.9472947455942631,0.001,0.00351814366877079,2930,0.463623046875,0.2,-0.03151496064674575,9.541214656829833,7.860784530639648,0.00019245542399999997,0.07157466,0.15625,-168.16626231658523,332.25
548,1956,36720,71827456,,,,,,,,,,,,,,,,
,,,71958528,24.397579193115234,20.446041136980057,0.9526635110378265,0.001,0.0035160421393811703,2935,0.4798919677734375,0.2,-0.03289598943956662,9.611119937896728,10.274110794067383,0.000192258816,0.06712179,0.22916666666666666,-156.51380085696897,323.2395833333333
549,1956,36787,71958528,,,,,,,,,,,,,,,,
,,,72089600,21.5698299407959,21.86504335999489,0.9489459916949272,0.001,0.0035090192686766386,2940,0.460186767578125,0.2,-0.034277065031346865,9.605892610549926,9.503762245178223,0.000192062208,0.069766395,0.15625,-172.44500024125026,317.7291666666667
550,1956,36854,72089600,,,,,,,,,,,,,,,,
,,,72220672,25.224369049072266,25.007056856155394,0.9418364949524403,0.001,0.003508090740069747,2945,0.49485321044921876,0.2,-0.03234018995499355,9.594848883152007,10.740890502929688,0.00019186559999999998,0.07594578,0.13541666666666666,-166.52446302373224,333.1770833333333
551,1956,36921,72220672,,,,,,,,,,,,,,,,
,,,72351744,24.362346649169922,18.398334389925004,0.9574775286018848,0.001,0.003504115855321288,2950,0.5286346435546875,0.2,-0.023579060162592213,9.604383128881455,7.586316108703613,0.00019166899199999998,0.1767865,0.20833333333333334,-159.6580992756735,313.7395833333333
552,1956,36988,72351744,,,,,,,,,,,,,,,,
,,,72482816,25.169174194335938,22.287120759487152,0.9509163461625576,0.001,0.0034979130141437054,2955,0.485845947265625,0.2,-0.0266699828003766,9.616436547040939,9.321059226989746,0.000191472384,0.07841563,0.1875,-164.1162629743184,319.21875
553,1956,37056,72482816,,,,,,,,,,,,,,,,
,,,72613888,23.320571899414062,24.246615517139436,0.9470739588141441,0.001,0.003497589845210314,2960,0.4885711669921875,0.2,-0.03135282543807989,9.600727492570877,11.494778633117676,0.000191275776,0.101196006,0.13541666666666666,-165.52573897812735,327.0833333333333
554,1956,37123,72613888,,,,,,,,,,,,,,,,
,,,72744960,23.42495346069336,23.019848692417145,0.9453463964164257,0.001,0.0034958948381245136,2965,0.4823455810546875,0.2,-0.030352307924476917,9.59956402182579,10.115854263305664,0.00019107916799999996,0.08612469,0.21875,-154.23042378381058,318.0208333333333
555,1955,37190,72744960,,,,,,,,,,,,,,,,
,,,72876032,24.257543563842773,23.663857436180116,0.9466265849769115,0.001,0.0034903930500149727,2970,0.5480636596679688,0.2,-0.025189031219633763,9.698993134498597,10.382844924926758,0.00019088256,0.121440135,0.22916666666666666,-157.30921432725933,302.78125
556,1956,37257,72876032,,,,,,,,,,,,,,,,
,,,73007104,24.290386199951172,21.532554036378862,0.9489416889846325,0.001,0.0034860901068896055,2975,0.5222763061523438,0.2,-0.02763766088610282,9.745429688692093,8.656554222106934,0.00019068595199999997,0.15986657,0.14583333333333334,-168.85525884304334,330.6041666666667
557,1956,37324,73007104,,,,,,,,,,,,,,,,
,,,73138176,25.17597007751465,18.500546443462373,0.9572788216173649,0.001,0.0034936515148729086,2980,0.5023895263671875,0.2,-0.03031933019956341,9.71663494706154,7.5929460525512695,0.000190489344,0.092044145,0.20833333333333334,-157.55248551840123,323.7291666666667
558,1956,37390,73138176,,,,,,,,,,,,,,,,
,,,73269248,24.885242462158203,21.816178369522095,0.9502231664955616,0.001,0.003503960557281971,2985,0.5084884643554688,0.2,-0.025843805805197916,9.657959294319152,10.783751487731934,0.00019029273599999996,0.1378824,0.25,-158.80373257194253,304.78125
559,1956,37458,73269248,,,,,,,,,,,,,,,,
,,,73400320,23.78486442565918,21.07417163848877,0.9514327943325043,0.001,0.003507590387016535,2990,0.4800018310546875,0.2,-0.03203136903612176,9.69137008190155,8.803924560546875,0.000190096128,0.09527087,0.15625,-166.628663206163,332.6666666666667
560,1956,37524,73400320,,,,,,,,,,,,,,,,
,,,73531392,24.039653778076172,19.73092206120491,0.95499012991786,0.001,0.0035082518588751554,2995,0.49539337158203123,0.2,-0.02998070929279493,9.679613095521926,8.93376636505127,0.00018989951999999997,0.08612159,0.16666666666666666,-161.40263842435266,333.6875
561,1956,37592,73531392,,,,,,,,,,,,,,,,
,,,73662464,23.471817016601562,25.045859694480896,0.9412455335259438,0.001,0.003510772017762065,3000,0.50386962890625,0.2,-0.0268349368685449,9.712267756462097,13.727887153625488,0.000189702912,0.11027771,0.21875,-154.79133890677107,311.5520833333333
562,1956,37658,73662464,,,,,,,,,,,,,,,,
,,,73793536,23.191259384155273,21.68630103468895,0.9495203644037247,0.001,0.003509985748678446,3005,0.5093734741210938,0.2,-0.024193750064296183,9.588772344589234,8.605137825012207,0.00018950630399999996,0.13311906,0.19791666666666666,-164.49326382267853,315.1354166666667
563,1956,37726,73793536,,,,,,,,,,,,,,,,
,,,73924608,23.801733016967773,23.52254793047905,0.9499736167490482,0.001,0.0035096686333417892,3010,0.48383941650390627,0.2,-0.03302500588906696,9.623518127202988,11.56040096282959,0.00018930969599999998,0.07893476,0.15625,-167.19154215773708,336.7291666666667
564,1956,37793,73924608,,,,,,,,,,,,,,,,
,,,74055680,24.719219207763672,22.568265271186828,0.9495873115956783,0.001,0.0035055733751505613,3015,0.47381744384765623,0.2,-0.03318434938701102,9.688636368513107,10.293193817138672,0.00018911308799999998,0.061907522,0.13541666666666666,-176.92720307362902,327.2604166666667
565,1956,37859,74055680,,,,,,,,,,,,,,,,
,,,74186752,22.171646118164062,22.500996667146683,0.9491665922105312,0.001,0.00350741483271122,3020,0.479302978515625,0.2,-0.0327870949957287,9.621760565042496,10.870285987854004,0.00018891647999999997,0.09532952,0.19791666666666666,-163.63667891439454,317.71875
566,1956,37926,74186752,,,,,,,,,,,,,,,,
,,,74317824,21.729284286499023,22.59571087360382,0.9462894052267075,0.001,0.0034965774975717068,3025,0.44942474365234375,0.2,-0.03487700871773995,9.601450991630553,12.20600700378418,0.000188719872,0.06879556,0.16666666666666666,-164.2858425389102,317.3229166666667
567,1956,37993,74317824,,,,,,,,,,,,,,,,
,,,74448896,23.807693481445312,23.153155672550202,0.9460684098303318,0.001,0.003500022692605853,3030,0.473370361328125,0.2,-0.03272311478795018,9.662322455644608,9.150623321533203,0.00018852326399999999,0.06467258,0.20833333333333334,-156.86124402715478,324.0520833333333
568,1956,38060,74448896,,,,,,,,,,,,,,,,
,,,74579968,23.348608016967773,23.99829888343811,0.9460422284901142,0.001,0.0035048681311309338,3035,0.4540435791015625,0.2,-0.031035986648203107,9.676458722352981,9.92619800567627,0.00018832665599999998,0.07495531,0.22916666666666666,-158.66914039025315,308.5520833333333
569,1956,38127,74579968,,,,,,,,,,,,,,,,
,,,74711040,22.038158416748047,20.678873282670974,0.950944822281599,0.001,0.003509616246446967,3040,0.513671875,0.2,-0.03267788697266951,9.685127586126328,9.578103065490723,0.000188130048,0.09663558,0.14583333333333334,-171.6937270368251,336.5520833333333
570,1956,38194,74711040,,,,,,,,,,,,,,,,
,,,74842112,21.752599716186523,22.054019963741304,0.9502044953405857,0.001,0.003517557866871357,3045,0.5130355834960938,0.2,-0.030564745253650473,9.601902663707733,7.754387378692627,0.00018793344,0.07706632,0.15625,-165.33227565655585,335.125
571,1956,38260,74842112,,,,,,,,,,,,,,,,
,,,74973184,23.124420166015625,20.099262845516204,0.9538174197077751,0.001,0.003518772078678012,3050,0.5076156616210937,0.2,-0.028169369428360368,9.52420523762703,9.288514137268066,0.00018773683199999996,0.08531532,0.20833333333333334,-160.09435468837822,305.53125
572,1956,38328,74973184,,,,,,,,,,,,,,,,
,,,75104256,23.718036651611328,21.087544363737106,0.9526311308145523,0.001,0.003520352765917778,3055,0.45946044921875,0.2,-0.03384689378872281,9.670939230918885,7.833155632019043,0.00018754022399999998,0.07957811,0.19791666666666666,-162.01101489505257,308.6770833333333
573,1956,38395,75104256,,,,,,,,,,,,,,,,
,,,75235328,21.962783813476562,19.71850652098656,0.9533214531838894,0.001,0.003521687351167202,3060,0.49306182861328124,0.2,-0.031153166241711005,9.551196247339249,9.163902282714844,0.00018734361599999998,0.08565298,0.19791666666666666,-163.30367901490703,317.0416666666667
574,1956,38462,75235328,,,,,,,,,,,,,,,,
,,,75366400,20.599693298339844,20.915312117338182,0.951514482498169,0.001,0.003520719241350889,3065,0.43294830322265626,0.2,-0.03132540255173808,9.62898588180542,8.871832847595215,0.000187147008,0.057937436,0.16666666666666666,-164.28885865566548,317.1979166666667
575,1956,38529,75366400,,,,,,,,,,,,,,,,
,,,75497472,21.25708770751953,27.67448345422745,0.9384923428297043,0.001,0.0035165257286280394,3070,0.46468658447265626,0.2,-0.028433529735775665,9.563532584905625,14.406881332397461,0.00018695039999999996,0.065025024,0.17708333333333334,-158.85139956023167,312.6770833333333
576,1956,38596,75497472,,,,,,,,,,,,,,,,
,,,75628544,21.791027069091797,20.142309629917143,0.9555851556360722,0.001,0.0035107217263430357,3075,0.5375350952148438,0.2,-0.014960991434054449,9.618977290391921,9.548123359680176,0.000186753792,0.16872063,0.19791666666666666,-163.59743011081233,320.2916666666667
577,1956,38663,75628544,,,,,,,,,,,,,,,,
,,,75759616,21.509321212768555,20.415973496437072,0.9537209309637547,0.001,0.003508201567456126,3080,0.482470703125,0.2,-0.02897290024848189,9.590660750865936,10.894937515258789,0.00018655718399999998,0.10473107,0.20833333333333334,-160.318215112596,316.6979166666667
578,1956,38729,75759616,,,,,,,,,,,,,,,,
,,,75890688,21.014625549316406,23.617414087057114,0.9478215239942074,0.001,0.0035024690441787243,3085,0.45176239013671876,0.2,-0.03302019670809386,9.58272385597229,10.098485946655273,0.000186360576,0.07403137,0.20833333333333334,-161.78895406602177,314.9270833333333
579,1956,38796,75890688,,,,,,,,,,,,,,,,
,,,76021760,22.83436393737793,24.235836416482925,0.9454763010144234,0.001,0.0034934733994305134,3090,0.47362213134765624,0.2,-0.03485148083127569,9.741272675991059,10.901601791381836,0.00018616396799999997,0.070587635,0.14583333333333334,-161.8316838426606,334.7395833333333
580,1956,38863,76021760,,,,,,,,,,,,,,,,
,,,76152832,23.40963363647461,24.7239822268486,0.9451119489967823,0.001,0.00348865007981658,3095,0.4732574462890625,0.2,-0.03551112866407493,9.70434535741806,8.942431449890137,0.00018596736,0.07352158,0.17708333333333334,-164.9026131697539,313.125
581,1956,38930,76152832,,,,,,,,,,,,,,,,
,,,76283904,22.5391845703125,27.094239604473113,0.9366796761751175,0.001,0.003490898758172989,3100,0.4774505615234375,0.2,-0.02920177162013715,9.782079660892487,13.060050010681152,0.00018577075199999998,0.074686155,0.2708333333333333,-152.75878337464215,302.3854166666667
582,1956,38997,76283904,,,,,,,,,,,,,,,,
,,,76414976,21.61788558959961,22.209069752693175,0.9506447538733482,0.001,0.003487887792289257,3105,0.47281646728515625,0.2,-0.028151124973373954,9.673598593473434,9.895503044128418,0.00018557414399999998,0.0642233,0.14583333333333334,-168.4861185006108,338.84375
583,1956,39065,76414976,,,,,,,,,,,,,,,,
,,,76546048,23.0738582611084,18.586070626974106,0.9597507528960705,0.001,0.003486941335722804,3110,0.5044219970703125,0.2,-0.03192454220552463,9.602358037233353,7.840324878692627,0.00018537753599999997,0.09604074,0.16666666666666666,-165.45407327852715,332.71875
584,1956,39131,76546048,,,,,,,,,,,,,,,,
,,,76677120,24.104900360107422,23.64704442024231,0.9491175226867199,0.001,0.003496367484331131,3115,0.5217071533203125,0.2,-0.021243941978900692,9.64773171544075,9.604304313659668,0.000185180928,0.08473414,0.19791666666666666,-162.97412058940702,319.3854166666667
585,1956,39198,76677120,,,,,,,,,,,,,,,,
,,,76808192,23.223339080810547,20.666371524333954,0.9525449834764004,0.001,0.0034961465280503035,3120,0.48214569091796877,0.2,-0.0341742671065731,9.687675857543946,9.401262283325195,0.00018498431999999998,0.076753415,0.2604166666666667,-155.9186343729524,301.9166666666667
586,1956,39265,76808192,,,,,,,,,,,,,,,,
,,,76939264,22.742643356323242,24.243340718746186,0.949434470385313,0.001,0.003495125100016594,3125,0.48674163818359373,0.2,-0.029424335045041515,9.637165719270707,10.415379524230957,0.00018478771199999998,0.09587286,0.17708333333333334,-166.23584889285044,319.2604166666667
587,1956,39331,76939264,,,,,,,,,,,,,,,,
,,,77070336,23.725881576538086,23.13505333662033,0.9494621939957142,0.001,0.0034908964298665524,3130,0.5026840209960938,0.2,-0.023386610133456998,9.698008638620376,10.19206714630127,0.000184591104,0.08543388,0.19791666666666666,-162.18084421510193,312.7916666666667
588,1956,39398,77070336,,,,,,,,,,,,,,,,
,,,77201408,22.487485885620117,20.358329582214356,0.9558891877532005,0.001,0.003489005146548152,3135,0.46337432861328126,0.2,-0.031014259814401157,9.700587821006774,9.25817584991455,0.000184394496,0.07253446,0.17708333333333334,-163.10542032056856,316.0416666666667
589,1956,39464,77201408,,,,,,,,,,,,,,,,
,,,77332480,21.379756927490234,23.230474561452866,0.9477934651076794,0.001,0.003492421470582485,3140,0.49027099609375,0.2,-0.029828557375003582,9.735996639728546,11.51712417602539,0.000184197888,0.10930137,0.17708333333333334,-163.98148279046464,331.8125
590,1956,39531,77332480,,,,,,,,,,,,,,,,
,,,77463552,21.660831451416016,24.14956542253494,0.9440584108233452,0.001,0.0034940671175718307,3145,0.508319091796875,0.2,-0.032149157352978366,9.739641314744949,11.132155418395996,0.00018400127999999995,0.09259177,0.23958333333333334,-156.57971308669403,312.40625
591,1956,39598,77463552,,,,,,,,,,,,,,,,
,,,77594624,20.289710998535156,19.958491069078445,0.9517432674765587,0.001,0.0034884975757449865,3150,0.4904205322265625,0.2,-0.027653439080313546,9.667989778518677,9.002047538757324,0.000183804672,0.09609543,0.23958333333333334,-153.06905809293704,316.53125
592,1956,39665,77594624,,,,,,,,,,,,,,,,
,,,77725696,22.471298217773438,23.519567692279814,0.9471774026751518,0.001,0.003484360408037901,3155,0.5123321533203125,0.2,-0.028397524265164974,9.717307448387146,10.510845184326172,0.00018360806399999997,0.08998907,0.14583333333333334,-171.923058377405,325.8020833333333
593,1956,39732,77725696,,,,,,,,,,,,,,,,
,,,77856768,20.876747131347656,19.45621415376663,0.9540956355631351,0.001,0.003488043788820505,3160,0.4677764892578125,0.2,-0.0321883650511154,9.675871497392654,8.86522102355957,0.000183411456,0.05498776,0.17708333333333334,-161.4229306276395,335.4166666666667
594,1956,39799,77856768,,,,,,,,,,,,,,,,
,,,77987840,21.534801483154297,18.53452365398407,0.9561157524585724,0.001,0.003482998115941882,3165,0.5199386596679687,0.2,-0.02927968747681007,9.706473749876022,8.003792762756348,0.00018321484799999996,0.10482566,0.23958333333333334,-155.59647785110587,331.6354166666667
595,1956,39866,77987840,,,,,,,,,,,,,,,,
,,,78118912,22.605510711669922,17.555292010307312,0.9567666314542294,0.001,0.0034845182672142982,3170,0.48453369140625,0.2,-0.032006590202217924,9.763037610054017,7.213934421539307,0.00018301824,0.088041306,0.1875,-157.2344756095786,328.3125
596,1956,39933,78118912,,,,,,,,,,,,,,,,
,,,78249984,22.573970794677734,21.53666948676109,0.9542634077370167,0.001,0.0034842565655708313,3175,0.4633453369140625,0.2,-0.03139043607370695,9.707351809740066,10.74802303314209,0.00018282163199999997,0.0800815,0.17708333333333334,-164.3665181756012,331.7395833333333
597,1956,40000,78249984,,,,,,,,,,,,,,,,
,,,78381056,23.11129379272461,20.088453620672226,0.9553529433906078,0.001,0.003480752697214484,3180,0.465167236328125,0.2,-0.031315938400803135,9.625163322687149,7.393016338348389,0.00018262502400000002,0.082745895,0.1875,-163.08635486593445,328.96875
598,1956,40067,78381056,,,,,,,,,,,,,,,,
,,,78512128,21.589317321777344,19.98888619542122,0.9575021117925644,0.001,0.0034808646887540817,3185,0.459796142578125,0.2,-0.028296119277365507,9.617240691184998,8.379008293151855,0.000182428416,0.0676627,0.17708333333333334,-160.92723171475203,330.0833333333333
599,1956,40135,78512128,,,,,,,,,,,,,,,,
,,,78643200,21.493419647216797,22.076079344749452,0.953330472111702,0.001,0.003481184132397175,3190,0.5016128540039062,0.2,-0.02873777027707547,9.656244575977325,9.102642059326172,0.00018223180799999998,0.06901557,0.21875,-158.25127480262844,311.15625
600,1956,40201,78643200,,,,,,,,,,,,,,,,
,,,78774272,22.644466400146484,23.153363049030304,0.9504047520458698,0.001,0.0034807189367711544,3195,0.44511260986328127,0.2,-0.030936028849100693,9.682998776435852,10.91334056854248,0.00018203519999999997,0.07219633,0.21875,-157.5429109955169,311.3020833333333
601,1956,40269,78774272,,,,,,,,,,,,,,,,
,,,78905344,22.48739242553711,20.09189104437828,0.9557922929525375,0.001,0.003477475605905056,3200,0.461865234375,0.2,-0.03236534854804631,9.733661979436874,8.40227222442627,0.000181838592,0.095451035,0.16666666666666666,-168.46395388143605,332.7708333333333
602,1956,40336,78905344,,,,,,,,,,,,,,,,
,,,79036416,22.54815673828125,22.11853940486908,0.9498055651783943,0.001,0.0034750686027109623,3205,0.5390289306640625,0.2,-0.028908250921813306,9.689026129245757,10.924636840820312,0.000181641984,0.10692989,0.1875,-162.66377654983546,328.15625
603,1956,40403,79036416,,,,,,,,,,,,,,,,
,,,79167488,21.93233299255371,23.31590316295624,0.9492631107568741,0.001,0.0034727142192423344,3210,0.46567230224609374,0.2,-0.035573941949405705,9.709554177522659,11.352913856506348,0.00018144537599999998,0.07026129,0.23958333333333334,-160.20342457727165,311.25
604,1956,40470,79167488,,,,,,,,,,,,,,,,
,,,79298560,22.217975616455078,21.801313650608062,0.9526911824941635,0.001,0.003468868089839816,3215,0.47466278076171875,0.2,-0.029415371993673035,9.634655898809433,10.427443504333496,0.00018124876799999998,0.083226696,0.17708333333333334,-165.1384161278738,330.34375
605,1956,40537,79298560,,,,,,,,,,,,,,,,
,,,79429632,22.471725463867188,19.561971122026442,0.9550259336829185,0.001,0.0034676585346460342,3220,0.483917236328125,0.2,-0.030066590268688742,9.710320407152176,7.5946269035339355,0.00018105216,0.07929988,0.22916666666666666,-159.17974173038058,320.15625
606,1956,40604,79429632,,,,,,,,,,,,,,,,
,,,79560704,23.188457489013672,22.354194140434267,0.9506349600851536,0.001,0.003462963504716754,3225,0.47350311279296875,0.2,-0.031780695423367436,9.579533988237381,9.939719200134277,0.000180855552,0.08117917,0.1875,-163.54501024323253,320.2916666666667
607,1956,40670,79560704,,,,,,,,,,,,,,,,
,,,79691776,22.239639282226562,17.63161815404892,0.9605461433529854,0.001,0.0034632612951099873,3230,0.49539642333984374,0.2,-0.030239073866687248,9.686630588769912,7.978147029876709,0.00018065894399999996,0.104521334,0.23958333333333334,-153.27849521054875,317.1041666666667
608,1956,40737,79691776,,,,,,,,,,,,,,,,
,,,79822848,22.53872299194336,21.57336879968643,0.9517825432121754,0.001,0.0034649381414055824,3235,0.4955535888671875,0.2,-0.028212485852418468,9.647787821292876,9.398538589477539,0.000180462336,0.08066396,0.20833333333333334,-155.44838207770928,329.4166666666667
609,1956,40803,79822848,,,,,,,,,,,,,,,,
,,,79953920,22.80498504638672,15.81811744570732,0.9635701067745686,0.001,0.0034694201312959194,3240,0.5111892700195313,0.2,-0.029711313282314224,9.658497565984726,7.375626087188721,0.00018026572799999997,0.13568982,0.22916666666666666,-157.05345271683956,310.5416666666667
610,1956,40871,79953920,,,,,,,,,,,,,,,,
,,,80084992,21.67586326599121,22.401014977693556,0.9508609063923359,0.001,0.0034675770439207554,3245,0.4561920166015625,0.2,-0.03205361536092823,9.639789873361588,10.003304481506348,0.00018006912,0.07302331,0.22916666666666666,-158.4348123549012,303.4270833333333
611,1956,40937,80084992,,,,,,,,,,,,,,,,
,,,80216064,21.76813316345215,23.28333239555359,0.9483765326440334,0.001,0.003465064335614443,3250,0.48442535400390624,0.2,-0.03377999278309289,9.677634346485139,9.594709396362305,0.00017987251199999996,0.074386224,0.23958333333333334,-157.5719928048069,312.6979166666667
612,1956,41005,80216064,,,,,,,,,,,,,,,,
,,,80347136,24.8046932220459,21.299352437257767,0.9496338777244091,0.001,0.0034666992723941803,3255,0.4859954833984375,0.2,-0.029824424257094508,9.710569047927857,10.3403902053833,0.000179675904,0.07172951,0.20833333333333334,-157.61893061411067,324.28125
613,1956,41071,80347136,,,,,,,,,,,,,,,,
,,,80478208,22.90961265563965,23.16809937953949,0.9471382349729538,0.001,0.0034664939157664776,3260,0.4706939697265625,0.2,-0.031061337585560976,9.661608761548996,12.344412803649902,0.00017947929599999998,0.065438434,0.17708333333333334,-168.85688017280307,320.8541666666667
614,1956,41138,80478208,,,,,,,,,,,,,,,,
,,,80609280,22.98445701599121,20.939009261131286,0.9519638381898403,0.001,0.0034639439545571804,3265,0.5021514892578125,0.2,-0.028443491899815855,9.693872326612473,9.572397232055664,0.000179282688,0.09421104,0.20833333333333334,-159.61317477552063,319.6875
615,1956,41206,80609280,,,,,,,,,,,,,,,,
,,,80740352,21.86995506286621,23.00946408510208,0.9449902661144733,0.001,0.003464682726189494,3270,0.45942535400390627,0.2,-0.031190933514153585,9.709573936462402,10.414060592651367,0.00017908607999999996,0.066833295,0.22916666666666666,-157.5896993565594,312.3541666666667
616,1956,41272,80740352,,,,,,,,,,,,,,,,
,,,80871424,22.103851318359375,22.36218239068985,0.9463350027799606,0.001,0.003473858116194606,3275,0.5098953247070312,0.2,-0.025183014891808853,9.705047905445099,9.087563514709473,0.00017888947199999999,0.08078104,0.21875,-159.14012391668192,313.2916666666667
617,1956,41340,80871424,,,,,,,,,,,,,,,,
,,,81002496,22.548391342163086,25.07446595430374,0.9431181810796261,0.001,0.0034756797831505537,3280,0.5170730590820313,0.2,-0.022080597629246766,9.737154680490494,9.166407585144043,0.00017869286399999998,0.10239218,0.22916666666666666,-159.46106170536723,312.3125
618,1956,41406,81002496,,,,,,,,,,,,,,,,
,,,81133568,22.044469833374023,24.157218551635744,0.9468769803643227,0.001,0.003474361030384898,3285,0.5252395629882812,0.2,-0.022664556131348945,9.730272972583771,11.584260940551758,0.00017849625599999997,0.24855137,0.20833333333333334,-163.47652274150835,310.9375
619,1956,41474,81133568,,,,,,,,,,,,,,,,
,,,81264640,21.446380615234375,20.42850120663643,0.953932873904705,0.001,0.003475718665868044,3290,0.4963165283203125,0.2,-0.02655959379626438,9.722770065069199,7.4486470222473145,0.000178299648,0.08164561,0.2604166666666667,-153.33406353715645,303.4270833333333
620,1956,41540,81264640,,,,,,,,,,,,,,,,
,,,81395712,22.9177303314209,23.117371225357054,0.9460634589195251,0.001,0.003483118489384651,3295,0.5833282470703125,0.2,-0.0005237942299572751,9.586927682161331,10.325568199157715,0.00017810304,0.077707894,0.21875,-156.59004328918647,305.09375
621,1956,41607,81395712,,,,,,,,,,,,,,,,
,,,81526784,22.627166748046875,23.899515414237975,0.9469095766544342,0.001,0.0034835103433579206,3300,0.49382171630859373,0.2,-0.025679683027556167,9.638658833503722,9.036933898925781,0.00017790643199999998,0.058221832,0.22916666666666666,-156.83948961327613,307.375
622,1956,41675,81526784,,,,,,,,,,,,,,,,
,,,81657856,23.068817138671875,18.869807624816893,0.9584312736988068,0.001,0.0034795221872627735,3305,0.52901611328125,0.2,-0.024545497605140555,9.645467358827592,10.43431282043457,0.000177709824,0.10235455,0.28125,-148.70621700057094,301.2916666666667
623,1956,41742,81657856,,,,,,,,,,,,,,,,
,,,81788928,23.434188842773438,20.60226326584816,0.9534713216125965,0.001,0.003480982966721058,3310,0.5055221557617188,0.2,-0.029600810578267557,9.611724555492401,8.02720832824707,0.000177513216,0.08078901,0.23958333333333334,-150.14920770134003,310.9375
624,1956,41809,81788928,,,,,,,,,,,,,,,,
,,,81920000,23.596141815185547,19.8325976729393,0.9529459774494171,0.001,0.003479810431599617,3315,0.4821868896484375,0.2,-0.03114604191723629,9.733642607927322,8.708126068115234,0.00017731660799999996,0.062708855,0.14583333333333334,-165.44787023933782,335.25
625,1956,41876,81920000,,,,,,,,,,,,,,,,
,,,82051072,23.543441772460938,22.672762548923494,0.9478173106908798,0.001,0.0034798402339220047,3320,0.4682342529296875,0.2,-0.029327329553780146,9.577146971225739,11.693692207336426,0.00017711999999999998,0.074100375,0.17708333333333334,-163.70190006096598,318.2291666666667
626,1956,41944,82051072,,,,,,,,,,,,,,,,
,,,82182144,24.281494140625,19.021574133634566,0.955108992755413,0.001,0.003488780464977026,3325,0.494891357421875,0.2,-0.027816406669444405,9.714600336551666,8.953200340270996,0.00017692339199999995,0.13418569,0.1875,-166.94331734510365,327.1979166666667
627,1956,42010,82182144,,,,,,,,,,,,,,,,
,,,82313216,23.20296859741211,26.03771427869797,0.9391358345746994,0.001,0.0034908559173345566,3330,0.4574737548828125,0.2,-0.030936165056482424,9.692870903015137,11.29966926574707,0.000176726784,0.083991714,0.20833333333333334,-162.38005093149317,320.375
628,1956,42078,82313216,,,,,,,,,,,,,,,,
,,,82444288,25.355545043945312,22.582200080156326,0.9526062458753586,0.001,0.0034877373836934566,3335,0.430328369140625,0.2,-0.03261764765338739,9.708350288867951,9.319268226623535,0.00017653017599999997,0.06181713,0.28125,-146.8654398862365,306.7083333333333
629,1956,42144,82444288,,,,,,,,,,,,,,,,
,,,82575360,26.39496421813965,23.5101310133934,0.9444964453577995,0.001,0.0034838193096220493,3340,0.44513397216796874,0.2,-0.03451111912290798,9.594136226177216,9.527998924255371,0.00017633356800000001,0.054751366,0.1875,-163.24309928918515,326.8958333333333
630,1956,42211,82575360,,,,,,,,,,,,,,,,
,,,82706432,23.819555282592773,24.137364661693574,0.9377834536135197,0.001,0.0034909534733742476,3345,0.46221923828125,0.2,-0.0311381196428556,9.724070531129836,10.122916221618652,0.00017613695999999998,0.064603135,0.1875,-158.29144756969296,322.75
631,1956,42278,82706432,,,,,,,,,,,,,,,,
,,,82837504,23.78924560546875,22.95165799856186,0.9520041644573212,0.001,0.0034942382480949163,3350,0.49720916748046873,0.2,-0.025593392773589584,9.61146346926689,11.300894737243652,0.000175940352,0.07614908,0.1875,-162.51444298687878,326.03125
632,1956,42345,82837504,,,,,,,,,,,,,,,,
,,,82968576,24.867427825927734,23.960303765535354,0.9442284032702446,0.001,0.0034904140047729015,3355,0.47194061279296873,0.2,-0.025432030462252442,9.662299013137817,9.297404289245605,0.00017574374399999997,0.07297042,0.11458333333333333,-174.33876946961414,337.5625
633,1956,42412,82968576,,,,,,,,,,,,,,,,
,,,83099648,24.028121948242188,20.991640782356264,0.9476522915065289,0.001,0.0034974603913724422,3360,0.48632659912109377,0.2,-0.027738059680268635,9.630203533172608,8.987456321716309,0.000175547136,0.08168766,0.17708333333333334,-161.95341093673596,331.125
634,1956,42479,83099648,,,,,,,,,,,,,,,,
,,,83230720,25.183792114257812,21.752425932884215,0.9488662369549274,0.001,0.003498762845993042,3365,0.461767578125,0.2,-0.033341139926051255,9.659459388256073,10.801146507263184,0.00017535052799999998,0.078100845,0.3229166666666667,-147.25213209986407,299.375
635,1956,42546,83230720,,,,,,,,,,,,,,,,
,,,83361792,23.56939697265625,21.964242351055145,0.9473550356924534,0.001,0.003493174910545349,3370,0.45985107421875,0.2,-0.030824446392944082,9.6851129591465,8.921205520629883,0.00017515391999999998,0.06723521,0.1875,-162.10251383632428,337.6145833333333
636,1956,42613,83361792,,,,,,,,,,,,,,,,
,,,83492864,24.821277618408203,19.790518206357955,0.9495904743671417,0.001,0.003492461983114481,3375,0.44522552490234374,0.2,-0.03480484957690351,9.715592926740646,8.198657989501953,0.00017495731199999997,0.059615493,0.19791666666666666,-160.46442572244163,325.53125
637,1956,42680,83492864,,,,,,,,,,,,,,,,
,,,83623936,24.770305633544922,22.12843964099884,0.9465394057333469,0.001,0.0034937660675495863,3380,0.5029876708984375,0.2,-0.02938709515001392,9.768609005212785,8.394716262817383,0.000174760704,0.0919683,0.2708333333333333,-153.21786501887917,298.5520833333333
638,1956,42747,83623936,,,,,,,,,,,,,,,,
,,,83755008,24.07319450378418,21.150929963588716,0.9484584890305996,0.001,0.003496079472824931,3385,0.49380645751953123,0.2,-0.030660141796397512,9.553190386295318,9.540485382080078,0.000174564096,0.089075096,0.23958333333333334,-155.62224385136315,316.9479166666667
639,1956,42813,83755008,,,,,,,,,,,,,,,,
,,,83886080,21.540756225585938,19.72745161652565,0.9562716707587242,0.001,0.003498424543067813,3390,0.47807769775390624,0.2,-0.029310098739370006,9.698740714788437,10.00416088104248,0.00017436748799999998,0.095456794,0.19791666666666666,-161.69321079067893,319.34375
640,1956,42880,83886080,,,,,,,,,,,,,,,,
,,,84017152,24.317195892333984,23.80188480615616,0.9443801492452621,0.001,0.0034972538705915213,3395,0.4658660888671875,0.2,-0.032390226106508636,9.639487731456757,13.226670265197754,0.00017417088,0.07717101,0.16666666666666666,-159.77516669108903,327.5
641,1956,42947,84017152,,,,,,,,,,,,,,,,
,,,84148224,22.448041915893555,22.50382708311081,0.946298286318779,0.001,0.003496266435831785,3400,0.45916900634765623,0.2,-0.02952158230909845,9.658538699150085,9.575373649597168,0.000173974272,0.06455703,0.22916666666666666,-157.81542079560685,302.96875
642,1956,43014,84148224,,,,,,,,,,,,,,,,
,,,84279296,24.186824798583984,22.09935258626938,0.9498036950826645,0.001,0.003490633796900511,3405,0.4601806640625,0.2,-0.035349268834397665,9.696633362770081,9.59365463256836,0.000173777664,0.061195355,0.22916666666666666,-154.53662606134762,310.8645833333333
643,1956,43081,84279296,,,,,,,,,,,,,,,,
,,,84410368,23.058853149414062,20.03645439147949,0.9514436051249504,0.001,0.003491956740617752,3410,0.44164581298828126,0.2,-0.03421306697564432,9.666753661632537,10.88359260559082,0.00017358105599999996,0.07284534,0.17708333333333334,-162.81595957666386,332.5104166666667
644,1956,43148,84410368,,,,,,,,,,,,,,,,
,,,84541440,23.559555053710938,20.47414113879204,0.9524432718753815,0.001,0.0034837364219129086,3415,0.4578125,0.2,-0.033497143722343026,9.693405824899674,9.028942108154297,0.000173384448,0.06915647,0.16666666666666666,-163.80885725569664,329.2916666666667
645,1956,43214,84541440,,,,,,,,,,,,,,,,
,,,84672512,23.818035125732422,19.63762902021408,0.955436073243618,0.001,0.003484089858829975,3420,0.48939056396484376,0.2,-0.031749745592242105,9.714963454008103,8.015230178833008,0.00017318783999999997,0.07996467,0.22916666666666666,-155.62645902682277,307.90625
646,1956,43281,84672512,,,,,,,,,,,,,,,,
,,,84803584,25.81966209411621,22.513568258285524,0.9446400851011276,0.001,0.0034853778779506683,3425,0.45358123779296877,0.2,-0.03069431737458217,9.656309807300568,9.828763008117676,0.000172991232,0.06716843,0.23958333333333334,-157.29987301765283,311.1145833333333
647,1956,43348,84803584,,,,,,,,,,,,,,,,
,,,84934656,26.675399780273438,20.77493506669998,0.9506300613284111,0.001,0.003485914785414934,3430,0.46542205810546877,0.2,-0.03400992360548116,9.643632185459136,8.275917053222656,0.00017279462399999996,0.0881577,0.21875,-162.3549290089683,320.9583333333333
648,1956,43416,84934656,,,,,,,,,,,,,,,,
,,,85065728,26.30335235595703,20.783092844486237,0.952182911336422,0.001,0.0034853708930313587,3435,0.49104461669921873,0.2,-0.033142070985923054,9.618854475021362,9.114249229431152,0.000172598016,0.07428207,0.16666666666666666,-168.79922906392468,328.5729166666667
649,1956,43481,85065728,,,,,,,,,,,,,,,,
,,,85196800,26.884971618652344,23.152764523029326,0.9488136135041714,0.001,0.0034863296896219254,3440,0.45508270263671874,0.2,-0.03250766392739024,9.698319786787033,8.864327430725098,0.00017240140799999997,0.09058797,0.17708333333333334,-162.78546508025636,330.4270833333333
650,1956,43548,85196800,,,,,,,,,,,,,,,,
,,,85327872,27.84780502319336,23.08891180753708,0.9473868608474731,0.001,0.003486793953925371,3445,0.44812164306640623,0.2,-0.03437436516542221,9.701483702659607,10.966428756713867,0.00017220480000000002,0.074403495,0.16666666666666666,-164.81687510387954,331.6145833333333
651,1956,43615,85327872,,,,,,,,,,,,,,,,
,,,85458944,24.631149291992188,22.338907104730605,0.9460441693663597,0.001,0.003486594883725047,3450,0.4840179443359375,0.2,-0.030175267352024093,9.727726548910141,10.467049598693848,0.000172008192,0.069296904,0.21875,-163.82881800690245,304.2291666666667
652,1956,43682,85458944,,,,,,,,,,,,,,,,
,,,85590016,26.950462341308594,20.424196934700014,0.9557112939655781,0.001,0.0034853974357247353,3455,0.484136962890625,0.2,-0.02726676086676889,9.710548055171966,9.170256614685059,0.00017181158399999998,0.07177013,0.14583333333333334,-172.45486732374295,325.7916666666667
653,1956,43749,85590016,,,,,,,,,,,,,,,,
,,,85721088,28.358449935913086,22.208025413751603,0.9469852596521378,0.001,0.003481329884380102,3460,0.44775390625,0.2,-0.034106178164074664,9.670965999364853,10.874497413635254,0.00017161497599999998,0.066322714,0.16666666666666666,-167.33377960825675,323.6666666666667
654,1956,43816,85721088,,,,,,,,,,,,,,,,
,,,85852160,26.76129913330078,24.473384273052215,0.9426288791000843,0.001,0.003478424157947302,3465,0.4572113037109375,0.2,-0.02863472227472812,9.752293747663497,10.659640312194824,0.00017141836799999997,0.061825182,0.22916666666666666,-165.94661314439114,306.6979166666667
655,1956,43883,85852160,,,,,,,,,,,,,,,,
,,,85983232,25.014827728271484,24.790386390686034,0.9430149495601654,0.001,0.0034818905405700207,3470,0.5057876586914063,0.2,-0.030837878269085194,9.677023321390152,11.126330375671387,0.00017122176,0.098796725,0.1875,-167.56298249581613,319.21875
656,1956,43950,85983232,,,,,,,,,,,,,,,,
,,,86114304,27.45686912536621,19.928989559412003,0.9508711509406567,0.001,0.003480312880128622,3475,0.45586395263671875,0.2,-0.03198931740480475,9.64557381272316,10.93997859954834,0.00017102515199999999,0.070633404,0.3854166666666667,-135.72090577628583,285.15625
657,1956,44017,86114304,,,,,,,,,,,,,,,,
,,,86245376,26.068222045898438,21.289165222644804,0.9483436234295368,0.001,0.003477375954389572,3480,0.4656341552734375,0.2,-0.0315301775583066,9.686862617731094,9.354010581970215,0.00017082854399999998,0.09323837,0.19791666666666666,-172.7884739128073,336.5520833333333
658,1956,44084,86245376,,,,,,,,,,,,,,,,
,,,86376448,25.073774337768555,22.147849291563034,0.9475508518517017,0.001,0.003479324048385024,3485,0.47322845458984375,0.2,-0.03308779936196515,9.68079132437706,8.377326965332031,0.000170631936,0.06989036,0.3333333333333333,-144.29897783006413,302.25
659,1956,44150,86376448,,,,,,,,,,,,,,,,
,,,86507520,27.894813537597656,20.436588251590727,0.9483981132507324,0.001,0.0034808635246008635,3490,0.48227081298828123,0.2,-0.03173842335745576,9.69733521938324,7.330390930175781,0.000170435328,0.062796615,0.17708333333333334,-161.96529326259449,323.9270833333333
660,1956,44217,86507520,,,,,,,,,,,,,,,,
,,,86638592,27.543636322021484,22.568294417858123,0.949475571513176,0.001,0.00348622421734035,3495,0.47578125,0.2,-0.030184264630952383,9.725869596004486,9.628480911254883,0.00017023871999999996,0.07530625,0.17708333333333334,-163.22708444056903,326.8541666666667
661,1956,44284,86638592,,,,,,,,,,,,,,,,
,,,86769664,25.188613891601562,20.570388627052306,0.9549612887203693,0.001,0.003485604887828231,3500,0.46282501220703126,0.2,-0.03064373940578662,9.61874167919159,7.719573020935059,0.000170042112,0.08179134,0.14583333333333334,-170.20605475813667,330.1145833333333
662,1956,44351,86769664,,,,,,,,,,,,,,,,
,,,86900736,24.42085838317871,21.34096850156784,0.9512049220502377,0.001,0.0034863154869526625,3505,0.47281341552734374,0.2,-0.02603665476781316,9.599738723039627,8.100323677062988,0.00016984550399999998,0.07439424,0.19791666666666666,-163.76980969673502,326.78125
663,1956,44418,86900736,,,,,,,,,,,,,,,,
,,,87031808,26.290584564208984,20.736887061595915,0.949083000421524,0.001,0.003485217224806547,3510,0.4751251220703125,0.2,-0.029665891154581913,9.694242233037949,7.618720054626465,0.000169648896,0.08403212,0.22916666666666666,-154.10016522712309,315.5416666666667
664,1956,44485,87031808,,,,,,,,,,,,,,,,
,,,87162880,26.360889434814453,21.780375069379808,0.9465541504323483,0.001,0.0034882358741015196,3515,0.461651611328125,0.2,-0.02824873294593999,9.75695509314537,10.025040626525879,0.00016945228799999996,0.06930699,0.28125,-151.07402075182634,324.9270833333333
665,1956,44552,87162880,,,,,,,,,,,,,,,,
,,,87293952,28.179019927978516,21.342345470190047,0.9487612321972847,0.001,0.0034883669577538967,3520,0.44808807373046877,0.2,-0.0357049239333719,9.647742336988449,10.29918098449707,0.00016925568,0.06311718,0.16666666666666666,-163.82565941148388,339.0833333333333
666,1956,44619,87293952,,,,,,,,,,,,,,,,
,,,87425024,25.346813201904297,18.531087386608124,0.9549881219863892,0.001,0.0034806495532393456,3525,0.46550140380859373,0.2,-0.03393335912696784,9.64228259921074,8.087478637695312,0.00016905907199999998,0.06294383,0.15625,-163.76249899193488,334.5520833333333
667,1956,44687,87425024,,,,,,,,,,,,,,,,
,,,87556096,30.440494537353516,21.763697016239167,0.9485462792217731,0.001,0.0034795384854078293,3530,0.43916015625,0.2,-0.03344248543871799,9.682669478654862,11.245758056640625,0.000168862464,0.056161847,0.22916666666666666,-158.42314164621268,315.9791666666667
668,1956,44754,87556096,,,,,,,,,,,,,,,,
,,,87687168,25.895925521850586,22.83390067219734,0.9474338218569756,0.001,0.0034806961193680763,3535,0.4889923095703125,0.2,-0.025222912200842985,9.719951385259629,9.298256874084473,0.00016866585599999997,0.06231474,0.16666666666666666,-167.9175686328929,326.6354166666667
669,1956,44823,87687168,,,,,,,,,,,,,,,,
,,,87818240,27.37592887878418,22.135504925251006,0.9488230794668198,0.001,0.0034876293502748013,3540,0.6066375732421875,0.2,-0.0019264125032350421,9.605603849887848,9.868334770202637,0.000168469248,1.065864,0.25,-155.57789676820622,326.3020833333333
670,1956,44889,87818240,,,,,,,,,,,,,,,,
,,,87949312,25.636144638061523,20.6721894800663,0.9533524475991726,0.001,0.003490899223834276,3545,0.45757293701171875,0.2,-0.03340306239115307,9.689133363962174,10.367445945739746,0.00016827263999999998,0.068628386,0.19791666666666666,-157.90658366624112,323.9583333333333
671,1956,44956,87949312,,,,,,,,,,,,,,,,
,,,88080384,30.86053466796875,21.27977784872055,0.9509520046412945,0.001,0.0034895092248916626,3550,0.45291290283203123,0.2,-0.03022026095277397,9.623662263154984,8.910178184509277,0.00016807603199999998,0.067354605,0.1875,-166.70636294472183,338.40625
672,1956,45024,88080384,,,,,,,,,,,,,,,,
,,,88211456,26.34571075439453,23.156533443927763,0.9471305683255196,0.001,0.0034875411074608564,3555,0.41261138916015627,0.2,-0.03398472103144741,9.610586142539978,10.71733570098877,0.000167879424,0.048679173,0.19791666666666666,-160.61197540293793,328.21875
673,1956,45091,88211456,,,,,,,,,,,,,,,,
,,,88342528,28.65845489501953,21.42917194366455,0.9519276916980743,0.001,0.003492950228974223,3560,0.5017532348632813,0.2,-0.02190520941512659,9.597283214330673,8.78999137878418,0.000167682816,0.072714,0.1875,-161.6453274453001,311.09375
674,1956,45158,88342528,,,,,,,,,,,,,,,,
,,,88473600,28.58300018310547,24.66754390001297,0.9473344311118126,0.001,0.003490353701636195,3565,0.460845947265625,0.2,-0.032499406702118,9.640579009056092,11.274650573730469,0.00016748620799999998,0.057420887,0.25,-152.31549776734596,312.2395833333333
675,1956,45225,88473600,,,,,,,,,,,,,,,,
,,,88604672,26.23242950439453,26.104276645183564,0.9443976134061813,0.001,0.003497298574075103,3570,0.4735870361328125,0.2,-0.029993671469856053,9.606723701953888,11.713481903076172,0.00016728959999999998,0.08568273,0.3125,-143.58014137320683,302.9791666666667
676,1956,45292,88604672,,,,,,,,,,,,,,,,
,,,88735744,27.267101287841797,23.212390327453612,0.9519290439784527,0.001,0.0034935586154460907,3575,0.46552734375,0.2,-0.027205380363739096,9.574163818359375,10.543484687805176,0.000167092992,0.07065207,0.20833333333333334,-160.0233987917158,317.7604166666667
677,1956,45358,88735744,,,,,,,,,,,,,,,,
,,,88866816,28.711589813232422,22.1283939242363,0.9528109394013882,0.001,0.0034949416294693947,3580,0.5099334716796875,0.2,-0.023507074837834808,9.601388895511628,9.819585800170898,0.00016689638399999997,0.09166199,0.21875,-157.93169726829325,329.8854166666667
678,1956,45426,88866816,,,,,,,,,,,,,,,,
,,,88997888,30.160888671875,20.335518008470537,0.9526831954717636,0.001,0.0034897257573902607,3585,0.472332763671875,0.2,-0.03234498325327877,9.545646315813064,10.502706527709961,0.000166699776,0.0715703,0.19791666666666666,-160.74396181777294,321.53125
679,1956,45492,88997888,,,,,,,,,,,,,,,,
,,,89128960,26.0632381439209,21.430195766687394,0.9534010514616966,0.001,0.0034895194694399834,3590,0.47603302001953124,0.2,-0.027892189944395795,9.645960241556168,10.058124542236328,0.00016650316799999995,0.09347291,0.3333333333333333,-144.28902909104804,287.3020833333333
680,1956,45560,89128960,,,,,,,,,,,,,,,,
,,,89260032,28.952835083007812,20.636508572101594,0.95049699395895,0.001,0.0034904680214822292,3595,0.43344268798828123,0.2,-0.03351090443466091,9.61488726735115,8.122978210449219,0.00016630656,0.04799556,0.23958333333333334,-152.2868400377421,315.3541666666667
681,1956,45625,89260032,,,,,,,,,,,,,,,,
,,,89391104,27.799331665039062,19.04945307970047,0.9546366930007935,0.001,0.003494418691843748,3600,0.49246978759765625,0.2,-0.0295359996627667,9.586877751350404,8.638922691345215,0.00016610995199999997,0.07901124,0.3229166666666667,-145.02776192839448,293.4166666666667
682,1956,45692,89391104,,,,,,,,,,,,,,,,
,,,89522176,27.115764617919922,20.346857982873917,0.9516112692654133,0.001,0.0034988371189683676,3605,0.49686737060546876,0.2,-0.02988882569625275,9.636224585771561,8.767112731933594,0.00016591334400000002,0.07104752,0.3020833333333333,-149.0753317517382,309.7708333333333
683,1956,45759,89522176,,,,,,,,,,,,,,,,
,,,89653248,26.129058837890625,22.843962132930756,0.9456033781170845,0.001,0.003499417332932353,3610,0.5050979614257812,0.2,-0.029389095258375166,9.509938204288483,8.535394668579102,0.00016571673599999998,0.08790977,0.23958333333333334,-155.60814924527278,310.625
684,1956,45826,89653248,,,,,,,,,,,,,,,,
,,,89784320,24.53750991821289,24.62382068037987,0.9399655610322952,0.001,0.0034988473635166883,3615,0.47156829833984376,0.2,-0.02981323256972246,9.577464115619659,9.49480152130127,0.000165520128,0.0801682,0.17708333333333334,-160.28925485496475,328.21875
685,1956,45892,89784320,,,,,,,,,,,,,,,,
,,,89915392,25.91812515258789,24.89850696325302,0.9394850954413414,0.001,0.00350022129714489,3620,0.46489105224609373,0.2,-0.03146235637686914,9.611058008670806,12.592752456665039,0.00016532351999999997,0.060788903,0.23958333333333334,-156.83831794064102,312.6145833333333
686,1956,45960,89915392,,,,,,,,,,,,,,,,
,,,90046464,25.12424087524414,18.500004243850707,0.9589122459292412,0.001,0.0034904356580227613,3625,0.435601806640625,0.2,-0.03438765477621928,9.558147048950195,5.835436820983887,0.00016512691199999997,0.064352706,0.2604166666666667,-153.50569904121275,308.2395833333333
687,1956,46027,90046464,,,,,,,,,,,,,,,,
,,,90177536,25.163585662841797,21.57798871397972,0.9499801434576511,0.001,0.003490281058475375,3630,0.47911529541015624,0.2,-0.033455712105933344,9.551895719766616,9.627738952636719,0.00016493030399999999,0.07020092,0.2708333333333333,-150.26171703753718,311.90625
688,1956,46094,90177536,,,,,,,,,,,,,,,,
,,,90308608,25.403051376342773,20.414292401075365,0.9543970264494419,0.001,0.0034869590308517218,3635,0.44676513671875,0.2,-0.03340020552568603,9.612552642822266,9.294021606445312,0.00016473369599999998,0.06595455,0.19791666666666666,-165.06117219772503,329.5729166666667
689,1956,46161,90308608,,,,,,,,,,,,,,,,
,,,90439680,24.709636688232422,19.497827738523483,0.9567697644233704,0.001,0.0034904759377241135,3640,0.45458984375,0.2,-0.03364040174346883,9.600214380025864,8.775254249572754,0.00016453708799999997,0.06091265,0.3229166666666667,-144.42878739339517,305.3854166666667
690,1956,46228,90439680,,,,,,,,,,,,,,,,
,,,90570752,28.903366088867188,17.212362235784532,0.962097954005003,0.001,0.0034955961164087057,3645,0.5197555541992187,0.2,-0.02737947199639166,9.505068045854568,7.757648944854736,0.00016434048,0.08881428,0.2916666666666667,-154.24092410040683,298.34375
691,1956,46295,90570752,,,,,,,,,,,,,,,,
,,,90701824,26.863210678100586,21.565722620487215,0.9489041492342949,0.001,0.003498305333778262,3650,0.4788604736328125,0.2,-0.027496502552821767,9.53747530579567,11.150248527526855,0.000164143872,0.0836024,0.22916666666666666,-154.27259907919603,314.7291666666667
692,1956,46361,90701824,,,,,,,,,,,,,,,,
,,,90832896,25.420711517333984,24.178943288326263,0.9441781677305698,0.001,0.003499741433188319,3655,0.4550262451171875,0.2,-0.032311710153589954,9.531074291467666,10.141632080078125,0.00016394726399999998,0.06136909,0.2708333333333333,-150.5673020368686,296.75
693,1956,46428,90832896,,,,,,,,,,,,,,,,
,,,90963968,25.52162742614746,21.965894424915312,0.9491983577609062,0.001,0.003504094434902072,3660,0.4688873291015625,0.2,-0.03444406608614372,9.584422987699508,8.727550506591797,0.000163750656,0.061170176,0.17708333333333334,-159.71522612209887,333.8229166666667
694,1956,46494,90963968,,,,,,,,,,,,,,,,
,,,91095040,25.430892944335938,21.42288099527359,0.9508434198796749,0.001,0.0035078520886600018,3665,0.4868133544921875,0.2,-0.032795495603932065,9.534386360645295,9.650083541870117,0.000163554048,0.067307025,0.20833333333333334,-159.21640813904355,314.1145833333333
695,1956,46562,91095040,,,,,,,,,,,,,,,,
,,,91226112,26.555561065673828,24.164799058437346,0.9419341124594212,0.001,0.0035032215528190136,3670,0.440966796875,0.2,-0.031056123076268705,9.42273650765419,11.692841529846191,0.00016335744,0.07447443,0.19791666666666666,-158.36810307520832,319.78125
696,1956,46628,91226112,,,,,,,,,,,,,,,,
,,,91357184,25.117290496826172,20.970010685920716,0.9514606036245823,0.001,0.003504553809762001,3675,0.4807464599609375,0.2,-0.02572529424651293,9.423168313503265,9.538015365600586,0.00016316083199999996,0.06829657,0.2604166666666667,-153.8084359325452,311.8020833333333
697,1956,46695,91357184,,,,,,,,,,,,,,,,
,,,91488256,25.576278686523438,19.39582265019417,0.9559491686522961,0.001,0.0035043356474488974,3680,0.4580474853515625,0.2,-0.034339762107265415,9.55640070438385,7.645424842834473,0.000162964224,0.08190836,0.1875,-159.55669916206477,329.2604166666667
698,1956,46762,91488256,,,,,,,,,,,,,,,,
,,,91619328,23.930171966552734,23.903708028793336,0.9433960095047951,0.001,0.0035022469237446785,3685,0.42722320556640625,0.2,-0.03609001882141456,9.577655953168868,8.441935539245605,0.00016276761599999997,0.055844683,0.20833333333333334,-159.4978187472506,322.8229166666667
699,1956,46829,91619328,,,,,,,,,,,,,,,,
,,,91750400,25.437801361083984,22.799754095077514,0.9472076557576656,0.001,0.0034999679774045944,3690,0.5090194702148437,0.2,-0.028219320227799473,9.594777995347977,8.697585105895996,0.000162571008,0.079073176,0.25,-157.67230670235497,305.5729166666667
700,1956,46896,91750400,,,,,,,,,,,,,,,,
,,,91881472,25.090742111206055,22.740621703863145,0.9460094831883907,0.001,0.0034988734405487776,3695,0.507269287109375,0.2,-0.029128064737597013,9.53326308131218,9.462474822998047,0.00016237439999999996,0.07155789,0.2604166666666667,-155.54741152175404,310.6145833333333
701,1956,46963,91881472,,,,,,,,,,,,,,,,
,,,92012544,26.12000846862793,20.595288777351378,0.9460893124341965,0.001,0.0034964752849191427,3700,0.44494781494140623,0.2,-0.03315119512553792,9.541418719291688,7.75676965713501,0.000162177792,0.075564474,0.22916666666666666,-156.30767357393322,310.0208333333333
702,1956,47030,92012544,,,,,,,,,,,,,,,,
,,,92143616,26.389904022216797,25.915697729587556,0.9407445229589939,0.001,0.0034976364113390446,3705,0.45743408203125,0.2,-0.034340831072768196,9.620450443029403,11.84736442565918,0.00016198118399999998,0.0650337,0.3854166666666667,-144.0238854734096,271.71875
703,1956,47097,92143616,,,,,,,,,,,,,,,,
,,,92274688,25.666481018066406,25.026977956295013,0.9406799338757992,0.001,0.003498715814203024,3710,0.45980072021484375,0.2,-0.03539193708420498,9.50081976056099,12.385981559753418,0.000161784576,0.07531549,0.20833333333333334,-155.3138580643865,322.6979166666667
704,1956,47165,92274688,,,,,,,,,,,,,,,,
,,,92405760,22.766469955444336,19.77711859345436,0.9547658748924732,0.001,0.003499295562505722,3715,0.4320404052734375,0.2,-0.029249662903748686,9.556922888755798,9.124752044677734,0.000161587968,0.058164373,0.3854166666666667,-136.19097710092063,279.1458333333333
705,1956,47231,92405760,,,,,,,,,,,,,,,,
,,,92536832,24.651424407958984,21.075074297189712,0.9460203945636749,0.001,0.003501166356727481,3720,0.442559814453125,0.2,-0.0336885037162574,9.543380117416381,10.392630577087402,0.00016139135999999998,0.073562816,0.2604166666666667,-149.17559268311246,313.5
706,1956,47298,92536832,,,,,,,,,,,,,,,,
,,,92667904,24.974323272705078,20.40508704781532,0.9516456834971905,0.001,0.0035015742760151625,3725,0.46571197509765627,0.2,-0.031493975130433685,9.481751656532287,10.40433406829834,0.00016119475199999998,0.06792195,0.2708333333333333,-155.81723296734825,313.625
707,1956,47364,92667904,,,,,,,,,,,,,,,,
,,,92798976,25.392345428466797,22.065929114818573,0.9483709186315536,0.001,0.003502282314002514,3730,0.4739166259765625,0.2,-0.029371397955401335,9.45828360915184,10.49935531616211,0.00016099814399999997,0.07198208,0.23958333333333334,-151.19082120814218,315.625
708,1956,47432,92798976,,,,,,,,,,,,,,,,
,,,92930048,24.381099700927734,26.554808872938157,0.9415821321308613,0.001,0.003502755891531706,3735,0.44045257568359375,0.2,-0.029449329296767246,9.497907012701035,12.172186851501465,0.000160801536,0.08103076,0.28125,-148.964250675932,300.1041666666667
709,1956,47498,92930048,,,,,,,,,,,,,,,,
,,,93061120,25.740020751953125,21.25725152492523,0.9498020149767399,0.001,0.003502247855067253,3740,0.44836273193359377,0.2,-0.02996237662009662,9.448745429515839,10.415279388427734,0.000160604928,0.08604665,0.25,-147.43926329648778,311.46875
710,1956,47565,93061120,,,,,,,,,,,,,,,,
,,,93192192,24.738140106201172,22.81393144130707,0.9481920748949051,0.001,0.0035028308629989624,3745,0.45712432861328123,0.2,-0.03349959573097294,9.461070144176484,11.095869064331055,0.00016040831999999998,0.0721983,0.20833333333333334,-161.30270434453726,319.0833333333333
711,1956,47632,93192192,,,,,,,,,,,,,,,,
,,,93323264,24.414596557617188,22.134483134746553,0.9513892866671085,0.001,0.0035052604507654905,3750,0.4886688232421875,0.2,-0.0313402835134184,9.498476999998093,11.237224578857422,0.000160211712,0.084714465,0.22916666666666666,-161.0729238776385,319.5729166666667
712,1956,47699,93323264,,,,,,,,,,,,,,,,
,,,93454336,25.38330078125,22.97323523759842,0.9505017884075642,0.001,0.003507409244775772,3755,0.5025604248046875,0.2,-0.028969743897323496,9.548843204975128,11.091934204101562,0.000160015104,0.09436707,0.3020833333333333,-146.77697124607334,306.7604166666667
713,1956,47767,93454336,,,,,,,,,,,,,,,,
,,,93585408,23.097570419311523,21.999054622650146,0.9522288776934147,0.001,0.003505716798827052,3760,0.39959259033203126,0.2,-0.032749766586493936,9.40972667336464,10.4484224319458,0.00015981849599999996,0.056357328,0.3645833333333333,-140.65988374894258,280.59375
714,1956,47833,93585408,,,,,,,,,,,,,,,,
,,,93716480,24.70034408569336,21.4134033203125,0.9510563388466835,0.001,0.0035026713740080595,3765,0.462469482421875,0.2,-0.02971167470968794,9.389014399051666,7.9772419929504395,0.000159621888,0.07656009,0.2708333333333333,-157.04685723039535,312.1354166666667
715,1956,47900,93716480,,,,,,,,,,,,,,,,
,,,93847552,24.07039451599121,19.76634239554405,0.9518994800746441,0.001,0.003503127722069621,3770,0.44823760986328126,0.2,-0.02996532284159912,9.369725495576859,7.889333724975586,0.00015942527999999998,0.06692294,0.28125,-151.7159103058822,310.8854166666667
716,1956,47967,93847552,,,,,,,,,,,,,,,,
,,,93978624,24.187429428100586,20.440661042928696,0.9510103836655617,0.001,0.003509805304929614,3775,0.4716461181640625,0.2,-0.033174220807268284,9.4996996819973,9.601613998413086,0.000159228672,0.068224005,0.34375,-138.2074765014056,286.6770833333333
717,1956,48034,93978624,,,,,,,,,,,,,,,,
,,,94109696,26.483440399169922,22.366932654380797,0.9462107643485069,0.001,0.003511079354211688,3780,0.46672210693359373,0.2,-0.030500131970620716,9.450662726163864,10.803657531738281,0.00015903206399999997,0.07001476,0.2604166666666667,-155.08319003341498,312.9166666666667
718,1956,48100,94109696,,,,,,,,,,,,,,,,
,,,94240768,24.231998443603516,23.60795888900757,0.9458250664174557,0.001,0.0035155415534973145,3785,0.44382476806640625,0.2,-0.02825384739699075,9.41351363658905,9.55997371673584,0.00015883545600000001,0.11192256,0.17708333333333334,-162.02153409925495,330.0729166666667
719,1956,48168,94240768,,,,,,,,,,,,,,,,
,,,94371840,24.245779037475586,20.506971126794816,0.9511418864130974,0.001,0.0035099955275654793,3790,0.43148651123046877,0.2,-0.03461701452615671,9.395851916074752,9.806305885314941,0.00015863884799999998,0.059183653,0.3333333333333333,-144.88140370569207,288.1458333333333
720,1956,48234,94371840,,,,,,,,,,,,,,,,
,,,94502912,25.000411987304688,21.83777049779892,0.9507272616028786,0.001,0.0035061389207839966,3795,0.44387664794921877,0.2,-0.030774923319404478,9.403382271528244,10.760798454284668,0.00015844224,0.069515035,0.2916666666666667,-145.40671927949504,305.2083333333333
721,1956,48301,94502912,,,,,,,,,,,,,,,,
,,,94633984,26.76924705505371,24.498229014873505,0.946157343685627,0.001,0.003507237881422043,3800,0.4426239013671875,0.2,-0.03132432669735863,9.434356302022934,11.083989143371582,0.00015824563199999997,0.055316605,0.22916666666666666,-157.00270617436848,316.3958333333333
722,1956,48368,94633984,,,,,,,,,,,,,,,,
,,,94765056,24.51906394958496,22.39479406476021,0.9512639828026295,0.001,0.0035033742897212505,3805,0.447943115234375,0.2,-0.028385121312749107,9.432161426544189,8.993842124938965,0.000158049024,0.06881507,0.2916666666666667,-147.44737368012886,307.46875
723,1956,48434,94765056,,,,,,,,,,,,,,,,
,,,94896128,23.7919979095459,21.39152216911316,0.9511175118386745,0.001,0.0034972091671079397,3810,0.44990997314453124,0.2,-0.032377747890132015,9.356215864419937,10.619304656982422,0.00015785241599999998,0.058053978,0.3020833333333333,-143.40699720495928,304.875
724,1956,48502,94896128,,,,,,,,,,,,,,,,
,,,95027200,24.601116180419922,22.62585193514824,0.9507262818515301,0.001,0.0034967372193932533,3815,0.4386962890625,0.2,-0.02979751196107827,9.360732358694076,9.212055206298828,0.00015765580799999998,0.06978808,0.2604166666666667,-153.55658006938623,306.3854166666667
725,1956,48568,95027200,,,,,,,,,,,,,,,,
,,,95158272,23.803783416748047,25.840678453445435,0.9432074017822742,0.001,0.0034993737936019897,3820,0.4430694580078125,0.2,-0.032732408168521944,9.402591168880463,11.819412231445312,0.0001574592,0.06687771,0.2708333333333333,-152.38558644114644,306.34375
726,1956,48635,95158272,,,,,,,,,,,,,,,,
,,,95289344,25.88343048095703,24.483153176307678,0.9433900825679302,0.001,0.0035007637925446033,3825,0.463604736328125,0.2,-0.030430246405740036,9.448523098230362,11.327720642089844,0.000157262592,0.061621174,0.28125,-150.27670632226412,301.2395833333333
727,1956,48701,95289344,,,,,,,,,,,,,,,,
,,,95420416,26.54653549194336,20.357798850536348,0.9487582445144653,0.001,0.00350237637758255,3830,0.4444671630859375,0.2,-0.03367821903375443,9.401532548666001,9.143726348876953,0.00015706598399999999,0.08824794,0.25,-156.82425413938896,301.65625
728,1956,48769,95420416,,,,,,,,,,,,,,,,
,,,95551488,25.637065887451172,22.65789247751236,0.9479537084698677,0.001,0.0035024327225983143,3835,0.42591705322265627,0.2,-0.03160411179123912,9.390419435501098,8.287862777709961,0.00015686937599999998,0.0609378,0.2604166666666667,-156.5276503426384,311.78125
729,1956,48835,95551488,,,,,,,,,,,,,,,,
,,,95682560,24.8444881439209,22.863099682331086,0.9476144462823868,0.001,0.003500773338600993,3840,0.47884979248046877,0.2,-0.03430802007496823,9.307809007167815,11.432038307189941,0.000156672768,0.07507448,0.2916666666666667,-147.20387857383693,307.8229166666667
730,1956,48903,95682560,,,,,,,,,,,,,,,,
,,,95813632,24.309940338134766,21.06488254070282,0.9531783312559128,0.001,0.003503471612930298,3845,0.428631591796875,0.2,-0.0289420203800546,9.413381046056747,8.569197654724121,0.00015647615999999997,0.06312531,0.2916666666666667,-147.09563951774427,300.21875
731,1956,48969,95813632,,,,,,,,,,,,,,,,
,,,95944704,24.61019515991211,22.286250549554826,0.9506049491465092,0.001,0.003507019020617008,3850,0.49782867431640626,0.2,-0.029152162073296496,9.375545132160187,11.644097328186035,0.000156279552,0.082503244,0.23958333333333334,-151.3580915824513,311.78125
732,1956,49037,95944704,,,,,,,,,,,,,,,,
,,,96075776,25.12489891052246,23.45979509353638,0.9458709545433521,0.001,0.0035057140048593283,3855,0.41031494140625,0.2,-0.0314852850700845,9.368187755346298,12.083515167236328,0.00015608294399999996,0.056917652,0.3229166666666667,-141.59225820249853,285.59375
733,1956,49103,96075776,,,,,,,,,,,,,,,,
,,,96206848,25.220731735229492,25.40328442454338,0.9387106895446777,0.001,0.003503561019897461,3860,0.43058929443359373,0.2,-0.033322761137969795,9.272058981657029,8.791289329528809,0.000155886336,0.060893834,0.20833333333333334,-161.20369378898897,319.1354166666667
734,1956,49170,96206848,,,,,,,,,,,,,,,,
,,,96337920,25.834880828857422,26.830101132392883,0.9393959939479828,0.001,0.0035023426171392202,3865,0.43786468505859377,0.2,-0.03324817305110628,9.382996892929077,11.760796546936035,0.00015568972799999997,0.0549582,0.22916666666666666,-155.2855657316671,311.1770833333333
735,1956,49236,96337920,,,,,,,,,,,,,,,,
,,,96468992,25.05080795288086,22.562662410736085,0.9500560872256756,0.001,0.003504041349515319,3870,0.42929534912109374,0.2,-0.034065405325964096,9.406389784812927,9.723834037780762,0.00015549312,0.05890024,0.3020833333333333,-145.77251049087246,295.1770833333333
736,1956,49303,96468992,,,,,,,,,,,,,,,,
,,,96600064,26.251110076904297,23.709723508358003,0.9459684602916241,0.001,0.0035093254409730434,3875,0.46604766845703127,0.2,-0.027596469782292844,9.31788878440857,11.23862075805664,0.00015529651199999999,0.07456869,0.2916666666666667,-139.3666485068974,304.2291666666667
737,1956,49369,96600064,,,,,,,,,,,,,,,,
,,,96731136,25.26471519470215,23.104442536830902,0.9434574879705906,0.001,0.0035035451874136925,3880,0.4331146240234375,0.2,-0.03369263680651784,9.378563052415847,7.877448558807373,0.000155099904,0.06129709,0.25,-153.33775115860047,314.9270833333333
738,1956,49436,96731136,,,,,,,,,,,,,,,,
,,,96862208,24.222875595092773,20.091895008087157,0.9550289139151573,0.001,0.0035044921096414328,3885,0.45057830810546873,0.2,-0.03516749640693888,9.360923278331757,8.349556922912598,0.00015490329599999997,0.06417863,0.2708333333333333,-150.9256150535613,307.2916666666667
739,1956,49502,96862208,,,,,,,,,,,,,,,,
,,,96993280,22.820877075195312,25.557674646377563,0.9415745995938778,0.001,0.0035108064766973257,3890,0.44693145751953123,0.2,-0.03345619838219136,9.343266063928604,10.820528984069824,0.00015470668799999997,0.09522349,0.3020833333333333,-148.9274027543123,305.625
740,1956,49569,96993280,,,,,,,,,,,,,,,,
,,,97124352,23.718929290771484,24.909381806850433,0.9434607103466988,0.001,0.0035101454704999924,3895,0.4649505615234375,0.2,-0.031283186332439074,9.350264930725098,12.238693237304688,0.00015451008,0.0695298,0.25,-155.6811299054251,308.1458333333333
741,1956,49636,97124352,,,,,,,,,,,,,,,,
,,,97255424,23.280447006225586,22.678527969121934,0.9487323276698589,0.001,0.0035098062362521887,3900,0.43760528564453127,0.2,-0.032470810404629444,9.38291689157486,9.593652725219727,0.00015431347199999998,0.059435487,0.3125,-138.04044539513248,304.5729166666667
742,1956,49702,97255424,,,,,,,,,,,,,,,,
,,,97386496,25.15042495727539,21.651144045591355,0.9515749253332615,0.001,0.003514850279316306,3905,0.46143035888671874,0.2,-0.034475601170561275,9.320002907514572,10.178781509399414,0.00015411686399999998,0.084787324,0.25,-150.89447900380736,315.2083333333333
743,1956,49770,97386496,,,,,,,,,,,,,,,,
,,,97517568,23.34553337097168,21.88794857263565,0.9510233178734779,0.001,0.0035115578211843967,3910,0.43814239501953123,0.2,-0.03205434713891009,9.260677194595337,9.280580520629883,0.000153920256,0.060827933,0.2916666666666667,-149.1680037164085,295.3229166666667
744,1956,49836,97517568,,,,,,,,,,,,,,,,
,,,97648640,25.231552124023438,21.542442792654036,0.9490316621959209,0.001,0.0035114134661853313,3915,0.463787841796875,0.2,-0.03187235116929514,9.3549773812294,8.278050422668457,0.000153723648,0.09665127,0.25,-156.93314523701432,309.6458333333333
745,1956,49904,97648640,,,,,,,,,,,,,,,,
,,,97779712,24.964702606201172,22.50884903073311,0.9450716115534306,0.001,0.0035057966597378254,3920,0.42371826171875,0.2,-0.03371356865100097,9.286342400312424,8.622057914733887,0.00015352703999999998,0.0602271,0.28125,-147.71807634936133,298.6354166666667
746,1956,49970,97779712,,,,,,,,,,,,,,,,
,,,97910784,22.945837020874023,22.876370120048524,0.9448526315391064,0.001,0.0035016555339097977,3925,0.42712554931640623,0.2,-0.031104975199559702,9.35481824874878,8.15168285369873,0.00015333043199999998,0.062063128,0.22916666666666666,-155.83701593758744,314.3333333333333
747,1956,50037,97910784,,,,,,,,,,,,,,,,
,,,98041856,24.27985954284668,20.246682691574097,0.9485496059060097,0.001,0.0034967917017638683,3930,0.45078887939453127,0.2,-0.028441121423384175,9.412762188911438,7.366918087005615,0.000153133824,0.072404,0.20833333333333334,-159.23676207440883,331.2916666666667
748,1956,50104,98041856,,,,,,,,,,,,,,,,
,,,98172928,25.335386276245117,21.30741201043129,0.949641115963459,0.001,0.003500110935419798,3935,0.42845306396484373,0.2,-0.03045812390628271,9.31746203303337,8.39404010772705,0.000152937216,0.060471535,0.20833333333333334,-156.56722820502628,318.1875
749,1956,50171,98172928,,,,,,,,,,,,,,,,
,,,98304000,25.77058219909668,25.088064110279085,0.9388359822332859,0.001,0.003503490937873721,3940,0.47892303466796876,0.2,-0.027509051133529284,9.354620099067688,11.404407501220703,0.00015274060799999996,0.111329906,0.2604166666666667,-155.22048962689294,313.7083333333333
750,1956,50238,98304000,,,,,,,,,,,,,,,,
,,,98435072,27.0358943939209,18.135681176185606,0.9578577727079391,0.001,0.0035081058740615845,3945,0.44399261474609375,0.2,-0.03323733714496484,9.314550048112869,8.63772964477539,0.000152544,0.06268692,0.1875,-166.25408144134335,329.0729166666667
751,1956,50305,98435072,,,,,,,,,,,,,,,,
,,,98566144,25.708797454833984,22.38518742322922,0.9483117796480656,0.001,0.0035070590674877167,3950,0.44729156494140626,0.2,-0.03187874444993213,9.244212764501572,10.821820259094238,0.00015234739199999998,0.06693833,0.3020833333333333,-149.63469339016999,314.34375
752,1956,50372,98566144,,,,,,,,,,,,,,,,
,,,98697216,25.044086456298828,22.72980391383171,0.9469663500785828,0.001,0.003504385706037283,3955,0.438055419921875,0.2,-0.030992995687120127,9.36530551314354,9.201193809509277,0.000152150784,0.06457195,0.22916666666666666,-155.7190124585579,321.0833333333333
753,1956,50439,98697216,,,,,,,,,,,,,,,,
,,,98828288,26.490982055664062,19.746708714962004,0.9522562846541405,0.001,0.003503002692013979,3960,0.44149627685546877,0.2,-0.0325754812467494,9.338672113418578,7.030515193939209,0.00015195417599999996,0.065189466,0.22916666666666666,-155.6576356654501,308.7604166666667
754,1956,50506,98828288,,,,,,,,,,,,,,,,
,,,98959360,26.345848083496094,23.960466229915617,0.9425701573491096,0.001,0.0035031090956181288,3965,0.41917724609375,0.2,-0.031396610086085276,9.337817126512528,11.45611572265625,0.000151757568,0.06273675,0.21875,-160.16172846291622,323.7708333333333
755,1956,50573,98959360,,,,,,,,,,,,,,,,
,,,99090432,26.7401123046875,22.252121460437774,0.9501721449196339,0.001,0.003502985229715705,3970,0.439544677734375,0.2,-0.03101182735117618,9.330369508266449,10.90742301940918,0.00015156095999999998,0.057971664,0.3229166666666667,-147.00758950026463,290.9895833333333
756,1956,50639,99090432,,,,,,,,,,,,,,,,
,,,99221504,26.518890380859375,21.284918969869615,0.9489348419010639,0.001,0.0035030674189329147,3975,0.46507415771484373,0.2,-0.023187677771784366,9.332415902614594,8.622379302978516,0.000151364352,0.08667125,0.3020833333333333,-144.78319553974939,297.28125
757,1956,50706,99221504,,,,,,,,,,,,,,,,
,,,99352576,25.681884765625,22.932404494285585,0.947311270982027,0.001,0.00350341759622097,3980,0.39847564697265625,0.2,-0.03366456324583851,9.316743671894073,11.179586410522461,0.000151167744,0.053581886,0.3125,-145.20976418829903,301.7291666666667
758,1956,50773,99352576,,,,,,,,,,,,,,,,
,,,99483648,26.001150131225586,22.81797713637352,0.9426380097866058,0.001,0.0035014941822737455,3985,0.4512847900390625,0.2,-0.02896077772238641,9.269975733757018,10.61195182800293,0.000150971136,0.0634533,0.3125,-144.91230218261938,290.3854166666667
759,1956,50839,99483648,,,,,,,,,,,,,,,,
,,,99614720,25.081737518310547,20.579076594114305,0.952343724668026,0.001,0.003503220621496439,3990,0.4454742431640625,0.2,-0.03281015736865811,9.285132670402527,10.653894424438477,0.00015077452799999998,0.06508872,0.21875,-155.6365409691226,331.75
760,1956,50907,99614720,,,,,,,,,,,,,,,,
,,,99745792,25.710205078125,23.21594992876053,0.9483221061527729,0.001,0.0034982177894562483,3995,0.43784637451171876,0.2,-0.03157141541596502,9.294923883676528,9.911458969116211,0.00015057791999999997,0.07566728,0.3333333333333333,-140.5583852797088,293.3541666666667
761,1956,50974,99745792,,,,,,,,,,,,,,,,
,,,99876864,23.736461639404297,21.14731857776642,0.95142437890172,0.001,0.0034994701854884624,4000,0.4217010498046875,0.2,-0.03255443397938507,9.258324605226516,8.333829879760742,0.000150381312,0.058447786,0.3020833333333333,-142.73059225222713,297.8854166666667
762,1956,51040,99876864,,,,,,,,,,,,,,,,
,,,100007936,23.924436569213867,22.616353249549867,0.9463646002113819,0.001,0.0035013954620808363,4005,0.417236328125,0.2,-0.03319010534905829,9.292166209220886,10.027356147766113,0.000150184704,0.062328488,0.3125,-148.03342893814352,287.5416666666667
763,1956,51106,100007936,,,,,,,,,,,,,,,,
,,,100139008,24.023235321044922,23.435998421907424,0.943889606744051,0.001,0.0035008667036890984,4010,0.43917999267578123,0.2,-0.028911062865518034,9.350062537193299,10.41938304901123,0.00014998809599999998,0.061291642,0.3020833333333333,-149.90442788705406,301.8125
764,1956,51173,100139008,,,,,,,,,,,,,,,,
,,,100270080,25.113250732421875,19.267852008342743,0.9546950533986092,0.001,0.0034937120508402586,4015,0.44466400146484375,0.2,-0.028256578490982065,9.331983387470245,8.003838539123535,0.000149791488,0.06799234,0.25,-157.00544307011847,320.6145833333333
765,1956,51240,100270080,,,,,,,,,,,,,,,,
,,,100401152,24.012657165527344,21.659967947006226,0.9493756219744682,0.001,0.003494868753477931,4020,0.4249237060546875,0.2,-0.03403950881765923,9.30210176706314,9.542269706726074,0.00014959488,0.060320064,0.34375,-142.5175184313022,285.3854166666667
766,1956,51306,100401152,,,,,,,,,,,,,,,,
,,,100532224,24.492353439331055,26.86498644351959,0.9417290575802326,0.001,0.003490271046757698,4025,0.4208160400390625,0.2,-0.02872503895778209,9.296887582540512,14.238194465637207,0.000149398272,0.059576087,0.375,-139.6952379983662,282.8854166666667
767,1956,51373,100532224,,,,,,,,,,,,,,,,
,,,100663296,26.455169677734375,23.65368195772171,0.9414362385869026,0.001,0.003488614223897457,4030,0.44691009521484376,0.2,-0.02876864884310635,9.387857556343079,9.210925102233887,0.00014920166399999999,0.06917763,0.3020833333333333,-145.39921917955135,291.6145833333333
768,1956,51440,100663296,,,,,,,,,,,,,,,,
,,,100794368,25.73025894165039,20.521301013231277,0.9529271684587002,0.001,0.0034875567071139812,4035,0.442578125,0.2,-0.029088765892083757,9.318014013767243,7.517383098602295,0.000149005056,0.062469065,0.2916666666666667,-147.81357304567484,303.1875
769,1956,51507,100794368,,,,,,,,,,,,,,,,
,,,100925440,25.260448455810547,22.489251327514648,0.946783185005188,0.001,0.0034869490191340446,4040,0.4837249755859375,0.2,-0.027161947723652703,9.311739212274551,10.581506729125977,0.000148808448,0.14386545,0.21875,-157.447469767363,321.6458333333333
770,1956,51575,100925440,,,,,,,,,,,,,,,,
,,,101056512,24.743316650390625,22.46115744113922,0.9444557465612888,0.001,0.003493512747809291,4045,0.4574554443359375,0.2,-0.030854963084857447,9.310457956790923,9.741752624511719,0.00014861183999999997,0.06315361,0.22916666666666666,-159.0993453130783,319.8229166666667
771,1956,51641,101056512,,,,,,,,,,,,,,,,
,,,101187584,24.859792709350586,19.21929605603218,0.9529857821762562,0.001,0.003493318799883127,4050,0.46207733154296876,0.2,-0.032800522743491455,9.348741036653518,7.22213888168335,0.00014841523199999996,0.057595864,0.2916666666666667,-150.29676487616882,307.6354166666667
772,1956,51708,101187584,,,,,,,,,,,,,,,,
,,,101318656,24.88137435913086,21.525451934337617,0.9450245089828968,0.001,0.0034972606226801872,4055,0.45454559326171873,0.2,-0.032141138285805934,9.290896493196488,8.966630935668945,0.00014821862399999998,0.06998381,0.3020833333333333,-145.82080818280284,304.7708333333333
773,1956,51776,101318656,,,,,,,,,,,,,,,,
,,,101449728,25.02253532409668,18.28569656610489,0.9575348384678364,0.001,0.00349806877784431,4060,0.4873626708984375,0.2,-0.02456212702600169,9.288774937391281,8.046836853027344,0.00014802201599999998,0.06661084,0.375,-140.81540378276074,283.1770833333333
774,1956,51843,101449728,,,,,,,,,,,,,,,,
,,,101580800,24.7498836517334,20.809730917215347,0.9489823393523693,0.001,0.0034962911158800125,4065,0.44993743896484373,0.2,-0.029906041560752782,9.360592889785767,10.154744148254395,0.00014782540799999997,0.061122432,0.2916666666666667,-148.46283628328317,302.9270833333333
775,1956,51910,101580800,,,,,,,,,,,,,,,,
,,,101711872,23.27980613708496,20.53682322502136,0.952058345079422,0.001,0.0034950003027915955,4070,0.43752288818359375,0.2,-0.030042021253029814,9.313236594200134,9.104799270629883,0.0001476288,0.06207662,0.2916666666666667,-149.33796416835506,299.15625
776,1956,51977,101711872,,,,,,,,,,,,,,,,
,,,101842944,24.711559295654297,22.67358808517456,0.9448177367448807,0.001,0.0034957430325448513,4075,0.4139801025390625,0.2,-0.03420163903792854,9.319645798206329,11.418170928955078,0.00014743219199999999,0.051481746,0.21875,-154.55821420042912,325.8541666666667
777,1956,52043,101842944,,,,,,,,,,,,,,,,
,,,101974016,25.526729583740234,21.291072833538056,0.9508905708789825,0.001,0.0034951395355165005,4080,0.42596588134765623,0.2,-0.032769139364245345,9.329237377643585,9.000289916992188,0.00014723558399999998,0.0554941,0.21875,-155.83880654223717,316.7291666666667
778,1956,52110,101974016,,,,,,,,,,,,,,,,
,,,102105088,26.072134017944336,21.172343081235887,0.9498850926756859,0.001,0.0034967525862157345,4085,0.3989410400390625,0.2,-0.03289456445345422,9.29127295613289,8.906889915466309,0.00014703897599999997,0.050144926,0.3020833333333333,-148.271426022741,292.1666666666667
779,1956,52176,102105088,,,,,,,,,,,,,,,,
,,,102236160,24.19063949584961,21.1059046626091,0.9517234712839127,0.001,0.0034990867134183645,4090,0.46030120849609374,0.2,-0.03226580174232367,9.253431183099746,9.041460990905762,0.000146842368,0.069417946,0.13541666666666666,-166.40589054698535,339.9166666666667
780,1956,52242,102236160,,,,,,,,,,,,,,,,
,,,102367232,25.207050323486328,20.966550725698472,0.9489527679979801,0.001,0.003492457792162895,4095,0.46065216064453124,0.2,-0.033460551692405714,9.272445553541184,10.330108642578125,0.00014664576,0.07895084,0.1875,-165.41881664594942,327.9375
781,1956,52309,102367232,,,,,,,,,,,,,,,,
,,,102498304,25.433691024780273,19.81367681026459,0.9548230431973934,0.001,0.0034873010590672493,4100,0.42527313232421876,0.2,-0.03118470184999751,9.276480942964554,8.692805290222168,0.00014644915199999998,0.05751224,0.2916666666666667,-144.34271967997856,305.875
782,1956,52376,102498304,,,,,,,,,,,,,,,,
,,,102629376,24.432933807373047,24.11162977218628,0.9432879313826561,0.001,0.003489895723760128,4105,0.43019256591796873,0.2,-0.034866297713597304,9.203398144245147,9.165115356445312,0.000146252544,0.055315904,0.25,-149.05363861596118,302.7083333333333
783,1956,52443,102629376,,,,,,,,,,,,,,,,
,,,102760448,24.73610496520996,19.61065405011177,0.9509988874197006,0.001,0.003487601410597563,4110,0.44998321533203123,0.2,-0.03104858620208688,9.323545813560486,9.900215148925781,0.000146055936,0.06768677,0.2604166666666667,-155.10112301404726,299.9895833333333
784,1956,52511,102760448,,,,,,,,,,,,,,,,
,,,102891520,25.582096099853516,20.46203328371048,0.9528917707502842,0.001,0.003482706844806671,4115,0.43945465087890623,0.2,-0.03041202145977877,9.311576342582702,9.730278015136719,0.000145859328,0.06493103,0.23958333333333334,-153.63602355559135,313.9270833333333
785,1956,52577,102891520,,,,,,,,,,,,,,,,
,,,103022592,23.96236228942871,21.59170522093773,0.9477257765829563,0.001,0.003484704066067934,4120,0.46920318603515626,0.2,-0.0274283445745823,9.349652123451232,9.269088745117188,0.00014566272,0.06969248,0.2708333333333333,-149.64707467654145,311.875
786,1956,52644,103022592,,,,,,,,,,,,,,,,
,,,103153664,26.735469818115234,17.920831006765365,0.9571481384336948,0.001,0.00348409591242671,4125,0.45579986572265624,0.2,-0.033672732088598424,9.299527716636657,8.6979341506958,0.000145466112,0.06423833,0.28125,-147.94290793485837,301.5520833333333
787,1956,52710,103153664,,,,,,,,,,,,,,,,
,,,103284736,26.38812255859375,19.9724401473999,0.9536673687398434,0.001,0.003482863772660494,4130,0.45829315185546876,0.2,-0.029737514221051243,9.276854741573334,8.846919059753418,0.000145269504,0.060580257,0.2916666666666667,-150.16332331347635,299.4479166666667
788,1956,52778,103284736,,,,,,,,,,,,,,,,
,,,103415808,23.775487899780273,18.870935839414596,0.9560048915445805,0.001,0.003476763144135475,4135,0.42422027587890626,0.2,-0.03248720601950481,9.212436228990555,8.376155853271484,0.00014507289599999997,0.053223416,0.2604166666666667,-153.59482961522565,298.6875
789,1956,52844,103415808,,,,,,,,,,,,,,,,
,,,103546880,25.764019012451172,22.879122084379198,0.9453532658517361,0.001,0.003476109355688095,4140,0.4446533203125,0.2,-0.03162524834042415,9.33191025853157,11.414173126220703,0.00014487628799999996,0.050273545,0.34375,-143.70074138291284,296.4375
790,1956,52911,103546880,,,,,,,,,,,,,,,,
,,,103677952,25.301250457763672,25.904233622550965,0.938397441059351,0.001,0.0034764406736940145,4145,0.413812255859375,0.2,-0.03135658386891009,9.230661499500275,10.736478805541992,0.00014467967999999998,0.051884387,0.2708333333333333,-149.10148823987961,307.4270833333333
791,1956,52978,103677952,,,,,,,,,,,,,,,,
,,,103809024,24.97795867919922,20.878546059131622,0.9484160654246807,0.001,0.0034752420615404844,4150,0.41748809814453125,0.2,-0.03098354368994478,9.209137731790543,9.974102020263672,0.00014448307199999998,0.05756922,0.25,-158.0070090065225,308.8125
792,1957,53044,103809024,,,,,,,,,,,,,,,,
,,,103940096,24.862953186035156,18.64198088645935,0.9542669653892517,0.001,0.0034736869856715202,4155,0.42316741943359376,0.2,-0.031656429896247576,9.27583930492401,8.858405113220215,0.00014428646399999997,0.06273538,0.25,-154.427288965043,314.6041666666667
793,1956,53112,103940096,,,,,,,,,,,,,,,,
,,,104071168,25.473609924316406,19.697984087467194,0.9524586983025074,0.001,0.003471902571618557,4160,0.4806243896484375,0.2,-0.030796101260057183,9.307984006404876,9.417730331420898,0.000144089856,0.094512105,0.3333333333333333,-140.638930255961,293.46875
794,1957,53177,104071168,,,,,,,,,,,,,,,,
,,,104202240,25.36443328857422,21.92506825327873,0.947992131114006,0.001,0.003472419222816825,4165,0.44501953125,0.2,-0.03228897433800739,9.228497105836869,9.518694877624512,0.00014389324799999998,0.064466245,0.3229166666666667,-141.3060799950537,288.4895833333333
795,1957,53245,104202240,,,,,,,,,,,,,,,,
,,,104333312,24.891231536865234,23.09134315252304,0.9480695351958275,0.001,0.0034702676348388195,4170,0.4768798828125,0.2,-0.03020559382857755,9.253201580047607,8.744039535522461,0.00014369663999999998,0.06592722,0.40625,-127.90325069924872,268.3645833333333
796,1957,53311,104333312,,,,,,,,,,,,,,,,
,,,104464384,26.00909996032715,21.18456827998161,0.9500803612172604,0.001,0.00347006693482399,4175,0.4203155517578125,0.2,-0.03479418948700186,9.331343638896943,7.869629383087158,0.000143500032,0.06323993,0.34375,-139.50246943359178,288.125
797,1957,53378,104464384,,,,,,,,,,,,,,,,
,,,104595456,24.592937469482422,22.02108251452446,0.944529514759779,0.001,0.003471071831882,4180,0.46085968017578127,0.2,-0.028970074409153314,9.262220758199692,9.944737434387207,0.000143303424,0.05847135,0.3854166666666667,-131.84009223355912,272.0
798,1957,53445,104595456,,,,,,,,,,,,,,,,
,,,104726528,24.55953598022461,21.796133875846863,0.9521726481616497,0.001,0.0034738359972834587,4185,0.4610076904296875,0.2,-0.031220081858919002,9.15737811923027,9.006875991821289,0.000143106816,0.071710676,0.2604166666666667,-152.77262878818374,309.2083333333333
799,1957,53512,104726528,,,,,,,,,,,,,,,,
,,,104857600,25.06930160522461,21.589048969745637,0.9477898329496384,0.001,0.003473013173788786,4190,0.43293914794921873,0.2,-0.03410340735281352,9.313307785987854,8.61294937133789,0.00014291020799999998,0.06360298,0.28125,-150.23803026374472,305.375
800,1957,53579,104857600,,,,,,,,,,,,,,,,
,,,104988672,25.7042236328125,20.475127017498018,0.9507043771445751,0.001,0.0034745195880532265,4195,0.48408355712890627,0.2,-0.029679328996280674,9.253347903490067,8.357288360595703,0.0001427136,0.100899994,0.25,-151.64058914339455,312.375
801,1957,53646,104988672,,,,,,,,,,,,,,,,
,,,105119744,25.49365234375,23.868171095848083,0.9424837455153465,0.001,0.0034806025214493275,4200,0.413140869140625,0.2,-0.032456354708119764,9.233861470222473,12.727169036865234,0.000142516992,0.073172376,0.22916666666666666,-157.42255127509944,315.90625
802,1957,53713,105119744,,,,,,,,,,,,,,,,
,,,105250816,24.332555770874023,21.761363929510118,0.9527426697313786,0.001,0.003484570188447833,4205,0.4273590087890625,0.2,-0.03185625551413977,9.213980966806412,9.413661003112793,0.000142320384,0.060927615,0.2916666666666667,-144.76670703721047,289.0416666666667
803,1957,53780,105250816,,,,,,,,,,,,,,,,
,,,105381888,23.23944854736328,21.483968925476074,0.9497623853385448,0.001,0.0034851718228310347,4210,0.426080322265625,0.2,-0.03333934654729091,9.226958358287812,8.310139656066895,0.000142123776,0.055798277,0.2708333333333333,-149.16400464801404,301.15625
804,1957,53847,105381888,,,,,,,,,,,,,,,,
,,,105512960,24.833715438842773,20.463786280155183,0.952191911637783,0.001,0.003482393454760313,4215,0.44549102783203126,0.2,-0.03293408435783931,9.215812122821808,7.959566593170166,0.000141927168,0.0643798,0.21875,-155.1120136112985,313.8333333333333
805,1957,53913,105512960,,,,,,,,,,,,,,,,
,,,105644032,24.563377380371094,20.041411978006362,0.9564568549394608,0.001,0.0034805512987077236,4220,0.43039093017578123,0.2,-0.031448615260887894,9.216428381204604,7.160780906677246,0.00014173056,0.058723085,0.21875,-166.0234772227214,320.4895833333333
806,1957,53980,105644032,,,,,,,,,,,,,,,,
,,,105775104,24.816524505615234,22.122218453884123,0.9465892724692822,0.001,0.003484042128548026,4225,0.41054229736328124,0.2,-0.03471857368858764,9.228693157434464,10.343578338623047,0.00014153395199999997,0.04975202,0.3125,-147.21033102341735,306.90625
807,1957,54046,105775104,,,,,,,,,,,,,,,,
,,,105906176,24.70363426208496,23.285326862335204,0.9461903274059296,0.001,0.0034824893809854984,4230,0.4164520263671875,0.2,-0.03177926533971913,9.261396610736847,10.063772201538086,0.00014133734399999999,0.063578464,0.2708333333333333,-151.723227226807,307.4791666666667
808,1957,54113,105906176,,,,,,,,,,,,,,,,
,,,106037248,24.894851684570312,21.569254380464553,0.944221019744873,0.001,0.0034837741404771805,4235,0.44016876220703127,0.2,-0.033559437849908134,9.193167412281037,9.476439476013184,0.00014114073599999998,0.06375755,0.3645833333333333,-134.3156387179348,282.7291666666667
809,1957,54180,106037248,,,,,,,,,,,,,,,,
,,,106168320,26.58447265625,20.635857635736464,0.9497562870383263,0.001,0.003484923392534256,4240,0.4317840576171875,0.2,-0.02957184129336383,9.182080459594726,9.540770530700684,0.00014094412799999997,0.06625818,0.25,-153.77964977704843,313.40625
810,1957,54246,106168320,,,,,,,,,,,,,,,,
,,,106299392,23.91779899597168,29.100103199481964,0.9329299032688141,0.001,0.0034841569140553474,4245,0.38751220703125,0.2,-0.03304996294755256,9.211379373073578,12.884623527526855,0.00014074751999999997,0.046834793,0.3645833333333333,-135.3900283884806,274.78125
811,1957,54313,106299392,,,,,,,,,,,,,,,,
,,,106430464,24.854976654052734,21.966088688373567,0.9500470496714115,0.001,0.003483005566522479,4250,0.4158843994140625,0.2,-0.03249049183941679,9.227846628427505,10.25870132446289,0.000140550912,0.050986465,0.34375,-147.91268847332603,296.8958333333333
812,1957,54380,106430464,,,,,,,,,,,,,,,,
,,,106561536,24.182592391967773,22.8912512421608,0.9454462379217148,0.001,0.0034841354936361313,4255,0.44110870361328125,0.2,-0.030973561757127753,9.191867971420288,12.56544303894043,0.00014035430399999998,0.056464188,0.3645833333333333,-136.82050578583392,288.4479166666667
813,1957,54447,106561536,,,,,,,,,,,,,,,,
,,,106692608,25.0584774017334,19.76118583679199,0.9528469406068325,0.001,0.003479219041764736,4260,0.4347808837890625,0.2,-0.03235486662160838,9.25424302816391,9.329967498779297,0.00014015769599999998,0.059299156,0.2916666666666667,-144.7157623967802,299.53125
814,1957,54514,106692608,,,,,,,,,,,,,,,,
,,,106823680,24.987377166748047,24.40123517513275,0.9442022480070591,0.001,0.0034832251258194447,4265,0.4200439453125,0.2,-0.03177534296701197,9.149532979726791,11.547595977783203,0.000139961088,0.060268864,0.25,-154.05051292627823,303.96875
815,1957,54581,106823680,,,,,,,,,,,,,,,,
,,,106954752,24.524425506591797,22.15660306215286,0.9472462497651577,0.001,0.003482244908809662,4270,0.41902923583984375,0.2,-0.02995016504137311,9.138684678077698,9.789576530456543,0.00013976448,0.057709813,0.2916666666666667,-146.75008900636064,302.0
816,1957,54648,106954752,,,,,,,,,,,,,,,,
,,,107085824,24.68423080444336,21.001178592443466,0.9510204195976257,0.001,0.0034874265547841787,4275,0.4586944580078125,0.2,-0.02820336394070182,9.229324162006378,8.274636268615723,0.00013956787199999999,0.12629253,0.3958333333333333,-134.17153390791987,281.5625
817,1957,54715,107085824,,,,,,,,,,,,,,,,
,,,107216896,25.077510833740234,19.562115424871443,0.9538845159113407,0.001,0.003489007009193301,4280,0.42963714599609376,0.2,-0.03377949037676444,9.16067706346512,9.622647285461426,0.000139371264,0.059407443,0.2708333333333333,-149.54709424342153,307.5625
818,1957,54781,107216896,,,,,,,,,,,,,,,,
,,,107347968,25.621021270751953,21.853865957260133,0.9493755400180817,0.001,0.0034860267769545317,4285,0.40574493408203127,0.2,-0.03166827670647763,9.1596175968647,7.8464250564575195,0.000139174656,0.04767289,0.23958333333333334,-155.88464012005446,310.4895833333333
819,1957,54849,107347968,,,,,,,,,,,,,,,,
,,,107479040,25.959590911865234,24.438271474838256,0.9438991472125053,0.001,0.003480310318991542,4290,0.4083831787109375,0.2,-0.03005024850135669,9.196561682224274,9.996392250061035,0.000138978048,0.06055969,0.2604166666666667,-156.39235113776596,322.8854166666667
820,1957,54915,107479040,,,,,,,,,,,,,,,,
,,,107610112,24.615013122558594,26.4786075592041,0.94159771874547,0.001,0.0034804176539182663,4295,0.4145111083984375,0.2,-0.034781766294327096,9.130320227146148,12.156814575195312,0.00013878144,0.0582808,0.3645833333333333,-136.89213630140114,281.6979166666667
821,1957,54982,107610112,,,,,,,,,,,,,,,,
,,,107741184,24.529094696044922,24.890563333034514,0.94100197032094,0.001,0.003477883292362094,4300,0.4108367919921875,0.2,-0.031024899511248805,9.18564367890358,11.741754531860352,0.000138584832,0.05544406,0.2708333333333333,-157.27424631517508,304.5625
822,1957,55049,107741184,,,,,,,,,,,,,,,,
,,,107872256,25.07453727722168,22.291428941488267,0.9514338783919811,0.001,0.003472814802080393,4305,0.39564666748046873,0.2,-0.032226287708908785,9.2011124253273,9.576231956481934,0.000138388224,0.07437314,0.3333333333333333,-145.67756266417527,293.3645833333333
823,1957,55115,107872256,,,,,,,,,,,,,,,,
,,,108003328,24.06147575378418,22.89423829317093,0.9463382214307785,0.001,0.0034691132605075836,4310,0.4015655517578125,0.2,-0.033969070775492584,9.125306540727616,10.789310455322266,0.00013819161599999997,0.052546166,0.2916666666666667,-149.77627714624057,309.0416666666667
824,1957,55182,108003328,,,,,,,,,,,,,,,,
,,,108134400,24.45572280883789,22.21303004026413,0.9490029402077198,0.001,0.003471607342362404,4315,0.4363006591796875,0.2,-0.03254650613671402,9.143278580904006,10.278830528259277,0.00013799500799999996,0.0666718,0.3229166666666667,-149.62158549408542,302.71875
825,1957,55249,108134400,,,,,,,,,,,,,,,,
,,,108265472,25.869155883789062,20.535556024312974,0.9562856666743755,0.001,0.0034737575333565474,4320,0.42709503173828123,0.2,-0.03367620077042375,9.181972581148148,9.51479434967041,0.00013779839999999998,0.056570612,0.3541666666666667,-137.65174974719082,291.8854166666667
826,1957,55316,108265472,,,,,,,,,,,,,,,,
,,,108396544,25.349538803100586,17.100857377052307,0.9593284726142883,0.001,0.0034746192395687103,4325,0.450213623046875,0.2,-0.03258743371698074,9.121790027618408,6.589076519012451,0.00013760179199999998,0.07082499,0.2916666666666667,-150.49405486394306,300.625
827,1957,55382,108396544,,,,,,,,,,,,,,,,
,,,108527616,24.655254364013672,18.8827882707119,0.9582073427736759,0.001,0.003476846031844616,4330,0.45760498046875,0.2,-0.03211154995951802,9.215102410316467,8.270264625549316,0.00013740518399999997,0.07438004,0.3333333333333333,-144.00642120195332,293.3645833333333
828,1957,55449,108527616,,,,,,,,,,,,,,,,
,,,108658688,24.651052474975586,21.08926033973694,0.9491998367011547,0.001,0.003472568467259407,4335,0.3932952880859375,0.2,-0.03132138653891161,9.129223555326462,11.394356727600098,0.000137208576,0.052032646,0.22916666666666666,-159.3680838258125,313.8333333333333
829,1957,55516,108658688,,,,,,,,,,,,,,,,
,,,108789760,26.365407943725586,24.48793156147003,0.9454619027674198,0.001,0.0034705759026110172,4340,0.42974090576171875,0.2,-0.03371974934998434,9.19957327246666,10.190638542175293,0.000137011968,0.06454216,0.3229166666666667,-143.52386145043246,287.9166666666667
830,1957,55583,108789760,,,,,,,,,,,,,,,,
,,,108920832,26.51971435546875,23.32926367521286,0.9417886510491371,0.001,0.003467745613306761,4345,0.41592864990234374,0.2,-0.03155236853344832,9.227009469270707,8.306912422180176,0.00013681535999999998,0.05389771,0.3333333333333333,-142.18269173137526,283.8125
831,1957,55650,108920832,,,,,,,,,,,,,,,,
,,,109051904,25.421035766601562,24.53765799999237,0.9424625597894192,0.001,0.0034628850407898426,4350,0.39516448974609375,0.2,-0.03307519800437149,9.157008755207062,8.800077438354492,0.00013661875199999998,0.055977613,0.3645833333333333,-136.36431264560215,282.9583333333333
832,1957,55717,109051904,,,,,,,,,,,,,,,,
,,,109182976,24.795042037963867,21.190490955114363,0.9496635496616364,0.001,0.003465424058958888,4355,0.4366943359375,0.2,-0.032261866669432496,9.284706956148147,10.343249320983887,0.000136422144,0.09443171,0.21875,-156.04016402801204,315.7291666666667
833,1957,55783,109182976,,,,,,,,,,,,,,,,
,,,109314048,26.418203353881836,23.837260639667512,0.9440527409315109,0.001,0.0034636855125427246,4360,0.44598388671875,0.2,-0.028337680555705447,9.214690899848938,12.406820297241211,0.000136225536,0.057645656,0.3333333333333333,-144.56953251097374,292.0520833333333
834,1957,55850,109314048,,,,,,,,,,,,,,,,
,,,109445120,24.779743194580078,23.539788806438445,0.9456554912030697,0.001,0.0034641469828784466,4365,0.419586181640625,0.2,-0.03290139591990737,9.213168060779571,8.99008560180664,0.00013602892799999998,0.05465395,0.28125,-149.03477204454975,296.34375
835,1957,55917,109445120,,,,,,,,,,,,,,,,
,,,109576192,25.604736328125,20.8030738055706,0.9507947452366352,0.001,0.0034656822681427,4370,0.42947998046875,0.2,-0.03206807861570269,9.234459882974624,9.242897987365723,0.00013583232,0.082516804,0.2916666666666667,-148.61217657089492,293.75
836,1957,55984,109576192,,,,,,,,,,,,,,,,
,,,109707264,25.04933738708496,21.545216059684755,0.9485800936818123,0.001,0.0034592512529343367,4375,0.4209014892578125,0.2,-0.03436911838361993,9.225279909372329,8.946742057800293,0.000135635712,0.06668593,0.3125,-145.53393222009504,298.0208333333333
837,1957,56052,109707264,,,,,,,,,,,,,,,,
,,,109838336,23.917280197143555,18.7094908118248,0.9600253254175186,0.001,0.0034596899058669806,4380,0.46529541015625,0.2,-0.03251463083870476,9.251922273635865,8.020830154418945,0.000135439104,0.083127216,0.375,-141.82823370202672,295.375
838,1957,56118,109838336,,,,,,,,,,,,,,,,
,,,109969408,24.382427215576172,21.026413333415984,0.9478698149323463,0.001,0.003458302468061447,4385,0.452325439453125,0.2,-0.03058883527701255,9.249578660726547,9.041967391967773,0.000135242496,0.078444496,0.25,-149.61623175939175,307.5
839,1957,56185,109969408,,,,,,,,,,,,,,,,
,,,110100480,24.778244018554688,25.060769414901735,0.9415845051407814,0.001,0.003458756487816572,4390,0.40431671142578124,0.2,-0.0328114953241311,9.150548648834228,9.115621566772461,0.000135045888,0.051438548,0.28125,-150.06012357880567,309.3020833333333
840,1957,56251,110100480,,,,,,,,,,,,,,,,
,,,110231552,24.669836044311523,21.8609840631485,0.9475589618086815,0.001,0.0034577753394842148,4395,0.41175384521484376,0.2,-0.03632739056265564,9.233037686347961,11.368067741394043,0.00013484928,0.05642643,0.375,-142.43159029098527,279.75
841,1957,56319,110231552,,,,,,,,,,,,,,,,
,,,110362624,26.5730037689209,21.836141705513,0.9488703683018684,0.001,0.003459272440522909,4400,0.42252044677734374,0.2,-0.03308931677747751,9.185950648784637,9.122038841247559,0.00013465267199999997,0.061141282,0.3229166666666667,-144.63485647114655,295.7083333333333
842,1957,56385,110362624,,,,,,,,,,,,,,,,
,,,110493696,25.910507202148438,27.093165373802186,0.9364084899425507,0.001,0.0034555220045149326,4405,0.38564910888671877,0.2,-0.033318677720671985,9.16549355983734,15.561599731445312,0.00013445606399999996,0.047980536,0.28125,-149.7095324658659,297.5416666666667
843,1957,56452,110493696,,,,,,,,,,,,,,,,
,,,110624768,25.29499626159668,24.698467540740968,0.9456845261156559,0.001,0.0034523303620517254,4410,0.41355133056640625,0.2,-0.033318155832239425,9.217307049036027,11.024588584899902,0.00013425945599999998,0.057770357,0.3125,-151.1478193221127,290.59375
844,1957,56518,110624768,,,,,,,,,,,,,,,,
,,,110755840,26.704845428466797,21.70563440322876,0.9511702731251717,0.001,0.003453728510066867,4415,0.45583038330078124,0.2,-0.03281255807087291,9.189760863780975,8.839590072631836,0.00013406284799999998,0.06483903,0.2604166666666667,-154.22414786958927,308.2708333333333
845,1957,56585,110755840,,,,,,,,,,,,,,,,
,,,110886912,25.40633201599121,21.753209179639818,0.9521509632468224,0.001,0.00345265818759799,4420,0.46205291748046873,0.2,-0.03241024347080383,9.145504677295685,11.261754989624023,0.00013386623999999997,0.06307702,0.375,-137.85021902593394,272.4583333333333
846,1957,56651,110886912,,,,,,,,,,,,,,,,
,,,111017984,26.502609252929688,26.313174259662627,0.9412918426096439,0.001,0.003451259806752205,4425,0.38724517822265625,0.2,-0.03255219132188358,9.209561634063721,9.62525463104248,0.000133669632,0.0520527,0.25,-152.71237486553215,295.2708333333333
847,1957,56718,111017984,,,,,,,,,,,,,,,,
,,,111149056,27.016469955444336,21.100574576854704,0.9499135129153728,0.001,0.003447293071076274,4430,0.4473358154296875,0.2,-0.032021942106075584,9.182509648799897,10.160116195678711,0.00013347302399999999,0.06247943,0.3333333333333333,-144.70501618108887,294.6979166666667
848,1957,56785,111149056,,,,,,,,,,,,,,,,
,,,111280128,27.88844871520996,24.800571620464325,0.9427615292370319,0.001,0.003445202950388193,4435,0.40204315185546874,0.2,-0.03457912704761838,9.193238282203675,13.074262619018555,0.00013327641599999998,0.061043784,0.3020833333333333,-150.3093057020925,307.28125
849,1957,56852,111280128,,,,,,,,,,,,,,,,
,,,111411200,27.265884399414062,20.425460636615753,0.950199905782938,0.001,0.003444239031523466,4440,0.43608551025390624,0.2,-0.034509867097949606,9.184110021591186,8.912742614746094,0.000133079808,0.06746784,0.34375,-140.35694662877867,295.8125
850,1957,56919,111411200,,,,,,,,,,,,,,,,
,,,111542272,25.678205490112305,21.79357041120529,0.9493980072438717,0.001,0.003444747533649206,4445,0.4415191650390625,0.2,-0.029058720797183923,9.205573308467866,9.401019096374512,0.0001328832,0.06051468,0.2708333333333333,-147.45377401205585,304.0833333333333
851,1957,56986,111542272,,,,,,,,,,,,,,,,
,,,111673344,26.33114242553711,23.547530579566956,0.9467261470854282,0.001,0.003444637870416045,4450,0.430450439453125,0.2,-0.03347451958543388,9.188570892810821,12.380181312561035,0.000132686592,0.062438753,0.21875,-157.02547328081468,316.0729166666667
852,1957,57052,111673344,,,,,,,,,,,,,,,,
,,,111804416,26.44320297241211,26.31074638366699,0.9364200383424759,0.001,0.0034470572136342525,4455,0.4219757080078125,0.2,-0.03143618353497004,9.155149483680725,9.911515235900879,0.00013248998399999998,0.059230886,0.2708333333333333,-153.2077830098283,304.6041666666667
853,1957,57120,111804416,,,,,,,,,,,,,,,,
,,,111935488,26.4310302734375,26.07863504886627,0.941064141690731,0.001,0.0034447144716978073,4460,0.4290924072265625,0.2,-0.028842543036444113,9.28761276602745,10.67371654510498,0.000132293376,0.078617916,0.3333333333333333,-137.88514582939604,291.875
854,1957,57186,111935488,,,,,,,,,,,,,,,,
,,,112066560,25.075101852416992,21.433123207092287,0.9496346488595009,0.001,0.003445687470957637,4465,0.4458740234375,0.2,-0.03172680670249974,9.196460407972335,9.712705612182617,0.000132096768,0.0528552,0.3125,-139.0844806170521,300.7604166666667
855,1957,57253,112066560,,,,,,,,,,,,,,,,
,,,112197632,26.101598739624023,23.956667733192443,0.9412397630512714,0.001,0.003447862807661295,4470,0.4248992919921875,0.2,-0.030906980809231755,9.220506310462952,10.238100051879883,0.00013190016,0.0529688,0.34375,-140.1371928994307,292.6041666666667
856,1957,57319,112197632,,,,,,,,,,,,,,,,
,,,112328704,26.556591033935547,22.001330524683,0.9478893764317036,0.001,0.003448140574619174,4475,0.437139892578125,0.2,-0.03341219866706524,9.237613397836686,10.29577350616455,0.000131703552,0.06581155,0.25,-154.00029148253188,304.9166666666667
857,1957,57387,112328704,,,,,,,,,,,,,,,,
,,,112459776,25.67989730834961,24.157911133766174,0.9447478279471397,0.001,0.0034524304792284966,4480,0.39588775634765627,0.2,-0.03154983623171574,9.178808528184891,11.958500862121582,0.000131506944,0.055444654,0.34375,-143.9723287632356,285.34375
858,1957,57453,112459776,,,,,,,,,,,,,,,,
,,,112590848,27.02187728881836,22.330223619937897,0.9437882080674171,0.001,0.0034556430764496326,4485,0.42969207763671874,0.2,-0.032459242450568124,9.163083708286285,10.740487098693848,0.000131310336,0.07326095,0.28125,-148.89074506525034,297.3645833333333
859,1957,57520,112590848,,,,,,,,,,,,,,,,
,,,112721920,26.815441131591797,23.13315805196762,0.9436419606208801,0.001,0.003457206767052412,4490,0.40459747314453126,0.2,-0.033702842143247834,9.080189621448516,9.181659698486328,0.00013111372799999997,0.061941355,0.2708333333333333,-145.011223998337,312.8958333333333
860,1957,57587,112721920,,,,,,,,,,,,,,,,
,,,112852992,28.647411346435547,22.3519229888916,0.9493549168109894,0.001,0.0034583730157464743,4495,0.413812255859375,0.2,-0.03471925838093739,9.1435471534729,9.847044944763184,0.00013091712,0.05838386,0.3333333333333333,-139.52679922484052,294.34375
861,1957,57654,112852992,,,,,,,,,,,,,,,,
,,,112984064,26.459850311279297,26.12163887023926,0.9355736300349236,0.001,0.0034586256369948387,4500,0.42306976318359374,0.2,-0.03396607798349578,9.255749863386153,11.278938293457031,0.00013072051199999998,0.06305341,0.3229166666666667,-146.2355579848296,289.4895833333333
862,1957,57720,112984064,,,,,,,,,,,,,,,,
,,,113115136,26.779773712158203,25.036895751953125,0.9389372318983078,0.001,0.0034611988812685013,4505,0.41231689453125,0.2,-0.034550020267488435,9.188910508155823,12.2800931930542,0.00013052390399999998,0.06317979,0.3020833333333333,-143.04656196100575,297.8854166666667
863,1957,57787,113115136,,,,,,,,,,,,,,,,
,,,113246208,27.231443405151367,22.913832718133925,0.9465388245880604,0.001,0.003460519714280963,4510,0.42409515380859375,0.2,-0.03534755468717776,9.173421174287796,7.700692653656006,0.00013032729599999997,0.07143077,0.2708333333333333,-153.69009509866495,298.9791666666667
864,1957,57854,113246208,,,,,,,,,,,,,,,,
,,,113377280,25.77980613708496,25.257801413536072,0.9398462995886803,0.001,0.0034620529040694237,4515,0.41501312255859374,0.2,-0.030240533711912577,9.171758949756622,9.057555198669434,0.000130130688,0.07299413,0.3541666666666667,-137.96718306666278,275.75
865,1957,57920,113377280,,,,,,,,,,,,,,,,
,,,113508352,26.60224151611328,24.07447428703308,0.9427431300282478,0.001,0.0034585464745759964,4520,0.40383453369140626,0.2,-0.03397853175920318,9.199786132574081,9.106180191040039,0.00012993407999999999,0.058681224,0.3333333333333333,-140.3126408920268,285.7708333333333
866,1957,57987,113508352,,,,,,,,,,,,,,,,
,,,113639424,26.976903915405273,23.51693261861801,0.945883072912693,0.001,0.003458470106124878,4525,0.42699127197265624,0.2,-0.031306637877423785,9.214842635393143,9.253064155578613,0.00012973747199999998,0.06469932,0.23958333333333334,-151.1240977872091,306.4895833333333
867,1957,58054,113639424,,,,,,,,,,,,,,,,
,,,113770496,28.97452163696289,22.516240096092226,0.9500803872942924,0.001,0.003460698528215289,4530,0.4283050537109375,0.2,-0.03109000388358254,9.16870629787445,9.394290924072266,0.000129540864,0.08032481,0.3645833333333333,-140.61232342658428,279.875
868,1957,58122,113770496,,,,,,,,,,,,,,,,
,,,113901568,29.62884521484375,21.079108107089997,0.9539214000105858,0.001,0.0034613902680575848,4535,0.4162872314453125,0.2,-0.03034679393749684,9.13443699479103,8.714615821838379,0.000129344256,0.07249096,0.3229166666666667,-143.10499261877422,292.6354166666667
869,1957,58188,113901568,,,,,,,,,,,,,,,,
,,,114032640,25.9762020111084,23.254909777641295,0.9473122395575047,0.001,0.003464283188804984,4540,0.42136993408203127,0.2,-0.031978595159307587,9.17113130092621,10.875312805175781,0.000129147648,0.053239774,0.3229166666666667,-143.23474826550134,287.3958333333333
870,1957,58255,114032640,,,,,,,,,,,,,,,,
,,,114163712,28.34975242614746,22.625523322820662,0.9489729441702366,0.001,0.0034611299633979797,4545,0.42903289794921873,0.2,-0.027806342013354877,9.15333503484726,10.591163635253906,0.00012895103999999998,0.07147831,0.28125,-148.34489006084175,297.59375
871,1957,58321,114163712,,,,,,,,,,,,,,,,
,,,114294784,26.687742233276367,21.38782016634941,0.9506265595555305,0.001,0.0034627970308065414,4550,0.44402008056640624,0.2,-0.030674496585561428,9.147133928537368,7.684072494506836,0.000128754432,0.08075598,0.25,-154.71941293160594,318.6875
872,1957,58388,114294784,,,,,,,,,,,,,,,,
,,,114425856,26.199501037597656,24.528629231452943,0.9434631839394569,0.001,0.0034631057642400265,4555,0.45255584716796876,0.2,-0.033990930147410836,9.131939220428468,11.257833480834961,0.000128557824,0.08157702,0.28125,-147.17746053249337,304.875
873,1957,58455,114425856,,,,,,,,,,,,,,,,
,,,114556928,28.152935028076172,23.09859354496002,0.9483754672110081,0.001,0.0034636061172932386,4560,0.4229156494140625,0.2,-0.03126660845446168,9.173712801933288,13.05634880065918,0.000128361216,0.07381867,0.3229166666666667,-138.56162597658962,280.6770833333333
874,1957,58522,114556928,,,,,,,,,,,,,,,,
,,,114688000,27.450557708740234,23.047095704078675,0.9490026831626892,0.001,0.00346560962498188,4565,0.44121551513671875,0.2,-0.02587430746498285,9.034963226318359,9.697101593017578,0.000128164608,0.10393806,0.4166666666666667,-131.44327057265141,274.3125
875,1957,58589,114688000,,,,,,,,,,,,,,,,
,,,114819072,26.782573699951172,23.81702178120613,0.9461663961410522,0.001,0.0034641041420400143,4570,0.4155670166015625,0.2,-0.034683203036547636,9.155585873126984,9.493496894836426,0.000127968,0.05428935,0.3125,-144.94604627941865,278.0
876,1957,58656,114819072,,,,,,,,,,,,,,,,
,,,114950144,27.780380249023438,22.01818793416023,0.9512570053339005,0.001,0.0034607991110533476,4575,0.43592681884765627,0.2,-0.034222545588272625,9.127700674533845,10.526252746582031,0.00012777139199999997,0.07457113,0.3125,-144.49462634882903,294.625
877,1957,58723,114950144,,,,,,,,,,,,,,,,
,,,115081216,28.29547691345215,24.27263014316559,0.945831373333931,0.001,0.00346172577701509,4580,0.37024993896484376,0.2,-0.036023970821406695,9.156513833999634,10.435650825500488,0.00012757478399999997,0.046865817,0.3020833333333333,-143.67451884269462,284.6770833333333
878,1957,58789,115081216,,,,,,,,,,,,,,,,
,,,115212288,26.996618270874023,21.985437315702438,0.9495291896164417,0.001,0.003466688795015216,4585,0.4545684814453125,0.2,-0.026345373467484022,9.17193869948387,10.13634204864502,0.000127378176,0.061159626,0.34375,-140.4783624930609,282.5729166666667
879,1957,58857,115212288,,,,,,,,,,,,,,,,
,,,115343360,29.150503158569336,21.928077858686446,0.9503962695598602,0.001,0.0034666992723941803,4590,0.40218048095703124,0.2,-0.03524143965623807,9.129346460103989,11.391963005065918,0.00012718156799999998,0.053862035,0.25,-151.03382805426824,301.84375
880,1957,58923,115343360,,,,,,,,,,,,,,,,
,,,115474432,28.8728084564209,26.360023272037505,0.9366571232676506,0.001,0.0034694168716669083,4595,0.418157958984375,0.2,-0.033521511120488866,9.099197244644165,13.876869201660156,0.00012698495999999997,0.05411737,0.3020833333333333,-146.29597180473175,301.3020833333333
881,1957,58990,115474432,,,,,,,,,,,,,,,,
,,,115605504,27.898895263671875,24.479408371448518,0.9434856474399567,0.001,0.0034739531110972166,4600,0.4248199462890625,0.2,-0.03516003163313144,9.056834322214126,11.739187240600586,0.00012678835199999997,0.052723072,0.28125,-149.121117081849,297.9791666666667
882,1957,59057,115605504,,,,,,,,,,,,,,,,
,,,115736576,26.928958892822266,23.116270589828492,0.9477152712643147,0.001,0.003476021345704794,4605,0.4064483642578125,0.2,-0.029867427550198045,9.14383494257927,7.63478946685791,0.000126591744,0.06055779,0.22916666666666666,-157.963667346877,305.65625
883,1957,59124,115736576,,,,,,,,,,,,,,,,
,,,115867648,27.747976303100586,24.693926954269408,0.9429405070841312,0.001,0.0034748935140669346,4610,0.41516876220703125,0.2,-0.03209067881980445,9.124350464344024,10.810232162475586,0.00012639513599999998,0.05565472,0.3125,-142.6646158544852,292.1875
884,1957,59191,115867648,,,,,,,,,,,,,,,,
,,,115998720,29.027294158935547,26.006136345863343,0.9382887743413448,0.001,0.003476036712527275,4615,0.44859771728515624,0.2,-0.02998643917089794,9.109993350505828,9.913531303405762,0.00012619852799999998,0.05889441,0.3645833333333333,-137.02160648359865,284.7708333333333
885,1957,59258,115998720,,,,,,,,,,,,,,,,
,,,116129792,30.040340423583984,19.800583565235137,0.953139178454876,0.001,0.003479007398709655,4620,0.45152587890625,0.2,-0.027319236782204825,9.122230249643327,10.42563533782959,0.00012600192,0.07434368,0.3333333333333333,-143.1630765414552,296.6666666666667
886,1957,59324,116129792,,,,,,,,,,,,,,,,
,,,116260864,27.64093589782715,21.006987696886064,0.9492574594914913,0.001,0.0034835184924304485,4625,0.3985748291015625,0.2,-0.03087141067517223,9.116060602664948,9.97452449798584,0.000125805312,0.059867617,0.3229166666666667,-137.44141883571652,291.5
887,1957,59392,116260864,,,,,,,,,,,,,,,,
,,,116391936,27.305831909179688,25.401309025287627,0.9402907714247704,0.001,0.003481680992990732,4630,0.3980743408203125,0.2,-0.03501211293623783,9.095022279024125,9.866605758666992,0.00012560870399999999,0.059379075,0.25,-149.5429639030232,315.5520833333333
888,1957,59459,116391936,,,,,,,,,,,,,,,,
,,,116523008,28.344219207763672,23.86432501077652,0.9457865878939629,0.001,0.003485102904960513,4635,0.43079833984375,0.2,-0.030176788268727252,9.166313117742538,9.912134170532227,0.000125412096,0.05537583,0.3020833333333333,-150.04123925171615,300.21875
889,1957,59525,116523008,,,,,,,,,,,,,,,,
,,,116654080,28.158260345458984,26.86891610622406,0.9365069717168808,0.001,0.003487390000373125,4640,0.42716522216796876,0.2,-0.028698383185837884,9.110718530416488,9.369585990905762,0.000125215488,0.056328215,0.3333333333333333,-142.9698391008841,283.65625
890,1957,59593,116654080,,,,,,,,,,,,,,,,
,,,116785152,27.046667098999023,19.790778267383576,0.9521982036530972,0.001,0.00349086569622159,4645,0.43489227294921873,0.2,-0.027528771219658667,9.120427072048187,8.632637023925781,0.00012501888,0.0717507,0.19791666666666666,-162.21266521667266,321.6458333333333
891,1957,59659,116785152,,,,,,,,,,,,,,,,
,,,116916224,28.34204864501953,20.668311095237733,0.9494792707264423,0.001,0.0034976028837263584,4650,0.468719482421875,0.2,-0.028688587399665268,9.18078554868698,9.59205436706543,0.000124822272,0.064981416,0.2604166666666667,-150.2934132601804,296.1666666666667
892,1957,59726,116916224,,,,,,,,,,,,,,,,
,,,117047296,26.4564266204834,22.22594193816185,0.9454288296401501,0.001,0.0034960578195750713,4655,0.42735443115234373,0.2,-0.03163183040887816,9.040859633684159,13.67750358581543,0.000124625664,0.07875634,0.28125,-151.18636321018175,305.1354166666667
893,1957,59793,117047296,,,,,,,,,,,,,,,,
,,,117178368,27.327733993530273,24.3710879445076,0.9422856345772743,0.001,0.003497484838590026,4660,0.4117767333984375,0.2,-0.033684452256420624,9.0291772544384,11.294844627380371,0.000124429056,0.057021104,0.2708333333333333,-150.97436252272158,307.4375
894,1957,59860,117178368,,,,,,,,,,,,,,,,
,,,117309440,27.079824447631836,21.9229174554348,0.9483402818441391,0.001,0.003497108817100525,4665,0.41392364501953127,0.2,-0.030537227891909425,9.071800541877746,11.147517204284668,0.00012423244799999997,0.05993036,0.3333333333333333,-143.95514786610147,296.7708333333333
895,1957,59926,117309440,,,,,,,,,,,,,,,,
,,,117440512,25.678571701049805,21.212732714414596,0.9534107409417629,0.001,0.0035000487696379423,4670,0.3844146728515625,0.2,-0.0343953986041015,9.141593223810196,8.063019752502441,0.00012403583999999996,0.04947813,0.375,-137.8006451354833,292.53125
896,1957,59994,117440512,,,,,,,,,,,,,,,,
,,,117571584,26.660985946655273,24.29671244621277,0.9416070133447647,0.001,0.003501933766528964,4675,0.437872314453125,0.2,-0.027773806340701413,9.013999873399735,13.555251121520996,0.00012383923199999999,0.055250406,0.3645833333333333,-138.98894680421324,282.0208333333333
897,1957,60060,117571584,,,,,,,,,,,,,,,,
,,,117702656,28.235820770263672,18.090360182523728,0.9564638733863831,0.001,0.00350789912045002,4680,0.4380218505859375,0.2,-0.032159996169502846,9.0615584731102,9.272987365722656,0.00012364262399999998,0.07057568,0.2916666666666667,-143.5569770284756,300.125
898,1957,60127,117702656,,,,,,,,,,,,,,,,
,,,117833728,28.658100128173828,23.346179294586182,0.9432761520147324,0.001,0.0035071910824626684,4685,0.381689453125,0.2,-0.031394869793439285,9.121080726385117,11.02502155303955,0.00012344601599999997,0.048036788,0.3020833333333333,-142.35779584818604,299.1145833333333
899,1957,60194,117833728,,,,,,,,,,,,,,,,
,,,117964800,25.27370262145996,21.748565769195558,0.9511239640414715,0.001,0.003503751941025257,4690,0.434228515625,0.2,-0.0328932051139418,9.160481810569763,9.521373748779297,0.000123249408,0.05982977,0.3125,-146.12810663553913,301.6770833333333
900,1957,60261,117964800,,,,,,,,,,,,,,,,
,,,118095872,26.32613754272461,24.307147681713104,0.9426225237548351,0.001,0.003503161482512951,4695,0.39393463134765627,0.2,-0.03435943991498789,9.12176364660263,10.307135581970215,0.0001230528,0.068429284,0.3645833333333333,-132.28208284592236,289.5
901,1957,60327,118095872,,,,,,,,,,,,,,,,
,,,118226944,27.111164093017578,22.014104425907135,0.9501832388341427,0.001,0.0035015027970075607,4700,0.4063385009765625,0.2,-0.03433700365712866,9.131702697277069,10.862107276916504,0.00012285619199999998,0.05835624,0.3333333333333333,-141.10006438755593,276.6666666666667
902,1957,60394,118226944,,,,,,,,,,,,,,,,
,,,118358016,27.656789779663086,28.13159065246582,0.9441069513559341,0.001,0.0035038802307099104,4705,0.39868621826171874,0.2,-0.02797780696710106,9.026137214899062,11.040657043457031,0.00012265958399999998,0.059535287,0.2604166666666667,-152.24080004825018,306.2708333333333
903,1957,60460,118358016,,,,,,,,,,,,,,,,
,,,118489088,27.357784271240234,24.085551273822784,0.9451325871050358,0.001,0.003503142623230815,4710,0.4186492919921875,0.2,-0.030734488254529423,9.04625524878502,13.245379447937012,0.000122462976,0.059396833,0.3645833333333333,-143.02761747286772,279.0625
904,1957,60528,118489088,,,,,,,,,,,,,,,,
,,,118620160,26.51606559753418,21.101304125785827,0.9496960639953613,0.001,0.0035025938414037228,4715,0.43994598388671874,0.2,-0.028635329245298637,9.014446187019349,7.620209693908691,0.000122266368,0.0681911,0.3645833333333333,-136.67034628670353,286.4479166666667
905,1957,60594,118620160,,,,,,,,,,,,,,,,
,,,118751232,25.540802001953125,26.55284297466278,0.9410682953894138,0.001,0.0035008550621569157,4720,0.40029296875,0.2,-0.030402668463648298,9.027624064683915,14.319421768188477,0.00012206976,0.050839186,0.2604166666666667,-151.68938432442158,306.8333333333333
906,1957,60661,118751232,,,,,,,,,,,,,,,,
,,,118882304,26.690494537353516,16.157841461896897,0.9640237130224705,0.001,0.0035034921020269394,4725,0.47370147705078125,0.2,-0.031147619429975747,9.16732777953148,7.09129524230957,0.00012187315199999999,0.06696269,0.4583333333333333,-123.53972662318763,258.3229166666667
907,1957,60728,118882304,,,,,,,,,,,,,,,,
,,,119013376,26.62831687927246,24.053591203689574,0.946235042065382,0.001,0.003504642052575946,4730,0.405767822265625,0.2,-0.03039753802586347,9.065839618444443,11.062049865722656,0.000121676544,0.06750935,0.3333333333333333,-136.9996853282712,291.7708333333333
908,1957,60795,119013376,,,,,,,,,,,,,,,,
,,,119144448,26.62477684020996,22.38625412583351,0.9483363181352615,0.001,0.0035046101547777653,4735,0.424114990234375,0.2,-0.031509460453526116,9.083060097694396,10.154723167419434,0.000121479936,0.062875494,0.2916666666666667,-146.43959266599083,304.65625
909,1957,60862,119144448,,,,,,,,,,,,,,,,
,,,119275520,27.256650924682617,21.435756903886794,0.9516028985381126,0.001,0.003504679072648287,4740,0.40316009521484375,0.2,-0.03621375475486275,9.126443946361542,10.283818244934082,0.000121283328,0.05394339,0.2916666666666667,-145.91942698443594,303.1666666666667
910,1957,60929,119275520,,,,,,,,,,,,,,,,
,,,119406592,28.07421875,21.227507799863815,0.9536262340843678,0.001,0.0035061687231063843,4745,0.42186126708984373,0.2,-0.03304237851552898,9.05480541586876,9.932197570800781,0.00012108672000000001,0.07063976,0.3229166666666667,-145.47106169039003,292.8645833333333
911,1957,60995,119406592,,,,,,,,,,,,,,,,
,,,119537664,26.45789909362793,21.352452665567398,0.951356302946806,0.001,0.0035096637438982725,4750,0.412969970703125,0.2,-0.030611511472670827,9.08164315223694,9.129222869873047,0.000120890112,0.05862213,0.3333333333333333,-136.88106571930717,293.9583333333333
912,1957,61062,119537664,,,,,,,,,,,,,,,,
,,,119668736,26.04341697692871,21.772889375686646,0.950216356664896,0.001,0.0035131629556417465,4755,0.40366058349609374,0.2,-0.031089556304505096,9.169983679056168,11.693851470947266,0.00012069350399999997,0.055110935,0.3020833333333333,-144.04334905149946,305.125
913,1957,61128,119668736,,,,,,,,,,,,,,,,
,,,119799808,26.8044490814209,22.47100160121918,0.949770025908947,0.001,0.0035101445391774178,4760,0.361224365234375,0.2,-0.03198178399761673,9.021856820583343,8.729174613952637,0.00012049689599999998,0.0489792,0.3020833333333333,-147.54362705614992,300.4895833333333
914,1957,61195,119799808,,,,,,,,,,,,,,,,
,,,119930880,27.956676483154297,22.12910666465759,0.9504035525023937,0.001,0.003506600856781006,4765,0.41533966064453126,0.2,-0.027238408107223222,9.064692515134812,10.788698196411133,0.00012030028799999998,0.051899955,0.34375,-138.6697338142839,282.3541666666667
915,1957,61262,119930880,,,,,,,,,,,,,,,,
,,,120061952,26.82525634765625,22.26100088953972,0.9467166289687157,0.001,0.003509964793920517,4770,0.414093017578125,0.2,-0.033304618281545115,9.094131618738174,9.049568176269531,0.00012010367999999998,0.06203113,0.25,-156.50390926619102,308.7708333333333
916,1957,61329,120061952,,,,,,,,,,,,,,,,
,,,120193024,27.063871383666992,23.209912109375,0.9466778226196766,0.001,0.003509561298415065,4775,0.38722381591796873,0.2,-0.03305047791509423,9.085442340373993,9.097538948059082,0.00011990707199999999,0.04874248,0.375,-140.4506759771149,274.1770833333333
917,1957,61395,120193024,,,,,,,,,,,,,,,,
,,,120324096,25.45989990234375,19.964138126373292,0.9528405480086803,0.001,0.0035086125135421753,4780,0.42949676513671875,0.2,-0.03182056945370278,9.117546540498733,9.090799331665039,0.00011971046399999998,0.05681382,0.375,-140.19701104816053,275.6145833333333
918,1957,61462,120324096,,,,,,,,,,,,,,,,
,,,120455168,26.791378021240234,21.528324258327483,0.9531219638884068,0.001,0.003512263298034668,4785,0.4517547607421875,0.2,-0.031767646277148745,9.04946846961975,9.109262466430664,0.00011951385599999999,0.06762717,0.3125,-145.5546312402597,284.6041666666667
919,1957,61528,120455168,,,,,,,,,,,,,,,,
,,,120586240,26.65102195739746,21.913061034679412,0.9460298717021942,0.001,0.003513023955747485,4790,0.3930023193359375,0.2,-0.031899017267278396,9.08756331205368,9.2815523147583,0.00011931724799999998,0.055603832,0.21875,-157.82347399945226,314.1041666666667
920,1957,61595,120586240,,,,,,,,,,,,,,,,
,,,120717312,27.53246307373047,21.329858630895615,0.9529743194580078,0.001,0.003511137096211314,4795,0.39393310546875,0.2,-0.03136172183440067,8.99613415002823,8.788220405578613,0.00011912063999999999,0.05673123,0.3229166666666667,-137.8607879786033,290.625
921,1957,61661,120717312,,,,,,,,,,,,,,,,
,,,120848384,26.673460006713867,25.54391075372696,0.9411521479487419,0.001,0.003514543641358614,4800,0.3866729736328125,0.2,-0.029354575923935044,9.00422432422638,11.345524787902832,0.000118924032,0.05545853,0.28125,-148.41384836622797,309.4166666666667
922,1957,61728,120848384,,,,,,,,,,,,,,,,
,,,120979456,24.4814453125,23.151790499687195,0.9461545832455158,0.001,0.0035203429870307446,4805,0.4125732421875,0.2,-0.031395594181958586,9.038466399908065,9.519399642944336,0.00011872742399999999,0.04906562,0.3645833333333333,-136.09209068055307,289.53125
923,1957,61795,120979456,,,,,,,,,,,,,,,,
,,,121110528,26.022918701171875,21.747300767898558,0.9502886384725571,0.001,0.003523007035255432,4810,0.407275390625,0.2,-0.03205252021580236,8.99374270439148,10.10242748260498,0.000118530816,0.056178004,0.3645833333333333,-137.64308613968925,284.3229166666667
924,1957,61862,121110528,,,,,,,,,,,,,,,,
,,,121241600,24.87038803100586,22.095387428998947,0.9482483714818954,0.001,0.003526862245053053,4815,0.407806396484375,0.2,-0.032536977384006606,9.003573954105377,12.605417251586914,0.00011833420799999999,0.061220556,0.375,-137.53889351513388,276.84375
925,1957,61929,121241600,,,,,,,,,,,,,,,,
,,,121372672,25.49905014038086,19.923930168151855,0.9542837478220463,0.001,0.003524193074554205,4820,0.42384796142578124,0.2,-0.030872215470299124,8.985611760616303,7.464988708496094,0.0001181376,0.068089515,0.3125,-139.4779766349329,290.9270833333333
926,1957,61995,121372672,,,,,,,,,,,,,,,,
,,,121503744,25.722293853759766,19.589747184514998,0.9496644921600819,0.001,0.0035227579064667225,4825,0.43011627197265623,0.2,-0.033446303498931226,8.953621447086334,6.831027507781982,0.000117940992,0.062014192,0.4166666666666667,-130.0052100779401,279.1041666666667
927,1957,62062,121503744,,,,,,,,,,,,,,,,
,,,121634816,25.429731369018555,23.751346623897554,0.943598635494709,0.001,0.003524906001985073,4830,0.42236328125,0.2,-0.027582095324760303,8.995548808574677,10.999727249145508,0.000117744384,0.07482566,0.25,-153.8535940559249,304.4270833333333
928,1957,62129,121634816,,,,,,,,,,,,,,,,
,,,121765888,26.097885131835938,21.7677115380764,0.9468396604061127,0.001,0.003530693706125021,4835,0.389215087890625,0.2,-0.0330710768525023,8.985573422908782,11.162198066711426,0.00011754777600000001,0.049562752,0.3333333333333333,-147.29661091542098,287.6875
929,1957,62195,121765888,,,,,,,,,,,,,,,,
,,,121896960,25.453413009643555,21.00388216972351,0.948163453489542,0.001,0.003529959823936224,4840,0.39137420654296873,0.2,-0.03382578354940051,9.03664830327034,11.025748252868652,0.00011735116799999997,0.048728153,0.3854166666666667,-132.73722030088354,274.9479166666667
930,1957,62262,121896960,,,,,,,,,,,,,,,,
,,,122028032,25.486318588256836,19.815660774707794,0.9486419968307018,0.001,0.0035303847398608923,4845,0.4332305908203125,0.2,-0.029410227747575846,8.957139694690705,8.076191902160645,0.00011715455999999998,0.07146794,0.375,-133.28587286143105,290.2291666666667
931,1957,62328,122028032,,,,,,,,,,,,,,,,
,,,122159104,26.42308807373047,21.186460739374162,0.9492815583944321,0.001,0.0035281337331980467,4850,0.39754638671875,0.2,-0.031937729990750084,8.968376642465591,9.867280006408691,0.00011695795199999998,0.058496147,0.34375,-139.09375112678916,288.46875
932,1957,62395,122159104,,,,,,,,,,,,,,,,
,,,122290176,26.325111389160156,21.407978892326355,0.9510713703930378,0.001,0.0035310748498886824,4855,0.414111328125,0.2,-0.032954158619395456,8.901503801345825,11.847450256347656,0.00011676134399999998,0.060378574,0.23958333333333334,-156.3395935878519,308.2604166666667
933,1957,62462,122290176,,,,,,,,,,,,,,,,
,,,122421248,26.115234375,21.8092251598835,0.9483938179910183,0.001,0.0035324261989444494,4860,0.39212646484375,0.2,-0.033583871455630285,8.97862337231636,9.586106300354004,0.00011656473599999998,0.05030831,0.375,-136.01416766402448,276.78125
934,1957,62529,122421248,,,,,,,,,,,,,,,,
,,,122552320,27.370361328125,22.629675084352492,0.9453684315085411,0.001,0.003533965675160289,4865,0.42156524658203126,0.2,-0.027090676927036837,8.955389028787613,8.614543914794922,0.00011636812799999998,0.057150997,0.3645833333333333,-133.40196295667954,276.3854166666667
935,1957,62595,122552320,,,,,,,,,,,,,,,,
,,,122683392,25.655380249023438,19.57171415090561,0.9473094865679741,0.001,0.0035351025871932507,4870,0.41632843017578125,0.2,-0.032430943072540686,8.98593482375145,6.827817916870117,0.00011617151999999998,0.06560349,0.2916666666666667,-146.47770050820694,305.5104166666667
936,1957,62662,122683392,,,,,,,,,,,,,,,,
,,,122814464,27.09264373779297,24.43545334339142,0.935927264392376,0.001,0.0035340830218046904,4875,0.39288787841796874,0.2,-0.0338621325456188,9.016358661651612,9.808938026428223,0.00011597491199999999,0.04790586,0.3645833333333333,-135.9051224084818,289.0104166666667
937,1957,62729,122814464,,,,,,,,,,,,,,,,
,,,122945536,25.9884090423584,24.55409481525421,0.9369675368070602,0.001,0.003533395938575268,4880,0.3806396484375,0.2,-0.030114132346352563,8.991543358564376,9.5291748046875,0.000115778304,0.051049273,0.3020833333333333,-142.37188478478123,301.8541666666667
938,1957,62797,122945536,,,,,,,,,,,,,,,,
,,,123076608,28.81634521484375,24.425502586364747,0.9419659152626991,0.001,0.003532042494043708,4885,0.364642333984375,0.2,-0.03437001525016967,8.978668117523194,9.817906379699707,0.00011558169599999999,0.043164603,0.3854166666666667,-139.24514224224836,278.4895833333333
939,1957,62863,123076608,,,,,,,,,,,,,,,,
,,,123207680,26.514854431152344,20.827907150983812,0.9481728486716747,0.001,0.0035329144448041916,4890,0.41532745361328127,0.2,-0.033933817449724304,9.00088541507721,10.667293548583984,0.000115385088,0.058433313,0.3125,-144.2061584240779,308.7708333333333
940,1957,62931,123207680,,,,,,,,,,,,,,,,
,,,123338752,26.797874450683594,20.29996468424797,0.9501501061022282,0.001,0.0035341631155461073,4895,0.42211151123046875,0.2,-0.03166851091955323,8.97350732088089,9.411520004272461,0.00011518847999999999,0.054491676,0.3541666666666667,-139.81282974838476,278.5625
941,1957,62997,123338752,,,,,,,,,,,,,,,,
,,,123469824,25.60115623474121,23.387066984176634,0.9455590583384037,0.001,0.0035366956144571304,4900,0.44017791748046875,0.2,-0.027965824553393758,9.016001898050309,11.385065078735352,0.000114991872,0.08439657,0.2916666666666667,-144.84421066168025,301.75
942,1957,63064,123469824,,,,,,,,,,,,,,,,
,,,123600896,25.954336166381836,22.300916242599488,0.9475990049540997,0.001,0.003540685400366783,4905,0.38362884521484375,0.2,-0.033597731725603805,8.95967526435852,9.093701362609863,0.000114795264,0.046650544,0.34375,-135.2547164194361,284.71875
943,1957,63131,123600896,,,,,,,,,,,,,,,,
,,,123731968,26.513961791992188,23.149643939733505,0.9470360316336155,0.001,0.0035370297264307737,4910,0.3835601806640625,0.2,-0.03155074783862801,8.92672728896141,9.143702507019043,0.000114598656,0.055141225,0.2708333333333333,-148.6579279445442,307.2291666666667
944,1957,63197,123731968,,,,,,,,,,,,,,,,
,,,123863040,27.141929626464844,20.85890440940857,0.9501612931489944,0.001,0.003539509605616331,4915,0.40444183349609375,0.2,-0.03227929319255054,8.965251898765564,12.071930885314941,0.000114402048,0.06300907,0.3333333333333333,-143.90173729271507,286.4166666666667
945,1957,63265,123863040,,,,,,,,,,,,,,,,
,,,123994112,25.427871704101562,20.40011703968048,0.9551811404526234,0.001,0.0035362604539841413,4920,0.3946563720703125,0.2,-0.034283593064174056,8.943691158294678,9.311288833618164,0.00011420544,0.053067572,0.23958333333333334,-153.7860040683453,311.3125
946,1957,63331,123994112,,,,,,,,,,,,,,,,
,,,124125184,27.000804901123047,24.261824369430542,0.9422635212540627,0.001,0.003537635086104274,4925,0.40935516357421875,0.2,-0.03285333054082003,8.907834160327912,10.662984848022461,0.000114008832,0.05649683,0.3333333333333333,-140.3073343045513,294.5
947,1957,63399,124125184,,,,,,,,,,,,,,,,
,,,124256256,27.058975219726562,25.455937707424162,0.9460507594048977,0.001,0.0035380187910050154,4930,0.40457611083984374,0.2,-0.0307941721053794,8.907058423757553,9.967785835266113,0.00011381222399999997,0.05131027,0.3645833333333333,-139.764321502361,281.5208333333333
948,1957,63465,124256256,,,,,,,,,,,,,,,,
,,,124387328,25.966075897216797,21.76269773840904,0.95144072920084,0.001,0.0035400257911533117,4935,0.44242095947265625,0.2,-0.025521973814466036,8.956242752075195,10.598922729492188,0.00011361561599999998,0.082064524,0.2916666666666667,-152.52852504242693,299.71875
949,1957,63532,124387328,,,,,,,,,,,,,,,,
,,,124518400,26.272497177124023,22.627343142032622,0.9474392160773277,0.001,0.0035386825911700726,4940,0.3906463623046875,0.2,-0.032148182654054835,8.900647515058518,9.571854591369629,0.00011341900799999997,0.06403548,0.40625,-132.68386747790555,281.2395833333333
950,1957,63598,124518400,,,,,,,,,,,,,,,,
,,,124649472,26.053916931152344,22.457828891277313,0.9523787721991539,0.001,0.003538186429068446,4945,0.42650146484375,0.2,-0.0320483582210727,8.937071031332016,9.08416748046875,0.00011322239999999998,0.048718423,0.3229166666666667,-146.4257178790872,286.6770833333333
951,1957,63665,124649472,,,,,,,,,,,,,,,,
,,,124780544,25.086095809936523,23.950849509239198,0.9504646696150303,0.001,0.003537392243742943,4950,0.41963653564453124,0.2,-0.028641001347568817,8.909622806310654,10.69693374633789,0.00011302579199999998,0.051005192,0.3854166666666667,-139.29030164638002,279.125
952,1957,63732,124780544,,,,,,,,,,,,,,,,
,,,124911616,24.577991485595703,20.66656345129013,0.9532694593071938,0.001,0.0035389948170632124,4955,0.40438995361328123,0.2,-0.031773609790252524,8.969013619422913,9.876269340515137,0.00011282918399999998,0.05697084,0.4166666666666667,-127.60963187563603,275.8020833333333
953,1957,63799,124911616,,,,,,,,,,,,,,,,
,,,125042688,25.61457633972168,21.45589792728424,0.9526435248553753,0.001,0.0035412346478551626,4960,0.4580047607421875,0.2,-0.03484938692126889,8.923973804712295,9.9341402053833,0.00011263257599999999,0.06362657,0.28125,-148.4743501031057,302.8854166666667
954,1957,63865,125042688,,,,,,,,,,,,,,,,
,,,125173760,25.556217193603516,22.420408874750137,0.9507529847323895,0.001,0.0035417869221419096,4965,0.39035186767578123,0.2,-0.0325482332642423,8.949475604295731,9.550555229187012,0.00011243596799999998,0.05360576,0.40625,-138.64798119193225,272.5416666666667
955,1957,63932,125173760,,,,,,,,,,,,,,,,
,,,125304832,26.24361228942871,25.524915182590483,0.9438387528061867,0.001,0.003540951292961836,4970,0.4112060546875,0.2,-0.03068362110061571,8.831569248437882,11.633562088012695,0.00011223935999999999,0.058284737,0.3020833333333333,-146.5079926912939,293.3229166666667
956,1957,63999,125304832,,,,,,,,,,,,,,,,
,,,125435904,25.716413497924805,22.593237817287445,0.9515615478157997,0.001,0.0035457834601402283,4975,0.400146484375,0.2,-0.029794070520438254,8.841025161743165,11.416672706604004,0.00011204275199999999,0.053472556,0.3229166666666667,-142.43376628670734,290.4895833333333
957,1957,64066,125435904,,,,,,,,,,,,,,,,
,,,125566976,24.885509490966797,20.039282208681108,0.9543565660715103,0.001,0.0035509474109858274,4980,0.4182861328125,0.2,-0.03073844153113896,8.816898667812348,7.729654312133789,0.000111846144,0.06732065,0.2916666666666667,-149.8145906494698,290.65625
958,1957,64132,125566976,,,,,,,,,,,,,,,,
,,,125698048,26.50301170349121,22.001070243120193,0.9541604369878769,0.001,0.0035489583387970924,4985,0.36483917236328123,0.2,-0.03502253609476611,8.826928198337555,12.463481903076172,0.000111649536,0.04590537,0.2916666666666667,-146.23104691126073,294.7916666666667
959,1957,64199,125698048,,,,,,,,,,,,,,,,
,,,125829120,25.720800399780273,25.577181339263916,0.9432017169892788,0.001,0.0035493820905685425,4990,0.3637451171875,0.2,-0.032303059264086185,8.884665590524673,9.897807121276855,0.000111452928,0.04640377,0.3541666666666667,-145.87563599850418,286.0104166666667
960,1957,64265,125829120,,,,,,,,,,,,,,,,
,,,125960192,24.548965454101562,23.170337319374084,0.9474924840033054,0.001,0.0035427340772002935,4995,0.376397705078125,0.2,-0.034670047633699144,8.826533859968185,8.754648208618164,0.00011125632,0.05206905,0.3229166666666667,-141.28406554738066,281.5104166666667
961,1957,64332,125960192,,,,,,,,,,,,,,,,
,,,126091264,23.746212005615234,22.724882167577743,0.9447085298597813,0.001,0.003541302401572466,5000,0.4138519287109375,0.2,-0.027970966791326646,8.96060066819191,8.821271896362305,0.000111059712,0.05137136,0.3541666666666667,-137.39218439859246,280.7395833333333
962,1957,64398,126091264,,,,,,,,,,,,,,,,
,,,126222336,27.664546966552734,23.248996436595917,0.9457546137273312,0.001,0.0035353461280465126,5005,0.3867584228515625,0.2,-0.029551208211341874,8.780310887098313,12.609838485717773,0.000110863104,0.055055022,0.3645833333333333,-139.006662357221,279.78125
963,1957,64465,126222336,,,,,,,,,,,,,,,,
,,,126353408,26.500904083251953,21.168178021907806,0.9497845992445946,0.001,0.003535302123054862,5010,0.37836761474609376,0.2,-0.029890657213400118,8.841208666563034,9.626873970031738,0.00011066649600000001,0.049838424,0.3229166666666667,-138.93487960606697,288.0104166666667
964,1957,64532,126353408,,,,,,,,,,,,,,,,
,,,126484480,25.28713607788086,20.98997785449028,0.9489648044109344,0.001,0.0035390015691518784,5015,0.4060577392578125,0.2,-0.03201895465899725,8.891121077537537,8.331133842468262,0.000110469888,0.061438903,0.3958333333333333,-132.34290833230688,278.8541666666667
965,1958,64598,126484480,,,,,,,,,,,,,,,,
,,,126615552,25.576879501342773,21.320180958509447,0.950324259698391,0.001,0.003538060002028942,5020,0.40854339599609374,0.2,-0.031146221655944828,8.822312718629837,8.159411430358887,0.00011027327999999997,0.051394507,0.3229166666666667,-147.96190790489808,291.03125
966,1957,64665,126615552,,,,,,,,,,,,,,,,
,,,126746624,26.80080795288086,25.083836221694945,0.9395617693662643,0.001,0.0035404935479164124,5025,0.38995361328125,0.2,-0.03052066323434701,8.90020352602005,10.59192943572998,0.00011007667199999998,0.05317632,0.34375,-140.38361758268707,284.6770833333333
967,1958,64731,126746624,,,,,,,,,,,,,,,,
,,,126877696,26.408178329467773,27.001440370082854,0.9372651502490044,0.001,0.003543620929121971,5030,0.39339599609375,0.2,-0.032474775494483764,8.828803914785386,12.653674125671387,0.00010988006399999997,0.046624415,0.3020833333333333,-144.82525206061857,294.8125
968,1958,64798,126877696,,,,,,,,,,,,,,,,
,,,127008768,26.759151458740234,24.11552006006241,0.9407411105930805,0.001,0.003546071005985141,5035,0.40398406982421875,0.2,-0.03177874807297485,8.802727752923966,9.320738792419434,0.00010968345599999998,0.052858822,0.3333333333333333,-146.89546314278047,290.8958333333333
969,1958,64865,127008768,,,,,,,,,,,,,,,,
,,,127139840,27.520849227905273,26.792598366737366,0.9390454366803169,0.001,0.0035458707716315985,5040,0.36806182861328124,0.2,-0.03121897532400908,8.813253653049468,9.318331718444824,0.00010948684799999999,0.048860863,0.3958333333333333,-137.34919010970475,279.03125
970,1958,64932,127139840,,,,,,,,,,,,,,,,
,,,127270912,25.54712677001953,21.57505007982254,0.9495470263063908,0.001,0.003543244209140539,5045,0.37697601318359375,0.2,-0.03317673083220143,8.844922268390656,9.422064781188965,0.00010929023999999998,0.043103065,0.3854166666666667,-131.68544763262605,279.0625
971,1958,64998,127270912,,,,,,,,,,,,,,,,
,,,127401984,27.11166000366211,21.1201020359993,0.9509845785796642,0.001,0.0035407289396971464,5050,0.38089599609375,0.2,-0.030576792138163,8.828875827789307,8.330669403076172,0.00010909363199999999,0.042198487,0.375,-141.74247181743647,273.4166666666667
972,1958,65065,127401984,,,,,,,,,,,,,,,,
,,,127533056,25.11376953125,23.752627003192902,0.9440087638795376,0.001,0.0035405780654400587,5055,0.408856201171875,0.2,-0.029992985076387414,8.857197844982148,11.136791229248047,0.00010889702399999998,0.05952482,0.34375,-141.83726677188716,291.8854166666667
973,1958,65131,127533056,,,,,,,,,,,,,,,,
,,,127664128,27.005687713623047,20.55612823367119,0.9532840251922607,0.001,0.003542959224432707,5060,0.38615570068359373,0.2,-0.031534593988908455,8.734972560405732,8.772262573242188,0.00010870041599999999,0.04848855,0.3958333333333333,-133.28266530231724,286.0104166666667
974,1958,65198,127664128,,,,,,,,,,,,,,,,
,,,127795200,25.278335571289062,23.857500541210175,0.9441262558102608,0.001,0.003541420679539442,5065,0.39380645751953125,0.2,-0.03330281040689442,8.920390260219573,11.676218032836914,0.000108503808,0.046903264,0.2604166666666667,-149.4531175647309,317.7708333333333
975,1958,65264,127795200,,,,,,,,,,,,,,,,
,,,127926272,24.382583618164062,21.535193955898286,0.9513489305973053,0.001,0.0035417869221419096,5070,0.40066680908203123,0.2,-0.03382522441752371,8.848329597711563,8.640318870544434,0.00010830719999999999,0.046412937,0.3541666666666667,-134.12857698141096,287.2291666666667
976,1958,65332,127926272,,,,,,,,,,,,,,,,
,,,128057344,25.967992782592773,24.8803239941597,0.9426916018128395,0.001,0.0035388427786529064,5075,0.36379241943359375,0.2,-0.033274910936597735,8.905633044242858,8.475947380065918,0.000108110592,0.052074343,0.25,-147.87424262295457,314.7395833333333
977,1958,65398,128057344,,,,,,,,,,,,,,,,
,,,128188416,26.187698364257812,19.90633237361908,0.9544682726264,0.001,0.003543196013197303,5080,0.40573272705078123,0.2,-0.03000800880836323,8.822693902254105,8.718205451965332,0.000107913984,0.055881184,0.3958333333333333,-130.51029286530039,275.53125
978,1958,65465,128188416,,,,,,,,,,,,,,,,
,,,128319488,27.560117721557617,22.786645102500916,0.9469654113054276,0.001,0.0035444896202534437,5085,0.37662200927734374,0.2,-0.03365721458540065,8.87936275601387,10.501675605773926,0.000107717376,0.0469535,0.34375,-138.3119058392333,295.375
979,1958,65531,128319488,,,,,,,,,,,,,,,,
,,,128450560,25.668516159057617,18.80947827100754,0.955006830394268,0.001,0.003547459375113249,5090,0.38487396240234373,0.2,-0.03059500015078811,8.80860453248024,8.140219688415527,0.00010752076800000001,0.052618682,0.3020833333333333,-144.13342287087787,294.65625
980,1958,65598,128450560,,,,,,,,,,,,,,,,
,,,128581632,26.60687828063965,23.41893388032913,0.9434659220278263,0.001,0.0035464810207486153,5095,0.396875,0.2,-0.03071470757131465,8.875998616218567,12.523967742919922,0.00010732416,0.04823214,0.3229166666666667,-142.7568919058369,291.59375
981,1958,65664,128581632,,,,,,,,,,,,,,,,
,,,128712704,25.690717697143555,23.53708243370056,0.944939162582159,0.001,0.003544861450791359,5100,0.3884429931640625,0.2,-0.032805109112814534,8.847740948200226,10.940990447998047,0.00010712755200000001,0.05322638,0.3541666666666667,-145.14163299138048,288.40625
982,1958,65730,128712704,,,,,,,,,,,,,,,,
,,,128843776,27.647687911987305,23.046506118774413,0.9479136168956757,0.001,0.0035470034927129745,5105,0.3637908935546875,0.2,-0.03077422380738426,8.801269364356994,12.901673316955566,0.000106930944,0.06065714,0.2916666666666667,-142.73826622359377,294.0520833333333
983,1958,65797,128843776,,,,,,,,,,,,,,,,
,,,128974848,24.945171356201172,20.50604141354561,0.9522000066936016,0.001,0.003547264263033867,5110,0.40656280517578125,0.2,-0.028931707836454733,8.853368109464645,9.844917297363281,0.00010673433599999997,0.07336116,0.3020833333333333,-143.55009960515147,284.8854166666667
984,1958,65863,128974848,,,,,,,,,,,,,,,,
,,,129105920,27.27161407470703,26.831490099430084,0.9397938400506973,0.001,0.00354512850753963,5115,0.379779052734375,0.2,-0.03206774628488347,8.747090071439743,10.464605331420898,0.00010653772799999998,0.046826795,0.34375,-144.44027176432652,286.6145833333333
985,1958,65930,129105920,,,,,,,,,,,,,,,,
,,,129236992,27.625591278076172,25.688822424411775,0.9464977532625198,0.001,0.0035446765832602978,5120,0.37431640625,0.2,-0.028484057486639357,8.738907527923583,12.547921180725098,0.00010634111999999999,0.0644455,0.3645833333333333,-138.3912915706703,276.25
986,1958,65997,129236992,,,,,,,,,,,,,,,,
,,,129368064,26.60944175720215,20.829687935113906,0.950952086597681,0.001,0.0035484496038407087,5125,0.40361175537109373,0.2,-0.029007242312218295,8.765984082221985,9.3167085647583,0.00010614451199999998,0.059663657,0.4375,-123.9198560591442,255.95833333333334
987,1958,66064,129368064,,,,,,,,,,,,,,,,
,,,129499136,26.580669403076172,23.446760892868042,0.9503720365464687,0.001,0.003546202089637518,5130,0.3585723876953125,0.2,-0.030886065297818278,8.739312869310378,11.925491333007812,0.00010594790399999999,0.049186595,0.3020833333333333,-143.55612463166622,298.0416666666667
988,1958,66130,129499136,,,,,,,,,,,,,,,,
,,,129630208,26.856548309326172,23.245610845088958,0.9456167630851269,0.001,0.0035462367814034224,5135,0.42827911376953126,0.2,-0.028733913840551396,8.79464437365532,10.92559814453125,0.00010575129599999998,0.05858633,0.3020833333333333,-144.97006053708049,295.78125
989,1958,66197,129630208,,,,,,,,,,,,,,,,
,,,129761280,26.330753326416016,20.925251454114914,0.9527211971580982,0.001,0.003545935731381178,5140,0.374591064453125,0.2,-0.034820793734979816,8.878499507904053,9.642427444458008,0.00010555468799999999,0.049725957,0.25,-149.60461371589045,307.8854166666667
990,1958,66264,129761280,,,,,,,,,,,,,,,,
,,,129892352,26.68964958190918,21.44060441851616,0.9494611956179142,0.001,0.0035475126933306456,5145,0.3888092041015625,0.2,-0.029482820892008023,8.754815882444381,9.91680908203125,0.00010535808,0.07062978,0.3125,-144.41626127421935,299.0625
991,1958,66331,129892352,,,,,,,,,,,,,,,,
,,,130023424,25.445655822753906,19.936778956651686,0.951378621160984,0.001,0.003545772982761264,5150,0.388238525390625,0.2,-0.034099772871559256,8.721775156259536,8.120482444763184,0.00010516147199999999,0.055077825,0.3645833333333333,-132.82189933161985,276.75
992,1958,66398,130023424,,,,,,,,,,,,,,,,
,,,130154496,26.111907958984375,23.981576812267303,0.94242724776268,0.001,0.0035449794959276915,5155,0.39447174072265623,0.2,-0.03310761705652112,8.81037882566452,8.460539817810059,0.000104964864,0.046254806,0.3541666666666667,-138.50478785154732,277.4583333333333
993,1958,66464,130154496,,,,,,,,,,,,,,,,
,,,130285568,27.87727928161621,21.468848556280136,0.949514776468277,0.001,0.0035438258200883865,5160,0.389788818359375,0.2,-0.03469946498516947,8.793710070848466,7.9750518798828125,0.00010476825599999999,0.05794652,0.2604166666666667,-153.11372268562312,316.0416666666667
994,1958,66531,130285568,,,,,,,,,,,,,,,,
,,,130416640,26.433835983276367,21.588944351673128,0.9536324515938759,0.001,0.0035472973249852657,5165,0.43083038330078127,0.2,-0.026540567910706157,8.793013632297516,11.181877136230469,0.000104571648,0.061504602,0.3229166666666667,-144.82041123020903,299.4583333333333
995,1958,66598,130416640,,,,,,,,,,,,,,,,
,,,130547712,27.70429801940918,18.9592609167099,0.9568299390375614,0.001,0.0035457059275358915,5170,0.38057708740234375,0.2,-0.03197551544435555,8.69528135061264,9.569121360778809,0.00010437503999999999,0.045836166,0.375,-135.10224785511832,284.8333333333333
996,1958,66665,130547712,,,,,,,,,,,,,,,,
,,,130678784,27.46192169189453,25.437489795684815,0.9447464160621166,0.001,0.0035447373520582914,5175,0.375439453125,0.2,-0.03443141439929605,8.80230325460434,8.67581844329834,0.000104178432,0.042741045,0.28125,-146.44307157532182,300.5625
997,1958,66732,130678784,,,,,,,,,,,,,,,,
,,,130809856,28.05907440185547,19.88597200512886,0.9554612413048744,0.001,0.0035470796283334494,5180,0.39310302734375,0.2,-0.034032802321598866,8.716452795267106,11.414101600646973,0.00010398182400000001,0.052893937,0.3854166666666667,-139.94180141384956,280.6666666666667
998,1958,66799,130809856,,,,,,,,,,,,,,,,
,,,130940928,27.505596160888672,20.11796709895134,0.9569928497076035,0.001,0.0035459138453006744,5185,0.38939361572265624,0.2,-0.029656967853952665,8.74529334306717,6.604634761810303,0.000103785216,0.048599202,0.3854166666666667,-134.93156524516732,276.75
999,1958,66865,130940928,,,,,,,,,,,,,,,,
,,,131072000,27.277400970458984,20.02429168820381,0.9561476819217205,0.001,0.003549175336956978,5190,0.38377685546875,0.2,-0.028020366608689073,8.764456468820573,8.488625526428223,0.00010358860800000001,0.058400605,0.3541666666666667,-138.24430153568062,280.09375
1000,1958,66933,131072000,,,,,,,,,,,,,,,,
,,,131203072,28.215259552001953,24.039139521121978,0.9482458606362343,0.001,0.0035510770976543427,5195,0.35305938720703123,0.2,-0.03310065231344197,8.70160939693451,9.28676986694336,0.00010339199999999998,0.04194861,0.3229166666666667,-141.25610695339057,300.71875
1001,1958,66999,131203072,,,,,,,,,,,,,,,,
,,,131334144,26.600391387939453,20.240469098091125,0.952753659337759,0.001,0.0035510286688804626,5200,0.4026275634765625,0.2,-0.03426418548333458,8.784604251384735,8.723308563232422,0.00010319539199999998,0.0566681,0.375,-133.84479258648312,267.6875
1002,1958,67066,131334144,,,,,,,,,,,,,,,,
,,,131465216,26.607669830322266,28.13822442293167,0.9358318001031876,0.001,0.003552749752998352,5205,0.3806549072265625,0.2,-0.03150562466180418,8.711366140842438,10.196813583374023,0.00010299878399999998,0.045738634,0.375,-135.61403153112292,288.0104166666667
1003,1958,67133,131465216,,,,,,,,,,,,,,,,
,,,131596288,27.077072143554688,22.483655053377152,0.9479876607656479,0.001,0.0035524764098227024,5210,0.35849761962890625,0.2,-0.03032326153916074,8.71787057518959,8.83060073852539,0.00010280217599999998,0.040635187,0.3541666666666667,-140.48627478410972,279.5625
1004,1958,67200,131596288,,,,,,,,,,,,,,,,
,,,131727360,26.41457748413086,20.418821275234222,0.9494133666157722,0.001,0.0035516000352799892,5215,0.3682373046875,0.2,-0.03224419141188264,8.65533812046051,8.350602149963379,0.00010260556799999998,0.04442163,0.3125,-143.2488820212844,292.2604166666667
1005,1958,67266,131727360,,,,,,,,,,,,,,,,
,,,131858432,26.943389892578125,19.51113730072975,0.9538629613816738,0.001,0.0035494323819875717,5220,0.3699859619140625,0.2,-0.032924311092938294,8.7440851688385,8.32890796661377,0.00010240895999999999,0.04712425,0.3541666666666667,-142.52920489334232,283.6770833333333
1006,1958,67333,131858432,,,,,,,,,,,,,,,,
,,,131989504,26.944189071655273,17.869835519790648,0.9607357122004032,0.001,0.0035505774430930614,5225,0.3911590576171875,0.2,-0.03198069551726803,8.775476890802384,8.12463665008545,0.00010221235199999999,0.051632434,0.34375,-141.0420274329277,276.1145833333333
1007,1958,67400,131989504,,,,,,,,,,,,,,,,
,,,132120576,26.387908935546875,23.448912513256072,0.9479237869381905,0.001,0.003550340887159109,5230,0.39815216064453124,0.2,-0.027427058600005695,8.760556364059449,11.242572784423828,0.00010201574399999999,0.048447095,0.2916666666666667,-151.1496226812707,312.71875
1008,1958,67466,132120576,,,,,,,,,,,,,,,,
,,,132251648,27.659683227539062,20.618647956848143,0.9477965608239174,0.001,0.0035507488064467907,5235,0.39871063232421877,0.2,-0.032537936061271464,8.796131479740144,9.747668266296387,0.000101819136,0.055662222,0.3854166666666667,-133.68816325055806,271.9375
1009,1958,67533,132251648,,,,,,,,,,,,,,,,
,,,132382720,27.727962493896484,21.040332067012788,0.9531306102871895,0.001,0.003553891321644187,5240,0.38097381591796875,0.2,-0.02904962812899612,8.710922598838806,10.292909622192383,0.00010162252799999999,0.055226527,0.4166666666666667,-131.35241951791795,277.8229166666667
1010,1958,67600,132382720,,,,,,,,,,,,,,,,
,,,132513792,26.844228744506836,20.653306019306182,0.9559463337063789,0.001,0.003550546709448099,5245,0.3527191162109375,0.2,-0.029916626248450484,8.745625448226928,9.275516510009766,0.00010142592,0.04145079,0.3333333333333333,-145.0321117440968,309.6979166666667
1011,1958,67667,132513792,,,,,,,,,,,,,,,,
,,,132644864,27.283245086669922,20.828776705265046,0.9554893374443054,0.001,0.0035514577757567167,5250,0.3780609130859375,0.2,-0.03282923196966294,8.69193086028099,9.16009521484375,0.00010122931199999999,0.044962008,0.28125,-151.9510616638395,296.1875
1012,1958,67733,132644864,,,,,,,,,,,,,,,,
,,,132775936,27.527034759521484,19.57003653049469,0.9593583084642887,0.001,0.0035525579005479813,5255,0.3806976318359375,0.2,-0.03365788339579012,8.645403641462327,8.611467361450195,0.000101032704,0.043675862,0.34375,-138.81054344675536,284.1041666666667
1013,1958,67800,132775936,,,,,,,,,,,,,,,,
,,,132907008,27.230602264404297,22.521685552597045,0.9523357339203358,0.001,0.0035526573192328215,5260,0.356085205078125,0.2,-0.03037637354718754,8.74790363907814,9.214683532714844,0.000100836096,0.041723914,0.3333333333333333,-142.41274321937635,282.96875
1014,1958,67867,132907008,,,,,,,,,,,,,,,,
,,,133038080,27.375722885131836,21.77625780701637,0.9512635618448257,0.001,0.0035502505488693714,5265,0.36053466796875,0.2,-0.03249408056435641,8.760255718231202,9.426383972167969,0.000100639488,0.041356236,0.3541666666666667,-135.76842920048819,283.46875
1015,1958,67934,133038080,,,,,,,,,,,,,,,,
,,,133169152,26.82635498046875,21.373588168621062,0.953155305236578,0.001,0.0035472679883241653,5270,0.3716552734375,0.2,-0.03128336417430546,8.70165251493454,8.94963550567627,0.00010044288,0.05265007,0.28125,-149.10953701084165,308.3854166666667
1016,1958,68000,133169152,,,,,,,,,,,,,,,,
,,,133300224,27.4002742767334,23.969160282611846,0.950556006282568,0.001,0.0035492710303515196,5275,0.3993316650390625,0.2,-0.03296393542113947,8.737408208847047,10.481459617614746,0.000100246272,0.051915728,0.4375,-117.39279628567579,260.03125
1017,1958,68067,133300224,,,,,,,,,,,,,,,,
,,,133431296,26.81532859802246,25.105271553993227,0.9439627975225449,0.001,0.003548871260136366,5280,0.37408905029296874,0.2,-0.03154914389306214,8.658983987569808,10.337126731872559,0.00010004966400000001,0.044304833,0.3645833333333333,-137.12079149900384,292.9791666666667
1018,1958,68134,133431296,,,,,,,,,,,,,,,,
,,,133562368,27.848730087280273,23.50788120031357,0.9496965780854225,0.001,0.0035516279749572277,5285,0.39828948974609374,0.2,-0.03229077639552998,8.653691399097443,10.854192733764648,9.985305599999997e-05,0.04777102,0.3958333333333333,-130.10474982359338,278.21875
1019,1958,68201,133562368,,,,,,,,,,,,,,,,
,,,133693440,28.18250846862793,23.748333394527435,0.9525357224047184,0.001,0.003551314352080226,5290,0.38602294921875,0.2,-0.030963173869531603,8.71170449256897,11.125229835510254,9.965644799999998e-05,0.053591467,0.34375,-143.82463629642604,295.59375
1020,1958,68268,133693440,,,,,,,,,,,,,,,,
,,,133824512,27.103065490722656,21.10450733304024,0.9505056999623775,0.001,0.0035541707184165716,5295,0.387469482421875,0.2,-0.029812481405679138,8.75884747505188,9.246163368225098,9.945983999999998e-05,0.05671111,0.3958333333333333,-131.583647203801,269.25
1021,1958,68334,133824512,,,,,,,,,,,,,,,,
,,,133955584,28.27777099609375,20.946940273046494,0.9565424099564552,0.001,0.0035551495384424925,5300,0.3892547607421875,0.2,-0.03196162562380778,8.687230634689332,9.69460678100586,9.926323199999998e-05,0.05042112,0.3854166666666667,-139.81374045678484,287.9791666666667
1022,1958,68401,133955584,,,,,,,,,,,,,,,,
,,,134086656,28.193603515625,23.624929589033126,0.9492232128977776,0.001,0.0035503662656992674,5305,0.3728271484375,0.2,-0.03179249111562967,8.737762182950974,10.568671226501465,9.906662399999999e-05,0.053603895,0.3645833333333333,-137.6216459647311,273.0833333333333
1023,1958,68467,134086656,,,,,,,,,,,,,,,,
,,,134217728,28.31513786315918,18.709845632314682,0.9599703103303909,0.001,0.003548754146322608,5310,0.374627685546875,0.2,-0.035384402886847965,8.742927992343903,6.840219020843506,9.887001599999998e-05,0.049779367,0.3229166666666667,-151.00589259911774,297.1875
1024,1958,68534,134217728,,,,,,,,,,,,,,,,
,,,134348800,27.22219467163086,27.00762070417404,0.9427038133144379,0.001,0.003549982560798526,5315,0.3355377197265625,0.2,-0.03057495813118294,8.685736745595932,11.24661636352539,9.867340799999999e-05,0.047095444,0.34375,-141.66207418749366,285.2395833333333
1025,1958,68600,134348800,,,,,,,,,,,,,,,,
,,,134479872,27.598861694335938,25.68546208143234,0.9499905630946159,0.001,0.0035473788157105446,5320,0.3555816650390625,0.2,-0.03186897546402179,8.594097810983659,13.439655303955078,9.847679999999999e-05,0.042340845,0.4166666666666667,-130.56905738285573,271.25
1026,1958,68667,134479872,,,,,,,,,,,,,,,,
,,,134610944,27.0437068939209,20.647891098260878,0.9505164697766304,0.001,0.0035439729690551758,5325,0.38216400146484375,0.2,-0.03233459190814756,8.705915731191634,8.09677791595459,9.828019199999999e-05,0.05014039,0.3333333333333333,-142.48800981178928,283.9375
1027,1958,68734,134610944,,,,,,,,,,,,,,,,
,,,134742016,27.376644134521484,21.904003250598908,0.9511889256536961,0.001,0.0035441964864730835,5330,0.3515655517578125,0.2,-0.033054020431882235,8.642353844642638,7.852480411529541,9.808358399999999e-05,0.042768836,0.3645833333333333,-140.76731030447672,277.4270833333333
1028,1958,68801,134742016,,,,,,,,,,,,,,,,
,,,134873088,27.585220336914062,24.66338790655136,0.945569708943367,0.001,0.0035441983491182327,5335,0.36111907958984374,0.2,-0.029602191818412393,8.650636005401612,13.067975997924805,9.7886976e-05,0.039572276,0.3020833333333333,-151.88697316286985,292.4479166666667
1029,1958,68868,134873088,,,,,,,,,,,,,,,,
,,,135004160,27.905841827392578,23.078295874595643,0.9507365599274635,0.001,0.0035451389849185944,5340,0.38860321044921875,0.2,-0.030373740976210685,8.650752389431,12.890109062194824,9.7690368e-05,0.05298335,0.28125,-155.81229210754182,308.8020833333333
1030,1958,68934,135004160,,,,,,,,,,,,,,,,
,,,135135232,27.62335777282715,24.71872787475586,0.9479620307683945,0.001,0.003544072387740016,5345,0.34249725341796877,0.2,-0.033986651577288286,8.644297355413437,13.623117446899414,9.749376e-05,0.04016804,0.3958333333333333,-136.06785909545576,280.6875
1031,1958,69001,135135232,,,,,,,,,,,,,,,,
,,,135266304,28.947124481201172,21.07510995864868,0.9520175717771053,0.001,0.003547298489138484,5350,0.38794403076171874,0.2,-0.028653931514418217,8.659278637170791,12.113287925720215,9.7297152e-05,0.04730341,0.3854166666666667,-132.47413881313136,275.09375
1032,1958,69067,135266304,,,,,,,,,,,,,,,,
,,,135397376,27.016555786132812,21.65619410276413,0.9541803561151028,0.001,0.003550519933924079,5355,0.39818878173828126,0.2,-0.028870789069333113,8.70778266787529,11.066274642944336,9.7100544e-05,0.05748094,0.34375,-138.45710414986854,287.8020833333333
1033,1958,69134,135397376,,,,,,,,,,,,,,,,
,,,135528448,27.66119956970215,21.2633926153183,0.9554350599646568,0.001,0.0035531739704310894,5360,0.393902587890625,0.2,-0.03203615989696118,8.553264576196671,8.493056297302246,9.6903936e-05,0.051680617,0.375,-135.44588589677778,286.6979166666667
1034,1958,69201,135528448,,,,,,,,,,,,,,,,
,,,135659520,27.19597625732422,23.462553834915163,0.9495680071413517,0.001,0.003550278954207897,5365,0.3603057861328125,0.2,-0.0323983939451864,8.650587046146393,10.659255027770996,9.670732800000001e-05,0.045613118,0.34375,-139.35739846204106,277.90625
1035,1958,69268,135659520,,,,,,,,,,,,,,,,
,,,135790592,26.560089111328125,22.55035004615784,0.9541282169520855,0.001,0.003553512506186962,5370,0.374676513671875,0.2,-0.028407387500919867,8.63488798737526,8.84033489227295,9.651072e-05,0.046294965,0.40625,-132.199210938408,281.1875
1036,1958,69335,135790592,,,,,,,,,,,,,,,,
,,,135921664,26.151988983154297,19.266215884685515,0.9615713953971863,0.001,0.003550183027982712,5375,0.3777313232421875,0.2,-0.03147420260647778,8.634615117311478,7.439768314361572,9.631411199999997e-05,0.0648792,0.375,-141.8389586553447,268.7083333333333
1037,1958,69401,135921664,,,,,,,,,,,,,,,,
,,,136052736,26.871200561523438,25.562142741680145,0.9456383511424065,0.001,0.0035477452911436558,5380,0.34869384765625,0.2,-0.027847543689131272,8.514504766464233,10.802783966064453,9.611750399999998e-05,0.041932188,0.4166666666666667,-129.73122900652473,278.4583333333333
1038,1958,69468,136052736,,,,,,,,,,,,,,,,
,,,136183808,26.218807220458984,24.230823278427124,0.9482637718319893,0.001,0.003548071486875415,5385,0.37705841064453127,0.2,-0.028776089695747943,8.586778825521469,8.869501113891602,9.592089599999997e-05,0.056963947,0.3854166666666667,-132.42393297578784,287.40625
1039,1958,69535,136183808,,,,,,,,,,,,,,,,
,,,136314880,27.600797653198242,19.34374372959137,0.9575409442186356,0.001,0.0035452712327241898,5390,0.35966796875,0.2,-0.03515905393578578,8.64806770682335,8.125862121582031,9.572428799999998e-05,0.04579416,0.3229166666666667,-141.04836063579785,287.6875
1040,1958,69601,136314880,,,,,,,,,,,,,,,,
,,,136445952,27.85723876953125,22.165953624248505,0.9549000971019268,0.001,0.0035441971849650145,5395,0.34023590087890626,0.2,-0.031407756583939773,8.61430349946022,10.18527889251709,9.552767999999999e-05,0.046306968,0.4375,-128.3269724687504,262.125
1041,1958,69668,136445952,,,,,,,,,,,,,,,,
,,,136577024,26.415708541870117,22.076130282878875,0.953792616724968,0.001,0.003545004641637206,5400,0.405389404296875,0.2,-0.03037434735451825,8.681392538547517,9.541645050048828,9.533107199999998e-05,0.0532526,0.375,-135.493682901631,279.8125
1042,1958,69735,136577024,,,,,,,,,,,,,,,,
,,,136708096,27.532665252685547,23.06060471534729,0.9479939043521881,0.001,0.0035455841571092606,5405,0.3921966552734375,0.2,-0.03320714116634917,8.760639524459839,10.923094749450684,9.513446399999999e-05,0.057319395,0.3645833333333333,-141.98026250633987,280.3125
1043,1958,69802,136708096,,,,,,,,,,,,,,,,
,,,136839168,28.78313446044922,22.530127823352814,0.951380331069231,0.001,0.0035500095691531897,5410,0.3935333251953125,0.2,-0.03175226546445629,8.614737808704376,8.889715194702148,9.493785599999998e-05,0.046733946,0.4583333333333333,-128.43202778525298,256.5625
1044,1958,69868,136839168,,,,,,,,,,,,,,,,
,,,136970240,27.44576644897461,24.35682257413864,0.9498732537031174,0.001,0.003547720145434141,5415,0.394451904296875,0.2,-0.03089832415280398,8.648536705970765,10.99567699432373,9.474124799999999e-05,0.05775691,0.375,-137.6925774930115,285.6354166666667
1045,1958,69935,136970240,,,,,,,,,,,,,,,,
,,,137101312,28.26504898071289,21.88497599363327,0.9569100141525269,0.001,0.003547678468748927,5420,0.3808441162109375,0.2,-0.031208632927155124,8.676626479625702,11.930078506469727,9.454464e-05,0.061571628,0.3541666666666667,-134.7049599993467,289.7291666666667
1046,1958,70001,137101312,,,,,,,,,,,,,,,,
,,,137232384,27.95760154724121,22.687128090858458,0.9486753195524216,0.001,0.003548700362443924,5425,0.3502899169921875,0.2,-0.03178448675898835,8.637743717432022,9.736099243164062,9.434803199999999e-05,0.0430424,0.4270833333333333,-129.64567724997644,286.3541666666667
1047,1958,70068,137232384,,,,,,,,,,,,,,,,
,,,137363456,26.68189811706543,26.23034998178482,0.9436010494828224,0.001,0.0035477965138852596,5430,0.35147247314453123,0.2,-0.03054894910310395,8.632448995113373,14.340898513793945,9.4151424e-05,0.049932007,0.375,-136.87222602438985,282.8958333333333
1048,1958,70135,137363456,,,,,,,,,,,,,,,,
,,,137494528,27.380765914916992,23.608593034744263,0.9483191706240177,0.001,0.0035467948764562607,5435,0.3568756103515625,0.2,-0.034263579625985585,8.718135958909988,9.202131271362305,9.3954816e-05,0.044122547,0.3854166666666667,-137.1303482088036,280.1458333333333
1049,1958,70202,137494528,,,,,,,,,,,,,,,,
,,,137625600,27.449092864990234,21.811806350946426,0.9542017765343189,0.001,0.003550941124558449,5440,0.39708404541015624,0.2,-0.030536996916634963,8.654596430063247,9.541260719299316,9.3758208e-05,0.04731243,0.5520833333333334,-112.26060811969796,242.3125
1050,1958,70268,137625600,,,,,,,,,,,,,,,,
,,,137756672,27.229278564453125,17.973614275455475,0.9596364200115204,0.001,0.0035528806038200855,5445,0.41774139404296873,0.2,-0.030817310171551072,8.624612045288085,6.390926837921143,9.356160000000001e-05,0.050062176,0.5208333333333334,-113.42770904623978,243.27083333333334
1051,1958,70335,137756672,,,,,,,,,,,,,,,,
,,,137887744,26.49358367919922,24.1313475728035,0.9434180557727814,0.001,0.0035549476742744446,5450,0.34908294677734375,0.2,-0.032424918963806705,8.575519150495529,10.256956100463867,9.3364992e-05,0.036428638,0.3645833333333333,-139.6278852129249,283.0104166666667
1052,1958,70402,137887744,,,,,,,,,,,,,,,,
,,,138018816,28.324840545654297,21.97322776913643,0.9496594592928886,0.001,0.0035534072667360306,5455,0.36262664794921873,0.2,-0.033313220698619264,8.6117353618145,12.738463401794434,9.316838400000001e-05,0.04754882,0.34375,-144.16728248419815,287.7291666666667
1053,1958,70468,138018816,,,,,,,,,,,,,,,,
,,,138149888,27.56357192993164,21.32562803030014,0.9516385570168495,0.001,0.0035507543943822384,5460,0.36617889404296877,0.2,-0.029305972569272854,8.624983137845993,11.900022506713867,9.297177599999998e-05,0.05504957,0.3229166666666667,-143.21402051632964,297.125
1054,1958,70535,138149888,,,,,,,,,,,,,,,,
,,,138280960,27.953380584716797,23.405578571558,0.9495256207883358,0.001,0.0035512829199433327,5465,0.362591552734375,0.2,-0.03013422366057057,8.579797381162644,10.056928634643555,9.277516799999997e-05,0.047265947,0.3333333333333333,-137.02210180112692,289.6354166666667
1055,1958,70601,138280960,,,,,,,,,,,,,,,,
,,,138412032,29.479694366455078,22.765579068660735,0.951315451413393,0.001,0.003547291737049818,5470,0.3515899658203125,0.2,-0.035262551030609754,8.552884095907212,9.95900821685791,9.257855999999998e-05,0.041058347,0.40625,-134.08051634223398,275.6979166666667
1056,1958,70668,138412032,,,,,,,,,,,,,,,,
,,,138543104,27.430471420288086,25.506418573856354,0.9460192210972309,0.001,0.003548332955688238,5475,0.35927581787109375,0.2,-0.033285267677274535,8.59930807352066,13.459734916687012,9.238195199999999e-05,0.044972822,0.375,-137.39423804676346,267.96875
1057,1958,70734,138543104,,,,,,,,,,,,,,,,
,,,138674176,29.1578369140625,20.84314856529236,0.9542387314140797,0.001,0.0035497506614774466,5480,0.365435791015625,0.2,-0.02842988675402012,8.628625476360321,10.01757526397705,9.218534399999998e-05,0.041500457,0.3229166666666667,-146.34267976585727,289.9895833333333
1058,1958,70801,138674176,,,,,,,,,,,,,,,,
,,,138805248,28.098918914794922,21.98933756351471,0.9485586099326611,0.001,0.0035486742854118347,5485,0.3590576171875,0.2,-0.032784314162563534,8.567200207710266,9.020565032958984,9.198873599999999e-05,0.043196704,0.3958333333333333,-133.15944691279734,270.9895833333333
1059,1958,70867,138805248,,,,,,,,,,,,,,,,
,,,138936320,28.318939208984375,22.785886073112486,0.9499556683003902,0.001,0.003545040264725685,5490,0.3854705810546875,0.2,-0.02905233211349696,8.63396139740944,11.880522727966309,9.179212799999998e-05,0.053587407,0.3854166666666667,-139.3313015958008,282.5520833333333
1060,1958,70934,138936320,,,,,,,,,,,,,,,,
,,,139067392,28.339038848876953,21.176004487276078,0.9496804177761078,0.001,0.0035472549498081207,5495,0.34706573486328124,0.2,-0.028655385633464904,8.592091816663743,7.56960391998291,9.159551999999999e-05,0.04025478,0.3333333333333333,-140.0733938056657,293.3854166666667
1061,1958,71001,139067392,,,,,,,,,,,,,,,,
,,,139198464,27.47658920288086,27.511195373535156,0.9406489729881287,0.001,0.003545692889019847,5500,0.34783172607421875,0.2,-0.02643271093184012,8.586452543735504,9.62816047668457,9.1398912e-05,0.039888233,0.40625,-132.81961812430404,280.21875
1062,1958,71067,139198464,,,,,,,,,,,,,,,,
,,,139329536,28.228099822998047,21.316587096452714,0.9540810137987137,0.001,0.0035436830949038267,5505,0.37338714599609374,0.2,-0.028894443782337475,8.716975784301757,8.925410270690918,9.120230399999999e-05,0.06582056,0.375,-132.3765727300736,276.09375
1063,1958,71134,139329536,,,,,,,,,,,,,,,,
,,,139460608,27.07672119140625,20.422177332639695,0.9516577869653702,0.001,0.0035423100925982,5510,0.37997894287109374,0.2,-0.033800386228540445,8.59318259358406,8.003252029418945,9.1005696e-05,0.04618202,0.3541666666666667,-133.85101771810278,287.4895833333333
1064,1958,71201,139460608,,,,,,,,,,,,,,,,
,,,139591680,27.044797897338867,24.253161251544952,0.9466474615037441,0.001,0.0035403824876993895,5515,0.37333831787109373,0.2,-0.032648334055556914,8.541970783472062,11.334235191345215,9.080908799999999e-05,0.04274745,0.375,-134.05252428800677,281.1041666666667
1065,1958,71268,139591680,,,,,,,,,,,,,,,,
,,,139722752,28.939010620117188,20.89685418009758,0.9568037688732147,0.001,0.0035431236028671265,5520,0.36249542236328125,0.2,-0.03291504742082907,8.594493156671524,9.983565330505371,9.061248e-05,0.051842257,0.3854166666666667,-131.7862642957532,279.2604166666667
1066,1958,71334,139722752,,,,,,,,,,,,,,,,
,,,139853824,28.032241821289062,24.16223348379135,0.9493143558502197,0.001,0.0035456723999232054,5525,0.3739105224609375,0.2,-0.02999335136846639,8.51374723315239,11.674341201782227,9.0415872e-05,0.04279036,0.3958333333333333,-135.3359869876566,264.8333333333333
1067,1958,71401,139853824,,,,,,,,,,,,,,,,
,,,139984896,27.968063354492188,23.282770967483522,0.9489479437470436,0.001,0.003542028833180666,5530,0.37150421142578127,0.2,-0.03348170767130796,8.721127420663834,10.044310569763184,9.0219264e-05,0.04701079,0.4270833333333333,-124.45179447873686,259.78125
1068,1958,71467,139984896,,,,,,,,,,,,,,,,
,,,140115968,27.76958465576172,22.933756577968598,0.9481901861727238,0.001,0.0035417363978922367,5535,0.36564788818359373,0.2,-0.032262140173406804,8.62956445813179,10.782994270324707,9.002265600000001e-05,0.043627616,0.40625,-135.15723095403456,284.8333333333333
1069,1958,71534,140115968,,,,,,,,,,,,,,,,
,,,140247040,27.32075309753418,26.08993740081787,0.9379862509667873,0.001,0.0035390867851674557,5540,0.3242034912109375,0.2,-0.031764740121434445,8.640862667560578,11.549834251403809,8.9826048e-05,0.035936143,0.4583333333333333,-125.8380333384229,275.5520833333333
1070,1958,71600,140247040,,,,,,,,,,,,,,,,
,,,140378112,29.192319869995117,22.712921726703645,0.9496082030236721,0.001,0.0035404665395617485,5545,0.40922698974609373,0.2,-0.02946626384218689,8.63875104188919,12.4390287399292,8.962944000000001e-05,0.050868593,0.4791666666666667,-125.13520950733033,255.44791666666666
1071,1958,71667,140378112,,,,,,,,,,,,,,,,
,,,140509184,27.3660945892334,22.548001074790953,0.949064414948225,0.001,0.0035414788872003555,5550,0.34087677001953126,0.2,-0.03219188801303972,8.62574924826622,8.994468688964844,8.943283199999998e-05,0.04055757,0.4583333333333333,-127.7095406623509,272.2708333333333
1072,1958,71733,140509184,,,,,,,,,,,,,,,,
,,,140640256,27.532455444335938,21.27605414390564,0.9518604837357998,0.001,0.0035418705083429813,5555,0.38834686279296876,0.2,-0.03295291241374798,8.620898056030274,9.491909980773926,8.923622399999998e-05,0.04191737,0.3854166666666667,-138.74933342551125,279.0729166666667
1073,1958,71800,140640256,,,,,,,,,,,,,,,,
,,,140771328,27.440771102905273,20.824581742286682,0.9554720669984818,0.001,0.003542732447385788,5560,0.3710845947265625,0.2,-0.03127945551968878,8.53965466618538,8.407316207885742,8.903961599999998e-05,0.03953988,0.4791666666666667,-128.03572462841768,254.07291666666666
1074,1958,71867,140771328,,,,,,,,,,,,,,,,
,,,140902400,26.681758880615234,22.104451858997344,0.9544070959091187,0.001,0.0035443126689642668,5565,0.3519378662109375,0.2,-0.030715070203586946,8.53360213637352,9.79164981842041,8.884300799999998e-05,0.049790226,0.4166666666666667,-129.57166293229173,263.1041666666667
1075,1958,71934,140902400,,,,,,,,,,,,,,,,
,,,141033472,27.591060638427734,22.783927083015442,0.9505046792328358,0.001,0.003543680300936103,5570,0.36762542724609376,0.2,-0.030819130332383794,8.545421987771988,8.923572540283203,8.864639999999998e-05,0.041531548,0.4583333333333333,-123.06210119147026,255.36458333333334
1076,1958,72001,141033472,,,,,,,,,,,,,,,,
,,,141164544,27.443702697753906,21.987625747919083,0.9520830102264881,0.001,0.003543832106515765,5575,0.356427001953125,0.2,-0.03176322302024346,8.612112706899643,11.16164493560791,8.844979199999999e-05,0.044611465,0.4791666666666667,-120.19914374897475,256.84375
1077,1958,72068,141164544,,,,,,,,,,,,,,,,
,,,141295616,27.664642333984375,26.68554780483246,0.9433505907654762,0.001,0.0035443564411252737,5580,0.35438232421875,0.2,-0.029354145789693576,8.546211838722229,11.548023223876953,8.8253184e-05,0.048347987,0.3645833333333333,-135.611036262503,270.71875
1078,1958,72134,141295616,,,,,,,,,,,,,,,,
,,,141426688,28.30739974975586,18.5631023645401,0.9585574939846992,0.001,0.0035438851919025183,5585,0.3961822509765625,0.2,-0.0304190461851249,8.544215893745422,9.017156600952148,8.805657599999999e-05,0.052657418,0.375,-132.11767209376262,291.5208333333333
1079,1958,72200,141426688,,,,,,,,,,,,,,,,
,,,141557760,27.04737663269043,22.27609043121338,0.9488568753004074,0.001,0.0035441583022475243,5590,0.35898284912109374,0.2,-0.02664718278538203,8.538329911231994,10.207096099853516,8.7859968e-05,0.036464885,0.4166666666666667,-130.44234355981467,277.5208333333333
1080,1958,72267,141557760,,,,,,,,,,,,,,,,
,,,141688832,27.560134887695312,23.90560381412506,0.9432885758578777,0.001,0.003545177634805441,5595,0.335040283203125,0.2,-0.03135738840646809,8.615376508235931,10.566664695739746,8.766335999999999e-05,0.03976484,0.3333333333333333,-141.09186475543433,287.1041666666667
1081,1958,72333,141688832,,,,,,,,,,,,,,,,
,,,141819904,27.515869140625,24.148303985595703,0.9484072476625443,0.001,0.0035463720560073853,5600,0.3537445068359375,0.2,-0.03215145842113998,8.563323605060578,9.91451644897461,8.7466752e-05,0.04135702,0.3541666666666667,-132.68061279720857,283.1770833333333
1082,1958,72400,141819904,,,,,,,,,,,,,,,,
,,,141950976,27.146276473999023,21.075668334960938,0.9498208351433277,0.001,0.003544872161000967,5605,0.3277923583984375,0.2,-0.03134518796869088,8.543702387809754,11.055191040039062,8.7270144e-05,0.031935632,0.4375,-128.8773246745701,258.7708333333333
1083,1958,72467,141950976,,,,,,,,,,,,,,,,
,,,142082048,26.722484588623047,21.608902448415755,0.952752411365509,0.001,0.00354314548894763,5610,0.38041534423828127,0.2,-0.03109389703022316,8.549976629018783,10.51996898651123,8.7073536e-05,0.0555283,0.40625,-128.98405070918162,273.8958333333333
1084,1958,72533,142082048,,,,,,,,,,,,,,,,
,,,142213120,28.01801109313965,22.02338359951973,0.9532612189650536,0.001,0.0035431019496172667,5615,0.3640625,0.2,-0.033439841330982746,8.498721486330032,10.993268013000488,8.6876928e-05,0.043535843,0.3645833333333333,-142.44985945747624,292.5729166666667
1085,1958,72600,142213120,,,,,,,,,,,,,,,,
,,,142344192,27.51097869873047,20.355310022830963,0.9536563269793987,0.001,0.0035460263025015593,5620,0.3210601806640625,0.2,-0.02829215622332413,8.526688343286514,8.387304306030273,8.668032e-05,0.04151806,0.4166666666666667,-129.72230412506244,281.25
1086,1958,72666,142344192,,,,,,,,,,,,,,,,
,,,142475264,27.572683334350586,23.318528604507446,0.947694905102253,0.001,0.003544927341863513,5625,0.34308624267578125,0.2,-0.03182768781844061,8.556154996156693,11.699455261230469,8.6483712e-05,0.03616055,0.3958333333333333,-130.30158159192322,267.4583333333333
1087,1958,72733,142475264,,,,,,,,,,,,,,,,
,,,142606336,27.91339683532715,19.59126563668251,0.9539583921432495,0.001,0.003544592298567295,5630,0.37052154541015625,0.2,-0.03059645604371326,8.544492268562317,7.269331455230713,8.6287104e-05,0.04452992,0.4583333333333333,-124.5314915701711,266.96875
1088,1958,72800,142606336,,,,,,,,,,,,,,,,
,,,142737408,27.92487335205078,21.526935148239136,0.9487564973533154,0.001,0.0035441028885543346,5635,0.387554931640625,0.2,-0.0300520113465609,8.543307036161423,8.636250495910645,8.609049600000001e-05,0.06324214,0.3229166666666667,-139.74126917933333,288.1666666666667
1089,1958,72867,142737408,,,,,,,,,,,,,,,,
,,,142868480,27.12795066833496,23.03544901609421,0.9455202743411064,0.001,0.0035463932435959578,5640,0.3486541748046875,0.2,-0.033050764485960824,8.537172734737396,11.206510543823242,8.589388799999997e-05,0.038428508,0.3020833333333333,-149.07995562560131,300.6458333333333
1090,1958,72934,142868480,,,,,,,,,,,,,,,,
,,,142999552,27.99372673034668,22.266775488853455,0.9487383626401424,0.001,0.0035454414319247007,5645,0.367535400390625,0.2,-0.030287760171631817,8.670451587438583,12.366436958312988,8.569727999999998e-05,0.049398877,0.3958333333333333,-132.8244076692881,277.2708333333333
1091,1958,73000,142999552,,,,,,,,,,,,,,,,
,,,143130624,28.318586349487305,23.199737274646758,0.948070302605629,0.001,0.0035438891500234604,5650,0.3613555908203125,0.2,-0.031064470850105864,8.48338770866394,12.198802947998047,8.550067199999998e-05,0.048826076,0.3958333333333333,-136.23128351863036,280.2291666666667
1092,1958,73067,143130624,,,,,,,,,,,,,,,,
,,,143261696,28.426633834838867,26.030277955532075,0.9368467330932617,0.001,0.0035458472557365894,5655,0.37218475341796875,0.2,-0.02971550589572871,8.711446124315263,10.066452026367188,8.530406399999998e-05,0.062442474,0.4166666666666667,-128.8885302417919,274.0729166666667
1093,1958,73134,143261696,,,,,,,,,,,,,,,,
,,,143392768,27.584487915039062,20.851515781879424,0.9540957026183605,0.001,0.0035466644912958145,5660,0.35107879638671874,0.2,-0.029163105734915006,8.529302662611007,9.10910701751709,8.510745599999999e-05,0.043032136,0.375,-133.15837901674695,280.8333333333333
1094,1958,73200,143392768,,,,,,,,,,,,,,,,
,,,143523840,27.846160888671875,22.67691935300827,0.9502336531877518,0.001,0.0035480251535773277,5665,0.3625396728515625,0.2,-0.03232951918325853,8.575433540344239,10.12067985534668,8.491084799999998e-05,0.04107652,0.3541666666666667,-134.8945993923239,284.4895833333333
1095,1958,73267,143523840,,,,,,,,,,,,,,,,
,,,143654912,27.62885093688965,21.083869284391405,0.9538124948740005,0.001,0.003547766013070941,5670,0.38572540283203127,0.2,-0.03137906558695249,8.55429711341858,9.01872730255127,8.471423999999999e-05,0.05148329,0.3958333333333333,-130.92612861852731,276.8229166666667
1096,1958,73334,143654912,,,,,,,,,,,,,,,,
,,,143785984,29.371429443359375,20.692008602619172,0.951493863016367,0.001,0.0035471906885504723,5675,0.365313720703125,0.2,-0.03247532912864699,8.520093947649002,8.996809005737305,8.451763199999999e-05,0.039247166,0.5208333333333334,-113.85192836674668,245.96875
1097,1958,73400,143785984,,,,,,,,,,,,,,,,
,,,143917056,28.151954650878906,24.064029562473298,0.9460538141429424,0.001,0.003549354849383235,5680,0.3920745849609375,0.2,-0.03302108822972514,8.59840260744095,11.173471450805664,8.4321024e-05,0.050228693,0.4270833333333333,-128.2405155950859,269.3229166666667
1098,1958,73467,143917056,,,,,,,,,,,,,,,,
,,,144048128,28.563323974609375,18.732017868757247,0.9571891538798809,0.001,0.0035537160001695156,5685,0.37373199462890627,0.2,-0.03149298853095388,8.482666534185409,9.261259078979492,8.4124416e-05,0.04334415,0.4791666666666667,-119.38915672275083,253.07291666666666
1099,1958,73533,144048128,,,,,,,,,,,,,,,,
,,,144179200,28.14100456237793,23.496913576126097,0.9495540410280228,0.001,0.0035542226396501064,5690,0.35731964111328124,0.2,-0.03171709554735571,8.5607282102108,10.003602027893066,8.3927808e-05,0.04277882,0.3333333333333333,-136.92439184246072,298.375
1100,1958,73601,144179200,,,,,,,,,,,,,,,,
,,,144310272,27.900402069091797,24.62211891412735,0.9431726187467575,0.001,0.0035561062395572662,5695,0.37069854736328123,0.2,-0.03215402353234822,8.599740386009216,12.758841514587402,8.37312e-05,0.043119065,0.3958333333333333,-136.6217119647635,277.7916666666667
1101,1958,73667,144310272,,,,,,,,,,,,,,,,
,,,144441344,27.388126373291016,21.26092097759247,0.9538151510059834,0.001,0.0035533099435269833,5700,0.33940277099609373,0.2,-0.03069846852158662,8.567661106586456,8.57681655883789,8.3534592e-05,0.060862437,0.3541666666666667,-135.11977179580026,290.3333333333333
1102,1958,73734,144441344,,,,,,,,,,,,,,,,
,,,144572416,27.94080924987793,21.91059809923172,0.949303649365902,0.001,0.0035532524343580008,5705,0.35298614501953124,0.2,-0.031366436935786626,8.520526200532913,10.10649585723877,8.3337984e-05,0.03739467,0.375,-133.62857314035588,284.8958333333333
1103,1958,73800,144572416,,,,,,,,,,,,,,,,
,,,144703488,29.90642547607422,23.26910591721535,0.9483369886875153,0.001,0.0035571041516959667,5710,0.356475830078125,0.2,-0.028434650695999153,8.558351570367813,11.513249397277832,8.3141376e-05,0.044107616,0.40625,-130.11320507148218,275.78125
1104,1958,73867,144703488,,,,,,,,,,,,,,,,
,,,144834560,28.682844161987305,16.64762314558029,0.962581243366003,0.001,0.0035563595592975616,5715,0.3885040283203125,0.2,-0.02995399404608179,8.519760221242905,6.330598831176758,8.2944768e-05,0.052429404,0.4479166666666667,-120.98039482680737,271.8020833333333
1105,1958,73934,144834560,,,,,,,,,,,,,,,,
,,,144965632,29.097883224487305,24.0656720995903,0.9464456886053085,0.001,0.0035572245251387358,5720,0.3408203125,0.2,-0.029399832019407768,8.530278897285461,11.10508918762207,8.274816000000001e-05,0.033966046,0.3645833333333333,-136.13535264091755,292.28125
1106,1958,74001,144965632,,,,,,,,,,,,,,,,
,,,145096704,29.284658432006836,19.91918616890907,0.9540338926017284,0.001,0.0035580419935286045,5725,0.34820098876953126,0.2,-0.029435492808988783,8.530799174308777,9.347061157226562,8.255155199999998e-05,0.04731617,0.3854166666666667,-137.84394390144374,286.8645833333333
1107,1958,74067,145096704,,,,,,,,,,,,,,,,
,,,145227776,28.802989959716797,16.661275750398637,0.9591587521135807,0.001,0.0035572536289691925,5730,0.38516693115234374,0.2,-0.03343576241895789,8.541260457038879,6.83646821975708,8.235494399999997e-05,0.04456474,0.46875,-118.01746908777962,275.4895833333333
1108,1958,74134,145227776,,,,,,,,,,,,,,,,
,,,145358848,28.689697265625,21.15608195066452,0.9505970329046249,0.001,0.003558073891326785,5735,0.3469573974609375,0.2,-0.03267046873806976,8.55642511844635,9.697257041931152,8.215833599999998e-05,0.03746261,0.4166666666666667,-130.8548087876937,275.6041666666667
1109,1958,74200,145358848,,,,,,,,,,,,,,,,
,,,145489920,29.48729705810547,21.60013291835785,0.9507254548370838,0.001,0.0035611006896942854,5740,0.35877685546875,0.2,-0.030158895772183315,8.491646724939347,10.99807357788086,8.196172799999999e-05,0.05033858,0.3541666666666667,-140.61014579557096,301.6458333333333
1110,1958,74267,145489920,,,,,,,,,,,,,,,,
,,,145620992,28.438556671142578,21.820493704080583,0.951403059065342,0.001,0.0035621521528810263,5745,0.35549468994140626,0.2,-0.03262827548896894,8.579967439174652,12.836084365844727,8.176511999999998e-05,0.041798085,0.4270833333333333,-126.7418826817764,267.3020833333333
1111,1959,74334,145620992,,,,,,,,,,,,,,,,
,,,145752064,28.376195907592773,21.534289157390596,0.9527125582098961,0.001,0.0035627130419015884,5750,0.36484527587890625,0.2,-0.03375659536541207,8.539584833383561,8.465003967285156,8.156851199999999e-05,0.04099483,0.3854166666666667,-131.58140789481513,279.8645833333333
1112,1959,74400,145752064,,,,,,,,,,,,,,,,
,,,145883136,29.254592895507812,20.755818325281144,0.9541538432240486,0.001,0.003563303267583251,5755,0.3871826171875,0.2,-0.029238227223686408,8.522023266553878,9.097010612487793,8.137190399999998e-05,0.049114693,0.4895833333333333,-119.7769912212364,255.94791666666666
1113,1959,74466,145883136,,,,,,,,,,,,,,,,
,,,146014208,28.45949935913086,23.690376949310302,0.9467364735901356,0.001,0.0035658038686960936,5760,0.31350860595703123,0.2,-0.02775176572613418,8.39873817563057,8.895150184631348,8.117529599999999e-05,0.038258728,0.28125,-146.8245056705262,308.8645833333333
1114,1959,74533,146014208,,,,,,,,,,,,,,,,
,,,146145280,29.501317977905273,20.87324390411377,0.9514619261026382,0.001,0.0035699724685400724,5765,0.36379241943359375,0.2,-0.03168082308111479,8.57434040904045,7.145394802093506,8.0978688e-05,0.041582804,0.40625,-125.7518492682727,280.8333333333333
1115,1959,74601,146145280,,,,,,,,,,,,,,,,
,,,146276352,28.328914642333984,20.38574361205101,0.9516912139952183,0.001,0.0035714376717805862,5770,0.36919403076171875,0.2,-0.031521635381795934,8.579189217090606,10.315704345703125,8.078207999999999e-05,0.042255826,0.4270833333333333,-124.46974709318168,278.2291666666667
1116,1959,74666,146276352,,,,,,,,,,,,,,,,
,,,146407424,27.968791961669922,18.754520297050476,0.957127071917057,0.001,0.003570109372958541,5775,0.37348480224609376,0.2,-0.03199215432687197,8.493706315755844,8.466667175292969,8.0585472e-05,0.041770995,0.4375,-125.40089349325721,258.65625
1117,1959,74734,146407424,,,,,,,,,,,,,,,,
,,,146538496,28.6455078125,21.34620720744133,0.9549967423081398,0.001,0.003572962014004588,5780,0.3468353271484375,0.2,-0.031515129187027924,8.47767134308815,9.01746940612793,8.0388864e-05,0.038771287,0.4583333333333333,-119.6575327612943,262.0416666666667
1118,1959,74800,146538496,,,,,,,,,,,,,,,,
,,,146669568,28.430557250976562,18.656606602668763,0.9597953036427498,0.001,0.0035755219869315624,5785,0.3591278076171875,0.2,-0.031027151748276083,8.442330658435822,8.369491577148438,8.0192256e-05,0.03949828,0.40625,-129.47624498533818,276.7395833333333
1119,1959,74867,146669568,,,,,,,,,,,,,,,,
,,,146800640,27.409957885742188,25.612764608860015,0.9455682076513767,0.001,0.0035755548160523176,5790,0.333038330078125,0.2,-0.028513696453592273,8.470508897304535,9.413704872131348,7.9995648e-05,0.03478462,0.5,-119.76395525784623,247.66666666666666
1120,1959,74930,146800640,,,,,,,,,,,,,,,,
,,,146931712,28.055126190185547,21.757458424568178,0.9508523941040039,0.001,0.0035754572600126266,5795,0.35547943115234376,0.2,-0.03102047397987917,8.53297752737999,10.204952239990234,7.979904e-05,0.041497264,0.3645833333333333,-135.4656280946496,287.0416666666667
1121,1959,74997,146931712,,,,,,,,,,,,,,,,
,,,147062784,28.592695236206055,23.42869128584862,0.946349460631609,0.001,0.0035769750829786062,5800,0.3463409423828125,0.2,-0.02941469977668021,8.49913249015808,8.928800582885742,7.960243200000001e-05,0.040467028,0.3645833333333333,-133.71865229001102,282.6041666666667
1122,1959,75064,147062784,,,,,,,,,,,,,,,,
,,,147193856,28.116867065429688,23.401340746879576,0.949518796056509,0.001,0.003577370196580887,5805,0.36381072998046876,0.2,-0.028985477369860745,8.496564108133317,10.068626403808594,7.9405824e-05,0.048377346,0.3541666666666667,-135.43319527929575,289.28125
1123,1959,75131,147193856,,,,,,,,,,,,,,,,
,,,147324928,28.95503807067871,25.966389930248262,0.9447035752236843,0.001,0.003576903138309717,5810,0.311492919921875,0.2,-0.03143059958529193,8.473311495780944,12.084648132324219,7.920921600000001e-05,0.03468573,0.40625,-129.4885620357725,269.5416666666667
1124,1959,75197,147324928,,,,,,,,,,,,,,,,
,,,147456000,28.444698333740234,20.593532657623292,0.9520565047860146,0.001,0.003578584175556898,5815,0.3482025146484375,0.2,-0.035296652490796984,8.50139229297638,8.480525970458984,7.901260799999998e-05,0.039780125,0.4270833333333333,-132.63703872406336,268.8020833333333
1125,1959,75263,147456000,,,,,,,,,,,,,,,,
,,,147587072,27.616249084472656,18.681822299957275,0.9520513229072094,0.001,0.003582555567845702,5820,0.3381317138671875,0.2,-0.02936715551186353,8.50674902200699,9.475090980529785,7.881599999999999e-05,0.044144444,0.40625,-131.4124703033736,283.21875
1126,1959,75329,147587072,,,,,,,,,,,,,,,,
,,,147718144,27.633983612060547,21.60122208595276,0.9510085955262184,0.001,0.003580207470804453,5825,0.34671783447265625,0.2,-0.029016790380410384,8.48002314567566,10.00191879272461,7.861939199999998e-05,0.04198904,0.375,-131.55414537740342,269.6458333333333
1127,1959,75396,147718144,,,,,,,,,,,,,,,,
,,,147849216,28.49178123474121,20.46680881977081,0.9510712996125221,0.001,0.0035775850992649794,5830,0.35958251953125,0.2,-0.03189648989791749,8.405452460050583,8.346024513244629,7.842278399999999e-05,0.04154762,0.3020833333333333,-143.35410554378134,299.1770833333333
1128,1959,75463,147849216,,,,,,,,,,,,,,,,
,,,147980288,29.55398178100586,23.068322229385377,0.9478479139506817,0.001,0.0035813439171761274,5835,0.3522186279296875,0.2,-0.03221497729391558,8.369407790899277,11.291410446166992,7.822617599999998e-05,0.04266291,0.4270833333333333,-125.58490379122425,267.5416666666667
1129,1959,75530,147980288,,,,,,,,,,,,,,,,
,,,148111360,27.759191513061523,19.13131184577942,0.9525177106261253,0.001,0.003581073833629489,5840,0.35128021240234375,0.2,-0.028732149174902587,8.47625982761383,8.629162788391113,7.802956799999999e-05,0.0406302,0.375,-131.38146935694314,283.1666666666667
1130,1959,75597,148111360,,,,,,,,,,,,,,,,
,,,148242432,27.305919647216797,19.873593294620512,0.9559147842228413,0.001,0.003581556025892496,5845,0.3603973388671875,0.2,-0.03056063322146656,8.43847897052765,8.08890151977539,7.783295999999998e-05,0.05126869,0.3958333333333333,-131.95972043166825,279.4375
1131,1959,75663,148242432,,,,,,,,,,,,,,,,
,,,148373504,27.404891967773438,22.641330707073212,0.9489758983254433,0.001,0.0035809590481221676,5850,0.35451812744140626,0.2,-0.030637602982460523,8.452034831047058,8.563359260559082,7.763635199999999e-05,0.040378943,0.5,-120.43320348562433,267.1666666666667
1132,1959,75730,148373504,,,,,,,,,,,,,,,,
,,,148504576,27.70123291015625,19.868460214138032,0.9513405039906502,0.001,0.0035818195901811123,5855,0.364105224609375,0.2,-0.03055221398244612,8.356912243366242,7.374517440795898,7.7439744e-05,0.046755668,0.4166666666666667,-125.56174186760387,279.0
1133,1959,75797,148504576,,,,,,,,,,,,,,,,
,,,148635648,28.509349822998047,18.34829877614975,0.9579025581479073,0.001,0.0035819008480757475,5860,0.37419891357421875,0.2,-0.02779874425032176,8.418468058109283,7.9066925048828125,7.724313599999999e-05,0.037900753,0.3333333333333333,-136.06285603618798,298.7604166666667
1134,1959,75863,148635648,,,,,,,,,,,,,,,,
,,,148766720,27.261001586914062,23.422094810009003,0.9459694027900696,0.001,0.0035824140068143606,5865,0.33376922607421877,0.2,-0.03163159459072631,8.432270008325577,10.269700050354004,7.7046528e-05,0.03770656,0.4375,-125.49516098569141,263.5
1135,1959,75930,148766720,,,,,,,,,,,,,,,,
,,,148897792,28.165668487548828,21.450386816263197,0.9474730864167213,0.001,0.0035821571946144104,5870,0.3660736083984375,0.2,-0.03135877526074182,8.449157214164734,12.694962501525879,7.684991999999999e-05,0.0400053,0.5104166666666666,-113.95897523836544,254.41666666666666
1136,1959,75996,148897792,,,,,,,,,,,,,,,,
,,,149028864,27.72785758972168,22.03745288848877,0.9509530924260616,0.001,0.0035818968899548054,5875,0.34386138916015624,0.2,-0.030528466281248258,8.326237589120865,9.74119758605957,7.6653312e-05,0.037756115,0.4583333333333333,-128.67938849255015,270.59375
1137,1959,76063,149028864,,,,,,,,,,,,,,,,
,,,149159936,28.011083602905273,22.26309324502945,0.9529610499739647,0.001,0.003582084085792303,5880,0.3376190185546875,0.2,-0.03082530640240293,8.376467567682266,10.448463439941406,7.645670400000001e-05,0.036574088,0.5,-119.1969591471471,263.0729166666667
1138,1959,76129,149159936,,,,,,,,,,,,,,,,
,,,149291008,26.365909576416016,25.659051871299745,0.9427642039954662,0.001,0.003578441683202982,5885,0.35815582275390623,0.2,-0.029880564509949182,8.482398897409439,10.59748649597168,7.6260096e-05,0.054476812,0.3854166666666667,-138.2141735051921,282.3125
1139,1959,76196,149291008,,,,,,,,,,,,,,,,
,,,149422080,27.66591453552246,20.75044338107109,0.9541075080633163,0.001,0.003579169511795044,5890,0.35411224365234373,0.2,-0.031411207317432854,8.395530927181245,7.580521106719971,7.606348800000001e-05,0.039671414,0.40625,-129.64153996756727,275.2916666666667
1140,1959,76262,149422080,,,,,,,,,,,,,,,,
,,,149553152,27.796955108642578,19.804339027404787,0.9536850452423096,0.001,0.0035760081373155117,5895,0.33176727294921876,0.2,-0.029111660855414813,8.416307336091995,7.700388431549072,7.586688e-05,0.04109589,0.3854166666666667,-132.89670295559708,278.21875
1141,1959,76330,149553152,,,,,,,,,,,,,,,,
,,,149684224,27.9273681640625,24.426119935512542,0.943110216408968,0.001,0.00357435317710042,5900,0.31793212890625,0.2,-0.0313417149198358,8.438222348690033,14.758039474487305,7.567027200000001e-05,0.032807328,0.4166666666666667,-127.0686122891626,273.0104166666667
1142,1959,76396,149684224,,,,,,,,,,,,,,,,
,,,149815296,28.311992645263672,23.24553015232086,0.9466465562582016,0.001,0.0035755157005041838,5905,0.3348388671875,0.2,-0.030734664949704893,8.371159011125565,11.253301620483398,7.547366399999998e-05,0.036992945,0.4583333333333333,-126.72922911276935,260.1041666666667
1143,1959,76463,149815296,,,,,,,,,,,,,,,,
,,,149946368,29.48774528503418,27.883461451530458,0.9354537948966026,0.001,0.0035716183483600616,5910,0.335943603515625,0.2,-0.03151383727017674,8.282515567541122,14.749852180480957,7.527705599999998e-05,0.04127045,0.3854166666666667,-130.76587172026322,278.2604166666667
1144,1959,76529,149946368,,,,,,,,,,,,,,,,
,,,150077440,27.787979125976562,26.69065923690796,0.9408520311117172,0.001,0.0035690597724169493,5915,0.3493743896484375,0.2,-0.031204831638024188,8.492909890413284,9.939292907714844,7.508044799999998e-05,0.04043048,0.375,-137.49800869815738,279.5520833333333
1145,1959,76595,150077440,,,,,,,,,,,,,,,,
,,,150208512,29.60214614868164,23.08182057738304,0.9491916038095951,0.001,0.0035654110834002495,5920,0.34272918701171873,0.2,-0.0321531825728016,8.384616750478745,13.221890449523926,7.488383999999999e-05,0.03666061,0.40625,-127.84877059685248,284.9375
1146,1959,76661,150208512,,,,,,,,,,,,,,,,
,,,150339584,29.730056762695312,24.228025084733964,0.9467309601604939,0.001,0.00356715964153409,5925,0.340692138671875,0.2,-0.0306258930140757,8.423690909147263,10.479913711547852,7.468723199999998e-05,0.03625004,0.3541666666666667,-132.80881954647623,290.75
1147,1959,76728,150339584,,,,,,,,,,,,,,,,
,,,150470656,27.516998291015625,24.13062388896942,0.9493048824369907,0.001,0.00356728071346879,5930,0.342828369140625,0.2,-0.030866770568536595,8.390771943330765,10.107782363891602,7.449062399999999e-05,0.04376005,0.4479166666666667,-124.95715257303812,275.65625
1148,1959,76795,150470656,,,,,,,,,,,,,,,,
,,,150601728,31.05526351928711,24.310568428039552,0.9513669721782207,0.001,0.0035671666264533997,5935,0.32929534912109376,0.2,-0.03207539899594849,8.301916658878326,10.931520462036133,7.4294016e-05,0.036789507,0.4375,-131.20279219919323,271.1979166666667
1149,1959,76862,150601728,,,,,,,,,,,,,,,,
,,,150732800,28.046432495117188,24.735483837127685,0.9459476582705975,0.001,0.0035701252054423094,5940,0.3533050537109375,0.2,-0.03188938004605006,8.391293632984162,10.546951293945312,7.409740799999999e-05,0.046792395,0.40625,-133.90335069113405,268.3854166666667
1150,1959,76928,150732800,,,,,,,,,,,,,,,,
,,,150863872,26.476455688476562,26.624598813056945,0.9422388300299644,0.001,0.003568460000678897,5945,0.32235260009765626,0.2,-0.02715341665170854,8.498183673620224,10.844985008239746,7.39008e-05,0.043356046,0.3125,-139.9517255729601,295.3020833333333
1151,1959,76996,150863872,,,,,,,,,,,,,,,,
,,,150994944,29.016677856445312,21.016758674383162,0.9560307264328003,0.001,0.0035709363874047995,5950,0.3462493896484375,0.2,-0.03149246678949567,8.3602936565876,8.719125747680664,7.370419199999999e-05,0.04443136,0.46875,-121.94997948119935,267.625
1152,1959,77062,150994944,,,,,,,,,,,,,,,,
,,,151126016,28.64571189880371,25.57969127893448,0.9438381716609001,0.001,0.003569077467545867,5955,0.33226776123046875,0.2,-0.03220460177690256,8.283575534820557,14.34339427947998,7.3507584e-05,0.03704442,0.4375,-128.70331186431835,254.61458333333334
1153,1959,77128,151126016,,,,,,,,,,,,,,,,
,,,151257088,27.267669677734375,20.779458159208296,0.9525580666959286,0.001,0.003569656517356634,5960,0.38180084228515626,0.2,-0.031504620498162696,8.376711219549179,8.886290550231934,7.3310976e-05,0.04627417,0.5208333333333334,-112.48907946122267,249.09375
1154,1959,77195,151257088,,,,,,,,,,,,,,,,
,,,151388160,27.417800903320312,23.233246660232545,0.9493218250572681,0.001,0.0035659426357597113,5965,0.3494842529296875,0.2,-0.028975584673753475,8.40406921505928,9.733316421508789,7.3114368e-05,0.04191857,0.3645833333333333,-138.08149829438437,272.0208333333333
1155,1959,77262,151388160,,,,,,,,,,,,,,,,
,,,151519232,28.332408905029297,25.629286336898804,0.9421032555401325,0.001,0.003568880958482623,5970,0.34981536865234375,0.2,-0.02930735761183314,8.34980304837227,11.133537292480469,7.291776e-05,0.038091756,0.40625,-127.95153126098177,276.0
1156,1959,77328,151519232,,,,,,,,,,,,,,,,
,,,151650304,28.08053207397461,23.58876569867134,0.9483165629208088,0.001,0.00356999016366899,5975,0.3318023681640625,0.2,-0.030854162061586976,8.333602958917618,11.237504005432129,7.2721152e-05,0.040925987,0.46875,-121.92792588279947,247.6875
1157,1959,77394,151650304,,,,,,,,,,,,,,,,
,,,151781376,28.53256607055664,26.70890877246857,0.9398194998502731,0.001,0.003572436748072505,5980,0.30844573974609374,0.2,-0.02990911632368807,8.368991982936858,10.774497985839844,7.252454400000001e-05,0.03340142,0.4166666666666667,-131.90300329209222,273.21875
1158,1959,77461,151781376,,,,,,,,,,,,,,,,
,,,151912448,27.46564292907715,23.216297042369842,0.9508526064455509,0.001,0.003573920112103224,5985,0.3509765625,0.2,-0.031139651151897853,8.403891837596893,10.80820369720459,7.232793600000001e-05,0.041492574,0.40625,-124.50769528598994,268.7916666666667
1159,1959,77528,151912448,,,,,,,,,,,,,,,,
,,,152043520,28.418071746826172,25.237614727020265,0.9463065788149834,0.001,0.0035739257000386715,5990,0.34375762939453125,0.2,-0.03404202701640315,8.306685227155686,11.529601097106934,7.213132799999998e-05,0.038703162,0.4583333333333333,-124.15785703652752,266.8125
1160,1959,77594,152043520,,,,,,,,,,,,,,,,
,,,152174592,27.71466636657715,21.292960274219514,0.9519918076694012,0.001,0.0035721566528081894,5995,0.30385894775390626,0.2,-0.030944111524149776,8.362565040588379,9.910847663879395,7.193471999999998e-05,0.035842527,0.4270833333333333,-126.82816188707802,274.2708333333333
1161,1959,77661,152174592,,,,,,,,,,,,,,,,
,,,152305664,28.416561126708984,23.67106056213379,0.9524662680923939,0.001,0.003573786001652479,6000,0.35024566650390626,0.2,-0.03352683138218708,8.361349612474442,9.666777610778809,7.173811199999998e-05,0.045765422,0.46875,-128.0771013680063,241.63541666666666
1162,1959,77728,152305664,,,,,,,,,,,,,,,,
,,,152436736,28.883899688720703,23.519786381721495,0.9474333450198174,0.001,0.0035768940579146147,6005,0.3528106689453125,0.2,-0.029453597238170915,8.244954591989517,11.540101051330566,7.154150399999998e-05,0.039510064,0.4166666666666667,-130.66431234826322,264.1666666666667
1163,1959,77793,152436736,,,,,,,,,,,,,,,,
,,,152567808,28.695293426513672,26.223300445079804,0.9415885098278522,0.001,0.0035770535469055176,6010,0.3438507080078125,0.2,-0.03241117422876414,8.374554127454758,11.9902925491333,7.134489599999998e-05,0.033671018,0.3854166666666667,-134.26298755603003,284.1354166666667
1164,1959,77859,152567808,,,,,,,,,,,,,,,,
,,,152698880,27.767240524291992,25.23976892232895,0.9416459836065769,0.001,0.0035738020669668913,6015,0.31257476806640627,0.2,-0.03271681167825591,8.380902153253555,11.538025856018066,7.114828799999999e-05,0.045495145,0.3958333333333333,-131.7022569725734,280.71875
1165,1959,77926,152698880,,,,,,,,,,,,,,,,
,,,152829952,28.061695098876953,20.577926671504976,0.9537642076611519,0.001,0.003574070520699024,6020,0.34484100341796875,0.2,-0.03079543369676685,8.366760784387589,10.568086624145508,7.095167999999999e-05,0.042585913,0.375,-130.09074401977054,277.8125
1166,1959,77992,152829952,,,,,,,,,,,,,,,,
,,,152961024,28.605979919433594,21.003451293706895,0.9533152058720589,0.001,0.003573523834347725,6025,0.37186279296875,0.2,-0.03228538582916372,8.286586624383926,10.176831245422363,7.075507199999999e-05,0.0468952,0.5520833333333334,-113.66692588282463,237.0625
1167,1959,78059,152961024,,,,,,,,,,,,,,,,
,,,153092096,28.433013916015625,25.497494101524353,0.9398543946444988,0.001,0.0035705934278666973,6030,0.30529327392578126,0.2,-0.031145492804353126,8.349382609128952,9.281869888305664,7.055846399999999e-05,0.035514645,0.4479166666666667,-125.69716345595388,279.1770833333333
1168,1959,78126,153092096,,,,,,,,,,,,,,,,
,,,153223168,28.519977569580078,22.81026977300644,0.9491781406104565,0.001,0.0035689789801836014,6035,0.3258514404296875,0.2,-0.03274126277538016,8.308731430768967,11.259782791137695,7.0361856e-05,0.038393352,0.4375,-126.98759176410904,252.39583333333334
1169,1959,78191,153223168,,,,,,,,,,,,,,,,
,,,153354240,29.22809410095215,25.068465209007265,0.9456166177988052,0.001,0.0035705193877220154,6040,0.34855194091796876,0.2,-0.032051775971922325,8.224878537654877,10.446427345275879,7.0165248e-05,0.04296054,0.375,-136.47431660624315,288.8645833333333
1170,1959,78258,153354240,,,,,,,,,,,,,,,,
,,,153485312,28.022232055664062,25.821737217903138,0.9433918371796608,0.001,0.0035695391707122326,6045,0.31221923828125,0.2,-0.03213249661785085,8.243315625190736,9.742757797241211,6.996864e-05,0.036250006,0.4270833333333333,-132.78140071456266,268.8020833333333
1171,1959,78324,153485312,,,,,,,,,,,,,,,,
,,,153616384,28.76753044128418,23.619119197130203,0.9489272758364677,0.001,0.003573188092559576,6050,0.3456634521484375,0.2,-0.030321554528200068,8.315378785133362,10.595207214355469,6.9772032e-05,0.045374233,0.4583333333333333,-123.69287806060665,262.0833333333333
1172,1959,78390,153616384,,,,,,,,,,,,,,,,
,,,153747456,29.497722625732422,23.492556631565094,0.9470404386520386,0.001,0.0035749943926930428,6055,0.3355926513671875,0.2,-0.030544658849248663,8.30077267885208,11.080548286437988,6.9575424e-05,0.040612146,0.5208333333333334,-116.24243257722442,249.15625
1173,1959,78457,153747456,,,,,,,,,,,,,,,,
,,,153878528,28.893272399902344,24.536196279525758,0.9449514523148537,0.001,0.003575484035536647,6060,0.3263427734375,0.2,-0.028651315181195968,8.25138092637062,12.813821792602539,6.9378816e-05,0.042734057,0.4166666666666667,-127.6481920983623,272.3020833333333
1174,1959,78523,153878528,,,,,,,,,,,,,,,,
,,,154009600,28.754981994628906,24.24900915622711,0.9463121928274632,0.001,0.0035790277179330587,6065,0.3386810302734375,0.2,-0.031523787666810674,8.30333109498024,10.955178260803223,6.918220800000001e-05,0.041206647,0.3645833333333333,-138.64539547915663,285.09375
1175,1959,78589,154009600,,,,,,,,,,,,,,,,
,,,154140672,29.11229705810547,24.2968776345253,0.9470818229019642,0.001,0.003577670082449913,6070,0.34908447265625,0.2,-0.030411939190526028,8.367102527618409,10.12421703338623,6.89856e-05,0.041103575,0.4166666666666667,-134.76051258349148,259.9166666666667
1176,1959,78656,154140672,,,,,,,,,,,,,,,,
,,,154271744,29.453487396240234,21.188328969478608,0.9531396999955177,0.001,0.0035775662399828434,6075,0.34257354736328127,0.2,-0.029906115254561882,8.300239527225495,10.945598602294922,6.878899200000001e-05,0.044435594,0.3958333333333333,-130.56651801989696,286.6875
1177,1959,78723,154271744,,,,,,,,,,,,,,,,
,,,154402816,29.57610321044922,23.12840300798416,0.9463296160101891,0.001,0.0035752009134739637,6080,0.3445587158203125,0.2,-0.035194759897422045,8.36005676984787,9.527389526367188,6.859238399999998e-05,0.039880365,0.3854166666666667,-130.75147937535374,275.7083333333333
1178,1959,78789,154402816,,,,,,,,,,,,,,,,
,,,154533888,29.019638061523438,24.44121047258377,0.9459621533751488,0.001,0.0035746663343161345,6085,0.3197357177734375,0.2,-0.03034807537915185,8.24987655878067,11.814334869384766,6.839577599999997e-05,0.037820823,0.3645833333333333,-135.277015415085,281.5729166666667
1179,1959,78855,154533888,,,,,,,,,,,,,,,,
,,,154664960,29.25006103515625,25.86095846891403,0.9405805394053459,0.001,0.00357344513759017,6090,0.34141082763671876,0.2,-0.032303791271988305,8.317027074098586,10.242534637451172,6.819916799999998e-05,0.040367834,0.46875,-128.45650991158865,266.90625
1180,1959,78922,154664960,,,,,,,,,,,,,,,,
,,,154796032,28.865596771240234,25.551045227050782,0.9443335309624672,0.001,0.003576098009943962,6095,0.33866729736328127,0.2,-0.03243541928532068,8.336218178272247,11.557937622070312,6.800255999999999e-05,0.03834054,0.40625,-131.82468498008143,265.1458333333333
1181,1959,78989,154796032,,,,,,,,,,,,,,,,
,,,154927104,30.21539306640625,21.16550269126892,0.9507317468523979,0.001,0.003573187394067645,6100,0.32258148193359376,0.2,-0.030119788051524665,8.388281881809235,10.529864311218262,6.780595199999998e-05,0.040222697,0.4583333333333333,-120.83339720662127,273.6041666666667
1182,1959,79055,154927104,,,,,,,,,,,,,,,,
,,,155058176,29.66969871520996,22.410583972930908,0.9438752308487892,0.001,0.003572030458599329,6105,0.347308349609375,0.2,-0.029562263027764858,8.401455503702163,11.436250686645508,6.760934399999999e-05,0.052002963,0.4375,-123.39093035252922,274.3229166666667
1183,1959,79122,155058176,,,,,,,,,,,,,,,,
,,,155189248,28.392559051513672,22.503928399086,0.947291262447834,0.001,0.003570991102606058,6110,0.3091522216796875,0.2,-0.02793835406191647,8.348150956630707,11.072558403015137,6.741273599999998e-05,0.042403035,0.5,-127.00985658338186,259.5104166666667
1184,1959,79187,155189248,,,,,,,,,,,,,,,,
,,,155320320,29.617599487304688,20.41344287395477,0.9510410390794277,0.001,0.0035715699195861816,6115,0.3376251220703125,0.2,-0.03237239930313081,8.360812216997147,8.181281089782715,6.721612799999999e-05,0.041712835,0.4791666666666667,-118.89646585735021,262.9479166666667
1185,1959,79254,155320320,,,,,,,,,,,,,,,,
,,,155451392,29.585981369018555,19.794390672445296,0.9535869546234608,0.001,0.0035713352262973785,6120,0.341162109375,0.2,-0.03098024666251149,8.207634675502778,9.06558895111084,6.701952e-05,0.039261382,0.5,-119.72509813656124,262.5416666666667
1186,1959,79321,155451392,,,,,,,,,,,,,,,,
,,,155582464,30.061141967773438,24.194797968864442,0.9435039944946766,0.001,0.003572652814909816,6125,0.333343505859375,0.2,-0.033033413550583646,8.36747687458992,10.865548133850098,6.682291199999999e-05,0.042622313,0.4166666666666667,-129.63485907456536,279.84375
1187,1959,79388,155582464,,,,,,,,,,,,,,,,
,,,155713536,28.96065330505371,22.69945670366287,0.9507810547947884,0.001,0.003573887050151825,6130,0.35676422119140627,0.2,-0.030861049680970608,8.311914253234864,12.653461456298828,6.6626304e-05,0.044793718,0.4479166666666667,-125.54039057609349,262.65625
1188,1959,79454,155713536,,,,,,,,,,,,,,,,
,,,155844608,29.692184448242188,24.67060340642929,0.9430543705821037,0.001,0.0035748332738876343,6135,0.33833160400390627,0.2,-0.028907994518522172,8.310957539081574,11.70849895477295,6.6429696e-05,0.035439253,0.5208333333333334,-115.38142888275782,242.01041666666666
1189,1959,79521,155844608,,,,,,,,,,,,,,,,
,,,155975680,28.45241928100586,22.738559371232988,0.9449351951479912,0.001,0.0035760379396378994,6140,0.32140045166015624,0.2,-0.029377624252811076,8.297502636909485,11.829419136047363,6.6233088e-05,0.036252223,0.3958333333333333,-129.66545237265007,274.2708333333333
1190,1959,79587,155975680,,,,,,,,,,,,,,,,
,,,156106752,29.38527488708496,19.614439415931702,0.9560425356030464,0.001,0.0035777713637799025,6145,0.3343109130859375,0.2,-0.030407053862290923,8.261617666482925,8.44113826751709,6.603648000000001e-05,0.034618318,0.5104166666666666,-121.32316815268742,261.8541666666667
1191,1959,79654,156106752,,,,,,,,,,,,,,,,
,,,156237824,27.995861053466797,20.852947342395783,0.9518107064068317,0.001,0.0035785564687103033,6150,0.337457275390625,0.2,-0.031428944366052744,8.251215702295303,8.78768539428711,6.5839872e-05,0.036123693,0.46875,-119.10807735544545,265.4479166666667
1192,1959,79720,156237824,,,,,,,,,,,,,,,,
,,,156368896,29.240787506103516,24.6116672873497,0.9444557353854179,0.001,0.003577082883566618,6155,0.3172119140625,0.2,-0.03193768169294344,8.304503053426743,9.957867622375488,6.564326400000001e-05,0.03651531,0.3854166666666667,-136.22827130192695,264.4895833333333
1193,1959,79787,156368896,,,,,,,,,,,,,,,,
,,,156499968,29.521236419677734,23.270123529434205,0.9453015364706516,0.001,0.0035803038626909256,6160,0.32918243408203124,0.2,-0.031084487115731464,8.165684348344803,9.654128074645996,6.5446656e-05,0.03965492,0.4375,-124.87681218621385,265.1458333333333
1194,1959,79853,156499968,,,,,,,,,,,,,,,,
,,,156631040,27.884716033935547,22.211981678009032,0.9509318880736828,0.001,0.0035787192173302174,6165,0.3254852294921875,0.2,-0.030399106618278892,8.354990273714066,8.225027084350586,6.525004800000001e-05,0.03672328,0.4583333333333333,-124.62363975052942,257.7291666666667
1195,1959,79919,156631040,,,,,,,,,,,,,,,,
,,,156762112,29.272146224975586,27.162946009635924,0.9433501251041889,0.001,0.003578540403395891,6170,0.33316497802734374,0.2,-0.030974505309131928,8.250694751739502,12.063746452331543,6.505343999999998e-05,0.04623065,0.4895833333333333,-118.11822751322806,249.69791666666666
1196,1959,79985,156762112,,,,,,,,,,,,,,,,
,,,156893184,28.40475082397461,28.38609548807144,0.9337942972779274,0.001,0.0035792640410363674,6175,0.32298583984375,0.2,-0.029234357428504155,8.256580996513367,10.256340026855469,6.485683199999999e-05,0.03604883,0.4583333333333333,-126.00274213067644,266.6979166666667
1197,1959,80051,156893184,,,,,,,,,,,,,,,,
,,,157024256,27.6865234375,19.36895188689232,0.9543937146663666,0.001,0.003577462863177061,6180,0.3216552734375,0.2,-0.03182396837801207,8.3413669526577,8.637224197387695,6.466022399999998e-05,0.03705127,0.375,-130.88440194684893,287.6666666666667
1198,1959,80118,157024256,,,,,,,,,,,,,,,,
,,,157155328,28.386747360229492,21.307236927747727,0.9505507759749889,0.001,0.0035779676400125027,6185,0.3280029296875,0.2,-0.03268712665158091,8.322722399234772,8.87875747680664,6.446361599999999e-05,0.03980528,0.375,-139.218587109707,275.78125
1199,1959,80184,157155328,,,,,,,,,,,,,,,,
,,,157286400,29.213909149169922,27.142037832736968,0.9406483471393585,0.001,0.003578903852030635,6190,0.3191162109375,0.2,-0.02841430710977875,8.2436099588871,13.25444221496582,6.426700799999998e-05,0.036011748,0.4791666666666667,-119.30077545544263,255.4375
1200,1959,80251,157286400,,,,,,,,,,,,,,,,
,,,157417472,27.954450607299805,21.708933436870574,0.9500885903835297,0.001,0.0035784789361059666,6195,0.3245697021484375,0.2,-0.03158602274779696,8.274056482315064,9.290491104125977,6.407039999999999e-05,0.035337646,0.4895833333333333,-115.68207053912111,253.36458333333334
1201,1959,80318,157417472,,,,,,,,,,,,,,,,
,,,157548544,28.4398250579834,22.82690896987915,0.9494289308786392,0.001,0.0035766996443271637,6200,0.31729888916015625,0.2,-0.029491157774464226,8.288560009002685,10.667530059814453,6.3873792e-05,0.034546554,0.4479166666666667,-124.17485618581212,264.8020833333333
1202,1959,80385,157548544,,,,,,,,,,,,,,,,
,,,157679616,28.195297241210938,22.650118017196654,0.9507989287376404,0.001,0.003578491974622011,6205,0.326873779296875,0.2,-0.03249151530617382,8.242015206813813,12.156485557556152,6.367718399999999e-05,0.038625337,0.3958333333333333,-135.20552217048586,274.9583333333333
1203,1959,80452,157679616,,,,,,,,,,,,,,,,
,,,157810688,27.23903465270996,22.728210353851317,0.947236891835928,0.001,0.0035801460035145283,6210,0.31611175537109376,0.2,-0.030458692729007454,8.258968365192413,10.294065475463867,6.3480576e-05,0.039415706,0.3958333333333333,-128.81968106447758,275.90625
1204,1959,80518,157810688,,,,,,,,,,,,,,,,
,,,157941760,27.688581466674805,22.71250499486923,0.9484055489301682,0.001,0.00358057813718915,6215,0.32959747314453125,0.2,-0.03526242521475069,8.250262397527695,12.112380027770996,6.328396799999999e-05,0.03494499,0.34375,-141.78570140134647,290.9166666666667
1205,1959,80585,157941760,,,,,,,,,,,,,,,,
,,,158072832,27.83880615234375,20.967550307512283,0.9538954421877861,0.001,0.00358337233774364,6220,0.31919097900390625,0.2,-0.030953194416360928,8.217275190353394,11.102096557617188,6.308736e-05,0.03977974,0.4270833333333333,-130.58955305350875,283.53125
1206,1959,80652,158072832,,,,,,,,,,,,,,,,
,,,158203904,28.353649139404297,21.131913328170775,0.9516118839383125,0.001,0.0035842894576489925,6225,0.35832977294921875,0.2,-0.030152800783980638,8.298519659042359,8.657947540283203,6.2890752e-05,0.043892067,0.34375,-139.14253420088357,294.6145833333333
1207,1959,80719,158203904,,,,,,,,,,,,,,,,
,,,158334976,29.41550064086914,21.03793435692787,0.951309684664011,0.001,0.0035826980601996183,6230,0.32892608642578125,0.2,-0.02923453475232236,8.259261107444763,9.286645889282227,6.2694144e-05,0.038384452,0.40625,-130.4938690046143,274.6145833333333
1208,1959,80786,158334976,,,,,,,,,,,,,,,,
,,,158466048,28.710195541381836,20.332385194301605,0.9535206332802773,0.001,0.0035842270590364933,6235,0.33949432373046873,0.2,-0.032670828857226296,8.230583947896957,9.65038013458252,6.249753600000001e-05,0.03765039,0.4791666666666667,-126.21639782438012,265.96875
1209,1959,80853,158466048,,,,,,,,,,,,,,,,
,,,158597120,29.537267684936523,23.907468998432158,0.9443172998726368,0.001,0.003584554884582758,6240,0.2916534423828125,0.2,-0.03269292586192023,8.21239105463028,10.887691497802734,6.2300928e-05,0.031117618,0.4166666666666667,-130.14807711543583,265.8541666666667
1210,1959,80920,158597120,,,,,,,,,,,,,,,,
,,,158728192,28.434972763061523,24.747113275527955,0.94233063980937,0.001,0.00358512531965971,6245,0.3365081787109375,0.2,-0.031891142067615875,8.239482808113099,9.7680082321167,6.210432000000001e-05,0.035461243,0.4479166666666667,-130.35154126898723,275.7916666666667
1211,1959,80986,158728192,,,,,,,,,,,,,,,,
,,,158859264,28.374584197998047,22.856918144226075,0.9521137848496437,0.001,0.0035857385955750942,6250,0.3307830810546875,0.2,-0.03151637031696737,8.230542498826981,10.056588172912598,6.1907712e-05,0.038812958,0.4583333333333333,-130.53245298917818,263.3229166666667
1212,1959,81053,158859264,,,,,,,,,,,,,,,,
,,,158990336,29.775909423828125,25.7717071890831,0.9402313232421875,0.001,0.003588856663554907,6255,0.33087615966796874,0.2,-0.03183533980627544,8.23747659921646,11.620494842529297,6.171110400000001e-05,0.04173346,0.3645833333333333,-135.30425129027222,291.1145833333333
1213,1959,81119,158990336,,,,,,,,,,,,,,,,
,,,159121408,29.01844596862793,23.743829572200774,0.9475389681756496,0.001,0.003590441308915615,6260,0.3145111083984375,0.2,-0.029919186994084156,8.193087369203568,8.92007064819336,6.151449599999998e-05,0.03719253,0.5,-113.0265541272159,253.70833333333334
1214,1959,81187,159121408,,,,,,,,,,,,,,,,
,,,159252480,28.600910186767578,22.48622317314148,0.9489242322742939,0.001,0.003590615000575781,6265,0.307196044921875,0.2,-0.030530126523808578,8.22537503838539,13.701598167419434,6.131788799999998e-05,0.03456855,0.4166666666666667,-136.7622040926838,278.4375
1215,1959,81253,159252480,,,,,,,,,,,,,,,,
,,,159383552,29.073644638061523,24.561368453502656,0.9424964748322964,0.001,0.003590770997107029,6270,0.32085418701171875,0.2,-0.031401877911412156,8.183544600009919,11.020675659179688,6.112127999999998e-05,0.035294622,0.4479166666666667,-130.5609771730569,272.9583333333333
1216,1959,81321,159383552,,,,,,,,,,,,,,,,
,,,159514624,29.908933639526367,22.781658399105073,0.9473108351230621,0.001,0.00359060475602746,6275,0.2972442626953125,0.2,-0.02996410286432365,8.14738907814026,10.694586753845215,6.0924671999999986e-05,0.033884488,0.4479166666666667,-127.95081603073358,272.09375
1217,1959,81387,159514624,,,,,,,,,,,,,,,,
,,,159645696,27.664138793945312,21.622764337062836,0.9499820731580257,0.001,0.003592186141759157,6280,0.3103973388671875,0.2,-0.03011861575578223,8.236270540952683,9.824316024780273,6.072806399999999e-05,0.030934958,0.5625,-112.59721318915423,240.75
1218,1959,81453,159645696,,,,,,,,,,,,,,,,
,,,159776768,28.893341064453125,20.947959977388383,0.952493604272604,0.001,0.0035915784537792206,6285,0.29824066162109375,0.2,-0.03188589258643333,8.211296534538269,10.475439071655273,6.053145599999999e-05,0.029616527,0.34375,-137.9602584528507,292.7291666666667
1219,1959,81520,159776768,,,,,,,,,,,,,,,,
,,,159907840,28.111608505249023,24.10037556886673,0.9473666287958622,0.001,0.0035913647152483463,6290,0.30670623779296874,0.2,-0.031200285645900293,8.196465462446213,10.848408699035645,6.033484799999999e-05,0.032373674,0.4895833333333333,-122.09870173985115,254.84375
1220,1959,81586,159907840,,,,,,,,,,,,,,,,
,,,160038912,29.548240661621094,22.635784566402435,0.9496482387185097,0.001,0.0035927463322877884,6295,0.32841339111328127,0.2,-0.03215178755926899,8.250903779268265,9.714241027832031,6.0138239999999996e-05,0.03676553,0.3125,-147.6744019803842,295.4583333333333
1221,1959,81653,160038912,,,,,,,,,,,,,,,,
,,,160169984,29.325801849365234,26.761035192012788,0.9407984167337418,0.001,0.0035932320170104504,6300,0.3292388916015625,0.2,-0.029906329678487963,8.243770664930343,13.568669319152832,5.9941631999999996e-05,0.0388254,0.4270833333333333,-130.92009622700897,274.3229166666667
1222,1960,81719,160169984,,,,,,,,,,,,,,,,
,,,160301056,28.362503051757812,22.868740057945253,0.9494809582829475,0.001,0.003592965891584754,6305,0.30108184814453126,0.2,-0.02965854767826386,8.164802157878876,10.734006881713867,5.9745024e-05,0.036305226,0.40625,-133.82832566296022,275.03125
1223,1960,81785,160301056,,,,,,,,,,,,,,,,
,,,160432128,28.624401092529297,20.92391710281372,0.9506372846662998,0.001,0.003595271147787571,6310,0.34149932861328125,0.2,-0.03067630997102242,8.184591341018677,10.868824005126953,5.9548416e-05,0.04277783,0.3958333333333333,-133.61858204369233,264.5
1224,1960,81851,160432128,,,,,,,,,,,,,,,,
,,,160563200,27.892812728881836,24.648900854587556,0.9434519112110138,0.001,0.003594361711293459,6315,0.31719970703125,0.2,-0.029690236090391408,8.20262633562088,10.170493125915527,5.9351808e-05,0.037801795,0.46875,-119.54637873549336,259.7916666666667
1225,1960,81918,160563200,,,,,,,,,,,,,,,,
,,,160694272,29.663787841796875,23.62707645893097,0.9467230439186096,0.001,0.0035929379519075155,6320,0.3062347412109375,0.2,-0.03371538493956905,8.175486612319947,9.994073867797852,5.9155200000000006e-05,0.03238681,0.46875,-120.92790757774776,263.40625
1226,1960,81984,160694272,,,,,,,,,,,,,,,,
,,,160825344,28.986644744873047,22.71050032377243,0.9494920186698437,0.001,0.003590511856600642,6325,0.2890350341796875,0.2,-0.03009841915045399,8.180933094024658,10.186249732971191,5.8958592000000006e-05,0.03243834,0.3645833333333333,-131.99106641984804,292.7083333333333
1227,1960,82052,160825344,,,,,,,,,,,,,,,,
,,,160956416,29.690845489501953,22.23027218580246,0.9498407393693924,0.001,0.0035928762517869473,6330,0.3131011962890625,0.2,-0.031224046845454722,8.271025305986404,10.354796409606934,5.876198400000001e-05,0.032396957,0.40625,-125.82610706991711,268.71875
1228,1960,82118,160956416,,,,,,,,,,,,,,,,
,,,161087488,28.004650115966797,22.193982470035554,0.9527551308274269,0.001,0.0035957200452685356,6335,0.3226654052734375,0.2,-0.032320335562690164,8.224366480112076,9.149258613586426,5.856537600000001e-05,0.03550364,0.4375,-129.7890052762209,279.2291666666667
1229,1960,82185,161087488,,,,,,,,,,,,,,,,
,,,161218560,28.266956329345703,21.96118278503418,0.9521440006792545,0.001,0.0035958164371550083,6340,0.3221771240234375,0.2,-0.03069738157937536,8.267648142576217,9.287405014038086,5.836876800000001e-05,0.0347855,0.4375,-129.74522160776124,268.3229166666667
1230,1960,82251,161218560,,,,,,,,,,,,,,,,
,,,161349632,29.333232879638672,27.17995536327362,0.9426929280161858,0.001,0.0035964862909168005,6345,0.3127777099609375,0.2,-0.03052628834848292,8.165554022789001,10.88849925994873,5.817215999999998e-05,0.033312604,0.4791666666666667,-124.71061205862146,268.1354166666667
1231,1960,82318,161349632,,,,,,,,,,,,,,,,
,,,161480704,28.871963500976562,26.17100796699524,0.9465473182499409,0.001,0.0035972478799521923,6350,0.28101654052734376,0.2,-0.028769984756945633,8.176666915416718,9.844403266906738,5.797555199999998e-05,0.029630464,0.4166666666666667,-127.44302783639402,276.8854166666667
1232,1960,82384,161480704,,,,,,,,,,,,,,,,
,,,161611776,29.072525024414062,22.073053896427155,0.9480445124208927,0.001,0.0035973736084997654,6355,0.3241058349609375,0.2,-0.03407342796126613,8.243483972549438,8.933892250061035,5.7778943999999983e-05,0.0334098,0.4791666666666667,-119.31558398443069,262.5208333333333
1233,1960,82451,161611776,,,,,,,,,,,,,,,,
,,,161742848,28.869281768798828,27.075216674804686,0.9380979388952255,0.001,0.003598439507186413,6360,0.32062530517578125,0.2,-0.03033459454018157,8.076839905977248,13.544157981872559,5.7582335999999984e-05,0.030414453,0.53125,-113.80862412549713,252.08333333333334
1234,1960,82517,161742848,,,,,,,,,,,,,,,,
,,,161873920,29.739599227905273,24.494928765296937,0.945123877376318,0.001,0.00359993614256382,6365,0.3106903076171875,0.2,-0.03024049708037637,8.067631071805954,11.164522171020508,5.7385727999999985e-05,0.03426488,0.3541666666666667,-137.47403249327294,287.2916666666667
1235,1960,82585,161873920,,,,,,,,,,,,,,,,
,,,162004992,29.019710540771484,23.57329245209694,0.9470767788589001,0.001,0.003600108902901411,6370,0.31815185546875,0.2,-0.029949409791151994,8.069687342643737,11.986056327819824,5.7189119999999985e-05,0.03175655,0.40625,-131.90530885993425,271.5520833333333
1236,1960,82653,162004992,,,,,,,,,,,,,,,,
,,,162136064,28.968387603759766,23.5901179254055,0.9476120099425316,0.001,0.0036024278961122036,6375,0.34867095947265625,0.2,-0.03306040063471301,8.20739654302597,11.03528118133545,5.699251199999999e-05,0.0405963,0.4166666666666667,-135.20588163447795,270.1354166666667
1237,1960,82720,162136064,,,,,,,,,,,,,,,,
,,,162267136,29.77566909790039,24.047913455963133,0.9475363232195377,0.001,0.003605615347623825,6380,0.3199859619140625,0.2,-0.030315438110847026,8.080757814645768,10.936716079711914,5.6795903999999994e-05,0.03620315,0.4375,-129.27674404063274,263.8229166666667
1238,1960,82787,162267136,,,,,,,,,,,,,,,,
,,,162398208,28.35495376586914,29.869992911815643,0.9341954812407494,0.001,0.003607549238950014,6385,0.27239227294921875,0.2,-0.02886072166293161,8.161326199769974,12.746899604797363,5.6599295999999994e-05,0.028633526,0.5104166666666666,-115.63185078173932,246.64583333333334
1239,1960,82854,162398208,,,,,,,,,,,,,,,,
,,,162529280,28.52285385131836,26.200465703010558,0.9425790496170521,0.001,0.003606423269957304,6390,0.30774383544921874,0.2,-0.031293388793710616,8.109104561805726,11.824723243713379,5.6402687999999995e-05,0.033254858,0.4270833333333333,-124.97068878629916,271.0
1240,1960,82921,162529280,,,,,,,,,,,,,,,,
,,,162660352,28.949316024780273,26.679506134986877,0.9408120214939117,0.001,0.0036050211638212204,6395,0.33237762451171876,0.2,-0.029093849888886324,8.223271256685257,10.76586627960205,5.6206079999999996e-05,0.041224755,0.4166666666666667,-130.1698251378791,270.9375
1241,1960,82989,162660352,,,,,,,,,,,,,,,,
,,,162791424,29.705310821533203,24.95189836025238,0.9415710903704166,0.001,0.003605516394600272,6400,0.27537384033203127,0.2,-0.03067166737164371,8.081937152147294,11.937968254089355,5.6009471999999996e-05,0.031283658,0.5208333333333334,-118.1502671378094,243.13541666666666
1242,1960,83055,162791424,,,,,,,,,,,,,,,,
,,,162922496,30.14911460876465,24.958564925193787,0.9447743929922581,0.001,0.0036048106849193573,6405,0.29394989013671874,0.2,-0.03140216618485283,8.18122524023056,13.198799133300781,5.5812864000000004e-05,0.03726979,0.40625,-127.44614632325666,277.6666666666667
1243,1960,83123,162922496,,,,,,,,,,,,,,,,
,,,163053568,28.598834991455078,26.307355630397797,0.9456249661743641,0.001,0.0036080465652048588,6410,0.2976959228515625,0.2,-0.03276472750148969,8.186174780130386,11.457406997680664,5.5616256000000004e-05,0.03251152,0.3333333333333333,-144.1989516296929,304.0625
1244,1960,83190,163053568,,,,,,,,,,,,,,,,
,,,163184640,29.799100875854492,24.734803783893586,0.9428384490311146,0.001,0.0036064013838768005,6415,0.29973602294921875,0.2,-0.030016093481390272,8.164319634437561,11.17061996459961,5.5419648000000005e-05,0.034636524,0.40625,-131.56357698296748,259.1041666666667
1245,1960,83257,163184640,,,,,,,,,,,,,,,,
,,,163315712,30.1859188079834,21.08120681643486,0.9529608711600304,0.001,0.0036063888110220432,6420,0.29105377197265625,0.2,-0.02887278242124012,8.115639132261276,13.04655933380127,5.5223040000000006e-05,0.03106327,0.3958333333333333,-132.88958155981788,286.8020833333333
1246,1959,83324,163315712,,,,,,,,,,,,,,,,
,,,163446784,29.48114013671875,22.741091656684876,0.9485796950757504,0.001,0.0036048926413059235,6425,0.3134613037109375,0.2,-0.030826470532338134,8.081245630979538,10.827262878417969,5.5026432000000007e-05,0.036563978,0.53125,-113.61440033959919,239.375
1247,1959,83391,163446784,,,,,,,,,,,,,,,,
,,,163577856,30.732635498046875,23.739719665050508,0.9472964257001877,0.001,0.00360413221642375,6430,0.330975341796875,0.2,-0.03354479647823609,8.181218314170838,12.958895683288574,5.4829824000000014e-05,0.035201255,0.53125,-111.90994172355464,245.44791666666666
1248,1959,83459,163577856,,,,,,,,,,,,,,,,
,,,163708928,30.129802703857422,29.004337501525878,0.9413928613066673,0.001,0.0036030663177371025,6435,0.271405029296875,0.2,-0.03131765709840693,8.143134605884551,10.887348175048828,5.463321599999998e-05,0.02637452,0.5,-117.43557548269833,246.71875
1249,1959,83526,163708928,,,,,,,,,,,,,,,,
,,,163840000,29.965085983276367,24.342760515213012,0.9481218047440052,0.001,0.003605159465223551,6440,0.29246673583984373,0.2,-0.031527960652601904,8.164499795436859,11.194876670837402,5.443660799999998e-05,0.03503202,0.4479166666666667,-125.5849386146453,258.7916666666667
1250,1959,83594,163840000,,,,,,,,,,,,,,,,
,,,163971072,30.4725399017334,31.31696002483368,0.9360801577568054,0.001,0.0036065950989723206,6445,0.29846649169921874,0.2,-0.030970892196637578,8.060555875301361,13.926883697509766,5.423999999999998e-05,0.029866003,0.5208333333333334,-120.24658053987669,249.38541666666666
1251,1959,83661,163971072,,,,,,,,,,,,,,,,
,,,164102144,29.153865814208984,27.885946929454803,0.942374836653471,0.001,0.003606562502682209,6450,0.27857818603515627,0.2,-0.032070218191074674,8.065810883045197,14.634840965270996,5.404339199999998e-05,0.02756087,0.4270833333333333,-132.5305371172877,273.0104166666667
1252,1959,83729,164102144,,,,,,,,,,,,,,,,
,,,164233216,29.649295806884766,28.862878811359405,0.9361358880996704,0.001,0.003607234451919794,6455,0.30804595947265623,0.2,-0.03138604815176223,8.175929552316665,14.222067832946777,5.384678399999999e-05,0.03397675,0.46875,-121.58497001431094,253.61458333333334
1253,1959,83795,164233216,,,,,,,,,,,,,,,,
,,,164364288,30.7273006439209,26.643402171134948,0.936338260769844,0.001,0.0036097331903874874,6460,0.3189849853515625,0.2,-0.03338506282743765,7.990478917956352,14.04234790802002,5.365017599999999e-05,0.033670403,0.5208333333333334,-115.79430748249086,241.625
1254,1959,83862,164364288,,,,,,,,,,,,,,,,
,,,164495360,29.14887809753418,23.900549399852753,0.9460781961679459,0.001,0.003613872919231653,6465,0.29541015625,0.2,-0.030330001715628895,8.148208498954773,11.744837760925293,5.345356799999999e-05,0.03332835,0.5104166666666666,-117.72000823743319,247.51041666666666
1255,1959,83930,164495360,,,,,,,,,,,,,,,,
,,,164626432,30.082199096679688,22.93378034234047,0.9478875659406185,0.001,0.003614259883761406,6470,0.2922119140625,0.2,-0.03052983579400461,8.109625571966172,10.305500984191895,5.325695999999999e-05,0.031549282,0.34375,-138.0292035952226,277.5104166666667
1256,1959,83998,164626432,,,,,,,,,,,,,,,,
,,,164757504,30.511585235595703,22.3399187207222,0.9486269392073154,0.001,0.0036134941037744284,6475,0.2808502197265625,0.2,-0.030210928681481165,8.077672463655471,10.007473945617676,5.306035199999999e-05,0.029664129,0.5416666666666666,-115.5191462888442,239.36458333333334
1257,1959,84064,164757504,,,,,,,,,,,,,,,,
,,,164888576,31.06197738647461,25.725575196743012,0.9432903565466404,0.001,0.003611429128795862,6480,0.29181060791015623,0.2,-0.030362840424641036,8.079630833864211,12.160053253173828,5.2863743999999994e-05,0.031134676,0.4479166666666667,-132.6703932111985,282.5104166666667
1258,1959,84132,164888576,,,,,,,,,,,,,,,,
,,,165019648,31.27130126953125,24.375339496135712,0.9508892968297005,0.001,0.0036126505583524704,6485,0.3131591796875,0.2,-0.032321563817095014,8.105457717180252,11.373416900634766,5.2667136e-05,0.038517468,0.40625,-133.39945555329408,277.7916666666667
1259,1959,84199,165019648,,,,,,,,,,,,,,,,
,,,165150720,30.88580322265625,23.223022174835204,0.9487423188984394,0.001,0.003611617488786578,6490,0.30857086181640625,0.2,-0.030293610486842225,7.933974647521973,9.364628791809082,5.2470528e-05,0.03459786,0.3541666666666667,-137.57629325607147,292.09375
1260,1959,84267,165150720,,,,,,,,,,,,,,,,
,,,165281792,27.941604614257812,25.336219704151155,0.9426346123218536,0.001,0.0036118708085268736,6495,0.29803619384765623,0.2,-0.030208318153745493,8.084043616056443,10.385296821594238,5.227392e-05,0.03157507,0.4270833333333333,-125.992763098358,276.1979166666667
1261,1959,84334,165281792,,,,,,,,,,,,,,,,
,,,165412864,30.39455795288086,24.331960463523863,0.9489727728068829,0.001,0.003615706693381071,6500,0.3063934326171875,0.2,-0.03078619515581522,7.968138587474823,11.941182136535645,5.2077312e-05,0.034887515,0.46875,-118.46001242986615,263.1354166666667
1262,1959,84401,165412864,,,,,,,,,,,,,,,,
,,,165543936,29.61363983154297,22.676731359958648,0.9513619355857372,0.001,0.0036169744562357664,6505,0.2905364990234375,0.2,-0.030084451290167635,8.07591890692711,11.430765151977539,5.1880704000000004e-05,0.031038184,0.4583333333333333,-126.11604454103838,257.5208333333333
1263,1959,84469,165543936,,,,,,,,,,,,,,,,
,,,165675008,30.409481048583984,26.41249394416809,0.9393440783023834,0.001,0.0036188464146107435,6510,0.3045440673828125,0.2,-0.030584687387454325,8.002380269765855,9.507645606994629,5.168409600000001e-05,0.03594737,0.46875,-124.57597480279249,258.75
1264,1959,84536,165675008,,,,,,,,,,,,,,,,
,,,165806080,29.773521423339844,28.358335626125335,0.9402499422430992,0.001,0.0036178063601255417,6515,0.29886474609375,0.2,-0.030204874416813254,8.114598697423935,17.229141235351562,5.148748800000001e-05,0.032965653,0.4479166666666667,-125.43406919966571,262.4895833333333
1265,1959,84603,165806080,,,,,,,,,,,,,,,,
,,,165937152,30.211294174194336,24.27979896068573,0.9458475336432457,0.001,0.003617563983425498,6520,0.3058990478515625,0.2,-0.030938629304000643,8.006081029772758,14.369682312011719,5.129088000000001e-05,0.033799946,0.4895833333333333,-124.30340024920184,264.1666666666667
1266,1959,84671,165937152,,,,,,,,,,,,,,,,
,,,166068224,29.415756225585938,23.995914149284364,0.9459915794432163,0.001,0.0036182140465825796,6525,0.29497222900390624,0.2,-0.030587684865895425,8.038692247867584,12.091802597045898,5.109427199999998e-05,0.032928467,0.4375,-126.74427073546455,260.34375
1267,1959,84738,166068224,,,,,,,,,,,,,,,,
,,,166199296,29.82863426208496,27.836982941627504,0.9377004243433475,0.001,0.0036181467585265636,6530,0.29727783203125,0.2,-0.030425665198708884,7.99803160727024,13.802690505981445,5.089766399999998e-05,0.032252736,0.4479166666666667,-125.462854229357,260.5416666666667
1268,1959,84806,166199296,,,,,,,,,,,,,,,,
,,,166330368,29.883235931396484,30.829220843315124,0.9332638680934906,0.001,0.003619818016886711,6535,0.30386962890625,0.2,-0.027771859877975657,8.070998358726502,12.936636924743652,5.070105599999999e-05,0.033536114,0.4270833333333333,-130.20070566468885,260.71875
1269,1959,84873,166330368,,,,,,,,,,,,,,,,
,,,166461440,28.576763153076172,23.172879850864412,0.9477964416146278,0.001,0.0036200243048369884,6540,0.3014556884765625,0.2,-0.03149599528405815,8.139202451705932,10.567275047302246,5.050444799999999e-05,0.0326883,0.4270833333333333,-128.40058018375683,269.5833333333333
1270,1959,84940,166461440,,,,,,,,,,,,,,,,
,,,166592512,29.651762008666992,24.287952983379363,0.9511522799730301,0.001,0.0036183339543640614,6545,0.30556640625,0.2,-0.03202948572288733,8.04784778356552,10.348457336425781,5.030783999999999e-05,0.032753825,0.4895833333333333,-117.20046648201749,248.59375
1271,1959,85006,166592512,,,,,,,,,,,,,,,,
,,,166723584,29.96123504638672,25.11316270828247,0.9432904310524464,0.001,0.003617513459175825,6550,0.29068145751953123,0.2,-0.030686929372313897,8.028768998384475,10.47394847869873,5.011123199999999e-05,0.029455807,0.3333333333333333,-137.3988320295795,292.3645833333333
1272,1959,85074,166723584,,,,,,,,,,,,,,,,
,,,166854656,30.20932388305664,22.59088090658188,0.9493881426751614,0.001,0.003615047549828887,6555,0.282073974609375,0.2,-0.029309245801414363,8.0196363478899,10.603785514831543,4.991462399999999e-05,0.029135086,0.4583333333333333,-126.33278660060262,263.8333333333333
1273,1959,85141,166854656,,,,,,,,,,,,,,,,
,,,166985728,28.732669830322266,26.718467426300048,0.9433398619294167,0.001,0.0036166789941489697,6560,0.2836639404296875,0.2,-0.032525586771953385,8.091509890556335,13.70626449584961,4.971801599999999e-05,0.032631963,0.40625,-129.0715122154373,263.8541666666667
1274,1959,85208,166985728,,,,,,,,,,,,,,,,
,,,167116800,29.032878875732422,27.860494458675383,0.9409761019051075,0.001,0.0036161779426038265,6565,0.28282012939453127,0.2,-0.029524314527225214,8.07925836443901,14.35416316986084,4.9521408e-05,0.028726572,0.4791666666666667,-123.56651607773125,254.14583333333334
1275,1959,85275,167116800,,,,,,,,,,,,,,,,
,,,167247872,31.6326904296875,24.49280012845993,0.9469153955578804,0.001,0.0036180492024868727,6570,0.30283203125,0.2,-0.028586035617627202,8.058034512400628,9.547553062438965,4.93248e-05,0.030893512,0.4270833333333333,-132.53478195358923,279.0416666666667
1276,1959,85343,167247872,,,,,,,,,,,,,,,,
,,,167378944,29.470998764038086,24.320653009414674,0.949138592928648,0.001,0.003619198687374592,6575,0.30670166015625,0.2,-0.031779797061608404,8.110409414768219,11.472290992736816,4.9128192e-05,0.03115094,0.375,-137.81834155955383,278.0625
1277,1959,85409,167378944,,,,,,,,,,,,,,,,
,,,167510016,30.811458587646484,27.16802488565445,0.945892933756113,0.001,0.003620448987931013,6580,0.268487548828125,0.2,-0.026507535795099103,7.969760033488273,12.384799003601074,4.8931584e-05,0.029611908,0.375,-134.25288971377265,282.1354166666667
1278,1959,85476,167510016,,,,,,,,,,,,,,,,
,,,167641088,29.657527923583984,24.816293084621428,0.9467578753829002,0.001,0.0036192273255437613,6585,0.2791107177734375,0.2,-0.029359254369046538,8.038236260414124,12.960101127624512,4.8734976e-05,0.033244632,0.46875,-121.73233129770468,258.1875
1279,1959,85543,167641088,,,,,,,,,,,,,,,,
,,,167772160,30.061246871948242,19.868812370300294,0.9546434544026852,0.001,0.003618680639192462,6590,0.28893585205078126,0.2,-0.028687158241518775,8.074164259433747,8.722933769226074,4.853836800000001e-05,0.033271797,0.4479166666666667,-130.7970630231575,276.40625
1280,1959,85609,167772160,,,,,,,,,,,,,,,,
,,,167903232,29.394920349121094,22.7898979306221,0.9486811235547066,0.001,0.003618767485022545,6595,0.27194671630859374,0.2,-0.029813254164764658,8.072458106279374,10.53586483001709,4.834176000000001e-05,0.029462352,0.3958333333333333,-139.04950221915493,275.3645833333333
1281,1959,85676,167903232,,,,,,,,,,,,,,,,
,,,168034304,29.1678466796875,21.67486344575882,0.9516752660274506,0.001,0.003619663417339325,6600,0.313214111328125,0.2,-0.030060343256627674,8.109853404760361,9.964410781860352,4.814515200000001e-05,0.0361537,0.4479166666666667,-125.61251918131182,264.4895833333333
1282,1959,85743,168034304,,,,,,,,,,,,,,,,
,,,168165376,28.833255767822266,21.977611619234086,0.9541837200522423,0.001,0.003619950730353594,6605,0.296636962890625,0.2,-0.031625052681192756,8.022371727228165,9.630887031555176,4.794854400000001e-05,0.031822376,0.40625,-128.87513602719966,283.8958333333333
1283,1959,85811,168165376,,,,,,,,,,,,,,,,
,,,168296448,30.048009872436523,27.7920138835907,0.9416516348719597,0.001,0.00362035958096385,6610,0.27018280029296876,0.2,-0.029337582452353673,8.060643595457076,9.88113784790039,4.775193599999998e-05,0.030846117,0.5,-119.22841632603361,255.40625
1284,1959,85878,168296448,,,,,,,,,,,,,,,,
,,,168427520,29.501293182373047,26.89894242286682,0.945338599383831,0.001,0.0036210722755640745,6615,0.30194854736328125,0.2,-0.03294720531266648,8.08054397702217,13.450130462646484,4.755532799999998e-05,0.03151726,0.4270833333333333,-133.08883011060303,270.53125
1285,1959,85945,168427520,,,,,,,,,,,,,,,,
,,,168558592,29.479610443115234,23.900316309928893,0.9511315673589706,0.001,0.0036237407475709915,6620,0.30635833740234375,0.2,-0.031260737145203166,8.05394434928894,10.728626251220703,4.7358719999999986e-05,0.035934173,0.5,-121.22254237406439,249.03125
1286,1959,86010,168558592,,,,,,,,,,,,,,,,
,,,168689664,30.01788330078125,26.26096613407135,0.9440536387264729,0.001,0.0036228466778993607,6625,0.2832305908203125,0.2,-0.03144060474223807,7.979517570137977,10.285917282104492,4.7162111999999986e-05,0.028361116,0.4791666666666667,-121.15087401766765,250.16666666666666
1287,1959,86078,168689664,,,,,,,,,,,,,,,,
,,,168820736,29.545339584350586,24.268167352676393,0.949640765786171,0.001,0.0036218136083334684,6630,0.2663421630859375,0.2,-0.02825201577070402,8.018404304981232,10.497642517089844,4.696550399999999e-05,0.026067737,0.4583333333333333,-123.33424068428913,269.3229166666667
1288,1959,86145,168820736,,,,,,,,,,,,,,,,
,,,168951808,30.23236083984375,23.632336461544035,0.9532353691756725,0.001,0.0036206727381795645,6635,0.30720977783203124,0.2,-0.029954702605027705,8.097139370441436,10.259601593017578,4.676889599999999e-05,0.033350606,0.375,-136.77537741408005,282.7395833333333
1289,1959,86213,168951808,,,,,,,,,,,,,,,,
,,,169082880,29.576019287109375,21.204448461532593,0.9561813063919544,0.001,0.0036229309625923634,6640,0.32015228271484375,0.2,-0.02911919070465956,8.04664314687252,8.770340919494629,4.657228799999999e-05,0.033423122,0.4270833333333333,-129.7824105338723,263.1979166666667
1290,1959,86280,169082880,,,,,,,,,,,,,,,,
,,,169213952,30.368749618530273,20.078411507606507,0.9585184268653393,0.001,0.0036226618103682995,6645,0.273077392578125,0.2,-0.029274808798800223,8.052633249759674,10.150391578674316,4.6375679999999996e-05,0.031799324,0.3958333333333333,-132.52828130809147,272.4166666666667
1291,1959,86347,169213952,,,,,,,,,,,,,,,,
,,,169345024,30.230396270751953,26.460875821113586,0.9457363598048687,0.001,0.003622632473707199,6650,0.2881011962890625,0.2,-0.030830622668145225,7.929155480861664,11.850728034973145,4.6179071999999996e-05,0.036813408,0.4791666666666667,-126.7054046351093,253.76041666666666
1292,1959,86414,169345024,,,,,,,,,,,,,,,,
,,,169476096,28.821226119995117,22.908895111083986,0.9530711024999619,0.001,0.003622045274823904,6655,0.3017120361328125,0.2,-0.0330694447766291,8.046692144870757,10.841484069824219,4.5982464e-05,0.03184177,0.4270833333333333,-129.3714426153517,272.8541666666667
1293,1959,86481,169476096,,,,,,,,,,,,,,,,
,,,169607168,30.09957504272461,26.958001720905305,0.9450554065406322,0.001,0.0036207041703164577,6660,0.270513916015625,0.2,-0.029440577265631873,7.983404874801636,13.593157768249512,4.5785856e-05,0.027661083,0.4166666666666667,-134.2582385025626,272.6458333333333
1294,1959,86549,169607168,,,,,,,,,,,,,,,,
,,,169738240,30.843807220458984,26.684187269210817,0.9467219337821007,0.001,0.0036194627173244953,6665,0.27563629150390623,0.2,-0.03125382114667445,7.959457722306252,11.511603355407715,4.5589248e-05,0.028892512,0.5625,-115.02433704942871,238.0
1295,1959,86617,169738240,,,,,,,,,,,,,,,,
,,,169869312,29.629947662353516,24.971602630615234,0.9465888291597366,0.001,0.0036198170855641365,6670,0.32498779296875,0.2,-0.02979302027670201,8.0978755235672,12.917991638183594,4.539264e-05,0.038159534,0.4583333333333333,-123.53161631340578,269.1875
1296,1959,86683,169869312,,,,,,,,,,,,,,,,
,,,170000384,30.372997283935547,24.46251291036606,0.9501933753490448,0.001,0.003620471339672804,6675,0.28814697265625,0.2,-0.033042089077935086,7.977822622656822,12.103290557861328,4.5196032000000007e-05,0.030594187,0.375,-137.03263362557428,284.0520833333333
1297,1959,86750,170000384,,,,,,,,,,,,,,,,
,,,170131456,28.260818481445312,26.196815693378447,0.9466990567743778,0.001,0.003621559590101242,6680,0.26159210205078126,0.2,-0.030936083641427102,8.064686173200608,10.002476692199707,4.499942400000001e-05,0.027281718,0.4583333333333333,-122.92987630206613,255.54166666666666
1298,1959,86817,170131456,,,,,,,,,,,,,,,,
,,,170262528,29.201702117919922,21.589192640781402,0.9547276310622692,0.001,0.0036239090841263533,6685,0.28616180419921877,0.2,-0.032750836298509965,8.059857201576232,9.363667488098145,4.480281600000001e-05,0.027898839,0.5833333333333334,-109.47643575686631,227.85416666666666
1299,1959,86885,170262528,,,,,,,,,,,,,,,,
,,,170393600,29.8950252532959,22.734377884864806,0.9539121985435486,0.001,0.0036255731247365475,6690,0.2730255126953125,0.2,-0.030782215889485088,7.993571078777313,10.203632354736328,4.460620800000001e-05,0.027351147,0.4895833333333333,-123.22161423534673,256.3541666666667
1300,1959,86952,170393600,,,,,,,,,,,,,,,,
,,,170524672,29.844573974609375,24.865579760074617,0.9502155929803848,0.001,0.003624942619353533,6695,0.27729339599609376,0.2,-0.03075806469132658,8.020030558109283,9.419706344604492,4.440960000000001e-05,0.0286072,0.5,-117.27186298756153,258.6354166666667
1301,1959,87020,170524672,,,,,,,,,,,,,,,,
,,,170655744,29.001646041870117,24.909270071983336,0.9458727203309536,0.001,0.0036240413319319487,6700,0.2694244384765625,0.2,-0.029151277334312907,8.035896435379982,14.840998649597168,4.421299199999998e-05,0.02757208,0.4583333333333333,-122.28380056786803,265.5104166666667
1302,1959,87087,170655744,,,,,,,,,,,,,,,,
,,,170786816,29.263790130615234,24.518382251262665,0.9484020285308361,0.001,0.0036232934799045324,6705,0.30430450439453127,0.2,-0.0295085259800544,8.01579653918743,10.965203285217285,4.4016383999999984e-05,0.031588193,0.4791666666666667,-124.89247964194867,261.375
1303,1959,87154,170786816,,,,,,,,,,,,,,,,
,,,170917888,28.520336151123047,26.02237401008606,0.9461201652884483,0.001,0.003622761694714427,6710,0.26189422607421875,0.2,-0.031140672785113566,8.086278176307678,12.218080520629883,4.3819775999999984e-05,0.026828539,0.53125,-111.85086292793126,245.79166666666666
1304,1959,87222,170917888,,,,,,,,,,,,,,,,
,,,171048960,30.673553466796875,24.736439561843873,0.9465902373194695,0.001,0.0036235160659998655,6715,0.2775787353515625,0.2,-0.028654931735945865,7.99473127424717,10.163740158081055,4.3623167999999985e-05,0.027846985,0.5104166666666666,-120.98301046128044,243.70833333333334
1305,1959,87288,171048960,,,,,,,,,,,,,,,,
,,,171180032,30.048904418945312,26.496542119979857,0.9441081248223782,0.001,0.0036238469183444977,6720,0.30028839111328126,0.2,-0.029797384230187164,8.020545956492423,11.652429580688477,4.3426559999999986e-05,0.02909012,0.5416666666666666,-111.23644586971375,242.46875
1306,1959,87355,171180032,,,,,,,,,,,,,,,,
,,,171311104,29.27975845336914,23.244036650657655,0.9478784538805485,0.001,0.0036219083704054356,6725,0.29897308349609375,0.2,-0.03098611633758992,7.957893058657646,10.534028053283691,4.322995199999999e-05,0.033380285,0.5729166666666666,-106.36395274339515,236.66666666666666
1307,1959,87420,171311104,,,,,,,,,,,,,,,,
,,,171442176,30.42226791381836,28.017317819595338,0.940606564283371,0.001,0.003621879033744335,6730,0.27056884765625,0.2,-0.03109266621468123,7.988170915842057,13.875276565551758,4.3033343999999994e-05,0.02755688,0.4479166666666667,-130.29399748284797,269.9895833333333
1308,1959,87487,171442176,,,,,,,,,,,,,,,,
,,,171573248,29.743545532226562,26.6855469584465,0.9448917210102081,0.001,0.0036212815903127193,6735,0.2549560546875,0.2,-0.02790828009310644,8.040924543142319,12.573344230651855,4.2836735999999994e-05,0.027642803,0.5520833333333334,-111.23864371160057,234.97916666666666
1309,1959,87552,171573248,,,,,,,,,,,,,,,,
,,,171704320,29.818981170654297,25.16524084806442,0.9472590312361717,0.001,0.003620848059654236,6740,0.26620330810546877,0.2,-0.03060982805909589,7.9848551750183105,11.917898178100586,4.2640127999999995e-05,0.025733005,0.4895833333333333,-126.06197713768029,257.5833333333333
1310,1959,87620,171704320,,,,,,,,,,,,,,,,
,,,171835392,28.323360443115234,26.00857448577881,0.9473892375826836,0.001,0.0036192969419062138,6745,0.2506805419921875,0.2,-0.029385773037211037,8.04130179286003,9.413904190063477,4.2443519999999996e-05,0.02853449,0.5,-119.78700644094006,250.64583333333334
1311,1959,87688,171835392,,,,,,,,,,,,,,,,
,,,171966464,30.427974700927734,26.408296477794647,0.9483169578015804,0.001,0.003618404967710376,6750,0.29065704345703125,0.2,-0.033132093126187104,7.988556483387947,12.514317512512207,4.2246911999999996e-05,0.0313661,0.4791666666666667,-118.64453089431231,243.69791666666666
1312,1959,87756,171966464,,,,,,,,,,,,,,,,
,,,172097536,30.93482208251953,27.272377598285676,0.9436306692659855,0.001,0.0036175488494336605,6755,0.28321685791015627,0.2,-0.03126744229812175,7.932800868153572,14.431344985961914,4.2050304000000004e-05,0.028437516,0.4375,-124.12618863411917,272.9270833333333
1313,1959,87822,172097536,,,,,,,,,,,,,,,,
,,,172228608,30.48335838317871,27.949351596832276,0.9386999867856503,0.001,0.003616704372689128,6760,0.27005615234375,0.2,-0.030930969509063287,7.955890238285065,11.144039154052734,4.1853696000000005e-05,0.025787335,0.4479166666666667,-128.16233603782402,264.625
1314,1959,87889,172228608,,,,,,,,,,,,,,,,
,,,172359680,31.216529846191406,26.339959275722503,0.9399328641593456,0.001,0.0036164741031825542,6765,0.31579742431640623,0.2,-0.029610529865021818,8.020073160529137,9.197168350219727,4.1657088000000005e-05,0.03605806,0.46875,-120.3934764169223,260.875
1315,1959,87956,172359680,,,,,,,,,,,,,,,,
,,,172490752,30.634231567382812,25.35388855934143,0.9508890621364117,0.001,0.003617031965404749,6770,0.25293731689453125,0.2,-0.02880102544440888,7.994803938269615,12.510716438293457,4.1460480000000006e-05,0.026520729,0.3645833333333333,-139.24197115805734,286.15625
1316,1959,88024,172490752,,,,,,,,,,,,,,,,
,,,172621824,30.306346893310547,28.607662987709045,0.9403286352753639,0.001,0.0036170831881463528,6775,0.2671905517578125,0.2,-0.03065375600999687,8.000460964441299,13.676292419433594,4.1263872000000007e-05,0.026968583,0.4270833333333333,-131.32007935679488,266.7604166666667
1317,1959,88091,172621824,,,,,,,,,,,,,,,,
,,,172752896,30.70174789428711,22.08899962902069,0.955090157687664,0.001,0.003617540467530489,6780,0.2662200927734375,0.2,-0.028626247291686013,7.892373335361481,10.21963882446289,4.1067264000000014e-05,0.0252615,0.4166666666666667,-129.45821731374886,266.3645833333333
1318,1959,88158,172752896,,,,,,,,,,,,,,,,
,,,172883968,30.13404083251953,27.075066637992858,0.9458075948059559,0.001,0.0036158885341137648,6785,0.27699127197265627,0.2,-0.029903725265467074,7.974015641212463,11.972671508789062,4.0870656000000015e-05,0.031037865,0.4791666666666667,-121.56829032273515,245.82291666666666
1319,1959,88224,172883968,,,,,,,,,,,,,,,,
,,,173015040,30.54335594177246,23.93950973749161,0.9464562311768532,0.001,0.0036127909552305937,6790,0.28607330322265623,0.2,-0.03155391522668651,8.011068364977836,9.098145484924316,4.067404799999998e-05,0.031557526,0.46875,-124.02844734183516,255.29166666666666
1320,1959,88291,173015040,,,,,,,,,,,,,,,,
,,,173146112,29.514419555664062,22.8003191947937,0.9531231187283993,0.001,0.0036123485770076513,6795,0.26317596435546875,0.2,-0.02895464951870963,7.937298512458801,10.885330200195312,4.047743999999998e-05,0.028434936,0.4583333333333333,-128.4208050184566,266.4270833333333
1321,1959,88357,173146112,,,,,,,,,,,,,,,,
,,,173277184,31.91493797302246,26.68863219022751,0.9449883513152599,0.001,0.0036122966557741165,6800,0.27394561767578124,0.2,-0.03072411349567119,7.985305297374725,15.329397201538086,4.028083199999998e-05,0.029594548,0.4375,-124.00628049162874,273.7708333333333
1322,1959,88425,173277184,,,,,,,,,,,,,,,,
,,,173408256,31.634315490722656,30.98810819387436,0.9333504512906075,0.001,0.0036129485815763474,6805,0.245941162109375,0.2,-0.02937007087166421,7.986348709464073,12.448515892028809,4.008422399999999e-05,0.024589958,0.4375,-122.49654850886031,264.6041666666667
1323,1959,88491,173408256,,,,,,,,,,,,,,,,
,,,173539328,30.982479095458984,26.80708066225052,0.9435829408466816,0.001,0.003611438674852252,6810,0.27723846435546873,0.2,-0.02908814364054706,7.90425560772419,11.279662132263184,3.988761599999999e-05,0.027523965,0.5104166666666666,-113.98030399954592,251.58333333333334
1324,1959,88560,173539328,,,,,,,,,,,,,,,,
,,,173670400,31.131683349609375,27.90278707742691,0.9421106986701488,0.001,0.003611720632761717,6815,0.27783050537109377,0.2,-0.027399785720626825,8.030606952309608,12.162591934204102,3.969100799999999e-05,0.028242901,0.53125,-117.3357626778532,246.11458333333334
1325,1959,88627,173670400,,,,,,,,,,,,,,,,
,,,173801472,30.114971160888672,23.43696254491806,0.9483250603079796,0.001,0.003612296422943473,6820,0.28986663818359376,0.2,-0.03050779073528247,8.10814789533615,10.191555976867676,3.949439999999999e-05,0.029766137,0.5,-119.06853033599741,255.44791666666666
1326,1959,88694,173801472,,,,,,,,,,,,,,,,
,,,173932544,31.60470199584961,21.894878870248796,0.9503647983074188,0.001,0.003611456137150526,6825,0.27732391357421876,0.2,-0.03227718464331701,8.012446677684784,11.13667106628418,3.929779199999999e-05,0.02676785,0.4791666666666667,-120.55195852374754,251.90625
1327,1959,88761,173932544,,,,,,,,,,,,,,,,
,,,174063616,30.14307403564453,28.39468410015106,0.939955335110426,0.001,0.003612333908677101,6830,0.2631988525390625,0.2,-0.030018160167674068,8.03334578871727,12.569426536560059,3.9101183999999994e-05,0.026293417,0.34375,-141.26323689794523,287.7083333333333
1328,1959,88829,174063616,,,,,,,,,,,,,,,,
,,,174194688,30.553096771240234,24.12695429325104,0.9495200701057911,0.001,0.00361194321885705,6835,0.29417877197265624,0.2,-0.032561441551661116,8.077181351184844,11.866212844848633,3.8904576e-05,0.031558458,0.4791666666666667,-117.78164145667678,257.0208333333333
1329,1959,88895,174194688,,,,,,,,,,,,,,,,
,,,174325760,30.299571990966797,24.358831799030305,0.9473627284169197,0.001,0.0036115720868110657,6840,0.247698974609375,0.2,-0.031320097636489665,8.020060324668885,8.570603370666504,3.8707968e-05,0.025725339,0.4791666666666667,-122.31897413224563,246.25
1330,1959,88962,174325760,,,,,,,,,,,,,,,,
,,,174456832,30.948467254638672,22.560383212566375,0.948785912245512,0.001,0.0036132968962192535,6845,0.2570220947265625,0.2,-0.029235005493683276,7.923388734459877,10.001945495605469,3.851136e-05,0.023991553,0.5208333333333334,-119.98615217994895,245.84375
1331,1959,89029,174456832,,,,,,,,,,,,,,,,
,,,174587904,31.127620697021484,27.88000111579895,0.9394504614174366,0.001,0.0036136992275714874,6850,0.26858673095703123,0.2,-0.026924321352271362,8.070541167259217,13.069432258605957,3.8314752e-05,0.029232688,0.4895833333333333,-117.5694665626864,259.09375
1332,1959,89096,174587904,,,,,,,,,,,,,,,,
,,,174718976,31.452695846557617,22.98415858745575,0.9478222690522671,0.001,0.0036128899082541466,6855,0.27505035400390626,0.2,-0.029572768416255713,7.985046151280403,10.589021682739258,3.8118144000000004e-05,0.0304748,0.5833333333333334,-107.5128215187769,222.1875
1333,1959,89164,174718976,,,,,,,,,,,,,,,,
,,,174850048,30.8294677734375,24.98585126399994,0.9462801329791546,0.001,0.003611472202464938,6860,0.28081207275390624,0.2,-0.028988134168321265,7.993507888913155,11.018912315368652,3.7921536000000005e-05,0.027019132,0.4375,-128.47984712785117,270.8229166666667
1334,1959,89231,174850048,,,,,,,,,,,,,,,,
,,,174981120,29.971206665039062,26.00258537530899,0.9437648542225361,0.001,0.003612793516367674,6865,0.275860595703125,0.2,-0.02927498283679597,8.041075092554092,12.028688430786133,3.772492800000001e-05,0.027660105,0.5,-123.60033669276066,252.57291666666666
1335,1959,89299,174981120,,,,,,,,,,,,,,,,
,,,175112192,31.520965576171875,22.3450841486454,0.9517287611961365,0.001,0.003611644497141242,6870,0.246051025390625,0.2,-0.027437198854750024,7.959902241826057,12.00578784942627,3.752832000000001e-05,0.026261944,0.4895833333333333,-123.0465590459615,266.0520833333333
1336,1959,89366,175112192,,,,,,,,,,,,,,,,
,,,175243264,31.655269622802734,26.79762715101242,0.9475394487380981,0.001,0.0036127418279647827,6875,0.27169189453125,0.2,-0.029422837682068347,7.993870595097542,13.040876388549805,3.733171199999998e-05,0.02728388,0.3958333333333333,-137.26115796369524,277.3020833333333
1337,1959,89434,175243264,,,,,,,,,,,,,,,,
,,,175374336,31.30640983581543,25.237925553321837,0.9466866180300713,0.001,0.0036119623109698296,6880,0.26289520263671873,0.2,-0.029116829040867744,7.998228144645691,12.071443557739258,3.713510399999998e-05,0.031738065,0.46875,-122.84580206862812,262.8125
1338,1959,89500,175374336,,,,,,,,,,,,,,,,
,,,175505408,31.4866943359375,25.29996838569641,0.9467947073280811,0.001,0.003612562781199813,6885,0.27758941650390623,0.2,-0.03033395227685105,8.07489309310913,12.570255279541016,3.693849599999998e-05,0.027458578,0.5,-125.89309443065201,250.58333333333334
1339,1959,89568,175505408,,,,,,,,,,,,,,,,
,,,175636480,32.01046371459961,22.965466809272765,0.9528141282498837,0.001,0.0036111827939748764,6890,0.27511749267578123,0.2,-0.02986715517617995,7.996803605556488,9.865743637084961,3.674188799999999e-05,0.028553214,0.5,-119.63104000540454,255.3125
1340,1959,89635,175636480,,,,,,,,,,,,,,,,
,,,175767552,32.2005729675293,29.78726593255997,0.9382494315505028,0.001,0.003611430060118437,6895,0.25621185302734373,0.2,-0.027832451199356,7.934996351599693,13.12735366821289,3.654527999999999e-05,0.023088712,0.46875,-122.68067886613612,261.15625
1341,1959,89702,175767552,,,,,,,,,,,,,,,,
,,,175898624,30.6805477142334,23.835596644878386,0.9509690068662167,0.001,0.0036133367102593184,6900,0.278961181640625,0.2,-0.02967136988445418,7.9821094393730165,10.793281555175781,3.634867199999999e-05,0.030707477,0.5729166666666666,-107.62254345519331,226.65625
1342,1959,89769,175898624,,,,,,,,,,,,,,,,
,,,176029696,31.158218383789062,28.113203847408293,0.9390612840652466,0.001,0.0036141767632216215,6905,0.26102294921875,0.2,-0.028956070548156278,8.0259263753891,14.236462593078613,3.615206399999999e-05,0.02657732,0.375,-139.74440258051328,286.9895833333333
1343,1959,89836,176029696,,,,,,,,,,,,,,,,
,,,176160768,32.231689453125,25.555768978595733,0.943800937384367,0.001,0.003614814020693302,6910,0.28348846435546876,0.2,-0.031707856882712805,8.056709584593772,10.035677909851074,3.595545599999999e-05,0.028772302,0.4895833333333333,-120.71753422360769,258.1145833333333
1344,1959,89903,176160768,,,,,,,,,,,,,,,,
,,,176291840,31.350723266601562,27.37707476615906,0.9447026364505291,0.001,0.003613552777096629,6915,0.26117706298828125,0.2,-0.030178331161732786,7.961205878853798,11.446882247924805,3.5758848e-05,0.027456213,0.4270833333333333,-130.89393150590624,275.6458333333333
1345,1959,89971,176291840,,,,,,,,,,,,,,,,
,,,176422912,31.434280395507812,22.0034050822258,0.9491729736328125,0.001,0.0036165770143270493,6920,0.26628570556640624,0.2,-0.03071780986210797,8.083999735116958,11.47874927520752,3.556224e-05,0.027733628,0.4270833333333333,-126.27346153105007,259.46875
1346,1959,90038,176422912,,,,,,,,,,,,,,,,
,,,176553984,30.070354461669922,26.977286052703857,0.9403798878192902,0.001,0.0036170538514852524,6925,0.28331756591796875,0.2,-0.028725229867268352,8.05848070383072,11.511667251586914,3.5365632e-05,0.028434008,0.5,-121.24838373015326,250.75
1347,1959,90104,176553984,,,,,,,,,,,,,,,,
,,,176685056,31.681102752685547,26.514884173870087,0.9455061331391335,0.001,0.0036173402331769466,6930,0.2708984375,0.2,-0.027311952674062924,7.9772223949432375,12.078226089477539,3.5169024e-05,0.029810695,0.4375,-126.52054525995557,263.0729166666667
1348,1959,90169,176685056,,,,,,,,,,,,,,,,
,,,176816128,32.45624542236328,23.942755115032195,0.9470503367483616,0.001,0.0036163274198770523,6935,0.2648681640625,0.2,-0.029278445517411454,8.042257726192474,11.223645210266113,3.4972416e-05,0.02706575,0.4479166666666667,-127.8011355928503,265.78125
1349,1959,90236,176816128,,,,,,,,,,,,,,,,
,,,176947200,30.863739013671875,21.754771292209625,0.957286674529314,0.001,0.003616632893681526,6940,0.2702667236328125,0.2,-0.030880676994274835,7.952361065149307,8.172937393188477,3.4775808e-05,0.025138024,0.5416666666666666,-115.42167241218506,244.5
1350,1959,90302,176947200,,,,,,,,,,,,,,,,
,,,177078272,31.566925048828125,28.781345462799074,0.9418353848159313,0.001,0.0036161323077976704,6945,0.29214935302734374,0.2,-0.032945999833464155,8.028515961766242,14.36677074432373,3.457920000000001e-05,0.030943006,0.5104166666666666,-117.20533931522966,248.57291666666666
1351,1959,90369,177078272,,,,,,,,,,,,,,,,
,,,177209344,32.34565353393555,26.153998529911043,0.9485202319920063,0.001,0.0036173544358462095,6950,0.27148590087890623,0.2,-0.030852664112171625,8.024547484517097,12.095815658569336,3.438259200000001e-05,0.027519396,0.4270833333333333,-127.34964026441718,268.15625
1352,1959,90436,177209344,,,,,,,,,,,,,,,,
,,,177340416,31.126113891601562,26.35847544670105,0.9466660656034946,0.001,0.003617602866142988,6955,0.26832733154296873,0.2,-0.028344268587534315,8.089577287435532,13.055084228515625,3.418598400000001e-05,0.02621939,0.4375,-123.16706057284183,257.5
1353,1959,90503,177340416,,,,,,,,,,,,,,,,
,,,177471488,30.670629501342773,23.455033206939696,0.9477607943117619,0.001,0.0036188550293445587,6960,0.29585723876953124,0.2,-0.031077457350329497,8.022109889984131,10.503067970275879,3.398937600000001e-05,0.030654207,0.5,-115.8340450356343,258.6354166666667
1354,1959,90571,177471488,,,,,,,,,,,,,,,,
,,,177602560,30.973403930664062,27.796066570281983,0.9438725672662258,0.001,0.003619115799665451,6965,0.26529998779296876,0.2,-0.028681544621940704,7.945475015044212,12.018158912658691,3.379276799999998e-05,0.028293634,0.4791666666666667,-124.6859439770498,257.2395833333333
1355,1959,90637,177602560,,,,,,,,,,,,,,,,
,,,177733632,30.89362335205078,26.007551443576812,0.9442689716815948,0.001,0.003619109746068716,6970,0.26164093017578127,0.2,-0.029645124537637457,8.068837386369704,11.990506172180176,3.3596159999999986e-05,0.023902874,0.4895833333333333,-119.78334406277696,250.17708333333334
1356,1959,90705,177733632,,,,,,,,,,,,,,,,
,,,177864704,31.714542388916016,29.55833605527878,0.938622310757637,0.001,0.0036190184764564037,6975,0.26501922607421874,0.2,-0.03029705139924772,7.960912412405014,13.51399040222168,3.3399551999999986e-05,0.027098686,0.53125,-110.89666070529086,248.65625
1357,1959,90771,177864704,,,,,,,,,,,,,,,,
,,,177995776,31.719554901123047,26.039174568653106,0.9462862499058247,0.001,0.003619167720898986,6980,0.23899383544921876,0.2,-0.028233222448034213,7.959738081693649,10.792859077453613,3.320294399999999e-05,0.024244823,0.3958333333333333,-128.42974171045876,269.90625
1358,1959,90838,177995776,,,,,,,,,,,,,,,,
,,,178126848,32.51121139526367,23.399636471271513,0.9471091814339161,0.001,0.0036202305927872658,6985,0.26307373046875,0.2,-0.028813677158905194,7.940258637070656,11.060676574707031,3.300633599999999e-05,0.026329335,0.5,-115.2440003636861,250.94791666666666
1359,1959,90905,178126848,,,,,,,,,,,,,,,,
,,,178257920,32.26819610595703,22.29156050682068,0.9549484141170979,0.001,0.0036190664395689964,6990,0.2646636962890625,0.2,-0.032424199271190446,7.9492111027240755,11.084661483764648,3.280972799999999e-05,0.02829748,0.4375,-125.81979880388788,270.375
1360,1959,90972,178257920,,,,,,,,,,,,,,,,
,,,178388992,31.700374603271484,20.85830995440483,0.955383837223053,0.001,0.0036187106743454933,6995,0.268316650390625,0.2,-0.03245344310707878,7.985209277272224,10.563005447387695,3.2613119999999996e-05,0.02638724,0.4583333333333333,-124.62447516260136,252.61458333333334
1361,1959,91039,178388992,,,,,,,,,,,,,,,,
,,,178520064,31.046184539794922,26.168215215206146,0.9457939155399799,0.001,0.0036182194016873837,7000,0.24179229736328126,0.2,-0.02793436528008897,7.985428872704506,13.307558059692383,3.2416511999999997e-05,0.023069464,0.3645833333333333,-138.81284200520597,281.71875
1362,1959,91106,178520064,,,,,,,,,,,,,,,,
,,,178651136,31.216711044311523,28.919849467277526,0.9367147386074066,0.001,0.0036171588581055403,7005,0.2548736572265625,0.2,-0.02924789725802839,8.047521802783013,13.287118911743164,3.2219904e-05,0.025283076,0.4791666666666667,-117.0341687585058,263.3645833333333
1363,1959,91173,178651136,,,,,,,,,,,,,,,,
,,,178782208,31.4997615814209,25.63210746049881,0.9431521482765675,0.001,0.003616856411099434,7010,0.24422149658203124,0.2,-0.029580661331419834,7.958679223060608,11.450983047485352,3.2023296e-05,0.02528401,0.3958333333333333,-134.52798642026298,277.1666666666667
1364,1959,91241,178782208,,,,,,,,,,,,,,,,
,,,178913280,31.163101196289062,25.271183025836944,0.9443139135837555,0.001,0.0036167618818581104,7015,0.25055999755859376,0.2,-0.030275122830062173,8.010415425896644,12.988302230834961,3.1826688e-05,0.026824534,0.4583333333333333,-129.96735123637757,266.8854166666667
1365,1959,91307,178913280,,,,,,,,,,,,,,,,
,,,179044352,32.44062805175781,28.641552543640138,0.9351242929697037,0.001,0.0036180689930915833,7020,0.26842803955078126,0.2,-0.030376177886500953,7.918431195616722,12.120146751403809,3.163008e-05,0.02709778,0.4583333333333333,-124.05228274978022,260.1666666666667
1366,1959,91374,179044352,,,,,,,,,,,,,,,,
,,,179175424,31.40350914001465,26.876962018013,0.9431198798120022,0.001,0.0036172750405967236,7025,0.2389434814453125,0.2,-0.02747566426260164,7.959461185336113,14.815098762512207,3.143347200000001e-05,0.026057608,0.5208333333333334,-115.0052597889113,249.5
1367,1959,91441,179175424,,,,,,,,,,,,,,,,
,,,179306496,30.70113754272461,24.514818048477174,0.9420638829469681,0.001,0.0036166775971651077,7030,0.25882415771484374,0.2,-0.027733372604416218,8.048735082149506,9.56761646270752,3.123686400000001e-05,0.025050446,0.4791666666666667,-122.99255695323662,251.46875
1368,1959,91509,179306496,,,,,,,,,,,,,,,,
,,,179437568,32.21437072753906,27.24753189086914,0.9432212933897972,0.001,0.003617675742134452,7035,0.24927978515625,0.2,-0.029339898360194638,7.978451445698738,14.16798210144043,3.104025600000001e-05,0.023593888,0.4895833333333333,-119.95752145206883,247.40625
1369,1959,91576,179437568,,,,,,,,,,,,,,,,
,,,179568640,33.25403594970703,24.084353983402252,0.9457597509026527,0.001,0.003617191221565008,7040,0.25977783203125,0.2,-0.029830873452010565,7.94887098968029,10.224930763244629,3.084364800000001e-05,0.024808075,0.53125,-111.55316248772806,252.26041666666666
1370,1959,91642,179568640,,,,,,,,,,,,,,,,
,,,179699712,31.2305908203125,30.154926812648775,0.9315404966473579,0.001,0.0036188452504575253,7045,0.27951507568359374,0.2,-0.030364391951297875,7.946003875136375,20.28890609741211,3.064704000000001e-05,0.032574195,0.5625,-108.89123365019164,220.03125
1371,1959,91709,179699712,,,,,,,,,,,,,,,,
,,,179830784,32.13471984863281,27.341341865062713,0.9411234557628632,0.001,0.0036185309290885925,7050,0.26644287109375,0.2,-0.030579833616502582,7.970612087845803,16.073976516723633,3.0450432000000013e-05,0.025983384,0.4583333333333333,-124.79434100238552,253.45833333333334
1372,1959,91776,179830784,,,,,,,,,,,,,,,,
,,,179961856,33.487178802490234,24.453807854652403,0.9474753141403198,0.001,0.0036194785498082638,7055,0.24979705810546876,0.2,-0.029244982739328407,7.907034656405449,12.431218147277832,3.0253823999999984e-05,0.026446138,0.5208333333333334,-120.66865411775397,248.625
1373,1959,91842,179961856,,,,,,,,,,,,,,,,
,,,180092928,33.07025909423828,23.939909839630126,0.9476960524916649,0.001,0.0036189164966344833,7060,0.23782196044921874,0.2,-0.02743733790848637,7.859205275774002,9.473220825195312,3.0057215999999984e-05,0.024002776,0.5416666666666666,-118.84032114700729,244.13541666666666
1374,1959,91910,180092928,,,,,,,,,,,,,,,,
,,,180224000,32.89257049560547,25.56976878643036,0.9451479203999043,0.001,0.0036198263987898827,7065,0.26754913330078123,0.2,-0.030646818374225403,7.896235942840576,15.202731132507324,2.9860607999999985e-05,0.026058096,0.46875,-131.69921979154586,260.53125
1375,1959,91977,180224000,,,,,,,,,,,,,,,,
,,,180355072,31.732046127319336,24.74671769142151,0.9440464042127132,0.001,0.0036193723790347576,7070,0.2435211181640625,0.2,-0.02907004521402996,7.954307478666306,9.09166145324707,2.966399999999999e-05,0.024976546,0.5,-119.44777269969786,258.96875
1376,1959,92044,180355072,,,,,,,,,,,,,,,,
,,,180486144,32.097625732421875,22.449457943439484,0.9474716931581497,0.001,0.0036190333776175976,7075,0.26793670654296875,0.2,-0.03138681099808309,7.9968354314565655,11.400979995727539,2.946739199999999e-05,0.027597759,0.5,-125.68493067888271,253.22916666666666
1377,1959,92112,180486144,,,,,,,,,,,,,,,,
,,,180617216,33.21211242675781,24.485136842727663,0.9515793286263943,0.001,0.0036193772684782743,7080,0.24047393798828126,0.2,-0.028187038272153585,7.962624269723892,11.884974479675293,2.927078399999999e-05,0.02223777,0.4166666666666667,-128.3215441093184,262.6666666666667
1378,1959,92179,180617216,,,,,,,,,,,,,,,,
,,,180748288,32.21106719970703,25.10188822746277,0.9453696124255657,0.001,0.003619296010583639,7085,0.27171173095703127,0.2,-0.029681725277623628,8.001112505793571,10.793072700500488,2.9074175999999994e-05,0.026519913,0.5,-118.57899879799271,250.17708333333334
1379,1959,92246,180748288,,,,,,,,,,,,,,,,
,,,180879360,32.388526916503906,23.640238761901855,0.9484970755875111,0.001,0.0036202198825776577,7090,0.25381011962890626,0.2,-0.02890081495133927,7.908294761180878,10.687687873840332,2.8877567999999995e-05,0.024773063,0.5,-120.92726974390503,266.875
1380,1959,92314,180879360,,,,,,,,,,,,,,,,
,,,181010432,33.15196228027344,24.509605717658996,0.9515350796282291,0.001,0.0036213963758200407,7095,0.25088958740234374,0.2,-0.02897886580321938,7.860277843475342,13.636825561523438,2.8680959999999996e-05,0.02558579,0.5104166666666666,-117.25598085886047,244.22916666666666
1381,1959,92381,181010432,,,,,,,,,,,,,,,,
,,,181141504,33.112762451171875,27.98418025970459,0.9416447803378105,0.001,0.0036225575022399426,7100,0.23612213134765625,0.2,-0.026691167015087558,7.871235725283623,13.03957748413086,2.8484352e-05,0.02150708,0.4375,-128.26884361249222,268.6041666666667
1382,1959,92448,181141504,,,,,,,,,,,,,,,,
,,,181272576,31.706783294677734,27.586193287372588,0.943665649741888,0.001,0.0036242760252207518,7105,0.24506378173828125,0.2,-0.031214585580164565,7.957758587598801,11.78699016571045,2.8287744e-05,0.023790019,0.5104166666666666,-120.12499377622551,243.8125
1383,1959,92514,181272576,,,,,,,,,,,,,,,,
,,,181403648,31.674842834472656,27.210989117622375,0.9441159665584564,0.001,0.003625254612416029,7110,0.26501617431640623,0.2,-0.029606481370865367,7.940799131989479,12.60089111328125,2.8091136000000005e-05,0.026631173,0.53125,-115.44492853502685,249.14583333333334
1384,1959,92581,181403648,,,,,,,,,,,,,,,,
,,,181534720,31.805837631225586,20.09267128109932,0.9565440267324448,0.001,0.0036260406486690044,7115,0.24954681396484374,0.2,-0.029529247646860313,7.947689580917358,9.666266441345215,2.7894528000000005e-05,0.02450949,0.4895833333333333,-124.04294524648594,238.05208333333334
1385,1959,92648,181534720,,,,,,,,,,,,,,,,
,,,181665792,31.61568832397461,22.746039867401123,0.9552266597747803,0.001,0.0036253524012863636,7120,0.24425811767578126,0.2,-0.027590691612567754,7.962155747413635,11.498412132263184,2.7697920000000006e-05,0.024014132,0.4583333333333333,-128.949701624585,248.67708333333334
1386,1959,92715,181665792,,,,,,,,,,,,,,,,
,,,181796864,32.27574157714844,27.58032169342041,0.9440204575657845,0.001,0.0036262469366192818,7125,0.26050262451171874,0.2,-0.029254400005447677,7.944070500135422,14.183860778808594,2.750131200000001e-05,0.02543971,0.5520833333333334,-111.38730004953887,237.42708333333334
1387,1959,92782,181796864,,,,,,,,,,,,,,,,
,,,181927936,31.256271362304688,26.70225374698639,0.9451928697526455,0.001,0.0036267824470996857,7130,0.24008636474609374,0.2,-0.028913580616062973,7.957888370752334,10.21263599395752,2.730470400000001e-05,0.023776148,0.5208333333333334,-117.94194721657084,238.07291666666666
1388,1959,92850,181927936,,,,,,,,,,,,,,,,
,,,182059008,32.600791931152344,28.497098171710967,0.9418257065117359,0.001,0.003627580124884844,7135,0.2555572509765625,0.2,-0.030161381886864548,7.906061944365502,12.69597339630127,2.710809600000001e-05,0.021977417,0.4895833333333333,-124.74013671992566,250.60416666666666
1389,1959,92915,182059008,,,,,,,,,,,,,,,,
,,,182190080,30.861602783203125,23.903725719451906,0.947917778044939,0.001,0.0036276772152632475,7140,0.22397003173828126,0.2,-0.02698626691708341,7.9623328894376755,9.790696144104004,2.691148799999998e-05,0.021810446,0.4479166666666667,-121.61211804221551,264.3958333333333
1390,1959,92982,182190080,,,,,,,,,,,,,,,,
,,,182321152,31.215070724487305,28.40820105075836,0.9438605196774006,0.001,0.0036293496377766132,7145,0.251959228515625,0.2,-0.02858469140192028,7.894826751947403,14.332223892211914,2.6714879999999982e-05,0.023491204,0.4583333333333333,-127.87873128411684,254.78125
1391,1959,93049,182321152,,,,,,,,,,,,,,,,
,,,182452224,31.840415954589844,22.671194326877593,0.9552762173116207,0.001,0.00362933031283319,7150,0.23966217041015625,0.2,-0.028644733493274545,7.846903553605079,13.091849327087402,2.6518271999999986e-05,0.024765786,0.46875,-121.38324363682496,265.28125
1392,1959,93116,182452224,,,,,,,,,,,,,,,,
,,,182583296,31.005577087402344,24.273186409473418,0.951172225177288,0.001,0.003628513542935252,7155,0.255377197265625,0.2,-0.029641884901502637,7.909062004089355,11.821610450744629,2.6321663999999987e-05,0.025416717,0.4479166666666667,-125.92437353753013,264.3958333333333
1393,1959,93183,182583296,,,,,,,,,,,,,,,,
,,,182714368,32.455806732177734,22.125676000118254,0.9535173736512661,0.001,0.003629676066339016,7160,0.24302520751953124,0.2,-0.029223328939406202,7.825840017199516,11.353252410888672,2.6125055999999988e-05,0.025997292,0.4583333333333333,-119.85721056747884,253.83333333333334
1394,1959,93251,182714368,,,,,,,,,,,,,,,,
,,,182845440,32.96015167236328,27.969763886928558,0.9440554045140743,0.001,0.0036288276314735413,7165,0.227142333984375,0.2,-0.027559514291351662,7.909632742404938,12.83823013305664,2.5928447999999992e-05,0.022246752,0.375,-138.8890984178621,287.0625
1395,1959,93318,182845440,,,,,,,,,,,,,,,,
,,,182976512,30.59234619140625,24.621688270568846,0.9487820640206337,0.001,0.003629780374467373,7170,0.24182586669921874,0.2,-0.027232231489324476,7.964445108175278,11.730219841003418,2.5731839999999992e-05,0.0243072,0.5625,-112.85533775596217,235.60416666666666
1396,1959,93385,182976512,,,,,,,,,,,,,,,,
,,,183107584,31.87936782836914,25.125375175476073,0.9506201818585396,0.001,0.0036290804855525494,7175,0.2257049560546875,0.2,-0.028557580453343688,7.898035618662834,11.535035133361816,2.5535231999999993e-05,0.023257634,0.5,-125.80654071030438,255.09375
1397,1959,93450,183107584,,,,,,,,,,,,,,,,
,,,183238656,31.882720947265625,26.328621661663057,0.9481554962694645,0.001,0.003627588041126728,7180,0.24675445556640624,0.2,-0.03204375253844773,7.934629002213478,10.666061401367188,2.5338623999999997e-05,0.024125524,0.5104166666666666,-114.46165336086746,249.65625
1398,1959,93518,183238656,,,,,,,,,,,,,,,,
,,,183369728,32.30158233642578,21.904055261611937,0.9556329511106014,0.001,0.003628462553024292,7185,0.2318634033203125,0.2,-0.027413611428346484,7.854622086882591,10.173613548278809,2.5142015999999998e-05,0.024445547,0.4895833333333333,-119.1774935359977,261.6979166666667
1399,1959,93584,183369728,,,,,,,,,,,,,,,,
,,,183500800,32.08929443359375,27.94043356180191,0.9418070949614048,0.001,0.0036300725769251585,7190,0.24470062255859376,0.2,-0.028226456425181824,7.9291592061519625,12.140156745910645,2.4945408e-05,0.022771105,0.5,-117.93868000982103,239.55208333333334
1400,1959,93650,183500800,,,,,,,,,,,,,,,,
,,,183631872,31.044113159179688,28.23657795190811,0.9384211599826813,0.001,0.0036306590773165226,7195,0.2259735107421875,0.2,-0.027764927755924873,7.967737275362015,12.677791595458984,2.4748800000000003e-05,0.023629243,0.5,-117.5864492287326,253.46875
1401,1959,93718,183631872,,,,,,,,,,,,,,,,
,,,183762944,31.921630859375,22.340461349487306,0.95536332949996,0.001,0.003631188068538904,7200,0.24543304443359376,0.2,-0.030189893988426773,7.85545254945755,9.617387771606445,2.4552192000000003e-05,0.02289017,0.4270833333333333,-126.39195567206099,264.6666666666667
1402,1959,93785,183762944,,,,,,,,,,,,,,,,
,,,183894016,32.15733337402344,23.940669906139373,0.9533127211034298,0.001,0.003632119856774807,7205,0.24554443359375,0.2,-0.02980514271912398,7.876872560381889,10.170042037963867,2.4355584000000007e-05,0.022419484,0.5416666666666666,-117.43006831783403,238.17708333333334
1403,1959,93853,183894016,,,,,,,,,,,,,,,,
,,,184025088,31.487478256225586,27.31874303817749,0.9462194629013538,0.001,0.0036316141486167908,7210,0.23090667724609376,0.2,-0.029261043430597055,7.871195343136788,15.298694610595703,2.4158976000000008e-05,0.022533601,0.6041666666666666,-110.53770162001054,225.71875
1404,1959,93919,184025088,,,,,,,,,,,,,,,,
,,,184156160,32.441551208496094,31.196897506713867,0.9381203092634678,0.001,0.0036322190426290035,7215,0.225079345703125,0.2,-0.026418261205253656,7.871565136313438,16.005645751953125,2.396236800000001e-05,0.020780839,0.53125,-118.57099552414117,234.82291666666666
1405,1959,93986,184156160,,,,,,,,,,,,,,,,
,,,184287232,31.108755111694336,28.81373736858368,0.9461502954363823,0.001,0.003632582724094391,7220,0.229248046875,0.2,-0.02801982665405376,7.873555123806,10.934053421020508,2.3765760000000013e-05,0.021674687,0.4895833333333333,-121.67323491562861,237.53125
1406,1959,94053,184287232,,,,,,,,,,,,,,,,
,,,184418304,32.60089874267578,24.674024367332457,0.9502139687538147,0.001,0.003633150365203619,7225,0.21747589111328125,0.2,-0.02767538925691042,7.907954153418541,13.002713203430176,2.3569152000000014e-05,0.020525161,0.5208333333333334,-115.80281303741681,245.64583333333334
1407,1959,94118,184418304,,,,,,,,,,,,,,,,
,,,184549376,31.853240966796875,25.44204683303833,0.9505023509263992,0.001,0.0036348968278616667,7230,0.2279083251953125,0.2,-0.028019932951428926,7.882769599556923,10.915021896362305,2.337254399999998e-05,0.02052111,0.5729166666666666,-106.19051556607239,240.13541666666666
1408,1959,94185,184549376,,,,,,,,,,,,,,,,
,,,184680448,31.873098373413086,28.542753887176513,0.9369641989469528,0.001,0.003635241650044918,7235,0.2269561767578125,0.2,-0.029375050905218813,7.827908897399903,12.42072582244873,2.3175935999999984e-05,0.02074461,0.4895833333333333,-118.91994195867987,251.05208333333334
1409,1959,94251,184680448,,,,,,,,,,,,,,,,
,,,184811520,31.158172607421875,25.600514554977416,0.9483958631753922,0.001,0.0036348020657896996,7240,0.24658050537109374,0.2,-0.028778194084588905,7.812664499878883,13.253866195678711,2.2979327999999985e-05,0.023449099,0.5833333333333334,-106.71273736862645,224.20833333333334
1410,1959,94317,184811520,,,,,,,,,,,,,,,,
,,,184942592,31.85333251953125,24.745058763027192,0.9495068080723286,0.001,0.003633457003161311,7245,0.23005523681640624,0.2,-0.02809397630044259,7.892633098363876,13.439814567565918,2.278271999999999e-05,0.021820448,0.4895833333333333,-121.35985905378361,257.3229166666667
1411,1959,94383,184942592,,,,,,,,,,,,,,,,
,,,185073664,32.802772521972656,24.501604104042052,0.9506577476859093,0.001,0.003633857471868396,7250,0.21971435546875,0.2,-0.02789139843371231,7.7753185600042345,12.887301445007324,2.258611199999999e-05,0.021143664,0.5208333333333334,-114.49911915568781,238.96875
1412,1959,94449,185073664,,,,,,,,,,,,,,,,
,,,185204736,32.23694610595703,26.075970578193665,0.9468877837061882,0.001,0.003633284941315651,7255,0.2560516357421875,0.2,-0.027545368234859778,7.923585680127144,13.844636917114258,2.238950399999999e-05,0.026655933,0.4895833333333333,-122.22062519118494,268.25
1413,1959,94516,185204736,,,,,,,,,,,,,,,,
,,,185335808,32.81092834472656,27.204509139060974,0.9407645091414452,0.001,0.0036331440787762403,7260,0.214190673828125,0.2,-0.02825736201775726,7.847299832105636,12.695394515991211,2.2192895999999995e-05,0.020519791,0.5416666666666666,-116.10608291585675,244.30208333333334
1414,1959,94582,185335808,,,,,,,,,,,,,,,,
,,,185466880,31.274185180664062,27.177940702438356,0.9465545006096363,0.001,0.003634280990809202,7265,0.2233245849609375,0.2,-0.02656440609425772,7.9203221708536145,13.553481101989746,2.1996287999999995e-05,0.021788828,0.4791666666666667,-123.17757382278182,251.05208333333334
1415,1959,94648,185466880,,,,,,,,,,,,,,,,
,,,185597952,32.638954162597656,23.777635717391966,0.9506174139678478,0.001,0.0036355587653815746,7270,0.20787506103515624,0.2,-0.02680447025122703,7.845033359527588,10.555754661560059,2.1799679999999996e-05,0.0203462,0.5104166666666666,-125.52122443357263,246.92708333333334
1416,1959,94713,185597952,,,,,,,,,,,,,,,,
,,,185729024,32.25432586669922,24.238941693305968,0.9512685611844063,0.001,0.003635489149019122,7275,0.2398193359375,0.2,-0.02935278103686869,7.934733426570892,12.474989891052246,2.1603072e-05,0.024410449,0.4895833333333333,-120.00443763582886,254.25
1417,1959,94779,185729024,,,,,,,,,,,,,,,,
,,,185860096,32.66070556640625,25.41863865852356,0.9517741836607456,0.001,0.0036351862363517284,7280,0.24802093505859374,0.2,-0.031028596581018066,7.8904193311929705,10.877562522888184,2.1406464e-05,0.023049626,0.5729166666666666,-105.41319310204939,234.47916666666666
1418,1959,94846,185860096,,,,,,,,,,,,,,,,
,,,185991168,32.35435485839844,24.611750257015228,0.9501963667571545,0.001,0.003635343164205551,7285,0.224676513671875,0.2,-0.028770995810918975,7.829976719617844,9.075969696044922,2.1209856e-05,0.021646239,0.5,-118.30420237950428,262.7291666666667
1419,1959,94910,185991168,,,,,,,,,,,,,,,,
,,,186122240,32.0730094909668,24.13582330942154,0.9517408907413483,0.001,0.0036362390965223312,7290,0.24501800537109375,0.2,-0.029465552180772646,7.823481187224388,11.27743911743164,2.1013248000000005e-05,0.022368267,0.5208333333333334,-117.38261321714401,250.08333333333334
1420,1959,94977,186122240,,,,,,,,,,,,,,,,
,,,186253312,34.41325378417969,27.36237518787384,0.9469303414225578,0.001,0.003637471701949835,7295,0.22219390869140626,0.2,-0.028663691022666173,7.829495573043824,12.421821594238281,2.0816640000000006e-05,0.023674248,0.4270833333333333,-127.23876657209428,271.0520833333333
1421,1959,95043,186253312,,,,,,,,,,,,,,,,
,,,186384384,31.953807830810547,26.295082664489748,0.9471169114112854,0.001,0.0036385562270879745,7300,0.21304779052734374,0.2,-0.02730063105846057,7.859485921263695,13.13570785522461,2.062003200000001e-05,0.020144207,0.4895833333333333,-117.19358321496448,254.79166666666666
1422,1959,95110,186384384,,,,,,,,,,,,,,,,
,,,186515456,33.46506881713867,24.39759370088577,0.9504228830337524,0.001,0.0036376777570694685,7305,0.21053314208984375,0.2,-0.027757714827021118,7.793305599689484,11.904650688171387,2.042342400000001e-05,0.02078072,0.4270833333333333,-122.81619344041876,270.53125
1423,1959,95176,186515456,,,,,,,,,,,,,,,,
,,,186646528,32.74912643432617,27.446028923988344,0.9463844560086727,0.001,0.0036378081422299147,7310,0.22058563232421874,0.2,-0.027962343020772096,7.891683420538902,13.9459810256958,2.022681600000001e-05,0.021641932,0.3958333333333333,-130.44482158873333,280.0833333333333
1424,1959,95243,186646528,,,,,,,,,,,,,,,,
,,,186777600,33.01813888549805,24.17064588069916,0.9515346810221672,0.001,0.0036375424824655056,7315,0.22423858642578126,0.2,-0.028491517293150536,7.926415431499481,11.918231010437012,2.0030208000000016e-05,0.020958493,0.4791666666666667,-118.90356469728879,256.53125
1425,1959,95308,186777600,,,,,,,,,,,,,,,,
,,,186908672,33.012935638427734,22.766179633140563,0.9532263912260532,0.001,0.0036381545942276716,7320,0.222314453125,0.2,-0.029558032186469064,7.918203514814377,10.75135612487793,1.9833599999999982e-05,0.022323437,0.46875,-121.54479019123305,258.7291666666667
1426,1959,95376,186908672,,,,,,,,,,,,,,,,
,,,187039744,32.31523513793945,27.231313169002533,0.9463688172399998,0.001,0.0036385394632816315,7325,0.19312591552734376,0.2,-0.026412490967777556,7.8496348589658735,12.332284927368164,1.9636991999999986e-05,0.017904025,0.5625,-113.03221145463908,231.05208333333334
1427,1959,95442,187039744,,,,,,,,,,,,,,,,
,,,187170816,34.24458694458008,26.921090936660768,0.9445978105068207,0.001,0.003638710593804717,7330,0.20452117919921875,0.2,-0.026954935921821743,7.829241314530373,11.352270126342773,1.9440383999999987e-05,0.021481162,0.4479166666666667,-123.21133787831103,260.4479166666667
1428,1959,95507,187170816,,,,,,,,,,,,,,,,
,,,187301888,32.61326599121094,21.296097803115845,0.955327108502388,0.001,0.003639212343841791,7335,0.23396148681640624,0.2,-0.027114139578770846,7.847315299510956,10.704092979431152,1.9243775999999988e-05,0.021775711,0.5,-119.22516260703564,246.83333333333334
1429,1959,95574,187301888,,,,,,,,,,,,,,,,
,,,187432960,33.204002380371094,25.28191820383072,0.9518748037517071,0.001,0.0036393641494214535,7340,0.19989166259765626,0.2,-0.02528054075301043,7.829856112599373,10.054045677185059,1.9047167999999992e-05,0.018544413,0.4791666666666667,-120.14363781075082,256.8125
1430,1959,95639,187432960,,,,,,,,,,,,,,,,
,,,187564032,32.09912872314453,21.303361618518828,0.9583329260349274,0.001,0.003639682661741972,7345,0.24720001220703125,0.2,-0.029964032729913014,7.851620411872863,9.50910758972168,1.8850559999999993e-05,0.022579882,0.3958333333333333,-133.03112879032756,267.3333333333333
1431,1959,95706,187564032,,,,,,,,,,,,,,,,
,,,187695104,34.09736251831055,30.601828372478487,0.9402765780687332,0.001,0.003639320842921734,7350,0.18472900390625,0.2,-0.023893442668486385,7.825139060616493,14.730390548706055,1.8653951999999993e-05,0.017228987,0.4583333333333333,-125.19057223543864,267.0625
1432,1959,95772,187695104,,,,,,,,,,,,,,,,
,,,187826176,32.8619499206543,24.356325221061706,0.9482297413051128,0.001,0.003639545291662216,7355,0.21781005859375,0.2,-0.026874046883312984,7.877320054173469,12.505227088928223,1.8457343999999997e-05,0.02079241,0.4270833333333333,-132.4984898868241,267.2395833333333
1433,1959,95839,187826176,,,,,,,,,,,,,,,,
,,,187957248,32.22462463378906,24.099612176418304,0.9526006206870079,0.001,0.003640505252406001,7360,0.21222076416015626,0.2,-0.027223128812329377,7.860006877779961,10.428491592407227,1.8260735999999998e-05,0.019796517,0.4583333333333333,-126.56125304930151,260.75
1434,1959,95905,187957248,,,,,,,,,,,,,,,,
,,,188088320,33.164695739746094,22.182668048143388,0.9553029611706734,0.001,0.0036412260960787535,7365,0.24011383056640626,0.2,-0.029069972808065357,7.7884119838476185,9.176700592041016,1.8064128e-05,0.02158833,0.53125,-111.1133137984658,236.67708333333334
1435,1959,95972,188088320,,,,,,,,,,,,,,,,
,,,188219392,32.72792053222656,29.141110610961913,0.939436960965395,0.001,0.0036425653379410505,7370,0.2008392333984375,0.2,-0.025329029485874344,7.864556205272675,15.127143859863281,1.7867520000000003e-05,0.01841558,0.5729166666666666,-108.1633109074891,239.40625
1436,1959,96038,188219392,,,,,,,,,,,,,,,,
,,,188350464,31.74443817138672,25.82518960237503,0.946302205324173,0.001,0.003643157659098506,7375,0.19093475341796876,0.2,-0.02601710723247379,7.855164834856987,10.712738990783691,1.7670912000000003e-05,0.017070156,0.53125,-111.41297203043094,238.92708333333334
1437,1959,96104,188350464,,,,,,,,,,,,,,,,
,,,188481536,32.115577697753906,24.14026917219162,0.9485702477395535,0.001,0.003643863368779421,7380,0.21792144775390626,0.2,-0.028013874296448193,7.815691033005715,10.131052017211914,1.7474304000000004e-05,0.019536715,0.3958333333333333,-129.16076236655218,279.59375
1438,1959,96170,188481536,,,,,,,,,,,,,,,,
,,,188612608,31.164554595947266,28.588472282886507,0.9447052776813507,0.001,0.0036450305487960577,7385,0.2222198486328125,0.2,-0.028081468571326696,7.870808631181717,16.48529815673828,1.7277696000000008e-05,0.02152777,0.4895833333333333,-123.36401274147276,260.6458333333333
1439,1959,96237,188612608,,,,,,,,,,,,,,,,
,,,188743680,31.36050033569336,29.72148756980896,0.9438593201339245,0.001,0.0036446533631533384,7390,0.19587860107421876,0.2,-0.025196870337822475,7.79538409113884,13.219414710998535,1.708108800000001e-05,0.018980443,0.4479166666666667,-126.01269961170381,256.71875
1440,1959,96302,188743680,,,,,,,,,,,,,,,,
,,,188874752,31.946584701538086,26.142224061489106,0.9471942000091076,0.001,0.003644167445600033,7395,0.2145599365234375,0.2,-0.025956645188853145,7.833328410983086,13.223089218139648,1.6884480000000013e-05,0.020267032,0.4166666666666667,-128.24570640581672,277.0
1441,1959,96370,188874752,,,,,,,,,,,,,,,,
,,,189005824,33.59056091308594,26.4923654794693,0.9512839391827583,0.001,0.003644030075520277,7400,0.1947601318359375,0.2,-0.02553519169887295,7.74578498005867,10.094096183776855,1.6687872000000014e-05,0.018048951,0.46875,-122.37395405693367,268.1354166666667
1442,1959,96435,189005824,,,,,,,,,,,,,,,,
,,,189136896,32.36063766479492,25.456711637973786,0.9494275897741318,0.001,0.0036441951524466276,7405,0.2204925537109375,0.2,-0.026598762716457714,7.8990576535463335,11.599569320678711,1.6491264000000014e-05,0.019599663,0.5520833333333334,-107.54829976954909,226.79166666666666
1443,1959,96503,189136896,,,,,,,,,,,,,,,,
,,,189267968,33.23241424560547,23.178167510032655,0.9558027274906635,0.001,0.003645501798018813,7410,0.18941802978515626,0.2,-0.02530893936054781,7.8299202680587765,9.907868385314941,1.6294655999999984e-05,0.018662326,0.4791666666666667,-121.57041243587317,249.30208333333334
1444,1959,96568,189267968,,,,,,,,,,,,,,,,
,,,189399040,31.715667724609375,25.537494313716888,0.9494529739022255,0.001,0.003645237535238266,7415,0.206597900390625,0.2,-0.02653930931846844,7.802974089980125,15.123239517211914,1.6098047999999985e-05,0.01988305,0.4583333333333333,-126.31179662106065,261.0208333333333
1445,1959,96635,189399040,,,,,,,,,,,,,,,,
,,,189530112,32.13224792480469,21.224060189723968,0.9588140621781349,0.001,0.0036448303144425154,7420,0.2253173828125,0.2,-0.028495709237176925,7.870594847202301,9.841293334960938,1.590143999999999e-05,0.022374514,0.40625,-129.79617447490227,267.0104166666667
1446,1959,96702,189530112,,,,,,,,,,,,,,,,
,,,189661184,31.97130584716797,22.44341254234314,0.954492587596178,0.001,0.0036449867766350508,7425,0.2060882568359375,0.2,-0.0273097577621229,7.878615471720695,12.098528861999512,1.570483199999999e-05,0.019153412,0.5,-118.09781184429245,253.01041666666666
1447,1959,96769,189661184,,,,,,,,,,,,,,,,
,,,189792256,32.78913497924805,24.028009140491484,0.9533493705093861,0.001,0.0036445334553718567,7430,0.20931243896484375,0.2,-0.02777916921477299,7.841492062807083,8.840874671936035,1.550822399999999e-05,0.020228999,0.4270833333333333,-128.09022158413757,260.2291666666667
1448,1959,96836,189792256,,,,,,,,,,,,,,,,
,,,189923328,32.922706604003906,27.56990431547165,0.9456611759960651,0.001,0.0036441318225115538,7435,0.19742889404296876,0.2,-0.02559837176813744,7.735265225172043,11.91417121887207,1.5311615999999995e-05,0.018887773,0.4791666666666667,-118.29251841166435,245.82291666666666
1449,1959,96903,189923328,,,,,,,,,,,,,,,,
,,,190054400,33.12006378173828,27.997995722293854,0.9446843303740025,0.001,0.00364452856592834,7440,0.1988800048828125,0.2,-0.02650234206521418,7.762406903505325,12.928994178771973,1.5115007999999995e-05,0.01766852,0.4479166666666667,-126.06794184809682,258.7916666666667
1450,1959,96969,190054400,,,,,,,,,,,,,,,,
,,,190185472,32.75202560424805,21.69071830511093,0.9561490640044212,0.001,0.0036448342725634575,7445,0.19290313720703126,0.2,-0.026056762874941342,7.809337222576142,8.934163093566895,1.4918399999999998e-05,0.019004364,0.375,-135.1598470938824,280.5625
1451,1959,97035,190185472,,,,,,,,,,,,,,,,
,,,190316544,31.5794677734375,24.574176836013795,0.9487650692462921,0.001,0.0036444831639528275,7450,0.2040985107421875,0.2,-0.026965729551739058,7.786680725216866,12.002813339233398,1.4721791999999998e-05,0.018328141,0.4895833333333333,-125.52162262918631,245.04166666666666
1452,1959,97101,190316544,,,,,,,,,,,,,,,,
,,,190447616,32.11962127685547,24.4467742562294,0.9516724683344364,0.001,0.003644513664767146,7455,0.203167724609375,0.2,-0.025294064788613468,7.862009716033936,11.696268081665039,1.4525184e-05,0.017809387,0.5,-116.12626415147308,248.46875
1453,1959,97168,190447616,,,,,,,,,,,,,,,,
,,,190578688,33.09217071533203,21.468225765228272,0.9562772586941719,0.001,0.003643809584900737,7460,0.19688873291015624,0.2,-0.02691462942311773,7.866578471660614,8.573806762695312,1.4328576000000003e-05,0.01856808,0.40625,-128.27991248206996,277.0729166666667
1454,1959,97234,190578688,,,,,,,,,,,,,,,,
,,,190709760,31.8610897064209,27.609996259212494,0.9482407718896866,0.001,0.0036435280926525593,7465,0.18614044189453124,0.2,-0.02645001117780339,7.8379710733890535,10.34221363067627,1.4131968000000005e-05,0.01678269,0.4479166666666667,-129.86279812118627,255.90625
1455,1959,97301,190709760,,,,,,,,,,,,,,,,
,,,190840832,33.258174896240234,21.636684274673463,0.957692377269268,0.001,0.003643512260168791,7470,0.17616119384765624,0.2,-0.027528015564894304,7.870064505934716,9.264102935791016,1.3935360000000006e-05,0.015921405,0.4583333333333333,-122.64405847672383,261.3541666666667
1456,1959,97368,190840832,,,,,,,,,,,,,,,,
,,,190971904,32.39187240600586,24.05330648422241,0.9543724954128265,0.001,0.0036440237890928984,7475,0.1870819091796875,0.2,-0.024596947291865946,7.830374878644943,9.560867309570312,1.3738752000000008e-05,0.017391399,0.5520833333333334,-109.53707357724564,238.27083333333334
1457,1960,97433,190971904,,,,,,,,,,,,,,,,
,,,191102976,31.914901733398438,30.03083941936493,0.9394479021430016,0.001,0.00364467385224998,7480,0.17926025390625,0.2,-0.02585051176720299,7.7884831637144085,14.652107238769531,1.3542144000000011e-05,0.016194569,0.4270833333333333,-127.17788805883106,259.2083333333333
1458,1960,97501,191102976,,,,,,,,,,,,,,,,
,,,191234048,32.4954719543457,19.600637423992158,0.9606144465506077,0.001,0.0036453977227211,7485,0.2085662841796875,0.2,-0.02834745762811508,7.921007573604584,9.025442123413086,1.3345536000000012e-05,0.019400766,0.4375,-120.84684858515668,254.42708333333334
1459,1960,97568,191234048,,,,,,,,,,,,,,,,
,,,191365120,32.997314453125,25.575303280353545,0.9510633088648319,0.001,0.003645861055701971,7490,0.192767333984375,0.2,-0.023396331326512153,7.789037227630615,10.25420093536377,1.3148928000000014e-05,0.01740843,0.53125,-120.13189677240776,244.0625
1460,1960,97635,191365120,,,,,,,,,,,,,,,,
,,,191496192,32.49188995361328,25.612763011455534,0.9474624656140804,0.001,0.0036459099501371384,7495,0.188885498046875,0.2,-0.0260301100439392,7.847757551074028,16.24717903137207,1.2952319999999982e-05,0.016698584,0.6041666666666666,-107.02550289794533,225.39583333333334
1461,1960,97701,191496192,,,,,,,,,,,,,,,,
,,,191627264,32.11481857299805,25.37874456644058,0.9478112086653709,0.001,0.0036454887595027685,7500,0.1713653564453125,0.2,-0.02497585297678597,7.78637121617794,10.884027481079102,1.2755711999999985e-05,0.01563106,0.53125,-110.94417987899878,239.9375
1462,1960,97767,191627264,,,,,,,,,,,,,,,,
,,,191758336,31.607311248779297,25.915455949306487,0.9507739096879959,0.001,0.0036458089016377926,7505,0.1743194580078125,0.2,-0.02509441241854802,7.794105195999146,13.306418418884277,1.2559103999999987e-05,0.016238924,0.5729166666666666,-114.08580157388302,234.09375
1463,1960,97831,191758336,,,,,,,,,,,,,,,,
,,,191889408,32.37059783935547,25.96247810125351,0.9460549019277096,0.001,0.003645861055701971,7510,0.1754180908203125,0.2,-0.02581723890034482,7.746399289369583,13.476837158203125,1.2362495999999988e-05,0.015824534,0.6458333333333334,-100.05338503111773,214.8125
1464,1960,97895,191889408,,,,,,,,,,,,,,,,
,,,192020480,33.433349609375,24.050202131271362,0.9518585987389088,0.001,0.0036460375413298607,7515,0.183203125,0.2,-0.025949461679556408,7.755610409379005,11.267455101013184,1.216588799999999e-05,0.01881739,0.46875,-126.70649212112015,261.7604166666667
1465,1960,97961,192020480,,,,,,,,,,,,,,,,
,,,192151552,32.735618591308594,31.71994571685791,0.9382952712476254,0.001,0.0036458938848227262,7520,0.19753875732421874,0.2,-0.024781614888343028,7.820703172683716,16.35165023803711,1.1969279999999993e-05,0.016851254,0.5208333333333334,-118.97368824183287,248.84375
1466,1960,98027,192151552,,,,,,,,,,,,,,,,
,,,192282624,33.25941467285156,25.326309549808503,0.9496489614248276,0.001,0.00364612671546638,7525,0.1796417236328125,0.2,-0.024450517373043112,7.705487063527107,12.882084846496582,1.1772671999999995e-05,0.015786715,0.5,-118.08486503367214,251.02083333333334
1467,1960,98093,192282624,,,,,,,,,,,,,,,,
,,,192413696,31.802841186523438,28.79586441516876,0.9402422197163105,0.001,0.0036466452293097973,7530,0.18593292236328124,0.2,-0.024490745838556906,7.868439936637879,12.121066093444824,1.1576063999999996e-05,0.016781036,0.4270833333333333,-130.5548454199103,253.79166666666666
1468,1960,98160,192413696,,,,,,,,,,,,,,,,
,,,192544768,33.15389633178711,26.677059042453767,0.9471812583506107,0.001,0.0036475746892392635,7535,0.1793182373046875,0.2,-0.024507728237222182,7.772556176781654,11.587459564208984,1.1379455999999998e-05,0.016055714,0.4479166666666667,-125.51632002318429,256.8854166666667
1469,1960,98226,192544768,,,,,,,,,,,,,,,,
,,,192675840,32.31697082519531,26.078124940395355,0.9485745429992676,0.001,0.0036481358110904694,7540,0.19878387451171875,0.2,-0.02466344474814832,7.862761065363884,13.7238130569458,1.1182848e-05,0.017614521,0.5416666666666666,-110.43579242552619,234.78125
1470,1960,98293,192675840,,,,,,,,,,,,,,,,
,,,192806912,32.429359436035156,29.355515038967134,0.9431559219956398,0.001,0.003647740464657545,7545,0.1707672119140625,0.2,-0.02519322504813317,7.820432254672051,12.75668716430664,1.0986240000000001e-05,0.01602041,0.4479166666666667,-125.70129498229119,257.03125
1471,1960,98359,192806912,,,,,,,,,,,,,,,,
,,,192937984,33.676979064941406,24.796917128562928,0.9489681236445904,0.001,0.003648118581622839,7550,0.1772735595703125,0.2,-0.023190865565265995,7.790890628099442,13.976271629333496,1.0789632000000003e-05,0.015947104,0.4895833333333333,-118.77098387137426,255.05208333333334
1472,1960,98427,192937984,,,,,,,,,,,,,,,,
,,,193069056,32.852596282958984,27.057729601860046,0.9478021822869778,0.001,0.0036487109027802944,7555,0.16444091796875,0.2,-0.02505021251636208,7.827483117580414,12.691415786743164,1.0593024000000006e-05,0.015422671,0.5729166666666666,-108.94185906263759,228.40625
1473,1960,98493,193069056,,,,,,,,,,,,,,,,
,,,193200128,31.902774810791016,30.475951409339906,0.9392038360238075,0.001,0.0036486578173935413,7560,0.17935791015625,0.2,-0.024051575065823273,7.804333573579788,18.512176513671875,1.0396416000000008e-05,0.016635697,0.5104166666666666,-118.81497791753877,246.90625
1474,1960,98559,193200128,,,,,,,,,,,,,,,,
,,,193331200,33.642433166503906,26.386308097839354,0.9488688409328461,0.001,0.003648707177489996,7565,0.16305389404296874,0.2,-0.02391446586843813,7.812787175178528,13.403604507446289,1.0199808000000009e-05,0.014742602,0.5520833333333334,-113.42943969803515,243.66666666666666
1475,1960,98626,193331200,,,,,,,,,,,,,,,,
,,,193462272,32.304141998291016,29.115105760097503,0.9423507191240788,0.001,0.003649385180324316,7570,0.1929901123046875,0.2,-0.026637671964999755,7.765388491749763,14.654772758483887,1.0003200000000011e-05,0.0178667,0.5520833333333334,-110.61244464382146,236.95833333333334
1476,1960,98691,193462272,,,,,,,,,,,,,,,,
,,,193593344,33.99590301513672,23.875831365585327,0.9505647085607052,0.001,0.0036498564295470715,7575,0.170501708984375,0.2,-0.02483092710172059,7.801971060037613,13.510519027709961,9.806592000000014e-06,0.014489159,0.5520833333333334,-110.18260379728203,253.89583333333334
1477,1960,98757,193593344,,,,,,,,,,,,,,,,
,,,193724416,31.862834930419922,30.4661873459816,0.9424060173332691,0.001,0.003649755148217082,7580,0.1751678466796875,0.2,-0.02521184621291468,7.861935406923294,13.118638038635254,9.609984000000014e-06,0.01611825,0.53125,-117.36941863543494,238.14583333333334
1478,1960,98824,193724416,,,,,,,,,,,,,,,,
,,,193855488,32.741455078125,25.94238885641098,0.9475361965596676,0.001,0.003649518359452486,7585,0.158355712890625,0.2,-0.023502638665377162,7.789087957143783,11.710920333862305,9.413375999999983e-06,0.014351796,0.46875,-123.69354838289617,252.29166666666666
1479,1960,98890,193855488,,,,,,,,,,,,,,,,
,,,193986560,31.453847885131836,25.992216646671295,0.9466466791927814,0.001,0.003649067832157016,7590,0.1643890380859375,0.2,-0.023949795428779907,7.85590081512928,13.585648536682129,9.216767999999985e-06,0.014857206,0.4791666666666667,-120.18327399707903,249.55208333333334
1480,1960,98956,193986560,,,,,,,,,,,,,,,,
,,,194117632,30.89412498474121,28.208706200122833,0.9421954676508904,0.001,0.0036492038052529097,7595,0.18102569580078126,0.2,-0.024213321445859037,7.815378466248513,14.031160354614258,9.020159999999988e-06,0.0161022,0.5,-118.39224952324612,251.125
1481,1960,99022,194117632,,,,,,,,,,,,,,,,
,,,194248704,31.419410705566406,25.166627955436706,0.9497994258999825,0.001,0.003649640828371048,7600,0.1603363037109375,0.2,-0.02252485233620973,7.817146682739258,12.288558959960938,8.82355199999999e-06,0.013676502,0.5625,-107.69744964631279,229.07291666666666
1482,1960,99088,194248704,,,,,,,,,,,,,,,,
,,,194379776,33.016929626464844,27.48055680990219,0.9468710348010063,0.001,0.003649850143119693,7605,0.1739349365234375,0.2,-0.022775964951870266,7.817964121699333,11.63768196105957,8.62694399999999e-06,0.016144276,0.53125,-119.07665849365401,253.07291666666666
1483,1960,99153,194379776,,,,,,,,,,,,,,,,
,,,194510848,32.93539810180664,26.14932347536087,0.9502100497484207,0.001,0.0036503064911812544,7610,0.1846923828125,0.2,-0.02546659357030876,7.820257005095482,12.886226654052734,8.430335999999993e-06,0.016096562,0.5104166666666666,-120.98098264501398,255.54166666666666
1484,1960,99220,194510848,,,,,,,,,,,,,,,,
,,,194641920,32.89774703979492,30.320464432239532,0.9411758221685886,0.001,0.0036506156902760267,7615,0.1635833740234375,0.2,-0.02222044730151538,7.742343336343765,12.456194877624512,8.233727999999995e-06,0.013527496,0.46875,-126.83815965596413,260.7604166666667
1485,1960,99286,194641920,,,,,,,,,,,,,,,,
,,,194772992,31.732444763183594,28.063513660430907,0.9469386041164398,0.001,0.0036504853051155806,7620,0.1610107421875,0.2,-0.023366503066790757,7.792878261208534,14.983397483825684,8.037119999999998e-06,0.015575808,0.5,-119.87827619834239,239.84375
1486,1960,99353,194772992,,,,,,,,,,,,,,,,
,,,194904064,31.83778953552246,25.41724075078964,0.9480609782040119,0.001,0.0036508680786937475,7625,0.16414642333984375,0.2,-0.0258202022901969,7.81144303381443,13.893094062805176,7.840511999999998e-06,0.015005974,0.5520833333333334,-110.28510457127639,232.60416666666666
1487,1960,99418,194904064,,,,,,,,,,,,,,,,
,,,195035136,33.330101013183594,27.78931282758713,0.9496329203248024,0.001,0.0036508392076939344,7630,0.15330657958984376,0.2,-0.0228517837356776,7.789307647943497,13.059887886047363,7.643904e-06,0.013925498,0.5208333333333334,-116.91842994038946,242.40625
1488,1960,99485,195035136,,,,,,,,,,,,,,,,
,,,195166208,32.3304443359375,27.644286453723907,0.9488666579127312,0.001,0.003650482278317213,7635,0.17454376220703124,0.2,-0.024630166690621992,7.798742437362671,11.65464973449707,7.447296000000002e-06,0.016332164,0.53125,-110.46471583635828,237.88541666666666
1489,1960,99551,195166208,,,,,,,,,,,,,,,,
,,,195297280,32.29119873046875,27.405938982963562,0.9458664804697037,0.001,0.0036506166215986013,7640,0.1541107177734375,0.2,-0.021218516444787384,7.8348606616258625,11.347490310668945,7.250688000000005e-06,0.013881451,0.5520833333333334,-111.89123334611315,236.75
1490,1960,99618,195297280,,,,,,,,,,,,,,,,
,,,195428352,32.75825500488281,26.584303069114686,0.9453586712479591,0.001,0.003650355152785778,7645,0.1483367919921875,0.2,-0.022795354765548836,7.752665251493454,13.63194465637207,7.054080000000006e-06,0.012997205,0.5,-120.6617263329706,237.75
1491,1960,99684,195428352,,,,,,,,,,,,,,,,
,,,195559424,32.35124206542969,27.918508446216585,0.9458412639796734,0.001,0.0036502541042864323,7650,0.13279266357421876,0.2,-0.02046278588095447,7.811640763282776,11.39511489868164,6.8574720000000085e-06,0.01279355,0.5520833333333334,-109.30904606143837,233.0
1492,1960,99751,195559424,,,,,,,,,,,,,,,,
,,,195690496,31.910629272460938,23.351235187053682,0.954448863863945,0.001,0.0036499451380223036,7655,0.14167633056640624,0.2,-0.0224165772437118,7.84794374704361,12.536541938781738,6.66086400000001e-06,0.01339444,0.5208333333333334,-116.86969171184985,235.46875
1493,1960,99816,195690496,,,,,,,,,,,,,,,,
,,,195821568,32.667076110839844,24.086822426319124,0.9518977105617523,0.001,0.003650028258562088,7660,0.1571258544921875,0.2,-0.021639993274584414,7.824939104914665,11.66137409210205,6.4642560000000124e-06,0.013460946,0.4791666666666667,-126.00445874944734,254.63541666666666
1494,1960,99883,195821568,,,,,,,,,,,,,,,,
,,,195952640,33.486167907714844,25.941755449771883,0.9508597180247307,0.001,0.0036499863490462303,7665,0.15435943603515626,0.2,-0.023341083760169568,7.805881318449974,13.474546432495117,6.267648000000014e-06,0.013766892,0.4791666666666667,-122.94695880311887,247.08333333333334
1495,1960,99949,195952640,,,,,,,,,,,,,,,,
,,,196083712,33.94093704223633,30.759051048755644,0.9438381530344486,0.001,0.003650343045592308,7670,0.1430389404296875,0.2,-0.022112919905339368,7.773419359326363,12.416863441467285,6.0710400000000155e-06,0.012388695,0.5520833333333334,-115.62056594836197,244.51041666666666
1496,1960,100016,196083712,,,,,,,,,,,,,,,,
,,,196214784,33.37712097167969,29.58722550868988,0.941859770566225,0.001,0.003650120459496975,7675,0.149774169921875,0.2,-0.023661001535947433,7.723303285241127,14.008217811584473,5.874431999999985e-06,0.013008463,0.4895833333333333,-119.27091952332444,246.05208333333334
1497,1960,100082,196214784,,,,,,,,,,,,,,,,
,,,196345856,33.58702850341797,23.884780073165892,0.9498683027923107,0.001,0.0036497856490314007,7680,0.1405792236328125,0.2,-0.02145906766236294,7.836797547340393,10.986209869384766,5.677823999999986e-06,0.0128930155,0.4583333333333333,-129.92396623285958,258.9479166666667
1498,1960,100150,196345856,,,,,,,,,,,,,,,,
,,,196476928,32.541900634765625,24.260887789726258,0.9532214626669884,0.001,0.0036499747075140476,7685,0.13961334228515626,0.2,-0.020368404522014317,7.8106515347957615,12.354865074157715,5.481215999999988e-06,0.012984252,0.4479166666666667,-126.56617403065752,266.53125
1499,1960,100216,196476928,,,,,,,,,,,,,,,,
,,,196608000,32.46255111694336,27.344553542137145,0.946258369833231,0.001,0.0036500892601907253,7690,0.13455657958984374,0.2,-0.019333852097042838,7.826654598116875,11.185352325439453,5.28460799999999e-06,0.011912249,0.4479166666666667,-124.16433672844175,257.4270833333333
1500,1960,100282,196608000,,,,,,,,,,,,,,,,
,,,196739072,32.86726379394531,22.3783478140831,0.9535749033093452,0.001,0.0036499907728284597,7695,0.13325958251953124,0.2,-0.021171999584476,7.800325161218643,12.090523719787598,5.087999999999992e-06,0.012226474,0.5104166666666666,-121.23559146740426,250.89583333333334
1501,1960,100347,196739072,,,,,,,,,,,,,,,,
,,,196870144,34.39368438720703,27.784945261478423,0.9483119957149029,0.001,0.00365007808431983,7700,0.1159088134765625,0.2,-0.019803056583623403,7.820020958781242,16.1224365234375,4.891391999999994e-06,0.010632934,0.5208333333333334,-118.41096228483661,235.32291666666666
1502,1960,100414,196870144,,,,,,,,,,,,,,,,
,,,197001216,31.506500244140625,27.608162593841552,0.9457124434411526,0.001,0.0036500326823443174,7705,0.13023681640625,0.2,-0.01927201102444087,7.783077296614647,12.14836311340332,4.694783999999996e-06,0.0131181525,0.4583333333333333,-119.35636570393028,254.29166666666666
1503,1960,100481,197001216,,,,,,,,,,,,,,,,
,,,197132288,32.289039611816406,25.92322518825531,0.945832546800375,0.001,0.003649985184893012,7710,0.1352447509765625,0.2,-0.021361048948892857,7.760714590549469,11.163702964782715,4.498175999999998e-06,0.012861153,0.4895833333333333,-115.67162022242303,251.88541666666666
1504,1960,100547,197132288,,,,,,,,,,,,,,,,
,,,197263360,32.19916534423828,25.84955229759216,0.9484258852899075,0.001,0.0036502270959317684,7715,0.13290557861328126,0.2,-0.019878422714828047,7.799336788058281,14.527191162109375,4.3015679999999996e-06,0.012350911,0.5208333333333334,-118.33803373141451,239.77083333333334
1505,1960,100612,197263360,,,,,,,,,,,,,,,,
,,,197394432,33.02001190185547,26.295357728004454,0.9490067102015018,0.001,0.003650164231657982,7720,0.1240081787109375,0.2,-0.019120766359264962,7.903868448734284,13.012292861938477,4.104960000000002e-06,0.011629946,0.46875,-125.65022616982992,260.8541666666667
1506,1960,100678,197394432,,,,,,,,,,,,,,,,
,,,197525504,33.98297119140625,26.061867475509644,0.9480803608894348,0.001,0.003650370752438903,7725,0.12695465087890626,0.2,-0.0200889438870945,7.742181181907654,10.968230247497559,3.9083520000000035e-06,0.012065902,0.5625,-112.90088708895651,236.9375
1507,1960,100744,197525504,,,,,,,,,,,,,,,,
,,,197656576,32.80992126464844,28.962337386608123,0.9396818466484547,0.001,0.0036503858864307404,7730,0.10871734619140624,0.2,-0.01791400076035643,7.807270297408104,18.378320693969727,3.7117440000000054e-06,0.010546406,0.4375,-126.3182624057061,259.5729166666667
1508,1960,100810,197656576,,,,,,,,,,,,,,,,
,,,197787648,32.24359130859375,27.567819786071777,0.9486354887485504,0.001,0.003650499042123556,7735,0.10838165283203124,0.2,-0.01814787377952598,7.8221921771764755,15.693681716918945,3.5151360000000074e-06,0.010430988,0.5104166666666666,-119.79639255658022,241.47916666666666
1509,1960,100877,197787648,,,,,,,,,,,,,,,,
,,,197918720,33.35491943359375,25.909891843795776,0.9518828801810741,0.001,0.0036505567841231823,7740,0.12274169921875,0.2,-0.019799282569874777,7.757191604375839,11.38833236694336,3.3185280000000093e-06,0.01165851,0.4270833333333333,-127.49431582898119,265.2916666666667
1510,1960,100943,197918720,,,,,,,,,,,,,,,,
,,,198049792,31.849943161010742,26.192224180698396,0.9489779137074947,0.001,0.003650625701993704,7745,0.11173095703125,0.2,-0.016966970420617143,7.71411249935627,10.749292373657227,3.1219200000000113e-06,0.010841293,0.4479166666666667,-129.1750922418978,263.2708333333333
1511,1960,101008,198049792,,,,,,,,,,,,,,,,
,,,198180864,33.04807662963867,24.31246085166931,0.954039454460144,0.001,0.0036506420001387596,7750,0.093426513671875,0.2,-0.015411662034603068,7.784907367825508,12.476670265197754,2.925312000000013e-06,0.009422837,0.46875,-122.05569534036228,263.21875
1512,1960,101075,198180864,,,,,,,,,,,,,,,,
,,,198311936,33.91352844238281,25.994692075252534,0.9525432698428631,0.001,0.003650571685284376,7755,0.11568450927734375,0.2,-0.019500188299571165,7.779115080833435,14.088664054870605,2.7287040000000147e-06,0.010508427,0.4895833333333333,-116.95111822754173,253.77083333333334
1513,1960,101141,198311936,,,,,,,,,,,,,,,,
,,,198443008,33.3062629699707,24.6201921582222,0.9527539275586605,0.001,0.003650529310107231,7760,0.0861846923828125,0.2,-0.015176435568719171,7.817458111047745,10.448175430297852,2.5320959999999837e-06,0.00885786,0.5104166666666666,-113.90838864833222,239.83333333333334
1514,1960,101207,198443008,,,,,,,,,,,,,,,,
,,,198574080,32.32081604003906,24.551508700847627,0.953029241412878,0.001,0.003650503233075142,7765,0.10130157470703124,0.2,-0.017783804770442658,7.7898719042539595,10.612537384033203,2.335487999999985e-06,0.009916022,0.4479166666666667,-128.0666501675292,265.8854166666667
1515,1960,101274,198574080,,,,,,,,,,,,,,,,
,,,198705152,33.2388916015625,26.749093401432038,0.9514406025409698,0.001,0.003650384722277522,7770,0.08184661865234374,0.2,-0.014736550880479626,7.78556153178215,12.526755332946777,2.138879999999987e-06,0.008156299,0.4479166666666667,-125.87241745697435,264.1354166666667
1516,1960,101340,198705152,,,,,,,,,,,,,,,,
,,,198836224,34.365962982177734,25.54248353242874,0.9518885910511017,0.001,0.0036504515446722507,7775,0.08701171875,0.2,-0.014139094548590947,7.822842666506768,12.36169147491455,1.942271999999989e-06,0.00913026,0.5208333333333334,-115.40536856403368,254.58333333333334
1517,1960,101407,198836224,,,,,,,,,,,,,,,,
,,,198967296,33.670406341552734,26.5139439702034,0.9514360576868057,0.001,0.0036504073068499565,7780,0.0827850341796875,0.2,-0.016432576038641854,7.835612082481385,12.711336135864258,1.745663999999991e-06,0.00892921,0.53125,-113.95676205674035,243.73958333333334
1518,1960,101473,198967296,,,,,,,,,,,,,,,,
,,,199098368,34.43683624267578,28.418424689769743,0.9457123205065727,0.001,0.003650280646979809,7785,0.07045440673828125,0.2,-0.012336697594582802,7.783528578281403,12.527809143066406,1.549055999999993e-06,0.0077470383,0.6041666666666666,-102.93471949985307,220.17708333333334
1519,1960,101538,199098368,,,,,,,,,,,,,,,,
,,,199229440,33.27364730834961,27.550996935367586,0.9479411691427231,0.001,0.0036503332667052746,7790,0.07866973876953125,0.2,-0.014449529131525196,7.772095558047295,13.748526573181152,1.352447999999995e-06,0.008071408,0.5208333333333334,-115.12782001567251,242.16666666666666
1520,1960,101604,199229440,,,,,,,,,,,,,,,,
,,,199360512,31.99716567993164,26.347052800655366,0.9470565728843212,0.001,0.003650431986898184,7795,0.07916259765625,0.2,-0.014311951384297573,7.8110531002283095,11.992436408996582,1.1558399999999967e-06,0.008067387,0.5,-117.61251683281012,232.84375
1521,1960,101671,199360512,,,,,,,,,,,,,,,,
,,,199491584,32.89267349243164,25.92468489408493,0.9494427107274532,0.001,0.003650423837825656,7800,0.07093048095703125,0.2,-0.01176209882760304,7.801084724068642,11.687457084655762,9.592319999999986e-07,0.007633808,0.59375,-109.78224214129052,229.42708333333334
1522,1960,101737,199491584,,,,,,,,,,,,,,,,
,,,199622656,33.26876449584961,29.6283820271492,0.9446796290576458,0.001,0.003650440601631999,7805,0.047076416015625,0.2,-0.010048237818409689,7.740494555234909,15.851802825927734,7.626240000000006e-07,0.006264263,0.5104166666666666,-116.23472485000816,242.21875
1523,1960,101804,199622656,,,,,,,,,,,,,,,,
,,,199753728,31.93764305114746,31.65587259531021,0.9429938048124313,0.001,0.003650480415672064,7810,0.04569854736328125,0.2,-0.010259076399961486,7.809229075908661,17.031787872314453,5.660160000000025e-07,0.0062564043,0.5208333333333334,-112.99805803267293,249.5625
1524,1960,101870,199753728,,,,,,,,,,,,,,,,
,,,199884800,33.10010528564453,28.682873582839967,0.9471921883523464,0.001,0.003650504630059004,7815,0.05001678466796875,0.2,-0.00815843198361108,7.758383664488792,13.1257963180542,3.6940800000000436e-07,0.0059333243,0.53125,-112.22606030937878,238.53125
1525,1960,101937,199884800,,,,,,,,,,,,,,,,
,,,200015872,33.242340087890625,24.51033624410629,0.9518539346754551,0.001,0.003650503931567073,7820,0.01511993408203125,0.2,-0.004083956071553985,7.739519605040551,13.692976951599121,1.7280000000000626e-07,0.003064047,0.5625,-106.73991927502072,232.73958333333334
1526,1960,102002,200015872,,,,,,,,,,,,,,,,
